  0
SECTION
  2
HEADER
  9
$ANGBASE
  50
0.0
  9
$ANGDIR
  70
1
  9
$MEASUREMENT
  70
0
  0
ENDSEC
  0
SECTION
  2
TABLES
  0
TABLE
  2
LTYPE
  70
4
  0
LTYPE
  5
40F
  2
CONTINUOUS
  70
0
  3
Solid line
  72
65
  73
0
  40
0.0
  0
LTYPE
  5
410
  2
DASHDOT
 70
0
  3
Dash Dot ____ _ ____ _
 72
65
 73
4
 40
2.0
 49
1.25
 49
-0.25
 49
0.25
 49
-0.25
  0
LTYPE
  5
411
  2
DASHED
 70
0
  3
Dashed __ __ __ __ __
 72
65
 73
2
 40
0.75
 49
0.5
 49
-0.25
  0
LTYPE
  5
43B
  2
DOTTED
 70
0
  3
Dotted .  .  .  .
 72
65
 73
2
 40
0.2
 49
0.0
 49
-0.2
  0
ENDTAB
  0
TABLE
  2
STYLE
  70
4
  0
STYLE
  2
KICAD
  70
0
  40
0
  41
1
  42
1
  50
0
  71
0
  3
isocp.shx
  0
STYLE
  2
KICADB
  70
0
  40
0
  41
1
  42
1
  50
0
  71
0
  3
isocp.shx
  0
STYLE
  2
KICADI
  70
0
  40
0
  41
1
  42
1
  50
15
  71
0
  3
isocp.shx
  0
STYLE
  2
KICADBI
  70
0
  40
0
  41
1
  42
1
  50
15
  71
0
  3
isocp.shx
  0
ENDTAB
  0
TABLE
  2
LAYER
  70
1
  0
LAYER
  2
BLACK
  70
0
  62
7
  6
CONTINUOUS
  0
ENDTAB
  0
ENDSEC
  0
SECTION
  2
ENTITIES
0
LINE
8
BLACK
6
CONTINUOUS
10
0.2033930708661417
20
0.3257937007874016
11
0.2068202362204724
21
0.3257937007874016
0
LINE
8
BLACK
6
CONTINUOUS
10
0.2068202362204724
20
0.3257937007874016
11
0.2104794094488189
21
0.3253957086614173
0
LINE
8
BLACK
6
CONTINUOUS
10
0.2104794094488189
20
0.3253957086614173
11
0.2141057480314961
21
0.3251920866141732
0
LINE
8
BLACK
6
CONTINUOUS
10
0.2141057480314961
20
0.3251920866141732
11
0.2172249212598425
21
0.3246620866141732
0
LINE
8
BLACK
6
CONTINUOUS
10
0.2172249212598425
20
0.3246620866141732
11
0.2203811023622047
21
0.3243188582677165
0
LINE
8
BLACK
6
CONTINUOUS
10
0.2203811023622047
20
0.3243188582677165
11
0.2242248818897638
21
0.3234727559055118
0
LINE
8
BLACK
6
CONTINUOUS
10
0.2242248818897638
20
0.3234727559055118
11
0.2280341338582677
21
0.3228255511811023
0
LINE
8
BLACK
6
CONTINUOUS
10
0.2280341338582677
20
0.3228255511811023
11
0.2308478346456693
21
0.3220149212598425
0
LINE
8
BLACK
6
CONTINUOUS
10
0.2308478346456693
20
0.3220149212598425
11
0.233702874015748
21
0.3213864960629921
0
LINE
8
BLACK
6
CONTINUOUS
10
0.233702874015748
20
0.3213864960629921
11
0.2376761023622047
21
0.3200477559055118
0
LINE
8
BLACK
6
CONTINUOUS
10
0.2376761023622047
20
0.3200477559055118
11
0.2416099606299213
21
0.3189144488188976
0
LINE
8
BLACK
6
CONTINUOUS
10
0.2416099606299213
20
0.3189144488188976
11
0.2440963779527559
21
0.3178845275590551
0
LINE
8
BLACK
6
CONTINUOUS
10
0.2440963779527559
20
0.3178845275590551
11
0.2466292913385827
21
0.3170311023622047
0
LINE
8
BLACK
6
CONTINUOUS
10
0.2466292913385827
20
0.3170311023622047
11
0.2506707874015748
21
0.3151612992125984
0
LINE
8
BLACK
6
CONTINUOUS
10
0.2506707874015748
20
0.3151612992125984
11
0.2546625196850394
21
0.313507874015748
0
LINE
8
BLACK
6
CONTINUOUS
10
0.2546625196850394
20
0.313507874015748
11
0.2568098031496063
21
0.312321062992126
0
LINE
8
BLACK
6
CONTINUOUS
10
0.2568098031496063
20
0.312321062992126
11
0.2590093307086614
21
0.3113035039370078
0
LINE
8
BLACK
6
CONTINUOUS
10
0.2590093307086614
20
0.3113035039370078
11
0.2630505511811024
21
0.308871968503937
0
LINE
8
BLACK
6
CONTINUOUS
10
0.2630505511811024
20
0.308871968503937
11
0.2670276771653543
21
0.3066738976377953
0
LINE
8
BLACK
6
CONTINUOUS
10
0.2670276771653543
20
0.3066738976377953
11
0.2688345669291339
21
0.3053918110236221
0
LINE
8
BLACK
6
CONTINUOUS
10
0.2688345669291339
20
0.3053918110236221
11
0.2706976377952756
21
0.3042708661417323
0
LINE
8
BLACK
6
CONTINUOUS
10
0.2706976377952756
20
0.3042708661417323
11
0.2746654724409449
21
0.3012545669291338
0
LINE
8
BLACK
6
CONTINUOUS
10
0.2746654724409449
20
0.3012545669291338
11
0.2785498818897638
21
0.2984984645669291
0
LINE
8
BLACK
6
CONTINUOUS
10
0.2785498818897638
20
0.2984984645669291
11
0.2800237007874016
21
0.2971813779527559
0
LINE
8
BLACK
6
CONTINUOUS
10
0.2800237007874016
20
0.2971813779527559
11
0.2815566535433071
21
0.296016062992126
0
LINE
8
BLACK
6
CONTINUOUS
10
0.2815566535433071
20
0.296016062992126
11
0.285373937007874
21
0.2924000787401575
0
LINE
8
BLACK
6
CONTINUOUS
10
0.285373937007874
20
0.2924000787401575
11
0.2890843307086614
21
0.2890843307086614
0
LINE
8
BLACK
6
CONTINUOUS
10
0.2890843307086614
20
0.2890843307086614
11
0.2902422440944882
21
0.2877885826771653
0
LINE
8
BLACK
6
CONTINUOUS
10
0.2902422440944882
20
0.2877885826771653
11
0.2914596456692913
21
0.2866354330708661
0
LINE
8
BLACK
6
CONTINUOUS
10
0.2914596456692913
20
0.2866354330708661
11
0.2950464960629921
21
0.2824126377952756
0
LINE
8
BLACK
6
CONTINUOUS
10
0.2950464960629921
20
0.2824126377952756
11
0.2984984645669291
21
0.2785498818897638
0
LINE
8
BLACK
6
CONTINUOUS
10
0.2984984645669291
20
0.2785498818897638
11
0.2993655118110236
21
0.2773278346456693
0
LINE
8
BLACK
6
CONTINUOUS
10
0.2993655118110236
20
0.2773278346456693
11
0.3002906692913386
21
0.2762387007874016
0
LINE
8
BLACK
6
CONTINUOUS
10
0.3002906692913386
20
0.2762387007874016
11
0.303567874015748
21
0.271405157480315
0
LINE
8
BLACK
6
CONTINUOUS
10
0.303567874015748
20
0.271405157480315
11
0.3066738976377953
21
0.2670276771653543
0
LINE
8
BLACK
6
CONTINUOUS
10
0.3066738976377953
20
0.2670276771653543
11
0.3072822047244094
21
0.2659269291338582
0
LINE
8
BLACK
6
CONTINUOUS
10
0.3072822047244094
20
0.2659269291338582
11
0.3079456299212598
21
0.2649485433070866
0
LINE
8
BLACK
6
CONTINUOUS
10
0.3079456299212598
20
0.2649485433070866
11
0.3108335433070866
21
0.2595013385826772
0
LINE
8
BLACK
6
CONTINUOUS
10
0.3108335433070866
20
0.2595013385826772
11
0.313507874015748
21
0.2546625196850394
0
LINE
8
BLACK
6
CONTINUOUS
10
0.313507874015748
20
0.2546625196850394
11
0.3138970078740158
21
0.2537229527559055
0
LINE
8
BLACK
6
CONTINUOUS
10
0.3138970078740158
20
0.2537229527559055
11
0.3143348031496063
21
0.2528972834645669
0
LINE
8
BLACK
6
CONTINUOUS
10
0.3143348031496063
20
0.2528972834645669
11
0.3167526377952756
21
0.2468289763779528
0
LINE
8
BLACK
6
CONTINUOUS
10
0.3167526377952756
20
0.2468289763779528
11
0.3189144488188976
21
0.2416099606299213
0
LINE
8
BLACK
6
CONTINUOUS
10
0.3189144488188976
20
0.2416099606299213
11
0.3191294094488189
21
0.2408637401574803
0
LINE
8
BLACK
6
CONTINUOUS
10
0.3191294094488189
20
0.2408637401574803
11
0.3193839763779527
21
0.2402248818897638
0
LINE
8
BLACK
6
CONTINUOUS
10
0.3193839763779527
20
0.2402248818897638
11
0.3212576771653543
21
0.2334763385826772
0
LINE
8
BLACK
6
CONTINUOUS
10
0.3212576771653543
20
0.2334763385826772
11
0.3228255511811023
21
0.2280341338582677
0
LINE
8
BLACK
6
CONTINUOUS
10
0.3228255511811023
20
0.2280341338582677
11
0.3229151968503937
21
0.2275064566929134
0
LINE
8
BLACK
6
CONTINUOUS
10
0.3229151968503937
20
0.2275064566929134
11
0.3230331102362204
21
0.227081811023622
0
LINE
8
BLACK
6
CONTINUOUS
10
0.3230331102362204
20
0.227081811023622
11
0.3242899212598425
21
0.2194154724409449
0
LINE
8
BLACK
6
CONTINUOUS
10
0.3242899212598425
20
0.2194154724409449
11
0.3251920866141732
21
0.2141057480314961
0
LINE
8
BLACK
6
CONTINUOUS
10
0.3251920866141732
20
0.2141057480314961
11
0.3252085826771653
21
0.2138117322834646
0
LINE
8
BLACK
6
CONTINUOUS
10
0.3252085826771653
20
0.2138117322834646
11
0.3252399606299213
21
0.2136204330708661
0
LINE
8
BLACK
6
CONTINUOUS
10
0.3252399606299213
20
0.2136204330708661
11
0.3258165748031496
21
0.2029851181102362
0
LINE
8
BLACK
6
CONTINUOUS
10
0.3258165748031496
20
0.2029851181102362
11
0.3259842519685039
21
0.2
0
LINE
8
BLACK
6
CONTINUOUS
10
0.3259842519685039
20
0.2
11
0.3258166141732283
21
0.1970151181102362
0
LINE
8
BLACK
6
CONTINUOUS
10
0.3258166141732283
20
0.1970151181102362
11
0.3252399606299213
21
0.1863795275590551
0
LINE
8
BLACK
6
CONTINUOUS
10
0.3252399606299213
20
0.1863795275590551
11
0.3252085826771653
21
0.186188188976378
0
LINE
8
BLACK
6
CONTINUOUS
10
0.3252085826771653
20
0.186188188976378
11
0.3251920866141732
21
0.1858942519685039
0
LINE
8
BLACK
6
CONTINUOUS
10
0.3251920866141732
20
0.1858942519685039
11
0.3242900787401575
21
0.1805855905511811
0
LINE
8
BLACK
6
CONTINUOUS
10
0.3242900787401575
20
0.1805855905511811
11
0.3230331102362204
21
0.1729181496062992
0
LINE
8
BLACK
6
CONTINUOUS
10
0.3230331102362204
20
0.1729181496062992
11
0.322915157480315
21
0.1724934251968504
0
LINE
8
BLACK
6
CONTINUOUS
10
0.322915157480315
20
0.1724934251968504
11
0.3228255511811023
21
0.1719658661417323
0
LINE
8
BLACK
6
CONTINUOUS
10
0.3228255511811023
20
0.1719658661417323
11
0.3212579527559055
21
0.1665246456692913
0
LINE
8
BLACK
6
CONTINUOUS
10
0.3212579527559055
20
0.1665246456692913
11
0.3193839763779527
21
0.1597750787401575
0
LINE
8
BLACK
6
CONTINUOUS
10
0.3193839763779527
20
0.1597750787401575
11
0.3191293700787401
21
0.1591361023622047
0
LINE
8
BLACK
6
CONTINUOUS
10
0.3191293700787401
20
0.1591361023622047
11
0.3189144488188976
21
0.1583900393700787
0
LINE
8
BLACK
6
CONTINUOUS
10
0.3189144488188976
20
0.1583900393700787
11
0.316753031496063
21
0.1531720078740157
0
LINE
8
BLACK
6
CONTINUOUS
10
0.316753031496063
20
0.1531720078740157
11
0.3143348031496063
21
0.1471026771653543
0
LINE
8
BLACK
6
CONTINUOUS
10
0.3143348031496063
20
0.1471026771653543
11
0.313896968503937
21
0.1462768110236221
0
LINE
8
BLACK
6
CONTINUOUS
10
0.313896968503937
20
0.1462768110236221
11
0.313507874015748
21
0.1453374803149606
0
LINE
8
BLACK
6
CONTINUOUS
10
0.313507874015748
20
0.1453374803149606
11
0.3108340551181102
21
0.1404995669291338
0
LINE
8
BLACK
6
CONTINUOUS
10
0.3108340551181102
20
0.1404995669291338
11
0.3079456299212598
21
0.1350514173228347
0
LINE
8
BLACK
6
CONTINUOUS
10
0.3079456299212598
20
0.1350514173228347
11
0.3072820866141732
21
0.1340727952755905
0
LINE
8
BLACK
6
CONTINUOUS
10
0.3072820866141732
20
0.1340727952755905
11
0.3066738976377953
21
0.1329723228346457
0
LINE
8
BLACK
6
CONTINUOUS
10
0.3066738976377953
20
0.1329723228346457
11
0.3035684645669292
21
0.1285956299212598
0
LINE
8
BLACK
6
CONTINUOUS
10
0.3035684645669292
20
0.1285956299212598
11
0.3002906692913386
21
0.1237612598425197
0
LINE
8
BLACK
6
CONTINUOUS
10
0.3002906692913386
20
0.1237612598425197
11
0.2993653543307087
21
0.1226718897637795
0
LINE
8
BLACK
6
CONTINUOUS
10
0.2993653543307087
20
0.1226718897637795
11
0.2984984645669291
21
0.1214501181102362
0
LINE
8
BLACK
6
CONTINUOUS
10
0.2984984645669291
20
0.1214501181102362
11
0.2950471653543307
21
0.1175881102362205
0
LINE
8
BLACK
6
CONTINUOUS
10
0.2950471653543307
20
0.1175881102362205
11
0.2914596456692913
21
0.1133645275590551
0
LINE
8
BLACK
6
CONTINUOUS
10
0.2914596456692913
20
0.1133645275590551
11
0.2902420078740157
21
0.1122111023622047
0
LINE
8
BLACK
6
CONTINUOUS
10
0.2902420078740157
20
0.1122111023622047
11
0.2890843307086614
21
0.1109156692913386
0
LINE
8
BLACK
6
CONTINUOUS
10
0.2890843307086614
20
0.1109156692913386
11
0.2853746850393701
21
0.1076005118110236
0
LINE
8
BLACK
6
CONTINUOUS
10
0.2853746850393701
20
0.1076005118110236
11
0.2815566535433071
21
0.1039838976377953
0
LINE
8
BLACK
6
CONTINUOUS
10
0.2815566535433071
20
0.1039838976377953
11
0.2800233858267717
21
0.1028183464566929
0
LINE
8
BLACK
6
CONTINUOUS
10
0.2800233858267717
20
0.1028183464566929
11
0.2785498818897638
21
0.1015015354330709
0
LINE
8
BLACK
6
CONTINUOUS
10
0.2785498818897638
20
0.1015015354330709
11
0.2746662598425197
21
0.0987459448818898
0
LINE
8
BLACK
6
CONTINUOUS
10
0.2746662598425197
20
0.0987459448818898
11
0.2706976377952756
21
0.095729094488189
0
LINE
8
BLACK
6
CONTINUOUS
10
0.2706976377952756
20
0.095729094488189
11
0.2688341732283465
21
0.094607874015748
0
LINE
8
BLACK
6
CONTINUOUS
10
0.2688341732283465
20
0.094607874015748
11
0.2670276771653543
21
0.0933261023622047
0
LINE
8
BLACK
6
CONTINUOUS
10
0.2670276771653543
20
0.0933261023622047
11
0.2630513385826772
21
0.0911284645669291
0
LINE
8
BLACK
6
CONTINUOUS
10
0.2630513385826772
20
0.0911284645669291
11
0.2590093307086614
21
0.0886964566929134
0
LINE
8
BLACK
6
CONTINUOUS
10
0.2590093307086614
20
0.0886964566929134
11
0.2568093700787402
21
0.0876786220472441
0
LINE
8
BLACK
6
CONTINUOUS
10
0.2568093700787402
20
0.0876786220472441
11
0.2546625196850394
21
0.086492125984252
0
LINE
8
BLACK
6
CONTINUOUS
10
0.2546625196850394
20
0.086492125984252
11
0.2506716141732284
21
0.0848390157480315
0
LINE
8
BLACK
6
CONTINUOUS
10
0.2506716141732284
20
0.0848390157480315
11
0.2466292913385827
21
0.0829688582677165
0
LINE
8
BLACK
6
CONTINUOUS
10
0.2466292913385827
20
0.0829688582677165
11
0.2440958661417323
21
0.0821152362204724
0
LINE
8
BLACK
6
CONTINUOUS
10
0.2440958661417323
20
0.0821152362204724
11
0.2416099606299213
21
0.0810855511811024
0
LINE
8
BLACK
6
CONTINUOUS
10
0.2416099606299213
20
0.0810855511811024
11
0.2376768897637795
21
0.0799524409448819
0
LINE
8
BLACK
6
CONTINUOUS
10
0.2376768897637795
20
0.0799524409448819
11
0.233702874015748
21
0.0786134645669291
0
LINE
8
BLACK
6
CONTINUOUS
10
0.233702874015748
20
0.0786134645669291
11
0.2308472440944882
21
0.0779848818897638
0
LINE
8
BLACK
6
CONTINUOUS
10
0.2308472440944882
20
0.0779848818897638
11
0.2280341338582677
21
0.0771744488188976
0
LINE
8
BLACK
6
CONTINUOUS
10
0.2280341338582677
20
0.0771744488188976
11
0.2242256692913386
21
0.0765273622047244
0
LINE
8
BLACK
6
CONTINUOUS
10
0.2242256692913386
20
0.0765273622047244
11
0.2203811023622047
21
0.0756811023622047
0
LINE
8
BLACK
6
CONTINUOUS
10
0.2203811023622047
20
0.0756811023622047
11
0.2172244094488189
21
0.0753377952755905
0
LINE
8
BLACK
6
CONTINUOUS
10
0.2172244094488189
20
0.0753377952755905
11
0.2141057480314961
21
0.0748079133858268
0
LINE
8
BLACK
6
CONTINUOUS
10
0.2141057480314961
20
0.0748079133858268
11
0.2104796062992126
21
0.0746042519685039
0
LINE
8
BLACK
6
CONTINUOUS
10
0.2104796062992126
20
0.0746042519685039
11
0.2068202362204724
21
0.0742062992125984
0
LINE
8
BLACK
6
CONTINUOUS
10
0.2068202362204724
20
0.0742062992125984
11
0.2033930708661417
21
0.0742062992125984
0
LINE
8
BLACK
6
CONTINUOUS
10
0.2033930708661417
20
0.0742062992125984
11
0.2
21
0.0740157480314961
0
LINE
8
BLACK
6
CONTINUOUS
10
0.2
20
0.0740157480314961
11
0.1966069291338583
21
0.0742062992125984
0
LINE
8
BLACK
6
CONTINUOUS
10
0.1966069291338583
20
0.0742062992125984
11
0.1931797637795276
21
0.0742062992125984
0
LINE
8
BLACK
6
CONTINUOUS
10
0.1931797637795276
20
0.0742062992125984
11
0.1895203149606299
21
0.0746042519685039
0
LINE
8
BLACK
6
CONTINUOUS
10
0.1895203149606299
20
0.0746042519685039
11
0.1858942519685039
21
0.0748079133858268
0
LINE
8
BLACK
6
CONTINUOUS
10
0.1858942519685039
20
0.0748079133858268
11
0.1827755905511811
21
0.0753377559055118
0
LINE
8
BLACK
6
CONTINUOUS
10
0.1827755905511811
20
0.0753377559055118
11
0.1796188582677165
21
0.0756811023622047
0
LINE
8
BLACK
6
CONTINUOUS
10
0.1796188582677165
20
0.0756811023622047
11
0.175774094488189
21
0.0765273622047244
0
LINE
8
BLACK
6
CONTINUOUS
10
0.175774094488189
20
0.0765273622047244
11
0.1719658661417323
21
0.0771744488188976
0
LINE
8
BLACK
6
CONTINUOUS
10
0.1719658661417323
20
0.0771744488188976
11
0.1691528346456693
21
0.077984842519685
0
LINE
8
BLACK
6
CONTINUOUS
10
0.1691528346456693
20
0.077984842519685
11
0.1662970866141732
21
0.0786134645669291
0
LINE
8
BLACK
6
CONTINUOUS
10
0.1662970866141732
20
0.0786134645669291
11
0.1623227952755905
21
0.0799525196850394
0
LINE
8
BLACK
6
CONTINUOUS
10
0.1623227952755905
20
0.0799525196850394
11
0.1583900393700787
21
0.0810855511811024
0
LINE
8
BLACK
6
CONTINUOUS
10
0.1583900393700787
20
0.0810855511811024
11
0.1559042913385827
21
0.082115157480315
0
LINE
8
BLACK
6
CONTINUOUS
10
0.1559042913385827
20
0.082115157480315
11
0.1533706692913386
21
0.0829688582677165
0
LINE
8
BLACK
6
CONTINUOUS
10
0.1533706692913386
20
0.0829688582677165
11
0.1493279921259842
21
0.0848391732283465
0
LINE
8
BLACK
6
CONTINUOUS
10
0.1493279921259842
20
0.0848391732283465
11
0.1453374803149606
21
0.086492125984252
0
LINE
8
BLACK
6
CONTINUOUS
10
0.1453374803149606
20
0.086492125984252
11
0.1431907874015748
21
0.0876785433070866
0
LINE
8
BLACK
6
CONTINUOUS
10
0.1431907874015748
20
0.0876785433070866
11
0.1409906299212599
21
0.0886964566929134
0
LINE
8
BLACK
6
CONTINUOUS
10
0.1409906299212599
20
0.0886964566929134
11
0.1369481496062992
21
0.0911287401574803
0
LINE
8
BLACK
6
CONTINUOUS
10
0.1369481496062992
20
0.0911287401574803
11
0.1329723228346457
21
0.0933261023622047
0
LINE
8
BLACK
6
CONTINUOUS
10
0.1329723228346457
20
0.0933261023622047
11
0.1311659842519685
21
0.0946077165354331
0
LINE
8
BLACK
6
CONTINUOUS
10
0.1311659842519685
20
0.0946077165354331
11
0.1293023228346457
21
0.095729094488189
0
LINE
8
BLACK
6
CONTINUOUS
10
0.1293023228346457
20
0.095729094488189
11
0.1253331102362205
21
0.0987463779527559
0
LINE
8
BLACK
6
CONTINUOUS
10
0.1253331102362205
20
0.0987463779527559
11
0.1214501181102362
21
0.1015015354330709
0
LINE
8
BLACK
6
CONTINUOUS
10
0.1214501181102362
20
0.1015015354330709
11
0.1199768110236221
21
0.1028181496062992
0
LINE
8
BLACK
6
CONTINUOUS
10
0.1199768110236221
20
0.1028181496062992
11
0.1184433070866142
21
0.1039838976377953
0
LINE
8
BLACK
6
CONTINUOUS
10
0.1184433070866142
20
0.1039838976377953
11
0.1146246062992126
21
0.1076011417322835
0
LINE
8
BLACK
6
CONTINUOUS
10
0.1146246062992126
20
0.1076011417322835
11
0.1109156692913386
21
0.1109156692913386
0
LINE
8
BLACK
6
CONTINUOUS
10
0.1109156692913386
20
0.1109156692913386
11
0.1097581496062992
21
0.1122108661417323
0
LINE
8
BLACK
6
CONTINUOUS
10
0.1097581496062992
20
0.1122108661417323
11
0.1085403149606299
21
0.1133645275590551
0
LINE
8
BLACK
6
CONTINUOUS
10
0.1085403149606299
20
0.1133645275590551
11
0.1049520078740157
21
0.1175889763779528
0
LINE
8
BLACK
6
CONTINUOUS
10
0.1049520078740157
20
0.1175889763779528
11
0.1015015354330709
21
0.1214501181102362
0
LINE
8
BLACK
6
CONTINUOUS
10
0.1015015354330709
20
0.1214501181102362
11
0.1006348031496063
21
0.1226716141732283
0
LINE
8
BLACK
6
CONTINUOUS
10
0.1006348031496063
20
0.1226716141732283
11
0.0997092913385827
21
0.1237612598425197
0
LINE
8
BLACK
6
CONTINUOUS
10
0.0997092913385827
20
0.1237612598425197
11
0.0964305905511811
21
0.1285968897637795
0
LINE
8
BLACK
6
CONTINUOUS
10
0.0964305905511811
20
0.1285968897637795
11
0.0933261023622047
21
0.1329723228346457
0
LINE
8
BLACK
6
CONTINUOUS
10
0.0933261023622047
20
0.1329723228346457
11
0.092718031496063
21
0.1340724803149606
0
LINE
8
BLACK
6
CONTINUOUS
10
0.092718031496063
20
0.1340724803149606
11
0.0920543307086614
21
0.1350514173228347
0
LINE
8
BLACK
6
CONTINUOUS
10
0.0920543307086614
20
0.1350514173228347
11
0.0891649606299213
21
0.1405012992125984
0
LINE
8
BLACK
6
CONTINUOUS
10
0.0891649606299213
20
0.1405012992125984
11
0.086492125984252
21
0.1453374803149606
0
LINE
8
BLACK
6
CONTINUOUS
10
0.086492125984252
20
0.1453374803149606
11
0.0861031496062992
21
0.1462764960629921
0
LINE
8
BLACK
6
CONTINUOUS
10
0.0861031496062992
20
0.1462764960629921
11
0.085665157480315
21
0.1471026771653543
0
LINE
8
BLACK
6
CONTINUOUS
10
0.085665157480315
20
0.1471026771653543
11
0.0832458661417323
21
0.1531744881889764
0
LINE
8
BLACK
6
CONTINUOUS
10
0.0832458661417323
20
0.1531744881889764
11
0.0810855511811024
21
0.1583900393700787
0
LINE
8
BLACK
6
CONTINUOUS
10
0.0810855511811024
20
0.1583900393700787
11
0.0808707086614173
21
0.159135748031496
0
LINE
8
BLACK
6
CONTINUOUS
10
0.0808707086614173
20
0.159135748031496
11
0.0806159842519685
21
0.1597750787401575
0
LINE
8
BLACK
6
CONTINUOUS
10
0.0806159842519685
20
0.1597750787401575
11
0.078740905511811
21
0.1665284251968504
0
LINE
8
BLACK
6
CONTINUOUS
10
0.078740905511811
20
0.1665284251968504
11
0.0771744488188976
21
0.1719658661417323
0
LINE
8
BLACK
6
CONTINUOUS
10
0.0771744488188976
20
0.1719658661417323
11
0.077084842519685
21
0.172493031496063
0
LINE
8
BLACK
6
CONTINUOUS
10
0.077084842519685
20
0.172493031496063
11
0.0769668503937008
21
0.1729181496062992
0
LINE
8
BLACK
6
CONTINUOUS
10
0.0769668503937008
20
0.1729181496062992
11
0.0757087401574803
21
0.1805921653543307
0
LINE
8
BLACK
6
CONTINUOUS
10
0.0757087401574803
20
0.1805921653543307
11
0.0748079133858268
21
0.1858942519685039
0
LINE
8
BLACK
6
CONTINUOUS
10
0.0748079133858268
20
0.1858942519685039
11
0.0747914173228346
21
0.1861877952755905
0
LINE
8
BLACK
6
CONTINUOUS
10
0.0747914173228346
20
0.1861877952755905
11
0.07476
21
0.1863795275590551
0
LINE
8
BLACK
6
CONTINUOUS
10
0.07476
20
0.1863795275590551
11
0.0741822047244095
21
0.1970353937007874
0
LINE
8
BLACK
6
CONTINUOUS
10
0.0741822047244095
20
0.1970353937007874
11
0.0740157480314961
21
0.2
0
LINE
8
BLACK
6
CONTINUOUS
10
0.0740157480314961
20
0.2
11
0.0741822440944882
21
0.2029648031496063
0
LINE
8
BLACK
6
CONTINUOUS
10
0.0741822440944882
20
0.2029648031496063
11
0.07476
21
0.2136204330708661
0
LINE
8
BLACK
6
CONTINUOUS
10
0.07476
20
0.2136204330708661
11
0.0747914173228346
21
0.2138120866141732
0
LINE
8
BLACK
6
CONTINUOUS
10
0.0747914173228346
20
0.2138120866141732
11
0.0748079133858268
21
0.2141057480314961
0
LINE
8
BLACK
6
CONTINUOUS
10
0.0748079133858268
20
0.2141057480314961
11
0.075708937007874
21
0.2194088582677165
0
LINE
8
BLACK
6
CONTINUOUS
10
0.075708937007874
20
0.2194088582677165
11
0.0769668503937008
21
0.227081811023622
0
LINE
8
BLACK
6
CONTINUOUS
10
0.0769668503937008
20
0.227081811023622
11
0.077084842519685
21
0.2275068110236221
0
LINE
8
BLACK
6
CONTINUOUS
10
0.077084842519685
20
0.2275068110236221
11
0.0771744488188976
21
0.2280341338582677
0
LINE
8
BLACK
6
CONTINUOUS
10
0.0771744488188976
20
0.2280341338582677
11
0.0787412204724409
21
0.2334725984251969
0
LINE
8
BLACK
6
CONTINUOUS
10
0.0787412204724409
20
0.2334725984251969
11
0.0806159842519685
21
0.2402248818897638
0
LINE
8
BLACK
6
CONTINUOUS
10
0.0806159842519685
20
0.2402248818897638
11
0.0808706692913386
21
0.240864094488189
0
LINE
8
BLACK
6
CONTINUOUS
10
0.0808706692913386
20
0.240864094488189
11
0.0810855511811024
21
0.2416099606299213
0
LINE
8
BLACK
6
CONTINUOUS
10
0.0810855511811024
20
0.2416099606299213
11
0.0832462992125984
21
0.2468264566929134
0
LINE
8
BLACK
6
CONTINUOUS
10
0.0832462992125984
20
0.2468264566929134
11
0.085665157480315
21
0.2528972834645669
0
LINE
8
BLACK
6
CONTINUOUS
10
0.085665157480315
20
0.2528972834645669
11
0.0861030708661417
21
0.2537233070866142
0
LINE
8
BLACK
6
CONTINUOUS
10
0.0861030708661417
20
0.2537233070866142
11
0.086492125984252
21
0.2546625196850394
0
LINE
8
BLACK
6
CONTINUOUS
10
0.086492125984252
20
0.2546625196850394
11
0.0891654724409449
21
0.2594995669291338
0
LINE
8
BLACK
6
CONTINUOUS
10
0.0891654724409449
20
0.2594995669291338
11
0.0920543307086614
21
0.2649485433070866
0
LINE
8
BLACK
6
CONTINUOUS
10
0.0920543307086614
20
0.2649485433070866
11
0.0927179133858268
21
0.2659272440944882
0
LINE
8
BLACK
6
CONTINUOUS
10
0.0927179133858268
20
0.2659272440944882
11
0.0933261023622047
21
0.2670276771653543
0
LINE
8
BLACK
6
CONTINUOUS
10
0.0933261023622047
20
0.2670276771653543
11
0.0964311811023622
21
0.2714038976377953
0
LINE
8
BLACK
6
CONTINUOUS
10
0.0964311811023622
20
0.2714038976377953
11
0.0997092913385827
21
0.2762387007874016
0
LINE
8
BLACK
6
CONTINUOUS
10
0.0997092913385827
20
0.2762387007874016
11
0.1006346456692913
21
0.2773281102362204
0
LINE
8
BLACK
6
CONTINUOUS
10
0.1006346456692913
20
0.2773281102362204
11
0.1015015354330709
21
0.2785498818897638
0
LINE
8
BLACK
6
CONTINUOUS
10
0.1015015354330709
20
0.2785498818897638
11
0.1049526771653543
21
0.2824117322834646
0
LINE
8
BLACK
6
CONTINUOUS
10
0.1049526771653543
20
0.2824117322834646
11
0.1085403149606299
21
0.2866354330708661
0
LINE
8
BLACK
6
CONTINUOUS
10
0.1085403149606299
20
0.2866354330708661
11
0.1097579527559055
21
0.2877888188976378
0
LINE
8
BLACK
6
CONTINUOUS
10
0.1097579527559055
20
0.2877888188976378
11
0.1109156692913386
21
0.2890843307086614
0
LINE
8
BLACK
6
CONTINUOUS
10
0.1109156692913386
20
0.2890843307086614
11
0.1146253149606299
21
0.2923994881889764
0
LINE
8
BLACK
6
CONTINUOUS
10
0.1146253149606299
20
0.2923994881889764
11
0.1184433070866142
21
0.296016062992126
0
LINE
8
BLACK
6
CONTINUOUS
10
0.1184433070866142
20
0.296016062992126
11
0.1199764960629921
21
0.2971815748031496
0
LINE
8
BLACK
6
CONTINUOUS
10
0.1199764960629921
20
0.2971815748031496
11
0.1214501181102362
21
0.2984984645669291
0
LINE
8
BLACK
6
CONTINUOUS
10
0.1214501181102362
20
0.2984984645669291
11
0.1253338976377953
21
0.3012541338582677
0
LINE
8
BLACK
6
CONTINUOUS
10
0.1253338976377953
20
0.3012541338582677
11
0.1293023228346457
21
0.3042708661417323
0
LINE
8
BLACK
6
CONTINUOUS
10
0.1293023228346457
20
0.3042708661417323
11
0.1311656299212599
21
0.305391968503937
0
LINE
8
BLACK
6
CONTINUOUS
10
0.1311656299212599
20
0.305391968503937
11
0.1329723228346457
21
0.3066738976377953
0
LINE
8
BLACK
6
CONTINUOUS
10
0.1329723228346457
20
0.3066738976377953
11
0.136948937007874
21
0.3088716929133858
0
LINE
8
BLACK
6
CONTINUOUS
10
0.136948937007874
20
0.3088716929133858
11
0.1409906299212599
21
0.3113035039370078
0
LINE
8
BLACK
6
CONTINUOUS
10
0.1409906299212599
20
0.3113035039370078
11
0.1431903543307086
21
0.3123211811023622
0
LINE
8
BLACK
6
CONTINUOUS
10
0.1431903543307086
20
0.3123211811023622
11
0.1453374803149606
21
0.313507874015748
0
LINE
8
BLACK
6
CONTINUOUS
10
0.1453374803149606
20
0.313507874015748
11
0.1493288188976378
21
0.3151611417322834
0
LINE
8
BLACK
6
CONTINUOUS
10
0.1493288188976378
20
0.3151611417322834
11
0.1533706692913386
21
0.3170311023622047
0
LINE
8
BLACK
6
CONTINUOUS
10
0.1533706692913386
20
0.3170311023622047
11
0.155903779527559
21
0.3178846062992126
0
LINE
8
BLACK
6
CONTINUOUS
10
0.155903779527559
20
0.3178846062992126
11
0.1583900393700787
21
0.3189144488188976
0
LINE
8
BLACK
6
CONTINUOUS
10
0.1583900393700787
20
0.3189144488188976
11
0.1623235826771653
21
0.3200476771653543
0
LINE
8
BLACK
6
CONTINUOUS
10
0.1623235826771653
20
0.3200476771653543
11
0.1662970866141732
21
0.3213864960629921
0
LINE
8
BLACK
6
CONTINUOUS
10
0.1662970866141732
20
0.3213864960629921
11
0.1691522440944882
21
0.3220149606299212
0
LINE
8
BLACK
6
CONTINUOUS
10
0.1691522440944882
20
0.3220149606299212
11
0.1719658661417323
21
0.3228255511811023
0
LINE
8
BLACK
6
CONTINUOUS
10
0.1719658661417323
20
0.3228255511811023
11
0.1757748818897638
21
0.3234727165354331
0
LINE
8
BLACK
6
CONTINUOUS
10
0.1757748818897638
20
0.3234727165354331
11
0.1796188582677165
21
0.3243188582677165
0
LINE
8
BLACK
6
CONTINUOUS
10
0.1796188582677165
20
0.3243188582677165
11
0.1827751181102362
21
0.3246620866141732
0
LINE
8
BLACK
6
CONTINUOUS
10
0.1827751181102362
20
0.3246620866141732
11
0.1858942519685039
21
0.3251920866141732
0
LINE
8
BLACK
6
CONTINUOUS
10
0.1858942519685039
20
0.3251920866141732
11
0.1895205511811024
21
0.3253957086614173
0
LINE
8
BLACK
6
CONTINUOUS
10
0.1895205511811024
20
0.3253957086614173
11
0.1931797637795276
21
0.3257937007874016
0
LINE
8
BLACK
6
CONTINUOUS
10
0.1931797637795276
20
0.3257937007874016
11
0.1966069291338583
21
0.3257937007874016
0
LINE
8
BLACK
6
CONTINUOUS
10
0.1966069291338583
20
0.3257937007874016
11
0.2
21
0.3259842519685039
0
LINE
8
BLACK
6
CONTINUOUS
10
0.2
20
0.3259842519685039
11
0.2033930708661417
21
0.3257937007874016
0
LINE
8
BLACK
6
CONTINUOUS
10
1.8033930708661416
20
0.3257937007874016
11
1.8068202362204724
21
0.3257937007874016
0
LINE
8
BLACK
6
CONTINUOUS
10
1.8068202362204724
20
0.3257937007874016
11
1.8104794094488188
21
0.3253957086614173
0
LINE
8
BLACK
6
CONTINUOUS
10
1.8104794094488188
20
0.3253957086614173
11
1.8141057480314959
21
0.3251920866141732
0
LINE
8
BLACK
6
CONTINUOUS
10
1.8141057480314959
20
0.3251920866141732
11
1.8172249212598426
21
0.3246620866141732
0
LINE
8
BLACK
6
CONTINUOUS
10
1.8172249212598426
20
0.3246620866141732
11
1.8203811023622047
21
0.3243188582677165
0
LINE
8
BLACK
6
CONTINUOUS
10
1.8203811023622047
20
0.3243188582677165
11
1.8242248818897637
21
0.3234727559055118
0
LINE
8
BLACK
6
CONTINUOUS
10
1.8242248818897637
20
0.3234727559055118
11
1.8280341338582677
21
0.3228255511811023
0
LINE
8
BLACK
6
CONTINUOUS
10
1.8280341338582677
20
0.3228255511811023
11
1.8308478346456694
21
0.3220149212598425
0
LINE
8
BLACK
6
CONTINUOUS
10
1.8308478346456694
20
0.3220149212598425
11
1.8337028740157479
21
0.3213864960629921
0
LINE
8
BLACK
6
CONTINUOUS
10
1.8337028740157479
20
0.3213864960629921
11
1.8376761023622046
21
0.3200477559055118
0
LINE
8
BLACK
6
CONTINUOUS
10
1.8376761023622046
20
0.3200477559055118
11
1.8416099606299212
21
0.3189144488188976
0
LINE
8
BLACK
6
CONTINUOUS
10
1.8416099606299212
20
0.3189144488188976
11
1.8440963779527559
21
0.3178845275590551
0
LINE
8
BLACK
6
CONTINUOUS
10
1.8440963779527559
20
0.3178845275590551
11
1.8466292913385827
21
0.3170311023622047
0
LINE
8
BLACK
6
CONTINUOUS
10
1.8466292913385827
20
0.3170311023622047
11
1.8506707874015749
21
0.3151612992125984
0
LINE
8
BLACK
6
CONTINUOUS
10
1.8506707874015749
20
0.3151612992125984
11
1.8546625196850393
21
0.313507874015748
0
LINE
8
BLACK
6
CONTINUOUS
10
1.8546625196850393
20
0.313507874015748
11
1.8568098031496063
21
0.312321062992126
0
LINE
8
BLACK
6
CONTINUOUS
10
1.8568098031496063
20
0.312321062992126
11
1.8590093307086615
21
0.3113035039370078
0
LINE
8
BLACK
6
CONTINUOUS
10
1.8590093307086615
20
0.3113035039370078
11
1.8630505511811024
21
0.308871968503937
0
LINE
8
BLACK
6
CONTINUOUS
10
1.8630505511811024
20
0.308871968503937
11
1.8670276771653542
21
0.3066738976377953
0
LINE
8
BLACK
6
CONTINUOUS
10
1.8670276771653542
20
0.3066738976377953
11
1.8688345669291337
21
0.3053918110236221
0
LINE
8
BLACK
6
CONTINUOUS
10
1.8688345669291337
20
0.3053918110236221
11
1.8706976377952755
21
0.3042708661417323
0
LINE
8
BLACK
6
CONTINUOUS
10
1.8706976377952755
20
0.3042708661417323
11
1.8746654724409448
21
0.3012545669291338
0
LINE
8
BLACK
6
CONTINUOUS
10
1.8746654724409448
20
0.3012545669291338
11
1.8785498818897637
21
0.2984984645669291
0
LINE
8
BLACK
6
CONTINUOUS
10
1.8785498818897637
20
0.2984984645669291
11
1.8800237007874014
21
0.2971813779527559
0
LINE
8
BLACK
6
CONTINUOUS
10
1.8800237007874014
20
0.2971813779527559
11
1.881556653543307
21
0.296016062992126
0
LINE
8
BLACK
6
CONTINUOUS
10
1.881556653543307
20
0.296016062992126
11
1.8853739370078739
21
0.2924000787401575
0
LINE
8
BLACK
6
CONTINUOUS
10
1.8853739370078739
20
0.2924000787401575
11
1.8890843307086613
21
0.2890843307086614
0
LINE
8
BLACK
6
CONTINUOUS
10
1.8890843307086613
20
0.2890843307086614
11
1.8902422440944882
21
0.2877885826771653
0
LINE
8
BLACK
6
CONTINUOUS
10
1.8902422440944882
20
0.2877885826771653
11
1.8914596456692914
21
0.2866354330708661
0
LINE
8
BLACK
6
CONTINUOUS
10
1.8914596456692914
20
0.2866354330708661
11
1.895046496062992
21
0.2824126377952756
0
LINE
8
BLACK
6
CONTINUOUS
10
1.895046496062992
20
0.2824126377952756
11
1.8984984645669292
21
0.2785498818897638
0
LINE
8
BLACK
6
CONTINUOUS
10
1.8984984645669292
20
0.2785498818897638
11
1.8993655118110235
21
0.2773278346456693
0
LINE
8
BLACK
6
CONTINUOUS
10
1.8993655118110235
20
0.2773278346456693
11
1.9002906692913386
21
0.2762387007874016
0
LINE
8
BLACK
6
CONTINUOUS
10
1.9002906692913386
20
0.2762387007874016
11
1.903567874015748
21
0.271405157480315
0
LINE
8
BLACK
6
CONTINUOUS
10
1.903567874015748
20
0.271405157480315
11
1.9066738976377953
21
0.2670276771653543
0
LINE
8
BLACK
6
CONTINUOUS
10
1.9066738976377953
20
0.2670276771653543
11
1.9072822047244093
21
0.2659269291338582
0
LINE
8
BLACK
6
CONTINUOUS
10
1.9072822047244093
20
0.2659269291338582
11
1.9079456299212598
21
0.2649485433070866
0
LINE
8
BLACK
6
CONTINUOUS
10
1.9079456299212598
20
0.2649485433070866
11
1.9108335433070867
21
0.2595013385826772
0
LINE
8
BLACK
6
CONTINUOUS
10
1.9108335433070867
20
0.2595013385826772
11
1.9135078740157481
21
0.2546625196850394
0
LINE
8
BLACK
6
CONTINUOUS
10
1.9135078740157481
20
0.2546625196850394
11
1.9138970078740156
21
0.2537229527559055
0
LINE
8
BLACK
6
CONTINUOUS
10
1.9138970078740156
20
0.2537229527559055
11
1.9143348031496064
21
0.2528972834645669
0
LINE
8
BLACK
6
CONTINUOUS
10
1.9143348031496064
20
0.2528972834645669
11
1.9167526377952755
21
0.2468289763779528
0
LINE
8
BLACK
6
CONTINUOUS
10
1.9167526377952755
20
0.2468289763779528
11
1.9189144488188976
21
0.2416099606299213
0
LINE
8
BLACK
6
CONTINUOUS
10
1.9189144488188976
20
0.2416099606299213
11
1.9191294094488189
21
0.2408637401574803
0
LINE
8
BLACK
6
CONTINUOUS
10
1.9191294094488189
20
0.2408637401574803
11
1.9193839763779528
21
0.2402248818897638
0
LINE
8
BLACK
6
CONTINUOUS
10
1.9193839763779528
20
0.2402248818897638
11
1.9212576771653542
21
0.2334763385826772
0
LINE
8
BLACK
6
CONTINUOUS
10
1.9212576771653542
20
0.2334763385826772
11
1.9228255511811023
21
0.2280341338582677
0
LINE
8
BLACK
6
CONTINUOUS
10
1.9228255511811023
20
0.2280341338582677
11
1.9229151968503937
21
0.2275064566929134
0
LINE
8
BLACK
6
CONTINUOUS
10
1.9229151968503937
20
0.2275064566929134
11
1.9230331102362204
21
0.227081811023622
0
LINE
8
BLACK
6
CONTINUOUS
10
1.9230331102362204
20
0.227081811023622
11
1.9242899212598426
21
0.2194154724409449
0
LINE
8
BLACK
6
CONTINUOUS
10
1.9242899212598426
20
0.2194154724409449
11
1.9251920866141732
21
0.2141057480314961
0
LINE
8
BLACK
6
CONTINUOUS
10
1.9251920866141732
20
0.2141057480314961
11
1.9252085826771652
21
0.2138117322834646
0
LINE
8
BLACK
6
CONTINUOUS
10
1.9252085826771652
20
0.2138117322834646
11
1.9252399606299213
21
0.2136204330708661
0
LINE
8
BLACK
6
CONTINUOUS
10
1.9252399606299213
20
0.2136204330708661
11
1.9258165748031495
21
0.2029851181102362
0
LINE
8
BLACK
6
CONTINUOUS
10
1.9258165748031495
20
0.2029851181102362
11
1.925984251968504
21
0.2
0
LINE
8
BLACK
6
CONTINUOUS
10
1.925984251968504
20
0.2
11
1.9258166141732282
21
0.1970151181102362
0
LINE
8
BLACK
6
CONTINUOUS
10
1.9258166141732282
20
0.1970151181102362
11
1.9252399606299213
21
0.1863795275590551
0
LINE
8
BLACK
6
CONTINUOUS
10
1.9252399606299213
20
0.1863795275590551
11
1.9252085826771652
21
0.186188188976378
0
LINE
8
BLACK
6
CONTINUOUS
10
1.9252085826771652
20
0.186188188976378
11
1.9251920866141732
21
0.1858942519685039
0
LINE
8
BLACK
6
CONTINUOUS
10
1.9251920866141732
20
0.1858942519685039
11
1.9242900787401573
21
0.1805855905511811
0
LINE
8
BLACK
6
CONTINUOUS
10
1.9242900787401573
20
0.1805855905511811
11
1.9230331102362204
21
0.1729181496062992
0
LINE
8
BLACK
6
CONTINUOUS
10
1.9230331102362204
20
0.1729181496062992
11
1.9229151574803149
21
0.1724934251968504
0
LINE
8
BLACK
6
CONTINUOUS
10
1.9229151574803149
20
0.1724934251968504
11
1.9228255511811023
21
0.1719658661417323
0
LINE
8
BLACK
6
CONTINUOUS
10
1.9228255511811023
20
0.1719658661417323
11
1.9212579527559055
21
0.1665246456692913
0
LINE
8
BLACK
6
CONTINUOUS
10
1.9212579527559055
20
0.1665246456692913
11
1.9193839763779528
21
0.1597750787401575
0
LINE
8
BLACK
6
CONTINUOUS
10
1.9193839763779528
20
0.1597750787401575
11
1.9191293700787402
21
0.1591361023622047
0
LINE
8
BLACK
6
CONTINUOUS
10
1.9191293700787402
20
0.1591361023622047
11
1.9189144488188976
21
0.1583900393700787
0
LINE
8
BLACK
6
CONTINUOUS
10
1.9189144488188976
20
0.1583900393700787
11
1.916753031496063
21
0.1531720078740157
0
LINE
8
BLACK
6
CONTINUOUS
10
1.916753031496063
20
0.1531720078740157
11
1.9143348031496064
21
0.1471026771653543
0
LINE
8
BLACK
6
CONTINUOUS
10
1.9143348031496064
20
0.1471026771653543
11
1.9138969685039369
21
0.1462768110236221
0
LINE
8
BLACK
6
CONTINUOUS
10
1.9138969685039369
20
0.1462768110236221
11
1.9135078740157481
21
0.1453374803149606
0
LINE
8
BLACK
6
CONTINUOUS
10
1.9135078740157481
20
0.1453374803149606
11
1.9108340551181102
21
0.1404995669291338
0
LINE
8
BLACK
6
CONTINUOUS
10
1.9108340551181102
20
0.1404995669291338
11
1.9079456299212598
21
0.1350514173228347
0
LINE
8
BLACK
6
CONTINUOUS
10
1.9079456299212598
20
0.1350514173228347
11
1.9072820866141731
21
0.1340727952755905
0
LINE
8
BLACK
6
CONTINUOUS
10
1.9072820866141731
20
0.1340727952755905
11
1.9066738976377953
21
0.1329723228346457
0
LINE
8
BLACK
6
CONTINUOUS
10
1.9066738976377953
20
0.1329723228346457
11
1.9035684645669291
21
0.1285956299212598
0
LINE
8
BLACK
6
CONTINUOUS
10
1.9035684645669291
20
0.1285956299212598
11
1.9002906692913386
21
0.1237612598425197
0
LINE
8
BLACK
6
CONTINUOUS
10
1.9002906692913386
20
0.1237612598425197
11
1.8993653543307085
21
0.1226718897637795
0
LINE
8
BLACK
6
CONTINUOUS
10
1.8993653543307085
20
0.1226718897637795
11
1.8984984645669292
21
0.1214501181102362
0
LINE
8
BLACK
6
CONTINUOUS
10
1.8984984645669292
20
0.1214501181102362
11
1.8950471653543306
21
0.1175881102362205
0
LINE
8
BLACK
6
CONTINUOUS
10
1.8950471653543306
20
0.1175881102362205
11
1.8914596456692914
21
0.1133645275590551
0
LINE
8
BLACK
6
CONTINUOUS
10
1.8914596456692914
20
0.1133645275590551
11
1.8902420078740156
21
0.1122111023622047
0
LINE
8
BLACK
6
CONTINUOUS
10
1.8902420078740156
20
0.1122111023622047
11
1.8890843307086613
21
0.1109156692913386
0
LINE
8
BLACK
6
CONTINUOUS
10
1.8890843307086613
20
0.1109156692913386
11
1.88537468503937
21
0.1076005118110236
0
LINE
8
BLACK
6
CONTINUOUS
10
1.88537468503937
20
0.1076005118110236
11
1.881556653543307
21
0.1039838976377953
0
LINE
8
BLACK
6
CONTINUOUS
10
1.881556653543307
20
0.1039838976377953
11
1.8800233858267716
21
0.1028183464566929
0
LINE
8
BLACK
6
CONTINUOUS
10
1.8800233858267716
20
0.1028183464566929
11
1.8785498818897637
21
0.1015015354330709
0
LINE
8
BLACK
6
CONTINUOUS
10
1.8785498818897637
20
0.1015015354330709
11
1.8746662598425197
21
0.0987459448818898
0
LINE
8
BLACK
6
CONTINUOUS
10
1.8746662598425197
20
0.0987459448818898
11
1.8706976377952755
21
0.095729094488189
0
LINE
8
BLACK
6
CONTINUOUS
10
1.8706976377952755
20
0.095729094488189
11
1.8688341732283464
21
0.094607874015748
0
LINE
8
BLACK
6
CONTINUOUS
10
1.8688341732283464
20
0.094607874015748
11
1.8670276771653542
21
0.0933261023622047
0
LINE
8
BLACK
6
CONTINUOUS
10
1.8670276771653542
20
0.0933261023622047
11
1.863051338582677
21
0.0911284645669291
0
LINE
8
BLACK
6
CONTINUOUS
10
1.863051338582677
20
0.0911284645669291
11
1.8590093307086615
21
0.0886964566929134
0
LINE
8
BLACK
6
CONTINUOUS
10
1.8590093307086615
20
0.0886964566929134
11
1.85680937007874
21
0.0876786220472441
0
LINE
8
BLACK
6
CONTINUOUS
10
1.85680937007874
20
0.0876786220472441
11
1.8546625196850393
21
0.086492125984252
0
LINE
8
BLACK
6
CONTINUOUS
10
1.8546625196850393
20
0.086492125984252
11
1.8506716141732282
21
0.0848390157480315
0
LINE
8
BLACK
6
CONTINUOUS
10
1.8506716141732282
20
0.0848390157480315
11
1.8466292913385827
21
0.0829688582677165
0
LINE
8
BLACK
6
CONTINUOUS
10
1.8466292913385827
20
0.0829688582677165
11
1.8440958661417322
21
0.0821152362204724
0
LINE
8
BLACK
6
CONTINUOUS
10
1.8440958661417322
20
0.0821152362204724
11
1.8416099606299212
21
0.0810855511811024
0
LINE
8
BLACK
6
CONTINUOUS
10
1.8416099606299212
20
0.0810855511811024
11
1.8376768897637794
21
0.0799524409448819
0
LINE
8
BLACK
6
CONTINUOUS
10
1.8376768897637794
20
0.0799524409448819
11
1.8337028740157479
21
0.0786134645669291
0
LINE
8
BLACK
6
CONTINUOUS
10
1.8337028740157479
20
0.0786134645669291
11
1.8308472440944881
21
0.0779848818897638
0
LINE
8
BLACK
6
CONTINUOUS
10
1.8308472440944881
20
0.0779848818897638
11
1.8280341338582677
21
0.0771744488188976
0
LINE
8
BLACK
6
CONTINUOUS
10
1.8280341338582677
20
0.0771744488188976
11
1.8242256692913386
21
0.0765273622047244
0
LINE
8
BLACK
6
CONTINUOUS
10
1.8242256692913386
20
0.0765273622047244
11
1.8203811023622047
21
0.0756811023622047
0
LINE
8
BLACK
6
CONTINUOUS
10
1.8203811023622047
20
0.0756811023622047
11
1.8172244094488188
21
0.0753377952755905
0
LINE
8
BLACK
6
CONTINUOUS
10
1.8172244094488188
20
0.0753377952755905
11
1.8141057480314959
21
0.0748079133858268
0
LINE
8
BLACK
6
CONTINUOUS
10
1.8141057480314959
20
0.0748079133858268
11
1.8104796062992126
21
0.0746042519685039
0
LINE
8
BLACK
6
CONTINUOUS
10
1.8104796062992126
20
0.0746042519685039
11
1.8068202362204724
21
0.0742062992125984
0
LINE
8
BLACK
6
CONTINUOUS
10
1.8068202362204724
20
0.0742062992125984
11
1.8033930708661416
21
0.0742062992125984
0
LINE
8
BLACK
6
CONTINUOUS
10
1.8033930708661416
20
0.0742062992125984
11
1.8
21
0.0740157480314961
0
LINE
8
BLACK
6
CONTINUOUS
10
1.8
20
0.0740157480314961
11
1.7966069291338582
21
0.0742062992125984
0
LINE
8
BLACK
6
CONTINUOUS
10
1.7966069291338582
20
0.0742062992125984
11
1.7931797637795275
21
0.0742062992125984
0
LINE
8
BLACK
6
CONTINUOUS
10
1.7931797637795275
20
0.0742062992125984
11
1.7895203149606298
21
0.0746042519685039
0
LINE
8
BLACK
6
CONTINUOUS
10
1.7895203149606298
20
0.0746042519685039
11
1.7858942519685039
21
0.0748079133858268
0
LINE
8
BLACK
6
CONTINUOUS
10
1.7858942519685039
20
0.0748079133858268
11
1.7827755905511811
21
0.0753377559055118
0
LINE
8
BLACK
6
CONTINUOUS
10
1.7827755905511811
20
0.0753377559055118
11
1.7796188582677166
21
0.0756811023622047
0
LINE
8
BLACK
6
CONTINUOUS
10
1.7796188582677166
20
0.0756811023622047
11
1.775774094488189
21
0.0765273622047244
0
LINE
8
BLACK
6
CONTINUOUS
10
1.775774094488189
20
0.0765273622047244
11
1.7719658661417323
21
0.0771744488188976
0
LINE
8
BLACK
6
CONTINUOUS
10
1.7719658661417323
20
0.0771744488188976
11
1.7691528346456693
21
0.077984842519685
0
LINE
8
BLACK
6
CONTINUOUS
10
1.7691528346456693
20
0.077984842519685
11
1.7662970866141732
21
0.0786134645669291
0
LINE
8
BLACK
6
CONTINUOUS
10
1.7662970866141732
20
0.0786134645669291
11
1.7623227952755904
21
0.0799525196850394
0
LINE
8
BLACK
6
CONTINUOUS
10
1.7623227952755904
20
0.0799525196850394
11
1.7583900393700787
21
0.0810855511811024
0
LINE
8
BLACK
6
CONTINUOUS
10
1.7583900393700787
20
0.0810855511811024
11
1.7559042913385827
21
0.082115157480315
0
LINE
8
BLACK
6
CONTINUOUS
10
1.7559042913385827
20
0.082115157480315
11
1.7533706692913384
21
0.0829688582677165
0
LINE
8
BLACK
6
CONTINUOUS
10
1.7533706692913384
20
0.0829688582677165
11
1.7493279921259841
21
0.0848391732283465
0
LINE
8
BLACK
6
CONTINUOUS
10
1.7493279921259841
20
0.0848391732283465
11
1.7453374803149606
21
0.086492125984252
0
LINE
8
BLACK
6
CONTINUOUS
10
1.7453374803149606
20
0.086492125984252
11
1.7431907874015748
21
0.0876785433070866
0
LINE
8
BLACK
6
CONTINUOUS
10
1.7431907874015748
20
0.0876785433070866
11
1.7409906299212599
21
0.0886964566929134
0
LINE
8
BLACK
6
CONTINUOUS
10
1.7409906299212599
20
0.0886964566929134
11
1.7369481496062991
21
0.0911287401574803
0
LINE
8
BLACK
6
CONTINUOUS
10
1.7369481496062991
20
0.0911287401574803
11
1.7329723228346456
21
0.0933261023622047
0
LINE
8
BLACK
6
CONTINUOUS
10
1.7329723228346456
20
0.0933261023622047
11
1.7311659842519684
21
0.0946077165354331
0
LINE
8
BLACK
6
CONTINUOUS
10
1.7311659842519684
20
0.0946077165354331
11
1.7293023228346456
21
0.095729094488189
0
LINE
8
BLACK
6
CONTINUOUS
10
1.7293023228346456
20
0.095729094488189
11
1.7253331102362204
21
0.0987463779527559
0
LINE
8
BLACK
6
CONTINUOUS
10
1.7253331102362204
20
0.0987463779527559
11
1.7214501181102362
21
0.1015015354330709
0
LINE
8
BLACK
6
CONTINUOUS
10
1.7214501181102362
20
0.1015015354330709
11
1.719976811023622
21
0.1028181496062992
0
LINE
8
BLACK
6
CONTINUOUS
10
1.719976811023622
20
0.1028181496062992
11
1.7184433070866141
21
0.1039838976377953
0
LINE
8
BLACK
6
CONTINUOUS
10
1.7184433070866141
20
0.1039838976377953
11
1.7146246062992125
21
0.1076011417322835
0
LINE
8
BLACK
6
CONTINUOUS
10
1.7146246062992125
20
0.1076011417322835
11
1.7109156692913385
21
0.1109156692913386
0
LINE
8
BLACK
6
CONTINUOUS
10
1.7109156692913385
20
0.1109156692913386
11
1.7097581496062992
21
0.1122108661417323
0
LINE
8
BLACK
6
CONTINUOUS
10
1.7097581496062992
20
0.1122108661417323
11
1.70854031496063
21
0.1133645275590551
0
LINE
8
BLACK
6
CONTINUOUS
10
1.70854031496063
20
0.1133645275590551
11
1.7049520078740157
21
0.1175889763779528
0
LINE
8
BLACK
6
CONTINUOUS
10
1.7049520078740157
20
0.1175889763779528
11
1.7015015354330709
21
0.1214501181102362
0
LINE
8
BLACK
6
CONTINUOUS
10
1.7015015354330709
20
0.1214501181102362
11
1.7006348031496064
21
0.1226716141732283
0
LINE
8
BLACK
6
CONTINUOUS
10
1.7006348031496064
20
0.1226716141732283
11
1.6997092913385827
21
0.1237612598425197
0
LINE
8
BLACK
6
CONTINUOUS
10
1.6997092913385827
20
0.1237612598425197
11
1.6964305905511812
21
0.1285968897637795
0
LINE
8
BLACK
6
CONTINUOUS
10
1.6964305905511812
20
0.1285968897637795
11
1.6933261023622046
21
0.1329723228346457
0
LINE
8
BLACK
6
CONTINUOUS
10
1.6933261023622046
20
0.1329723228346457
11
1.692718031496063
21
0.1340724803149606
0
LINE
8
BLACK
6
CONTINUOUS
10
1.692718031496063
20
0.1340724803149606
11
1.6920543307086613
21
0.1350514173228347
0
LINE
8
BLACK
6
CONTINUOUS
10
1.6920543307086613
20
0.1350514173228347
11
1.6891649606299213
21
0.1405012992125984
0
LINE
8
BLACK
6
CONTINUOUS
10
1.6891649606299213
20
0.1405012992125984
11
1.686492125984252
21
0.1453374803149606
0
LINE
8
BLACK
6
CONTINUOUS
10
1.686492125984252
20
0.1453374803149606
11
1.6861031496062993
21
0.1462764960629921
0
LINE
8
BLACK
6
CONTINUOUS
10
1.6861031496062993
20
0.1462764960629921
11
1.685665157480315
21
0.1471026771653543
0
LINE
8
BLACK
6
CONTINUOUS
10
1.685665157480315
20
0.1471026771653543
11
1.6832458661417322
21
0.1531744881889764
0
LINE
8
BLACK
6
CONTINUOUS
10
1.6832458661417322
20
0.1531744881889764
11
1.6810855511811023
21
0.1583900393700787
0
LINE
8
BLACK
6
CONTINUOUS
10
1.6810855511811023
20
0.1583900393700787
11
1.6808707086614172
21
0.159135748031496
0
LINE
8
BLACK
6
CONTINUOUS
10
1.6808707086614172
20
0.159135748031496
11
1.6806159842519686
21
0.1597750787401575
0
LINE
8
BLACK
6
CONTINUOUS
10
1.6806159842519686
20
0.1597750787401575
11
1.678740905511811
21
0.1665284251968504
0
LINE
8
BLACK
6
CONTINUOUS
10
1.678740905511811
20
0.1665284251968504
11
1.6771744488188975
21
0.1719658661417323
0
LINE
8
BLACK
6
CONTINUOUS
10
1.6771744488188975
20
0.1719658661417323
11
1.6770848425196849
21
0.172493031496063
0
LINE
8
BLACK
6
CONTINUOUS
10
1.6770848425196849
20
0.172493031496063
11
1.6769668503937007
21
0.1729181496062992
0
LINE
8
BLACK
6
CONTINUOUS
10
1.6769668503937007
20
0.1729181496062992
11
1.6757087401574802
21
0.1805921653543307
0
LINE
8
BLACK
6
CONTINUOUS
10
1.6757087401574802
20
0.1805921653543307
11
1.6748079133858267
21
0.1858942519685039
0
LINE
8
BLACK
6
CONTINUOUS
10
1.6748079133858267
20
0.1858942519685039
11
1.6747914173228347
21
0.1861877952755905
0
LINE
8
BLACK
6
CONTINUOUS
10
1.6747914173228347
20
0.1861877952755905
11
1.67476
21
0.1863795275590551
0
LINE
8
BLACK
6
CONTINUOUS
10
1.67476
20
0.1863795275590551
11
1.6741822047244095
21
0.1970353937007874
0
LINE
8
BLACK
6
CONTINUOUS
10
1.6741822047244095
20
0.1970353937007874
11
1.6740157480314961
21
0.2
0
LINE
8
BLACK
6
CONTINUOUS
10
1.6740157480314961
20
0.2
11
1.6741822440944882
21
0.2029648031496063
0
LINE
8
BLACK
6
CONTINUOUS
10
1.6741822440944882
20
0.2029648031496063
11
1.67476
21
0.2136204330708661
0
LINE
8
BLACK
6
CONTINUOUS
10
1.67476
20
0.2136204330708661
11
1.6747914173228347
21
0.2138120866141732
0
LINE
8
BLACK
6
CONTINUOUS
10
1.6747914173228347
20
0.2138120866141732
11
1.6748079133858267
21
0.2141057480314961
0
LINE
8
BLACK
6
CONTINUOUS
10
1.6748079133858267
20
0.2141057480314961
11
1.6757089370078739
21
0.2194088582677165
0
LINE
8
BLACK
6
CONTINUOUS
10
1.6757089370078739
20
0.2194088582677165
11
1.6769668503937007
21
0.227081811023622
0
LINE
8
BLACK
6
CONTINUOUS
10
1.6769668503937007
20
0.227081811023622
11
1.6770848425196849
21
0.2275068110236221
0
LINE
8
BLACK
6
CONTINUOUS
10
1.6770848425196849
20
0.2275068110236221
11
1.6771744488188975
21
0.2280341338582677
0
LINE
8
BLACK
6
CONTINUOUS
10
1.6771744488188975
20
0.2280341338582677
11
1.678741220472441
21
0.2334725984251969
0
LINE
8
BLACK
6
CONTINUOUS
10
1.678741220472441
20
0.2334725984251969
11
1.6806159842519686
21
0.2402248818897638
0
LINE
8
BLACK
6
CONTINUOUS
10
1.6806159842519686
20
0.2402248818897638
11
1.6808706692913384
21
0.240864094488189
0
LINE
8
BLACK
6
CONTINUOUS
10
1.6808706692913384
20
0.240864094488189
11
1.6810855511811023
21
0.2416099606299213
0
LINE
8
BLACK
6
CONTINUOUS
10
1.6810855511811023
20
0.2416099606299213
11
1.6832462992125985
21
0.2468264566929134
0
LINE
8
BLACK
6
CONTINUOUS
10
1.6832462992125985
20
0.2468264566929134
11
1.685665157480315
21
0.2528972834645669
0
LINE
8
BLACK
6
CONTINUOUS
10
1.685665157480315
20
0.2528972834645669
11
1.6861030708661418
21
0.2537233070866142
0
LINE
8
BLACK
6
CONTINUOUS
10
1.6861030708661418
20
0.2537233070866142
11
1.686492125984252
21
0.2546625196850394
0
LINE
8
BLACK
6
CONTINUOUS
10
1.686492125984252
20
0.2546625196850394
11
1.6891654724409448
21
0.2594995669291338
0
LINE
8
BLACK
6
CONTINUOUS
10
1.6891654724409448
20
0.2594995669291338
11
1.6920543307086613
21
0.2649485433070866
0
LINE
8
BLACK
6
CONTINUOUS
10
1.6920543307086613
20
0.2649485433070866
11
1.6927179133858268
21
0.2659272440944882
0
LINE
8
BLACK
6
CONTINUOUS
10
1.6927179133858268
20
0.2659272440944882
11
1.6933261023622046
21
0.2670276771653543
0
LINE
8
BLACK
6
CONTINUOUS
10
1.6933261023622046
20
0.2670276771653543
11
1.6964311811023622
21
0.2714038976377953
0
LINE
8
BLACK
6
CONTINUOUS
10
1.6964311811023622
20
0.2714038976377953
11
1.6997092913385827
21
0.2762387007874016
0
LINE
8
BLACK
6
CONTINUOUS
10
1.6997092913385827
20
0.2762387007874016
11
1.7006346456692913
21
0.2773281102362204
0
LINE
8
BLACK
6
CONTINUOUS
10
1.7006346456692913
20
0.2773281102362204
11
1.7015015354330709
21
0.2785498818897638
0
LINE
8
BLACK
6
CONTINUOUS
10
1.7015015354330709
20
0.2785498818897638
11
1.7049526771653543
21
0.2824117322834646
0
LINE
8
BLACK
6
CONTINUOUS
10
1.7049526771653543
20
0.2824117322834646
11
1.70854031496063
21
0.2866354330708661
0
LINE
8
BLACK
6
CONTINUOUS
10
1.70854031496063
20
0.2866354330708661
11
1.7097579527559055
21
0.2877888188976378
0
LINE
8
BLACK
6
CONTINUOUS
10
1.7097579527559055
20
0.2877888188976378
11
1.7109156692913385
21
0.2890843307086614
0
LINE
8
BLACK
6
CONTINUOUS
10
1.7109156692913385
20
0.2890843307086614
11
1.7146253149606299
21
0.2923994881889764
0
LINE
8
BLACK
6
CONTINUOUS
10
1.7146253149606299
20
0.2923994881889764
11
1.7184433070866141
21
0.296016062992126
0
LINE
8
BLACK
6
CONTINUOUS
10
1.7184433070866141
20
0.296016062992126
11
1.7199764960629922
21
0.2971815748031496
0
LINE
8
BLACK
6
CONTINUOUS
10
1.7199764960629922
20
0.2971815748031496
11
1.7214501181102362
21
0.2984984645669291
0
LINE
8
BLACK
6
CONTINUOUS
10
1.7214501181102362
20
0.2984984645669291
11
1.7253338976377952
21
0.3012541338582677
0
LINE
8
BLACK
6
CONTINUOUS
10
1.7253338976377952
20
0.3012541338582677
11
1.7293023228346456
21
0.3042708661417323
0
LINE
8
BLACK
6
CONTINUOUS
10
1.7293023228346456
20
0.3042708661417323
11
1.7311656299212599
21
0.305391968503937
0
LINE
8
BLACK
6
CONTINUOUS
10
1.7311656299212599
20
0.305391968503937
11
1.7329723228346456
21
0.3066738976377953
0
LINE
8
BLACK
6
CONTINUOUS
10
1.7329723228346456
20
0.3066738976377953
11
1.7369489370078739
21
0.3088716929133858
0
LINE
8
BLACK
6
CONTINUOUS
10
1.7369489370078739
20
0.3088716929133858
11
1.7409906299212599
21
0.3113035039370078
0
LINE
8
BLACK
6
CONTINUOUS
10
1.7409906299212599
20
0.3113035039370078
11
1.7431903543307086
21
0.3123211811023622
0
LINE
8
BLACK
6
CONTINUOUS
10
1.7431903543307086
20
0.3123211811023622
11
1.7453374803149606
21
0.313507874015748
0
LINE
8
BLACK
6
CONTINUOUS
10
1.7453374803149606
20
0.313507874015748
11
1.7493288188976377
21
0.3151611417322834
0
LINE
8
BLACK
6
CONTINUOUS
10
1.7493288188976377
20
0.3151611417322834
11
1.7533706692913384
21
0.3170311023622047
0
LINE
8
BLACK
6
CONTINUOUS
10
1.7533706692913384
20
0.3170311023622047
11
1.7559037795275589
21
0.3178846062992126
0
LINE
8
BLACK
6
CONTINUOUS
10
1.7559037795275589
20
0.3178846062992126
11
1.7583900393700787
21
0.3189144488188976
0
LINE
8
BLACK
6
CONTINUOUS
10
1.7583900393700787
20
0.3189144488188976
11
1.7623235826771653
21
0.3200476771653543
0
LINE
8
BLACK
6
CONTINUOUS
10
1.7623235826771653
20
0.3200476771653543
11
1.7662970866141732
21
0.3213864960629921
0
LINE
8
BLACK
6
CONTINUOUS
10
1.7662970866141732
20
0.3213864960629921
11
1.7691522440944882
21
0.3220149606299212
0
LINE
8
BLACK
6
CONTINUOUS
10
1.7691522440944882
20
0.3220149606299212
11
1.7719658661417323
21
0.3228255511811023
0
LINE
8
BLACK
6
CONTINUOUS
10
1.7719658661417323
20
0.3228255511811023
11
1.7757748818897638
21
0.3234727165354331
0
LINE
8
BLACK
6
CONTINUOUS
10
1.7757748818897638
20
0.3234727165354331
11
1.7796188582677166
21
0.3243188582677165
0
LINE
8
BLACK
6
CONTINUOUS
10
1.7796188582677166
20
0.3243188582677165
11
1.7827751181102363
21
0.3246620866141732
0
LINE
8
BLACK
6
CONTINUOUS
10
1.7827751181102363
20
0.3246620866141732
11
1.7858942519685039
21
0.3251920866141732
0
LINE
8
BLACK
6
CONTINUOUS
10
1.7858942519685039
20
0.3251920866141732
11
1.7895205511811023
21
0.3253957086614173
0
LINE
8
BLACK
6
CONTINUOUS
10
1.7895205511811023
20
0.3253957086614173
11
1.7931797637795275
21
0.3257937007874016
0
LINE
8
BLACK
6
CONTINUOUS
10
1.7931797637795275
20
0.3257937007874016
11
1.7966069291338582
21
0.3257937007874016
0
LINE
8
BLACK
6
CONTINUOUS
10
1.7966069291338582
20
0.3257937007874016
11
1.8
21
0.3259842519685039
0
LINE
8
BLACK
6
CONTINUOUS
10
1.8
20
0.3259842519685039
11
1.8033930708661416
21
0.3257937007874016
0
LINE
8
BLACK
6
CONTINUOUS
10
0.5093054330708662
20
0.333373188976378
11
0.5204174015748031
21
0.331162874015748
0
LINE
8
BLACK
6
CONTINUOUS
10
0.5204174015748031
20
0.331162874015748
11
0.5311458267716536
21
0.327521062992126
0
LINE
8
BLACK
6
CONTINUOUS
10
0.5311458267716536
20
0.327521062992126
11
0.5413070866141733
21
0.3225100787401575
0
LINE
8
BLACK
6
CONTINUOUS
10
0.5413070866141733
20
0.3225100787401575
11
0.5507273622047244
21
0.3162156299212598
0
LINE
8
BLACK
6
CONTINUOUS
10
0.5507273622047244
20
0.3162156299212598
11
0.5592454724409449
21
0.3087454724409449
0
LINE
8
BLACK
6
CONTINUOUS
10
0.5592454724409449
20
0.3087454724409449
11
0.5667156299212598
21
0.3002273622047244
0
LINE
8
BLACK
6
CONTINUOUS
10
0.5667156299212598
20
0.3002273622047244
11
0.5730100787401574
21
0.2908070866141732
0
LINE
8
BLACK
6
CONTINUOUS
10
0.5730100787401574
20
0.2908070866141732
11
0.578021062992126
21
0.2806458267716536
0
LINE
8
BLACK
6
CONTINUOUS
10
0.578021062992126
20
0.2806458267716536
11
0.581662874015748
21
0.2699174015748032
0
LINE
8
BLACK
6
CONTINUOUS
10
0.581662874015748
20
0.2699174015748032
11
0.583873188976378
21
0.2588054330708661
0
LINE
8
BLACK
6
CONTINUOUS
10
0.583873188976378
20
0.2588054330708661
11
0.5846141732283464
21
0.2475
0
LINE
8
BLACK
6
CONTINUOUS
10
0.5846141732283464
20
0.2475
11
0.583873188976378
21
0.2361945669291338
0
LINE
8
BLACK
6
CONTINUOUS
10
0.583873188976378
20
0.2361945669291338
11
0.581662874015748
21
0.2250825984251968
0
LINE
8
BLACK
6
CONTINUOUS
10
0.581662874015748
20
0.2250825984251968
11
0.578021062992126
21
0.2143541732283465
0
LINE
8
BLACK
6
CONTINUOUS
10
0.578021062992126
20
0.2143541732283465
11
0.5730100787401574
21
0.2041929133858268
0
LINE
8
BLACK
6
CONTINUOUS
10
0.5730100787401574
20
0.2041929133858268
11
0.5667156299212598
21
0.1947726377952756
0
LINE
8
BLACK
6
CONTINUOUS
10
0.5667156299212598
20
0.1947726377952756
11
0.5592454724409449
21
0.1862545275590551
0
LINE
8
BLACK
6
CONTINUOUS
10
0.5592454724409449
20
0.1862545275590551
11
0.5507273622047244
21
0.1787843700787402
0
LINE
8
BLACK
6
CONTINUOUS
10
0.5507273622047244
20
0.1787843700787402
11
0.5413070866141733
21
0.1724899212598425
0
LINE
8
BLACK
6
CONTINUOUS
10
0.5413070866141733
20
0.1724899212598425
11
0.5311458267716536
21
0.167478937007874
0
LINE
8
BLACK
6
CONTINUOUS
10
0.5311458267716536
20
0.167478937007874
11
0.5204174015748031
21
0.163837125984252
0
LINE
8
BLACK
6
CONTINUOUS
10
0.5204174015748031
20
0.163837125984252
11
0.5093054330708662
21
0.161626811023622
0
LINE
8
BLACK
6
CONTINUOUS
10
0.5093054330708662
20
0.161626811023622
11
0.498
21
0.1608858267716535
0
LINE
8
BLACK
6
CONTINUOUS
10
0.498
20
0.1608858267716535
11
0.4866945669291338
21
0.161626811023622
0
LINE
8
BLACK
6
CONTINUOUS
10
0.4866945669291338
20
0.161626811023622
11
0.4755825984251968
21
0.163837125984252
0
LINE
8
BLACK
6
CONTINUOUS
10
0.4755825984251968
20
0.163837125984252
11
0.4648541732283464
21
0.167478937007874
0
LINE
8
BLACK
6
CONTINUOUS
10
0.4648541732283464
20
0.167478937007874
11
0.4546929133858267
21
0.1724899212598425
0
LINE
8
BLACK
6
CONTINUOUS
10
0.4546929133858267
20
0.1724899212598425
11
0.4452726377952756
21
0.1787843700787402
0
LINE
8
BLACK
6
CONTINUOUS
10
0.4452726377952756
20
0.1787843700787402
11
0.4367545275590551
21
0.1862545275590551
0
LINE
8
BLACK
6
CONTINUOUS
10
0.4367545275590551
20
0.1862545275590551
11
0.4292843700787402
21
0.1947726377952756
0
LINE
8
BLACK
6
CONTINUOUS
10
0.4292843700787402
20
0.1947726377952756
11
0.4229899212598425
21
0.2041929133858268
0
LINE
8
BLACK
6
CONTINUOUS
10
0.4229899212598425
20
0.2041929133858268
11
0.417978937007874
21
0.2143541732283465
0
LINE
8
BLACK
6
CONTINUOUS
10
0.417978937007874
20
0.2143541732283465
11
0.414337125984252
21
0.2250825984251968
0
LINE
8
BLACK
6
CONTINUOUS
10
0.414337125984252
20
0.2250825984251968
11
0.412126811023622
21
0.2361945669291338
0
LINE
8
BLACK
6
CONTINUOUS
10
0.412126811023622
20
0.2361945669291338
11
0.4113858267716535
21
0.2475
0
LINE
8
BLACK
6
CONTINUOUS
10
0.4113858267716535
20
0.2475
11
0.412126811023622
21
0.2588054330708661
0
LINE
8
BLACK
6
CONTINUOUS
10
0.412126811023622
20
0.2588054330708661
11
0.414337125984252
21
0.2699174015748032
0
LINE
8
BLACK
6
CONTINUOUS
10
0.414337125984252
20
0.2699174015748032
11
0.417978937007874
21
0.2806458267716536
0
LINE
8
BLACK
6
CONTINUOUS
10
0.417978937007874
20
0.2806458267716536
11
0.4229899212598425
21
0.2908070866141732
0
LINE
8
BLACK
6
CONTINUOUS
10
0.4229899212598425
20
0.2908070866141732
11
0.4292843700787402
21
0.3002273622047244
0
LINE
8
BLACK
6
CONTINUOUS
10
0.4292843700787402
20
0.3002273622047244
11
0.4367545275590551
21
0.3087454724409449
0
LINE
8
BLACK
6
CONTINUOUS
10
0.4367545275590551
20
0.3087454724409449
11
0.4452726377952756
21
0.3162156299212598
0
LINE
8
BLACK
6
CONTINUOUS
10
0.4452726377952756
20
0.3162156299212598
11
0.4546929133858267
21
0.3225100787401575
0
LINE
8
BLACK
6
CONTINUOUS
10
0.4546929133858267
20
0.3225100787401575
11
0.4648541732283464
21
0.327521062992126
0
LINE
8
BLACK
6
CONTINUOUS
10
0.4648541732283464
20
0.327521062992126
11
0.4755825984251968
21
0.331162874015748
0
LINE
8
BLACK
6
CONTINUOUS
10
0.4755825984251968
20
0.331162874015748
11
0.4866945669291338
21
0.333373188976378
0
LINE
8
BLACK
6
CONTINUOUS
10
0.4866945669291338
20
0.333373188976378
11
0.498
21
0.3341141732283465
0
LINE
8
BLACK
6
CONTINUOUS
10
0.498
20
0.3341141732283465
11
0.5093054330708662
21
0.333373188976378
0
LINE
8
BLACK
6
CONTINUOUS
10
0.9093054330708661
20
0.333373188976378
11
0.9204174015748031
21
0.331162874015748
0
LINE
8
BLACK
6
CONTINUOUS
10
0.9204174015748031
20
0.331162874015748
11
0.9311458267716535
21
0.327521062992126
0
LINE
8
BLACK
6
CONTINUOUS
10
0.9311458267716535
20
0.327521062992126
11
0.9413070866141732
21
0.3225100787401575
0
LINE
8
BLACK
6
CONTINUOUS
10
0.9413070866141732
20
0.3225100787401575
11
0.9507273622047244
21
0.3162156299212598
0
LINE
8
BLACK
6
CONTINUOUS
10
0.9507273622047244
20
0.3162156299212598
11
0.9592454724409448
21
0.3087454724409449
0
LINE
8
BLACK
6
CONTINUOUS
10
0.9592454724409448
20
0.3087454724409449
11
0.9667156299212598
21
0.3002273622047244
0
LINE
8
BLACK
6
CONTINUOUS
10
0.9667156299212598
20
0.3002273622047244
11
0.9730100787401574
21
0.2908070866141732
0
LINE
8
BLACK
6
CONTINUOUS
10
0.9730100787401574
20
0.2908070866141732
11
0.978021062992126
21
0.2806458267716536
0
LINE
8
BLACK
6
CONTINUOUS
10
0.978021062992126
20
0.2806458267716536
11
0.981662874015748
21
0.2699174015748032
0
LINE
8
BLACK
6
CONTINUOUS
10
0.981662874015748
20
0.2699174015748032
11
0.9838731889763779
21
0.2588054330708661
0
LINE
8
BLACK
6
CONTINUOUS
10
0.9838731889763779
20
0.2588054330708661
11
0.9846141732283464
21
0.2475
0
LINE
8
BLACK
6
CONTINUOUS
10
0.9846141732283464
20
0.2475
11
0.9838731889763779
21
0.2361945669291338
0
LINE
8
BLACK
6
CONTINUOUS
10
0.9838731889763779
20
0.2361945669291338
11
0.981662874015748
21
0.2250825984251968
0
LINE
8
BLACK
6
CONTINUOUS
10
0.981662874015748
20
0.2250825984251968
11
0.978021062992126
21
0.2143541732283465
0
LINE
8
BLACK
6
CONTINUOUS
10
0.978021062992126
20
0.2143541732283465
11
0.9730100787401574
21
0.2041929133858268
0
LINE
8
BLACK
6
CONTINUOUS
10
0.9730100787401574
20
0.2041929133858268
11
0.9667156299212598
21
0.1947726377952756
0
LINE
8
BLACK
6
CONTINUOUS
10
0.9667156299212598
20
0.1947726377952756
11
0.9592454724409448
21
0.1862545275590551
0
LINE
8
BLACK
6
CONTINUOUS
10
0.9592454724409448
20
0.1862545275590551
11
0.9507273622047244
21
0.1787843700787402
0
LINE
8
BLACK
6
CONTINUOUS
10
0.9507273622047244
20
0.1787843700787402
11
0.9413070866141732
21
0.1724899212598425
0
LINE
8
BLACK
6
CONTINUOUS
10
0.9413070866141732
20
0.1724899212598425
11
0.9311458267716535
21
0.167478937007874
0
LINE
8
BLACK
6
CONTINUOUS
10
0.9311458267716535
20
0.167478937007874
11
0.9204174015748031
21
0.163837125984252
0
LINE
8
BLACK
6
CONTINUOUS
10
0.9204174015748031
20
0.163837125984252
11
0.9093054330708661
21
0.161626811023622
0
LINE
8
BLACK
6
CONTINUOUS
10
0.9093054330708661
20
0.161626811023622
11
0.898
21
0.1608858267716535
0
LINE
8
BLACK
6
CONTINUOUS
10
0.898
20
0.1608858267716535
11
0.8866945669291338
21
0.161626811023622
0
LINE
8
BLACK
6
CONTINUOUS
10
0.8866945669291338
20
0.161626811023622
11
0.8755825984251968
21
0.163837125984252
0
LINE
8
BLACK
6
CONTINUOUS
10
0.8755825984251968
20
0.163837125984252
11
0.8648541732283465
21
0.167478937007874
0
LINE
8
BLACK
6
CONTINUOUS
10
0.8648541732283465
20
0.167478937007874
11
0.8546929133858268
21
0.1724899212598425
0
LINE
8
BLACK
6
CONTINUOUS
10
0.8546929133858268
20
0.1724899212598425
11
0.8452726377952756
21
0.1787843700787402
0
LINE
8
BLACK
6
CONTINUOUS
10
0.8452726377952756
20
0.1787843700787402
11
0.8367545275590551
21
0.1862545275590551
0
LINE
8
BLACK
6
CONTINUOUS
10
0.8367545275590551
20
0.1862545275590551
11
0.8292843700787401
21
0.1947726377952756
0
LINE
8
BLACK
6
CONTINUOUS
10
0.8292843700787401
20
0.1947726377952756
11
0.8229899212598425
21
0.2041929133858268
0
LINE
8
BLACK
6
CONTINUOUS
10
0.8229899212598425
20
0.2041929133858268
11
0.8179789370078741
21
0.2143541732283465
0
LINE
8
BLACK
6
CONTINUOUS
10
0.8179789370078741
20
0.2143541732283465
11
0.8143371259842519
21
0.2250825984251968
0
LINE
8
BLACK
6
CONTINUOUS
10
0.8143371259842519
20
0.2250825984251968
11
0.8121268110236221
21
0.2361945669291338
0
LINE
8
BLACK
6
CONTINUOUS
10
0.8121268110236221
20
0.2361945669291338
11
0.8113858267716535
21
0.2475
0
LINE
8
BLACK
6
CONTINUOUS
10
0.8113858267716535
20
0.2475
11
0.8121268110236221
21
0.2588054330708661
0
LINE
8
BLACK
6
CONTINUOUS
10
0.8121268110236221
20
0.2588054330708661
11
0.8143371259842519
21
0.2699174015748032
0
LINE
8
BLACK
6
CONTINUOUS
10
0.8143371259842519
20
0.2699174015748032
11
0.8179789370078741
21
0.2806458267716536
0
LINE
8
BLACK
6
CONTINUOUS
10
0.8179789370078741
20
0.2806458267716536
11
0.8229899212598425
21
0.2908070866141732
0
LINE
8
BLACK
6
CONTINUOUS
10
0.8229899212598425
20
0.2908070866141732
11
0.8292843700787401
21
0.3002273622047244
0
LINE
8
BLACK
6
CONTINUOUS
10
0.8292843700787401
20
0.3002273622047244
11
0.8367545275590551
21
0.3087454724409449
0
LINE
8
BLACK
6
CONTINUOUS
10
0.8367545275590551
20
0.3087454724409449
11
0.8452726377952756
21
0.3162156299212598
0
LINE
8
BLACK
6
CONTINUOUS
10
0.8452726377952756
20
0.3162156299212598
11
0.8546929133858268
21
0.3225100787401575
0
LINE
8
BLACK
6
CONTINUOUS
10
0.8546929133858268
20
0.3225100787401575
11
0.8648541732283465
21
0.327521062992126
0
LINE
8
BLACK
6
CONTINUOUS
10
0.8648541732283465
20
0.327521062992126
11
0.8755825984251968
21
0.331162874015748
0
LINE
8
BLACK
6
CONTINUOUS
10
0.8755825984251968
20
0.331162874015748
11
0.8866945669291338
21
0.333373188976378
0
LINE
8
BLACK
6
CONTINUOUS
10
0.8866945669291338
20
0.333373188976378
11
0.898
21
0.3341141732283465
0
LINE
8
BLACK
6
CONTINUOUS
10
0.898
20
0.3341141732283465
11
0.9093054330708661
21
0.333373188976378
0
LINE
8
BLACK
6
CONTINUOUS
10
1.109305433070866
20
0.333373188976378
11
1.1204174015748032
21
0.331162874015748
0
LINE
8
BLACK
6
CONTINUOUS
10
1.1204174015748032
20
0.331162874015748
11
1.1311458267716534
21
0.327521062992126
0
LINE
8
BLACK
6
CONTINUOUS
10
1.1311458267716534
20
0.327521062992126
11
1.1413070866141732
21
0.3225100787401575
0
LINE
8
BLACK
6
CONTINUOUS
10
1.1413070866141732
20
0.3225100787401575
11
1.1507273622047245
21
0.3162156299212598
0
LINE
8
BLACK
6
CONTINUOUS
10
1.1507273622047245
20
0.3162156299212598
11
1.1592454724409449
21
0.3087454724409449
0
LINE
8
BLACK
6
CONTINUOUS
10
1.1592454724409449
20
0.3087454724409449
11
1.1667156299212598
21
0.3002273622047244
0
LINE
8
BLACK
6
CONTINUOUS
10
1.1667156299212598
20
0.3002273622047244
11
1.1730100787401574
21
0.2908070866141732
0
LINE
8
BLACK
6
CONTINUOUS
10
1.1730100787401574
20
0.2908070866141732
11
1.1780210629921259
21
0.2806458267716536
0
LINE
8
BLACK
6
CONTINUOUS
10
1.1780210629921259
20
0.2806458267716536
11
1.181662874015748
21
0.2699174015748032
0
LINE
8
BLACK
6
CONTINUOUS
10
1.181662874015748
20
0.2699174015748032
11
1.1838731889763778
21
0.2588054330708661
0
LINE
8
BLACK
6
CONTINUOUS
10
1.1838731889763778
20
0.2588054330708661
11
1.1846141732283464
21
0.2475
0
LINE
8
BLACK
6
CONTINUOUS
10
1.1846141732283464
20
0.2475
11
1.1838731889763778
21
0.2361945669291338
0
LINE
8
BLACK
6
CONTINUOUS
10
1.1838731889763778
20
0.2361945669291338
11
1.181662874015748
21
0.2250825984251968
0
LINE
8
BLACK
6
CONTINUOUS
10
1.181662874015748
20
0.2250825984251968
11
1.1780210629921259
21
0.2143541732283465
0
LINE
8
BLACK
6
CONTINUOUS
10
1.1780210629921259
20
0.2143541732283465
11
1.1730100787401574
21
0.2041929133858268
0
LINE
8
BLACK
6
CONTINUOUS
10
1.1730100787401574
20
0.2041929133858268
11
1.1667156299212598
21
0.1947726377952756
0
LINE
8
BLACK
6
CONTINUOUS
10
1.1667156299212598
20
0.1947726377952756
11
1.1592454724409449
21
0.1862545275590551
0
LINE
8
BLACK
6
CONTINUOUS
10
1.1592454724409449
20
0.1862545275590551
11
1.1507273622047245
21
0.1787843700787402
0
LINE
8
BLACK
6
CONTINUOUS
10
1.1507273622047245
20
0.1787843700787402
11
1.1413070866141732
21
0.1724899212598425
0
LINE
8
BLACK
6
CONTINUOUS
10
1.1413070866141732
20
0.1724899212598425
11
1.1311458267716534
21
0.167478937007874
0
LINE
8
BLACK
6
CONTINUOUS
10
1.1311458267716534
20
0.167478937007874
11
1.1204174015748032
21
0.163837125984252
0
LINE
8
BLACK
6
CONTINUOUS
10
1.1204174015748032
20
0.163837125984252
11
1.109305433070866
21
0.161626811023622
0
LINE
8
BLACK
6
CONTINUOUS
10
1.109305433070866
20
0.161626811023622
11
1.0979999999999999
21
0.1608858267716535
0
LINE
8
BLACK
6
CONTINUOUS
10
1.0979999999999999
20
0.1608858267716535
11
1.0866945669291339
21
0.161626811023622
0
LINE
8
BLACK
6
CONTINUOUS
10
1.0866945669291339
20
0.161626811023622
11
1.0755825984251968
21
0.163837125984252
0
LINE
8
BLACK
6
CONTINUOUS
10
1.0755825984251968
20
0.163837125984252
11
1.0648541732283465
21
0.167478937007874
0
LINE
8
BLACK
6
CONTINUOUS
10
1.0648541732283465
20
0.167478937007874
11
1.0546929133858267
21
0.1724899212598425
0
LINE
8
BLACK
6
CONTINUOUS
10
1.0546929133858267
20
0.1724899212598425
11
1.0452726377952755
21
0.1787843700787402
0
LINE
8
BLACK
6
CONTINUOUS
10
1.0452726377952755
20
0.1787843700787402
11
1.0367545275590551
21
0.1862545275590551
0
LINE
8
BLACK
6
CONTINUOUS
10
1.0367545275590551
20
0.1862545275590551
11
1.0292843700787402
21
0.1947726377952756
0
LINE
8
BLACK
6
CONTINUOUS
10
1.0292843700787402
20
0.1947726377952756
11
1.0229899212598426
21
0.2041929133858268
0
LINE
8
BLACK
6
CONTINUOUS
10
1.0229899212598426
20
0.2041929133858268
11
1.017978937007874
21
0.2143541732283465
0
LINE
8
BLACK
6
CONTINUOUS
10
1.017978937007874
20
0.2143541732283465
11
1.014337125984252
21
0.2250825984251968
0
LINE
8
BLACK
6
CONTINUOUS
10
1.014337125984252
20
0.2250825984251968
11
1.0121268110236221
21
0.2361945669291338
0
LINE
8
BLACK
6
CONTINUOUS
10
1.0121268110236221
20
0.2361945669291338
11
1.0113858267716536
21
0.2475
0
LINE
8
BLACK
6
CONTINUOUS
10
1.0113858267716536
20
0.2475
11
1.0121268110236221
21
0.2588054330708661
0
LINE
8
BLACK
6
CONTINUOUS
10
1.0121268110236221
20
0.2588054330708661
11
1.014337125984252
21
0.2699174015748032
0
LINE
8
BLACK
6
CONTINUOUS
10
1.014337125984252
20
0.2699174015748032
11
1.017978937007874
21
0.2806458267716536
0
LINE
8
BLACK
6
CONTINUOUS
10
1.017978937007874
20
0.2806458267716536
11
1.0229899212598426
21
0.2908070866141732
0
LINE
8
BLACK
6
CONTINUOUS
10
1.0229899212598426
20
0.2908070866141732
11
1.0292843700787402
21
0.3002273622047244
0
LINE
8
BLACK
6
CONTINUOUS
10
1.0292843700787402
20
0.3002273622047244
11
1.0367545275590551
21
0.3087454724409449
0
LINE
8
BLACK
6
CONTINUOUS
10
1.0367545275590551
20
0.3087454724409449
11
1.0452726377952755
21
0.3162156299212598
0
LINE
8
BLACK
6
CONTINUOUS
10
1.0452726377952755
20
0.3162156299212598
11
1.0546929133858267
21
0.3225100787401575
0
LINE
8
BLACK
6
CONTINUOUS
10
1.0546929133858267
20
0.3225100787401575
11
1.0648541732283465
21
0.327521062992126
0
LINE
8
BLACK
6
CONTINUOUS
10
1.0648541732283465
20
0.327521062992126
11
1.0755825984251968
21
0.331162874015748
0
LINE
8
BLACK
6
CONTINUOUS
10
1.0755825984251968
20
0.331162874015748
11
1.0866945669291339
21
0.333373188976378
0
LINE
8
BLACK
6
CONTINUOUS
10
1.0866945669291339
20
0.333373188976378
11
1.0979999999999999
21
0.3341141732283465
0
LINE
8
BLACK
6
CONTINUOUS
10
1.0979999999999999
20
0.3341141732283465
11
1.109305433070866
21
0.333373188976378
0
LINE
8
BLACK
6
CONTINUOUS
10
1.5093054330708662
20
0.333373188976378
11
1.5204174015748031
21
0.331162874015748
0
LINE
8
BLACK
6
CONTINUOUS
10
1.5204174015748031
20
0.331162874015748
11
1.5311458267716536
21
0.327521062992126
0
LINE
8
BLACK
6
CONTINUOUS
10
1.5311458267716536
20
0.327521062992126
11
1.5413070866141731
21
0.3225100787401575
0
LINE
8
BLACK
6
CONTINUOUS
10
1.5413070866141731
20
0.3225100787401575
11
1.5507273622047244
21
0.3162156299212598
0
LINE
8
BLACK
6
CONTINUOUS
10
1.5507273622047244
20
0.3162156299212598
11
1.5592454724409448
21
0.3087454724409449
0
LINE
8
BLACK
6
CONTINUOUS
10
1.5592454724409448
20
0.3087454724409449
11
1.5667156299212599
21
0.3002273622047244
0
LINE
8
BLACK
6
CONTINUOUS
10
1.5667156299212599
20
0.3002273622047244
11
1.5730100787401575
21
0.2908070866141732
0
LINE
8
BLACK
6
CONTINUOUS
10
1.5730100787401575
20
0.2908070866141732
11
1.5780210629921259
21
0.2806458267716536
0
LINE
8
BLACK
6
CONTINUOUS
10
1.5780210629921259
20
0.2806458267716536
11
1.5816628740157479
21
0.2699174015748032
0
LINE
8
BLACK
6
CONTINUOUS
10
1.5816628740157479
20
0.2699174015748032
11
1.583873188976378
21
0.2588054330708661
0
LINE
8
BLACK
6
CONTINUOUS
10
1.583873188976378
20
0.2588054330708661
11
1.5846141732283465
21
0.2475
0
LINE
8
BLACK
6
CONTINUOUS
10
1.5846141732283465
20
0.2475
11
1.583873188976378
21
0.2361945669291338
0
LINE
8
BLACK
6
CONTINUOUS
10
1.583873188976378
20
0.2361945669291338
11
1.5816628740157479
21
0.2250825984251968
0
LINE
8
BLACK
6
CONTINUOUS
10
1.5816628740157479
20
0.2250825984251968
11
1.5780210629921259
21
0.2143541732283465
0
LINE
8
BLACK
6
CONTINUOUS
10
1.5780210629921259
20
0.2143541732283465
11
1.5730100787401575
21
0.2041929133858268
0
LINE
8
BLACK
6
CONTINUOUS
10
1.5730100787401575
20
0.2041929133858268
11
1.5667156299212599
21
0.1947726377952756
0
LINE
8
BLACK
6
CONTINUOUS
10
1.5667156299212599
20
0.1947726377952756
11
1.5592454724409448
21
0.1862545275590551
0
LINE
8
BLACK
6
CONTINUOUS
10
1.5592454724409448
20
0.1862545275590551
11
1.5507273622047244
21
0.1787843700787402
0
LINE
8
BLACK
6
CONTINUOUS
10
1.5507273622047244
20
0.1787843700787402
11
1.5413070866141731
21
0.1724899212598425
0
LINE
8
BLACK
6
CONTINUOUS
10
1.5413070866141731
20
0.1724899212598425
11
1.5311458267716536
21
0.167478937007874
0
LINE
8
BLACK
6
CONTINUOUS
10
1.5311458267716536
20
0.167478937007874
11
1.5204174015748031
21
0.163837125984252
0
LINE
8
BLACK
6
CONTINUOUS
10
1.5204174015748031
20
0.163837125984252
11
1.5093054330708662
21
0.161626811023622
0
LINE
8
BLACK
6
CONTINUOUS
10
1.5093054330708662
20
0.161626811023622
11
1.498
21
0.1608858267716535
0
LINE
8
BLACK
6
CONTINUOUS
10
1.498
20
0.1608858267716535
11
1.4866945669291338
21
0.161626811023622
0
LINE
8
BLACK
6
CONTINUOUS
10
1.4866945669291338
20
0.161626811023622
11
1.4755825984251969
21
0.163837125984252
0
LINE
8
BLACK
6
CONTINUOUS
10
1.4755825984251969
20
0.163837125984252
11
1.4648541732283464
21
0.167478937007874
0
LINE
8
BLACK
6
CONTINUOUS
10
1.4648541732283464
20
0.167478937007874
11
1.4546929133858268
21
0.1724899212598425
0
LINE
8
BLACK
6
CONTINUOUS
10
1.4546929133858268
20
0.1724899212598425
11
1.4452726377952756
21
0.1787843700787402
0
LINE
8
BLACK
6
CONTINUOUS
10
1.4452726377952756
20
0.1787843700787402
11
1.4367545275590552
21
0.1862545275590551
0
LINE
8
BLACK
6
CONTINUOUS
10
1.4367545275590552
20
0.1862545275590551
11
1.4292843700787401
21
0.1947726377952756
0
LINE
8
BLACK
6
CONTINUOUS
10
1.4292843700787401
20
0.1947726377952756
11
1.4229899212598425
21
0.2041929133858268
0
LINE
8
BLACK
6
CONTINUOUS
10
1.4229899212598425
20
0.2041929133858268
11
1.4179789370078739
21
0.2143541732283465
0
LINE
8
BLACK
6
CONTINUOUS
10
1.4179789370078739
20
0.2143541732283465
11
1.4143371259842519
21
0.2250825984251968
0
LINE
8
BLACK
6
CONTINUOUS
10
1.4143371259842519
20
0.2250825984251968
11
1.412126811023622
21
0.2361945669291338
0
LINE
8
BLACK
6
CONTINUOUS
10
1.412126811023622
20
0.2361945669291338
11
1.4113858267716535
21
0.2475
0
LINE
8
BLACK
6
CONTINUOUS
10
1.4113858267716535
20
0.2475
11
1.412126811023622
21
0.2588054330708661
0
LINE
8
BLACK
6
CONTINUOUS
10
1.412126811023622
20
0.2588054330708661
11
1.4143371259842519
21
0.2699174015748032
0
LINE
8
BLACK
6
CONTINUOUS
10
1.4143371259842519
20
0.2699174015748032
11
1.4179789370078739
21
0.2806458267716536
0
LINE
8
BLACK
6
CONTINUOUS
10
1.4179789370078739
20
0.2806458267716536
11
1.4229899212598425
21
0.2908070866141732
0
LINE
8
BLACK
6
CONTINUOUS
10
1.4229899212598425
20
0.2908070866141732
11
1.4292843700787401
21
0.3002273622047244
0
LINE
8
BLACK
6
CONTINUOUS
10
1.4292843700787401
20
0.3002273622047244
11
1.4367545275590552
21
0.3087454724409449
0
LINE
8
BLACK
6
CONTINUOUS
10
1.4367545275590552
20
0.3087454724409449
11
1.4452726377952756
21
0.3162156299212598
0
LINE
8
BLACK
6
CONTINUOUS
10
1.4452726377952756
20
0.3162156299212598
11
1.4546929133858268
21
0.3225100787401575
0
LINE
8
BLACK
6
CONTINUOUS
10
1.4546929133858268
20
0.3225100787401575
11
1.4648541732283464
21
0.327521062992126
0
LINE
8
BLACK
6
CONTINUOUS
10
1.4648541732283464
20
0.327521062992126
11
1.4755825984251969
21
0.331162874015748
0
LINE
8
BLACK
6
CONTINUOUS
10
1.4755825984251969
20
0.331162874015748
11
1.4866945669291338
21
0.333373188976378
0
LINE
8
BLACK
6
CONTINUOUS
10
1.4866945669291338
20
0.333373188976378
11
1.498
21
0.3341141732283465
0
LINE
8
BLACK
6
CONTINUOUS
10
1.498
20
0.3341141732283465
11
1.5093054330708662
21
0.333373188976378
0
LINE
8
BLACK
6
CONTINUOUS
10
0.1803191732283465
20
0.4878105118110236
11
0.1816588188976378
21
0.4876551181102362
0
LINE
8
BLACK
6
CONTINUOUS
10
0.1816588188976378
20
0.4876551181102362
11
0.1821164960629921
21
0.4874529921259843
0
LINE
8
BLACK
6
CONTINUOUS
10
0.1821164960629921
20
0.4874529921259843
11
0.1830132677165354
21
0.4872746456692914
0
LINE
8
BLACK
6
CONTINUOUS
10
0.1830132677165354
20
0.4872746456692914
11
0.1839732677165354
21
0.4866331496062992
0
LINE
8
BLACK
6
CONTINUOUS
10
0.1839732677165354
20
0.4866331496062992
11
0.1844112992125984
21
0.4864397637795275
0
LINE
8
BLACK
6
CONTINUOUS
10
0.1844112992125984
20
0.4864397637795275
11
0.1847104724409449
21
0.4861405511811023
0
LINE
8
BLACK
6
CONTINUOUS
10
0.1847104724409449
20
0.4861405511811023
11
0.1855677559055118
21
0.4855677559055118
0
LINE
8
BLACK
6
CONTINUOUS
10
0.1855677559055118
20
0.4855677559055118
11
0.1861405511811024
21
0.4847104724409449
0
LINE
8
BLACK
6
CONTINUOUS
10
0.1861405511811024
20
0.4847104724409449
11
0.1864397637795276
21
0.4844112992125984
0
LINE
8
BLACK
6
CONTINUOUS
10
0.1864397637795276
20
0.4844112992125984
11
0.1866331496062992
21
0.4839732677165354
0
LINE
8
BLACK
6
CONTINUOUS
10
0.1866331496062992
20
0.4839732677165354
11
0.1872746456692913
21
0.4830132677165354
0
LINE
8
BLACK
6
CONTINUOUS
10
0.1872746456692913
20
0.4830132677165354
11
0.1874529921259842
21
0.4821164960629921
0
LINE
8
BLACK
6
CONTINUOUS
10
0.1874529921259842
20
0.4821164960629921
11
0.1876551181102362
21
0.4816588188976378
0
LINE
8
BLACK
6
CONTINUOUS
10
0.1876551181102362
20
0.4816588188976378
11
0.1878105118110236
21
0.480319094488189
0
LINE
8
BLACK
6
CONTINUOUS
10
0.1878105118110236
20
0.480319094488189
11
0.1878740157480315
21
0.48
0
LINE
8
BLACK
6
CONTINUOUS
10
0.1878740157480315
20
0.48
11
0.1878740157480315
21
0.42
0
LINE
8
BLACK
6
CONTINUOUS
10
0.1878740157480315
20
0.42
11
0.1878105118110236
21
0.4196808661417323
0
LINE
8
BLACK
6
CONTINUOUS
10
0.1878105118110236
20
0.4196808661417323
11
0.1876551181102362
21
0.4183411417322834
0
LINE
8
BLACK
6
CONTINUOUS
10
0.1876551181102362
20
0.4183411417322834
11
0.1874529921259842
21
0.4178833858267716
0
LINE
8
BLACK
6
CONTINUOUS
10
0.1874529921259842
20
0.4178833858267716
11
0.1872746456692913
21
0.4169867322834646
0
LINE
8
BLACK
6
CONTINUOUS
10
0.1872746456692913
20
0.4169867322834646
11
0.186633188976378
21
0.4160267716535433
0
LINE
8
BLACK
6
CONTINUOUS
10
0.186633188976378
20
0.4160267716535433
11
0.1864397637795276
21
0.4155886614173228
0
LINE
8
BLACK
6
CONTINUOUS
10
0.1864397637795276
20
0.4155886614173228
11
0.1861404724409449
21
0.4152893700787402
0
LINE
8
BLACK
6
CONTINUOUS
10
0.1861404724409449
20
0.4152893700787402
11
0.1855677559055118
21
0.4144322440944882
0
LINE
8
BLACK
6
CONTINUOUS
10
0.1855677559055118
20
0.4144322440944882
11
0.1847105905511811
21
0.4138594881889764
0
LINE
8
BLACK
6
CONTINUOUS
10
0.1847105905511811
20
0.4138594881889764
11
0.1844112992125984
21
0.4135601968503937
0
LINE
8
BLACK
6
CONTINUOUS
10
0.1844112992125984
20
0.4135601968503937
11
0.1839731102362205
21
0.4133666929133858
0
LINE
8
BLACK
6
CONTINUOUS
10
0.1839731102362205
20
0.4133666929133858
11
0.1830132677165354
21
0.4127253543307087
0
LINE
8
BLACK
6
CONTINUOUS
10
0.1830132677165354
20
0.4127253543307087
11
0.1821166929133858
21
0.4125470078740157
0
LINE
8
BLACK
6
CONTINUOUS
10
0.1821166929133858
20
0.4125470078740157
11
0.1816588188976378
21
0.412344842519685
0
LINE
8
BLACK
6
CONTINUOUS
10
0.1816588188976378
20
0.412344842519685
11
0.1803186220472441
21
0.4121893307086614
0
LINE
8
BLACK
6
CONTINUOUS
10
0.1803186220472441
20
0.4121893307086614
11
0.18
21
0.4121259842519685
0
LINE
8
BLACK
6
CONTINUOUS
10
0.18
20
0.4121259842519685
11
0.1797723228346457
21
0.4121259842519685
0
LINE
8
BLACK
6
CONTINUOUS
10
0.1797723228346457
20
0.4121259842519685
11
0.1202277165354331
21
0.4121259842519685
0
LINE
8
BLACK
6
CONTINUOUS
10
0.1202277165354331
20
0.4121259842519685
11
0.12
21
0.4121259842519685
0
LINE
8
BLACK
6
CONTINUOUS
10
0.12
20
0.4121259842519685
11
0.1196813385826772
21
0.4121893307086614
0
LINE
8
BLACK
6
CONTINUOUS
10
0.1196813385826772
20
0.4121893307086614
11
0.1183411417322835
21
0.412344842519685
0
LINE
8
BLACK
6
CONTINUOUS
10
0.1183411417322835
20
0.412344842519685
11
0.1178832283464567
21
0.4125470078740157
0
LINE
8
BLACK
6
CONTINUOUS
10
0.1178832283464567
20
0.4125470078740157
11
0.1169867322834646
21
0.4127253543307087
0
LINE
8
BLACK
6
CONTINUOUS
10
0.1169867322834646
20
0.4127253543307087
11
0.1160269291338583
21
0.4133666535433071
0
LINE
8
BLACK
6
CONTINUOUS
10
0.1160269291338583
20
0.4133666535433071
11
0.1155886614173228
21
0.4135601968503937
0
LINE
8
BLACK
6
CONTINUOUS
10
0.1155886614173228
20
0.4135601968503937
11
0.1152892519685039
21
0.4138595669291338
0
LINE
8
BLACK
6
CONTINUOUS
10
0.1152892519685039
20
0.4138595669291338
11
0.1144322440944882
21
0.4144322440944882
0
LINE
8
BLACK
6
CONTINUOUS
10
0.1144322440944882
20
0.4144322440944882
11
0.1138595669291339
21
0.4152892519685039
0
LINE
8
BLACK
6
CONTINUOUS
10
0.1138595669291339
20
0.4152892519685039
11
0.1135601968503937
21
0.4155886614173228
0
LINE
8
BLACK
6
CONTINUOUS
10
0.1135601968503937
20
0.4155886614173228
11
0.1133666535433071
21
0.4160269291338582
0
LINE
8
BLACK
6
CONTINUOUS
10
0.1133666535433071
20
0.4160269291338582
11
0.1127253543307087
21
0.4169867322834646
0
LINE
8
BLACK
6
CONTINUOUS
10
0.1127253543307087
20
0.4169867322834646
11
0.1125470078740157
21
0.4178832283464567
0
LINE
8
BLACK
6
CONTINUOUS
10
0.1125470078740157
20
0.4178832283464567
11
0.112344842519685
21
0.4183411417322834
0
LINE
8
BLACK
6
CONTINUOUS
10
0.112344842519685
20
0.4183411417322834
11
0.1121893307086614
21
0.4196814173228346
0
LINE
8
BLACK
6
CONTINUOUS
10
0.1121893307086614
20
0.4196814173228346
11
0.1121259842519685
21
0.42
0
LINE
8
BLACK
6
CONTINUOUS
10
0.1121259842519685
20
0.42
11
0.1121259842519685
21
0.48
0
LINE
8
BLACK
6
CONTINUOUS
10
0.1121259842519685
20
0.48
11
0.1121893700787401
21
0.4803187007874016
0
LINE
8
BLACK
6
CONTINUOUS
10
0.1121893700787401
20
0.4803187007874016
11
0.112344842519685
21
0.4816588188976378
0
LINE
8
BLACK
6
CONTINUOUS
10
0.112344842519685
20
0.4816588188976378
11
0.1125470078740157
21
0.4821166929133858
0
LINE
8
BLACK
6
CONTINUOUS
10
0.1125470078740157
20
0.4821166929133858
11
0.1127253543307087
21
0.4830132677165354
0
LINE
8
BLACK
6
CONTINUOUS
10
0.1127253543307087
20
0.4830132677165354
11
0.1133666929133858
21
0.4839731102362205
0
LINE
8
BLACK
6
CONTINUOUS
10
0.1133666929133858
20
0.4839731102362205
11
0.1135601968503937
21
0.4844112992125984
0
LINE
8
BLACK
6
CONTINUOUS
10
0.1135601968503937
20
0.4844112992125984
11
0.1138594881889764
21
0.4847105905511811
0
LINE
8
BLACK
6
CONTINUOUS
10
0.1138594881889764
20
0.4847105905511811
11
0.1144322440944882
21
0.4855677559055118
0
LINE
8
BLACK
6
CONTINUOUS
10
0.1144322440944882
20
0.4855677559055118
11
0.1152893700787402
21
0.4861404724409449
0
LINE
8
BLACK
6
CONTINUOUS
10
0.1152893700787402
20
0.4861404724409449
11
0.1155886614173228
21
0.4864397637795275
0
LINE
8
BLACK
6
CONTINUOUS
10
0.1155886614173228
20
0.4864397637795275
11
0.1160267716535433
21
0.4866331889763779
0
LINE
8
BLACK
6
CONTINUOUS
10
0.1160267716535433
20
0.4866331889763779
11
0.1169867322834646
21
0.4872746456692914
0
LINE
8
BLACK
6
CONTINUOUS
10
0.1169867322834646
20
0.4872746456692914
11
0.1178833858267716
21
0.4874529921259843
0
LINE
8
BLACK
6
CONTINUOUS
10
0.1178833858267716
20
0.4874529921259843
11
0.1183411417322835
21
0.4876551181102362
0
LINE
8
BLACK
6
CONTINUOUS
10
0.1183411417322835
20
0.4876551181102362
11
0.1196809448818898
21
0.4878105511811023
0
LINE
8
BLACK
6
CONTINUOUS
10
0.1196809448818898
20
0.4878105511811023
11
0.12
21
0.4878740157480315
0
LINE
8
BLACK
6
CONTINUOUS
10
0.12
20
0.4878740157480315
11
0.18
21
0.4878740157480315
0
LINE
8
BLACK
6
CONTINUOUS
10
0.18
20
0.4878740157480315
11
0.1803191732283465
21
0.4878105118110236
0
LINE
8
BLACK
6
CONTINUOUS
10
0.2803191732283464
20
0.4878105118110236
11
0.2816588188976378
21
0.4876551181102362
0
LINE
8
BLACK
6
CONTINUOUS
10
0.2816588188976378
20
0.4876551181102362
11
0.2821164960629921
21
0.4874529921259843
0
LINE
8
BLACK
6
CONTINUOUS
10
0.2821164960629921
20
0.4874529921259843
11
0.2830132677165354
21
0.4872746456692914
0
LINE
8
BLACK
6
CONTINUOUS
10
0.2830132677165354
20
0.4872746456692914
11
0.2839732677165354
21
0.4866331496062992
0
LINE
8
BLACK
6
CONTINUOUS
10
0.2839732677165354
20
0.4866331496062992
11
0.2844112992125984
21
0.4864397637795275
0
LINE
8
BLACK
6
CONTINUOUS
10
0.2844112992125984
20
0.4864397637795275
11
0.2847104724409449
21
0.4861405511811023
0
LINE
8
BLACK
6
CONTINUOUS
10
0.2847104724409449
20
0.4861405511811023
11
0.2855677559055118
21
0.4855677559055118
0
LINE
8
BLACK
6
CONTINUOUS
10
0.2855677559055118
20
0.4855677559055118
11
0.2861405511811024
21
0.4847104724409449
0
LINE
8
BLACK
6
CONTINUOUS
10
0.2861405511811024
20
0.4847104724409449
11
0.2864397637795276
21
0.4844112992125984
0
LINE
8
BLACK
6
CONTINUOUS
10
0.2864397637795276
20
0.4844112992125984
11
0.2866331496062992
21
0.4839732677165354
0
LINE
8
BLACK
6
CONTINUOUS
10
0.2866331496062992
20
0.4839732677165354
11
0.2872746456692913
21
0.4830132677165354
0
LINE
8
BLACK
6
CONTINUOUS
10
0.2872746456692913
20
0.4830132677165354
11
0.2874529921259842
21
0.4821164960629921
0
LINE
8
BLACK
6
CONTINUOUS
10
0.2874529921259842
20
0.4821164960629921
11
0.2876551181102362
21
0.4816588188976378
0
LINE
8
BLACK
6
CONTINUOUS
10
0.2876551181102362
20
0.4816588188976378
11
0.2878105118110236
21
0.480319094488189
0
LINE
8
BLACK
6
CONTINUOUS
10
0.2878105118110236
20
0.480319094488189
11
0.2878740157480315
21
0.48
0
LINE
8
BLACK
6
CONTINUOUS
10
0.2878740157480315
20
0.48
11
0.2878740157480315
21
0.42
0
LINE
8
BLACK
6
CONTINUOUS
10
0.2878740157480315
20
0.42
11
0.2878105118110236
21
0.4196808661417323
0
LINE
8
BLACK
6
CONTINUOUS
10
0.2878105118110236
20
0.4196808661417323
11
0.2876551181102362
21
0.4183411417322834
0
LINE
8
BLACK
6
CONTINUOUS
10
0.2876551181102362
20
0.4183411417322834
11
0.2874529921259842
21
0.4178833858267716
0
LINE
8
BLACK
6
CONTINUOUS
10
0.2874529921259842
20
0.4178833858267716
11
0.2872746456692913
21
0.4169867322834646
0
LINE
8
BLACK
6
CONTINUOUS
10
0.2872746456692913
20
0.4169867322834646
11
0.286633188976378
21
0.4160267716535433
0
LINE
8
BLACK
6
CONTINUOUS
10
0.286633188976378
20
0.4160267716535433
11
0.2864397637795276
21
0.4155886614173228
0
LINE
8
BLACK
6
CONTINUOUS
10
0.2864397637795276
20
0.4155886614173228
11
0.2861404724409449
21
0.4152893700787402
0
LINE
8
BLACK
6
CONTINUOUS
10
0.2861404724409449
20
0.4152893700787402
11
0.2855677559055118
21
0.4144322440944882
0
LINE
8
BLACK
6
CONTINUOUS
10
0.2855677559055118
20
0.4144322440944882
11
0.2847105905511811
21
0.4138594881889764
0
LINE
8
BLACK
6
CONTINUOUS
10
0.2847105905511811
20
0.4138594881889764
11
0.2844112992125984
21
0.4135601968503937
0
LINE
8
BLACK
6
CONTINUOUS
10
0.2844112992125984
20
0.4135601968503937
11
0.2839731102362205
21
0.4133666929133858
0
LINE
8
BLACK
6
CONTINUOUS
10
0.2839731102362205
20
0.4133666929133858
11
0.2830132677165354
21
0.4127253543307087
0
LINE
8
BLACK
6
CONTINUOUS
10
0.2830132677165354
20
0.4127253543307087
11
0.2821166929133858
21
0.4125470078740157
0
LINE
8
BLACK
6
CONTINUOUS
10
0.2821166929133858
20
0.4125470078740157
11
0.2816588188976378
21
0.412344842519685
0
LINE
8
BLACK
6
CONTINUOUS
10
0.2816588188976378
20
0.412344842519685
11
0.2803186220472441
21
0.4121893307086614
0
LINE
8
BLACK
6
CONTINUOUS
10
0.2803186220472441
20
0.4121893307086614
11
0.28
21
0.4121259842519685
0
LINE
8
BLACK
6
CONTINUOUS
10
0.28
20
0.4121259842519685
11
0.2797723228346456
21
0.4121259842519685
0
LINE
8
BLACK
6
CONTINUOUS
10
0.2797723228346456
20
0.4121259842519685
11
0.2202277165354331
21
0.4121259842519685
0
LINE
8
BLACK
6
CONTINUOUS
10
0.2202277165354331
20
0.4121259842519685
11
0.22
21
0.4121259842519685
0
LINE
8
BLACK
6
CONTINUOUS
10
0.22
20
0.4121259842519685
11
0.2196813385826772
21
0.4121893307086614
0
LINE
8
BLACK
6
CONTINUOUS
10
0.2196813385826772
20
0.4121893307086614
11
0.2183411417322835
21
0.412344842519685
0
LINE
8
BLACK
6
CONTINUOUS
10
0.2183411417322835
20
0.412344842519685
11
0.2178832283464567
21
0.4125470078740157
0
LINE
8
BLACK
6
CONTINUOUS
10
0.2178832283464567
20
0.4125470078740157
11
0.2169867322834646
21
0.4127253543307087
0
LINE
8
BLACK
6
CONTINUOUS
10
0.2169867322834646
20
0.4127253543307087
11
0.2160269291338583
21
0.4133666535433071
0
LINE
8
BLACK
6
CONTINUOUS
10
0.2160269291338583
20
0.4133666535433071
11
0.2155886614173228
21
0.4135601968503937
0
LINE
8
BLACK
6
CONTINUOUS
10
0.2155886614173228
20
0.4135601968503937
11
0.2152892519685039
21
0.4138595669291338
0
LINE
8
BLACK
6
CONTINUOUS
10
0.2152892519685039
20
0.4138595669291338
11
0.2144322440944882
21
0.4144322440944882
0
LINE
8
BLACK
6
CONTINUOUS
10
0.2144322440944882
20
0.4144322440944882
11
0.2138595669291339
21
0.4152892519685039
0
LINE
8
BLACK
6
CONTINUOUS
10
0.2138595669291339
20
0.4152892519685039
11
0.2135601968503937
21
0.4155886614173228
0
LINE
8
BLACK
6
CONTINUOUS
10
0.2135601968503937
20
0.4155886614173228
11
0.2133666535433071
21
0.4160269291338582
0
LINE
8
BLACK
6
CONTINUOUS
10
0.2133666535433071
20
0.4160269291338582
11
0.2127253543307087
21
0.4169867322834646
0
LINE
8
BLACK
6
CONTINUOUS
10
0.2127253543307087
20
0.4169867322834646
11
0.2125470078740157
21
0.4178832283464567
0
LINE
8
BLACK
6
CONTINUOUS
10
0.2125470078740157
20
0.4178832283464567
11
0.212344842519685
21
0.4183411417322834
0
LINE
8
BLACK
6
CONTINUOUS
10
0.212344842519685
20
0.4183411417322834
11
0.2121893307086614
21
0.4196814173228346
0
LINE
8
BLACK
6
CONTINUOUS
10
0.2121893307086614
20
0.4196814173228346
11
0.2121259842519685
21
0.42
0
LINE
8
BLACK
6
CONTINUOUS
10
0.2121259842519685
20
0.42
11
0.2121259842519685
21
0.48
0
LINE
8
BLACK
6
CONTINUOUS
10
0.2121259842519685
20
0.48
11
0.2121893700787401
21
0.4803187007874016
0
LINE
8
BLACK
6
CONTINUOUS
10
0.2121893700787401
20
0.4803187007874016
11
0.212344842519685
21
0.4816588188976378
0
LINE
8
BLACK
6
CONTINUOUS
10
0.212344842519685
20
0.4816588188976378
11
0.2125470078740157
21
0.4821166929133858
0
LINE
8
BLACK
6
CONTINUOUS
10
0.2125470078740157
20
0.4821166929133858
11
0.2127253543307087
21
0.4830132677165354
0
LINE
8
BLACK
6
CONTINUOUS
10
0.2127253543307087
20
0.4830132677165354
11
0.2133666929133858
21
0.4839731102362205
0
LINE
8
BLACK
6
CONTINUOUS
10
0.2133666929133858
20
0.4839731102362205
11
0.2135601968503937
21
0.4844112992125984
0
LINE
8
BLACK
6
CONTINUOUS
10
0.2135601968503937
20
0.4844112992125984
11
0.2138594881889764
21
0.4847105905511811
0
LINE
8
BLACK
6
CONTINUOUS
10
0.2138594881889764
20
0.4847105905511811
11
0.2144322440944882
21
0.4855677559055118
0
LINE
8
BLACK
6
CONTINUOUS
10
0.2144322440944882
20
0.4855677559055118
11
0.2152893700787402
21
0.4861404724409449
0
LINE
8
BLACK
6
CONTINUOUS
10
0.2152893700787402
20
0.4861404724409449
11
0.2155886614173228
21
0.4864397637795275
0
LINE
8
BLACK
6
CONTINUOUS
10
0.2155886614173228
20
0.4864397637795275
11
0.2160267716535433
21
0.4866331889763779
0
LINE
8
BLACK
6
CONTINUOUS
10
0.2160267716535433
20
0.4866331889763779
11
0.2169867322834646
21
0.4872746456692914
0
LINE
8
BLACK
6
CONTINUOUS
10
0.2169867322834646
20
0.4872746456692914
11
0.2178833858267716
21
0.4874529921259843
0
LINE
8
BLACK
6
CONTINUOUS
10
0.2178833858267716
20
0.4874529921259843
11
0.2183411417322835
21
0.4876551181102362
0
LINE
8
BLACK
6
CONTINUOUS
10
0.2183411417322835
20
0.4876551181102362
11
0.2196809448818898
21
0.4878105511811023
0
LINE
8
BLACK
6
CONTINUOUS
10
0.2196809448818898
20
0.4878105511811023
11
0.22
21
0.4878740157480315
0
LINE
8
BLACK
6
CONTINUOUS
10
0.22
20
0.4878740157480315
11
0.28
21
0.4878740157480315
0
LINE
8
BLACK
6
CONTINUOUS
10
0.28
20
0.4878740157480315
11
0.2803191732283464
21
0.4878105118110236
0
LINE
8
BLACK
6
CONTINUOUS
10
1.7803191732283463
20
0.4878105118110236
11
1.7816588188976377
21
0.4876551181102362
0
LINE
8
BLACK
6
CONTINUOUS
10
1.7816588188976377
20
0.4876551181102362
11
1.7821164960629921
21
0.4874529921259843
0
LINE
8
BLACK
6
CONTINUOUS
10
1.7821164960629921
20
0.4874529921259843
11
1.7830132677165353
21
0.4872746456692914
0
LINE
8
BLACK
6
CONTINUOUS
10
1.7830132677165353
20
0.4872746456692914
11
1.7839732677165354
21
0.4866331496062992
0
LINE
8
BLACK
6
CONTINUOUS
10
1.7839732677165354
20
0.4866331496062992
11
1.7844112992125984
21
0.4864397637795275
0
LINE
8
BLACK
6
CONTINUOUS
10
1.7844112992125984
20
0.4864397637795275
11
1.7847104724409448
21
0.4861405511811023
0
LINE
8
BLACK
6
CONTINUOUS
10
1.7847104724409448
20
0.4861405511811023
11
1.7855677559055119
21
0.4855677559055118
0
LINE
8
BLACK
6
CONTINUOUS
10
1.7855677559055119
20
0.4855677559055118
11
1.7861405511811024
21
0.4847104724409449
0
LINE
8
BLACK
6
CONTINUOUS
10
1.7861405511811024
20
0.4847104724409449
11
1.7864397637795275
21
0.4844112992125984
0
LINE
8
BLACK
6
CONTINUOUS
10
1.7864397637795275
20
0.4844112992125984
11
1.7866331496062993
21
0.4839732677165354
0
LINE
8
BLACK
6
CONTINUOUS
10
1.7866331496062993
20
0.4839732677165354
11
1.7872746456692914
21
0.4830132677165354
0
LINE
8
BLACK
6
CONTINUOUS
10
1.7872746456692914
20
0.4830132677165354
11
1.7874529921259843
21
0.4821164960629921
0
LINE
8
BLACK
6
CONTINUOUS
10
1.7874529921259843
20
0.4821164960629921
11
1.7876551181102363
21
0.4816588188976378
0
LINE
8
BLACK
6
CONTINUOUS
10
1.7876551181102363
20
0.4816588188976378
11
1.7878105118110237
21
0.480319094488189
0
LINE
8
BLACK
6
CONTINUOUS
10
1.7878105118110237
20
0.480319094488189
11
1.7878740157480315
21
0.48
0
LINE
8
BLACK
6
CONTINUOUS
10
1.7878740157480315
20
0.48
11
1.7878740157480315
21
0.42
0
LINE
8
BLACK
6
CONTINUOUS
10
1.7878740157480315
20
0.42
11
1.7878105118110237
21
0.4196808661417323
0
LINE
8
BLACK
6
CONTINUOUS
10
1.7878105118110237
20
0.4196808661417323
11
1.7876551181102363
21
0.4183411417322834
0
LINE
8
BLACK
6
CONTINUOUS
10
1.7876551181102363
20
0.4183411417322834
11
1.7874529921259843
21
0.4178833858267716
0
LINE
8
BLACK
6
CONTINUOUS
10
1.7874529921259843
20
0.4178833858267716
11
1.7872746456692914
21
0.4169867322834646
0
LINE
8
BLACK
6
CONTINUOUS
10
1.7872746456692914
20
0.4169867322834646
11
1.786633188976378
21
0.4160267716535433
0
LINE
8
BLACK
6
CONTINUOUS
10
1.786633188976378
20
0.4160267716535433
11
1.7864397637795275
21
0.4155886614173228
0
LINE
8
BLACK
6
CONTINUOUS
10
1.7864397637795275
20
0.4155886614173228
11
1.7861404724409449
21
0.4152893700787402
0
LINE
8
BLACK
6
CONTINUOUS
10
1.7861404724409449
20
0.4152893700787402
11
1.7855677559055119
21
0.4144322440944882
0
LINE
8
BLACK
6
CONTINUOUS
10
1.7855677559055119
20
0.4144322440944882
11
1.7847105905511811
21
0.4138594881889764
0
LINE
8
BLACK
6
CONTINUOUS
10
1.7847105905511811
20
0.4138594881889764
11
1.7844112992125984
21
0.4135601968503937
0
LINE
8
BLACK
6
CONTINUOUS
10
1.7844112992125984
20
0.4135601968503937
11
1.7839731102362204
21
0.4133666929133858
0
LINE
8
BLACK
6
CONTINUOUS
10
1.7839731102362204
20
0.4133666929133858
11
1.7830132677165353
21
0.4127253543307087
0
LINE
8
BLACK
6
CONTINUOUS
10
1.7830132677165353
20
0.4127253543307087
11
1.7821166929133858
21
0.4125470078740157
0
LINE
8
BLACK
6
CONTINUOUS
10
1.7821166929133858
20
0.4125470078740157
11
1.7816588188976377
21
0.412344842519685
0
LINE
8
BLACK
6
CONTINUOUS
10
1.7816588188976377
20
0.412344842519685
11
1.780318622047244
21
0.4121893307086614
0
LINE
8
BLACK
6
CONTINUOUS
10
1.780318622047244
20
0.4121893307086614
11
1.78
21
0.4121259842519685
0
LINE
8
BLACK
6
CONTINUOUS
10
1.78
20
0.4121259842519685
11
1.7797723228346456
21
0.4121259842519685
0
LINE
8
BLACK
6
CONTINUOUS
10
1.7797723228346456
20
0.4121259842519685
11
1.7202277165354329
21
0.4121259842519685
0
LINE
8
BLACK
6
CONTINUOUS
10
1.7202277165354329
20
0.4121259842519685
11
1.72
21
0.4121259842519685
0
LINE
8
BLACK
6
CONTINUOUS
10
1.72
20
0.4121259842519685
11
1.719681338582677
21
0.4121893307086614
0
LINE
8
BLACK
6
CONTINUOUS
10
1.719681338582677
20
0.4121893307086614
11
1.7183411417322834
21
0.412344842519685
0
LINE
8
BLACK
6
CONTINUOUS
10
1.7183411417322834
20
0.412344842519685
11
1.7178832283464567
21
0.4125470078740157
0
LINE
8
BLACK
6
CONTINUOUS
10
1.7178832283464567
20
0.4125470078740157
11
1.7169867322834644
21
0.4127253543307087
0
LINE
8
BLACK
6
CONTINUOUS
10
1.7169867322834644
20
0.4127253543307087
11
1.7160269291338581
21
0.4133666535433071
0
LINE
8
BLACK
6
CONTINUOUS
10
1.7160269291338581
20
0.4133666535433071
11
1.7155886614173228
21
0.4135601968503937
0
LINE
8
BLACK
6
CONTINUOUS
10
1.7155886614173228
20
0.4135601968503937
11
1.7152892519685039
21
0.4138595669291338
0
LINE
8
BLACK
6
CONTINUOUS
10
1.7152892519685039
20
0.4138595669291338
11
1.7144322440944881
21
0.4144322440944882
0
LINE
8
BLACK
6
CONTINUOUS
10
1.7144322440944881
20
0.4144322440944882
11
1.7138595669291339
21
0.4152892519685039
0
LINE
8
BLACK
6
CONTINUOUS
10
1.7138595669291339
20
0.4152892519685039
11
1.7135601968503937
21
0.4155886614173228
0
LINE
8
BLACK
6
CONTINUOUS
10
1.7135601968503937
20
0.4155886614173228
11
1.713366653543307
21
0.4160269291338582
0
LINE
8
BLACK
6
CONTINUOUS
10
1.713366653543307
20
0.4160269291338582
11
1.7127253543307086
21
0.4169867322834646
0
LINE
8
BLACK
6
CONTINUOUS
10
1.7127253543307086
20
0.4169867322834646
11
1.7125470078740157
21
0.4178832283464567
0
LINE
8
BLACK
6
CONTINUOUS
10
1.7125470078740157
20
0.4178832283464567
11
1.712344842519685
21
0.4183411417322834
0
LINE
8
BLACK
6
CONTINUOUS
10
1.712344842519685
20
0.4183411417322834
11
1.7121893307086613
21
0.4196814173228346
0
LINE
8
BLACK
6
CONTINUOUS
10
1.7121893307086613
20
0.4196814173228346
11
1.7121259842519685
21
0.42
0
LINE
8
BLACK
6
CONTINUOUS
10
1.7121259842519685
20
0.42
11
1.7121259842519685
21
0.48
0
LINE
8
BLACK
6
CONTINUOUS
10
1.7121259842519685
20
0.48
11
1.7121893700787401
21
0.4803187007874016
0
LINE
8
BLACK
6
CONTINUOUS
10
1.7121893700787401
20
0.4803187007874016
11
1.712344842519685
21
0.4816588188976378
0
LINE
8
BLACK
6
CONTINUOUS
10
1.712344842519685
20
0.4816588188976378
11
1.7125470078740157
21
0.4821166929133858
0
LINE
8
BLACK
6
CONTINUOUS
10
1.7125470078740157
20
0.4821166929133858
11
1.7127253543307086
21
0.4830132677165354
0
LINE
8
BLACK
6
CONTINUOUS
10
1.7127253543307086
20
0.4830132677165354
11
1.7133666929133857
21
0.4839731102362205
0
LINE
8
BLACK
6
CONTINUOUS
10
1.7133666929133857
20
0.4839731102362205
11
1.7135601968503937
21
0.4844112992125984
0
LINE
8
BLACK
6
CONTINUOUS
10
1.7135601968503937
20
0.4844112992125984
11
1.7138594881889764
21
0.4847105905511811
0
LINE
8
BLACK
6
CONTINUOUS
10
1.7138594881889764
20
0.4847105905511811
11
1.7144322440944881
21
0.4855677559055118
0
LINE
8
BLACK
6
CONTINUOUS
10
1.7144322440944881
20
0.4855677559055118
11
1.7152893700787402
21
0.4861404724409449
0
LINE
8
BLACK
6
CONTINUOUS
10
1.7152893700787402
20
0.4861404724409449
11
1.7155886614173228
21
0.4864397637795275
0
LINE
8
BLACK
6
CONTINUOUS
10
1.7155886614173228
20
0.4864397637795275
11
1.7160267716535433
21
0.4866331889763779
0
LINE
8
BLACK
6
CONTINUOUS
10
1.7160267716535433
20
0.4866331889763779
11
1.7169867322834644
21
0.4872746456692914
0
LINE
8
BLACK
6
CONTINUOUS
10
1.7169867322834644
20
0.4872746456692914
11
1.7178833858267717
21
0.4874529921259843
0
LINE
8
BLACK
6
CONTINUOUS
10
1.7178833858267717
20
0.4874529921259843
11
1.7183411417322834
21
0.4876551181102362
0
LINE
8
BLACK
6
CONTINUOUS
10
1.7183411417322834
20
0.4876551181102362
11
1.7196809448818897
21
0.4878105511811023
0
LINE
8
BLACK
6
CONTINUOUS
10
1.7196809448818897
20
0.4878105511811023
11
1.72
21
0.4878740157480315
0
LINE
8
BLACK
6
CONTINUOUS
10
1.72
20
0.4878740157480315
11
1.78
21
0.4878740157480315
0
LINE
8
BLACK
6
CONTINUOUS
10
1.78
20
0.4878740157480315
11
1.7803191732283463
21
0.4878105118110236
0
LINE
8
BLACK
6
CONTINUOUS
10
1.8803191732283464
20
0.4878105118110236
11
1.8816588188976378
21
0.4876551181102362
0
LINE
8
BLACK
6
CONTINUOUS
10
1.8816588188976378
20
0.4876551181102362
11
1.8821164960629921
21
0.4874529921259843
0
LINE
8
BLACK
6
CONTINUOUS
10
1.8821164960629921
20
0.4874529921259843
11
1.8830132677165354
21
0.4872746456692914
0
LINE
8
BLACK
6
CONTINUOUS
10
1.8830132677165354
20
0.4872746456692914
11
1.8839732677165353
21
0.4866331496062992
0
LINE
8
BLACK
6
CONTINUOUS
10
1.8839732677165353
20
0.4866331496062992
11
1.8844112992125983
21
0.4864397637795275
0
LINE
8
BLACK
6
CONTINUOUS
10
1.8844112992125983
20
0.4864397637795275
11
1.8847104724409449
21
0.4861405511811023
0
LINE
8
BLACK
6
CONTINUOUS
10
1.8847104724409449
20
0.4861405511811023
11
1.8855677559055117
21
0.4855677559055118
0
LINE
8
BLACK
6
CONTINUOUS
10
1.8855677559055117
20
0.4855677559055118
11
1.8861405511811022
21
0.4847104724409449
0
LINE
8
BLACK
6
CONTINUOUS
10
1.8861405511811022
20
0.4847104724409449
11
1.8864397637795276
21
0.4844112992125984
0
LINE
8
BLACK
6
CONTINUOUS
10
1.8864397637795276
20
0.4844112992125984
11
1.8866331496062991
21
0.4839732677165354
0
LINE
8
BLACK
6
CONTINUOUS
10
1.8866331496062991
20
0.4839732677165354
11
1.8872746456692913
21
0.4830132677165354
0
LINE
8
BLACK
6
CONTINUOUS
10
1.8872746456692913
20
0.4830132677165354
11
1.8874529921259842
21
0.4821164960629921
0
LINE
8
BLACK
6
CONTINUOUS
10
1.8874529921259842
20
0.4821164960629921
11
1.8876551181102361
21
0.4816588188976378
0
LINE
8
BLACK
6
CONTINUOUS
10
1.8876551181102361
20
0.4816588188976378
11
1.8878105118110236
21
0.480319094488189
0
LINE
8
BLACK
6
CONTINUOUS
10
1.8878105118110236
20
0.480319094488189
11
1.8878740157480314
21
0.48
0
LINE
8
BLACK
6
CONTINUOUS
10
1.8878740157480314
20
0.48
11
1.8878740157480314
21
0.42
0
LINE
8
BLACK
6
CONTINUOUS
10
1.8878740157480314
20
0.42
11
1.8878105118110236
21
0.4196808661417323
0
LINE
8
BLACK
6
CONTINUOUS
10
1.8878105118110236
20
0.4196808661417323
11
1.8876551181102361
21
0.4183411417322834
0
LINE
8
BLACK
6
CONTINUOUS
10
1.8876551181102361
20
0.4183411417322834
11
1.8874529921259842
21
0.4178833858267716
0
LINE
8
BLACK
6
CONTINUOUS
10
1.8874529921259842
20
0.4178833858267716
11
1.8872746456692913
21
0.4169867322834646
0
LINE
8
BLACK
6
CONTINUOUS
10
1.8872746456692913
20
0.4169867322834646
11
1.8866331889763779
21
0.4160267716535433
0
LINE
8
BLACK
6
CONTINUOUS
10
1.8866331889763779
20
0.4160267716535433
11
1.8864397637795276
21
0.4155886614173228
0
LINE
8
BLACK
6
CONTINUOUS
10
1.8864397637795276
20
0.4155886614173228
11
1.8861404724409447
21
0.4152893700787402
0
LINE
8
BLACK
6
CONTINUOUS
10
1.8861404724409447
20
0.4152893700787402
11
1.8855677559055117
21
0.4144322440944882
0
LINE
8
BLACK
6
CONTINUOUS
10
1.8855677559055117
20
0.4144322440944882
11
1.884710590551181
21
0.4138594881889764
0
LINE
8
BLACK
6
CONTINUOUS
10
1.884710590551181
20
0.4138594881889764
11
1.8844112992125983
21
0.4135601968503937
0
LINE
8
BLACK
6
CONTINUOUS
10
1.8844112992125983
20
0.4135601968503937
11
1.8839731102362205
21
0.4133666929133858
0
LINE
8
BLACK
6
CONTINUOUS
10
1.8839731102362205
20
0.4133666929133858
11
1.8830132677165354
21
0.4127253543307087
0
LINE
8
BLACK
6
CONTINUOUS
10
1.8830132677165354
20
0.4127253543307087
11
1.8821166929133857
21
0.4125470078740157
0
LINE
8
BLACK
6
CONTINUOUS
10
1.8821166929133857
20
0.4125470078740157
11
1.8816588188976378
21
0.412344842519685
0
LINE
8
BLACK
6
CONTINUOUS
10
1.8816588188976378
20
0.412344842519685
11
1.8803186220472441
21
0.4121893307086614
0
LINE
8
BLACK
6
CONTINUOUS
10
1.8803186220472441
20
0.4121893307086614
11
1.8799999999999999
21
0.4121259842519685
0
LINE
8
BLACK
6
CONTINUOUS
10
1.8799999999999999
20
0.4121259842519685
11
1.8797723228346457
21
0.4121259842519685
0
LINE
8
BLACK
6
CONTINUOUS
10
1.8797723228346457
20
0.4121259842519685
11
1.820227716535433
21
0.4121259842519685
0
LINE
8
BLACK
6
CONTINUOUS
10
1.820227716535433
20
0.4121259842519685
11
1.8200000000000001
21
0.4121259842519685
0
LINE
8
BLACK
6
CONTINUOUS
10
1.8200000000000001
20
0.4121259842519685
11
1.8196813385826771
21
0.4121893307086614
0
LINE
8
BLACK
6
CONTINUOUS
10
1.8196813385826771
20
0.4121893307086614
11
1.8183411417322835
21
0.412344842519685
0
LINE
8
BLACK
6
CONTINUOUS
10
1.8183411417322835
20
0.412344842519685
11
1.8178832283464565
21
0.4125470078740157
0
LINE
8
BLACK
6
CONTINUOUS
10
1.8178832283464565
20
0.4125470078740157
11
1.8169867322834645
21
0.4127253543307087
0
LINE
8
BLACK
6
CONTINUOUS
10
1.8169867322834645
20
0.4127253543307087
11
1.8160269291338582
21
0.4133666535433071
0
LINE
8
BLACK
6
CONTINUOUS
10
1.8160269291338582
20
0.4133666535433071
11
1.8155886614173229
21
0.4135601968503937
0
LINE
8
BLACK
6
CONTINUOUS
10
1.8155886614173229
20
0.4135601968503937
11
1.815289251968504
21
0.4138595669291338
0
LINE
8
BLACK
6
CONTINUOUS
10
1.815289251968504
20
0.4138595669291338
11
1.8144322440944882
21
0.4144322440944882
0
LINE
8
BLACK
6
CONTINUOUS
10
1.8144322440944882
20
0.4144322440944882
11
1.8138595669291337
21
0.4152892519685039
0
LINE
8
BLACK
6
CONTINUOUS
10
1.8138595669291337
20
0.4152892519685039
11
1.8135601968503936
21
0.4155886614173228
0
LINE
8
BLACK
6
CONTINUOUS
10
1.8135601968503936
20
0.4155886614173228
11
1.8133666535433071
21
0.4160269291338582
0
LINE
8
BLACK
6
CONTINUOUS
10
1.8133666535433071
20
0.4160269291338582
11
1.8127253543307087
21
0.4169867322834646
0
LINE
8
BLACK
6
CONTINUOUS
10
1.8127253543307087
20
0.4169867322834646
11
1.8125470078740158
21
0.4178832283464567
0
LINE
8
BLACK
6
CONTINUOUS
10
1.8125470078740158
20
0.4178832283464567
11
1.8123448425196851
21
0.4183411417322834
0
LINE
8
BLACK
6
CONTINUOUS
10
1.8123448425196851
20
0.4183411417322834
11
1.8121893307086614
21
0.4196814173228346
0
LINE
8
BLACK
6
CONTINUOUS
10
1.8121893307086614
20
0.4196814173228346
11
1.8121259842519684
21
0.42
0
LINE
8
BLACK
6
CONTINUOUS
10
1.8121259842519684
20
0.42
11
1.8121259842519684
21
0.48
0
LINE
8
BLACK
6
CONTINUOUS
10
1.8121259842519684
20
0.48
11
1.8121893700787401
21
0.4803187007874016
0
LINE
8
BLACK
6
CONTINUOUS
10
1.8121893700787401
20
0.4803187007874016
11
1.8123448425196851
21
0.4816588188976378
0
LINE
8
BLACK
6
CONTINUOUS
10
1.8123448425196851
20
0.4816588188976378
11
1.8125470078740158
21
0.4821166929133858
0
LINE
8
BLACK
6
CONTINUOUS
10
1.8125470078740158
20
0.4821166929133858
11
1.8127253543307087
21
0.4830132677165354
0
LINE
8
BLACK
6
CONTINUOUS
10
1.8127253543307087
20
0.4830132677165354
11
1.8133666929133858
21
0.4839731102362205
0
LINE
8
BLACK
6
CONTINUOUS
10
1.8133666929133858
20
0.4839731102362205
11
1.8135601968503936
21
0.4844112992125984
0
LINE
8
BLACK
6
CONTINUOUS
10
1.8135601968503936
20
0.4844112992125984
11
1.8138594881889762
21
0.4847105905511811
0
LINE
8
BLACK
6
CONTINUOUS
10
1.8138594881889762
20
0.4847105905511811
11
1.8144322440944882
21
0.4855677559055118
0
LINE
8
BLACK
6
CONTINUOUS
10
1.8144322440944882
20
0.4855677559055118
11
1.81528937007874
21
0.4861404724409449
0
LINE
8
BLACK
6
CONTINUOUS
10
1.81528937007874
20
0.4861404724409449
11
1.8155886614173229
21
0.4864397637795275
0
LINE
8
BLACK
6
CONTINUOUS
10
1.8155886614173229
20
0.4864397637795275
11
1.8160267716535432
21
0.4866331889763779
0
LINE
8
BLACK
6
CONTINUOUS
10
1.8160267716535432
20
0.4866331889763779
11
1.8169867322834645
21
0.4872746456692914
0
LINE
8
BLACK
6
CONTINUOUS
10
1.8169867322834645
20
0.4872746456692914
11
1.8178833858267716
21
0.4874529921259843
0
LINE
8
BLACK
6
CONTINUOUS
10
1.8178833858267716
20
0.4874529921259843
11
1.8183411417322835
21
0.4876551181102362
0
LINE
8
BLACK
6
CONTINUOUS
10
1.8183411417322835
20
0.4876551181102362
11
1.8196809448818898
21
0.4878105511811023
0
LINE
8
BLACK
6
CONTINUOUS
10
1.8196809448818898
20
0.4878105511811023
11
1.8200000000000001
21
0.4878740157480315
0
LINE
8
BLACK
6
CONTINUOUS
10
1.8200000000000001
20
0.4878740157480315
11
1.8799999999999999
21
0.4878740157480315
0
LINE
8
BLACK
6
CONTINUOUS
10
1.8799999999999999
20
0.4878740157480315
11
1.8803191732283464
21
0.4878105118110236
0
LINE
8
BLACK
6
CONTINUOUS
10
0.8249347244094488
20
0.5449362598425197
11
0.8271622834645669
21
0.5449362598425197
0
LINE
8
BLACK
6
CONTINUOUS
10
0.8271622834645669
20
0.5449362598425197
11
0.8291222047244095
21
0.5445698818897637
0
LINE
8
BLACK
6
CONTINUOUS
10
0.8291222047244095
20
0.5445698818897637
11
0.8310041338582677
21
0.5444052362204724
0
LINE
8
BLACK
6
CONTINUOUS
10
0.8310041338582677
20
0.5444052362204724
11
0.8333139763779528
21
0.5437862992125985
0
LINE
8
BLACK
6
CONTINUOUS
10
0.8333139763779528
20
0.5437862992125985
11
0.835732125984252
21
0.5433342913385827
0
LINE
8
BLACK
6
CONTINUOUS
10
0.835732125984252
20
0.5433342913385827
11
0.8373721259842519
21
0.542698937007874
0
LINE
8
BLACK
6
CONTINUOUS
10
0.8373721259842519
20
0.542698937007874
11
0.8389565354330708
21
0.5422744094488189
0
LINE
8
BLACK
6
CONTINUOUS
10
0.8389565354330708
20
0.5422744094488189
11
0.8413552755905511
21
0.5411558267716535
0
LINE
8
BLACK
6
CONTINUOUS
10
0.8413552755905511
20
0.5411558267716535
11
0.8438616535433071
21
0.5401848818897638
0
LINE
8
BLACK
6
CONTINUOUS
10
0.8438616535433071
20
0.5401848818897638
11
0.8451553149606299
21
0.5393838582677165
0
LINE
8
BLACK
6
CONTINUOUS
10
0.8451553149606299
20
0.5393838582677165
11
0.8464177559055118
21
0.5387951968503937
0
LINE
8
BLACK
6
CONTINUOUS
10
0.8464177559055118
20
0.5387951968503937
11
0.8487990551181103
21
0.5371277559055118
0
LINE
8
BLACK
6
CONTINUOUS
10
0.8487990551181103
20
0.5371277559055118
11
0.8512740944881889
21
0.53559531496063
0
LINE
8
BLACK
6
CONTINUOUS
10
0.8512740944881889
20
0.53559531496063
11
0.8522227952755905
21
0.5347304330708661
0
LINE
8
BLACK
6
CONTINUOUS
10
0.8522227952755905
20
0.5347304330708661
11
0.8531612992125984
21
0.5340733070866142
0
LINE
8
BLACK
6
CONTINUOUS
10
0.8531612992125984
20
0.5340733070866142
11
0.8554062992125984
21
0.5318282677165355
0
LINE
8
BLACK
6
CONTINUOUS
10
0.8554062992125984
20
0.5318282677165355
11
0.857716968503937
21
0.5297218503937008
0
LINE
8
BLACK
6
CONTINUOUS
10
0.857716968503937
20
0.5297218503937008
11
0.858346811023622
21
0.5288877559055118
0
LINE
8
BLACK
6
CONTINUOUS
10
0.858346811023622
20
0.5288877559055118
11
0.8589827559055118
21
0.5282518503937008
0
LINE
8
BLACK
6
CONTINUOUS
10
0.8589827559055118
20
0.5282518503937008
11
0.8609662598425196
21
0.5254190944881889
0
LINE
8
BLACK
6
CONTINUOUS
10
0.8609662598425196
20
0.5254190944881889
11
0.862970905511811
21
0.5227645275590551
0
LINE
8
BLACK
6
CONTINUOUS
10
0.862970905511811
20
0.5227645275590551
11
0.8633300787401574
21
0.5220431889763779
0
LINE
8
BLACK
6
CONTINUOUS
10
0.8633300787401574
20
0.5220431889763779
11
0.8637046456692913
21
0.5215082677165355
0
LINE
8
BLACK
6
CONTINUOUS
10
0.8637046456692913
20
0.5215082677165355
11
0.8652997244094488
21
0.5180875590551181
0
LINE
8
BLACK
6
CONTINUOUS
10
0.8652997244094488
20
0.5180875590551181
11
0.866856968503937
21
0.5149602362204724
0
LINE
8
BLACK
6
CONTINUOUS
10
0.866856968503937
20
0.5149602362204724
11
0.8670117716535433
21
0.5144160629921259
0
LINE
8
BLACK
6
CONTINUOUS
10
0.8670117716535433
20
0.5144160629921259
11
0.8671838582677165
21
0.5140470866141732
0
LINE
8
BLACK
6
CONTINUOUS
10
0.8671838582677165
20
0.5140470866141732
11
0.8682681102362204
21
0.5100004724409448
0
LINE
8
BLACK
6
CONTINUOUS
10
0.8682681102362204
20
0.5100004724409448
11
0.8692428346456693
21
0.5065747637795276
0
LINE
8
BLACK
6
CONTINUOUS
10
0.8692428346456693
20
0.5065747637795276
11
0.8692728346456693
21
0.5062507874015748
0
LINE
8
BLACK
6
CONTINUOUS
10
0.8692728346456693
20
0.5062507874015748
11
0.86931468503937
21
0.5060946850393701
0
LINE
8
BLACK
6
CONTINUOUS
10
0.86931468503937
20
0.5060946850393701
11
0.869777716535433
21
0.5008022834645669
0
LINE
8
BLACK
6
CONTINUOUS
10
0.869777716535433
20
0.5008022834645669
11
0.8700472440944882
21
0.4978937007874016
0
LINE
8
BLACK
6
CONTINUOUS
10
0.8700472440944882
20
0.4978937007874016
11
0.869777716535433
21
0.4949853149606299
0
LINE
8
BLACK
6
CONTINUOUS
10
0.869777716535433
20
0.4949853149606299
11
0.86931468503937
21
0.4896926771653543
0
LINE
8
BLACK
6
CONTINUOUS
10
0.86931468503937
20
0.4896926771653543
11
0.8692728346456693
21
0.4895365354330709
0
LINE
8
BLACK
6
CONTINUOUS
10
0.8692728346456693
20
0.4895365354330709
11
0.8692428346456693
21
0.4892126377952756
0
LINE
8
BLACK
6
CONTINUOUS
10
0.8692428346456693
20
0.4892126377952756
11
0.8682683070866142
21
0.4857875196850394
0
LINE
8
BLACK
6
CONTINUOUS
10
0.8682683070866142
20
0.4857875196850394
11
0.8671838582677165
21
0.4817402755905512
0
LINE
8
BLACK
6
CONTINUOUS
10
0.8671838582677165
20
0.4817402755905512
11
0.8670117322834645
21
0.4813711811023622
0
LINE
8
BLACK
6
CONTINUOUS
10
0.8670117322834645
20
0.4813711811023622
11
0.866856968503937
21
0.4808271653543307
0
LINE
8
BLACK
6
CONTINUOUS
10
0.866856968503937
20
0.4808271653543307
11
0.865300157480315
21
0.4777007086614173
0
LINE
8
BLACK
6
CONTINUOUS
10
0.865300157480315
20
0.4777007086614173
11
0.8637046456692913
21
0.4742790551181102
0
LINE
8
BLACK
6
CONTINUOUS
10
0.8637046456692913
20
0.4742790551181102
11
0.8633299212598425
21
0.4737438976377953
0
LINE
8
BLACK
6
CONTINUOUS
10
0.8633299212598425
20
0.4737438976377953
11
0.862970905511811
21
0.473022874015748
0
LINE
8
BLACK
6
CONTINUOUS
10
0.862970905511811
20
0.473022874015748
11
0.8609667716535433
21
0.4703690157480315
0
LINE
8
BLACK
6
CONTINUOUS
10
0.8609667716535433
20
0.4703690157480315
11
0.8589827559055118
21
0.4675355118110236
0
LINE
8
BLACK
6
CONTINUOUS
10
0.8589827559055118
20
0.4675355118110236
11
0.8583466929133858
21
0.4668994488188976
0
LINE
8
BLACK
6
CONTINUOUS
10
0.8583466929133858
20
0.4668994488188976
11
0.857716968503937
21
0.4660655511811024
0
LINE
8
BLACK
6
CONTINUOUS
10
0.857716968503937
20
0.4660655511811024
11
0.8554067322834645
21
0.4639594881889764
0
LINE
8
BLACK
6
CONTINUOUS
10
0.8554067322834645
20
0.4639594881889764
11
0.8531612992125984
21
0.4617140551181102
0
LINE
8
BLACK
6
CONTINUOUS
10
0.8531612992125984
20
0.4617140551181102
11
0.8522225984251969
21
0.4610567716535433
0
LINE
8
BLACK
6
CONTINUOUS
10
0.8522225984251969
20
0.4610567716535433
11
0.8512740944881889
21
0.4601920866141732
0
LINE
8
BLACK
6
CONTINUOUS
10
0.8512740944881889
20
0.4601920866141732
11
0.8487995669291338
21
0.4586599212598425
0
LINE
8
BLACK
6
CONTINUOUS
10
0.8487995669291338
20
0.4586599212598425
11
0.8464177559055118
21
0.4569921653543307
0
LINE
8
BLACK
6
CONTINUOUS
10
0.8464177559055118
20
0.4569921653543307
11
0.8451550787401575
21
0.4564033464566929
0
LINE
8
BLACK
6
CONTINUOUS
10
0.8451550787401575
20
0.4564033464566929
11
0.8438616535433071
21
0.4556025196850393
0
LINE
8
BLACK
6
CONTINUOUS
10
0.8438616535433071
20
0.4556025196850393
11
0.841355748031496
21
0.4546317322834645
0
LINE
8
BLACK
6
CONTINUOUS
10
0.841355748031496
20
0.4546317322834645
11
0.8389565354330708
21
0.4535129527559055
0
LINE
8
BLACK
6
CONTINUOUS
10
0.8389565354330708
20
0.4535129527559055
11
0.8373717716535433
21
0.4530883070866142
0
LINE
8
BLACK
6
CONTINUOUS
10
0.8373717716535433
20
0.4530883070866142
11
0.835732125984252
21
0.4524531102362205
0
LINE
8
BLACK
6
CONTINUOUS
10
0.835732125984252
20
0.4524531102362205
11
0.8333144488188976
21
0.4520011417322835
0
LINE
8
BLACK
6
CONTINUOUS
10
0.8333144488188976
20
0.4520011417322835
11
0.8310041338582677
21
0.451382125984252
0
LINE
8
BLACK
6
CONTINUOUS
10
0.8310041338582677
20
0.451382125984252
11
0.8291217716535433
21
0.4512174015748031
0
LINE
8
BLACK
6
CONTINUOUS
10
0.8291217716535433
20
0.4512174015748031
11
0.8271622834645669
21
0.4508511417322835
0
LINE
8
BLACK
6
CONTINUOUS
10
0.8271622834645669
20
0.4508511417322835
11
0.8249351968503937
21
0.4508511417322835
0
LINE
8
BLACK
6
CONTINUOUS
10
0.8249351968503937
20
0.4508511417322835
11
0.8228031496062992
21
0.4506646062992126
0
LINE
8
BLACK
6
CONTINUOUS
10
0.8228031496062992
20
0.4506646062992126
11
0.8206711023622048
21
0.4508511417322835
0
LINE
8
BLACK
6
CONTINUOUS
10
0.8206711023622048
20
0.4508511417322835
11
0.8184440157480315
21
0.4508511417322835
0
LINE
8
BLACK
6
CONTINUOUS
10
0.8184440157480315
20
0.4508511417322835
11
0.8164844881889763
21
0.4512174015748031
0
LINE
8
BLACK
6
CONTINUOUS
10
0.8164844881889763
20
0.4512174015748031
11
0.814602125984252
21
0.451382125984252
0
LINE
8
BLACK
6
CONTINUOUS
10
0.814602125984252
20
0.451382125984252
11
0.812291653543307
21
0.4520011811023622
0
LINE
8
BLACK
6
CONTINUOUS
10
0.812291653543307
20
0.4520011811023622
11
0.8098741732283464
21
0.4524531102362205
0
LINE
8
BLACK
6
CONTINUOUS
10
0.8098741732283464
20
0.4524531102362205
11
0.8082345669291339
21
0.4530882677165354
0
LINE
8
BLACK
6
CONTINUOUS
10
0.8082345669291339
20
0.4530882677165354
11
0.8066497244094488
21
0.4535129527559055
0
LINE
8
BLACK
6
CONTINUOUS
10
0.8066497244094488
20
0.4535129527559055
11
0.8042502755905512
21
0.454631811023622
0
LINE
8
BLACK
6
CONTINUOUS
10
0.8042502755905512
20
0.454631811023622
11
0.8017446456692913
21
0.4556025196850393
0
LINE
8
BLACK
6
CONTINUOUS
10
0.8017446456692913
20
0.4556025196850393
11
0.8004512992125984
21
0.4564032677165354
0
LINE
8
BLACK
6
CONTINUOUS
10
0.8004512992125984
20
0.4564032677165354
11
0.7991885039370079
21
0.4569921653543307
0
LINE
8
BLACK
6
CONTINUOUS
10
0.7991885039370079
20
0.4569921653543307
11
0.7968063779527559
21
0.4586601181102362
0
LINE
8
BLACK
6
CONTINUOUS
10
0.7968063779527559
20
0.4586601181102362
11
0.7943322047244095
21
0.4601920866141732
0
LINE
8
BLACK
6
CONTINUOUS
10
0.7943322047244095
20
0.4601920866141732
11
0.793383779527559
21
0.461056653543307
0
LINE
8
BLACK
6
CONTINUOUS
10
0.793383779527559
20
0.461056653543307
11
0.7924449606299212
21
0.4617140551181102
0
LINE
8
BLACK
6
CONTINUOUS
10
0.7924449606299212
20
0.4617140551181102
11
0.7901990944881889
21
0.4639598818897638
0
LINE
8
BLACK
6
CONTINUOUS
10
0.7901990944881889
20
0.4639598818897638
11
0.7878893307086614
21
0.4660655511811024
0
LINE
8
BLACK
6
CONTINUOUS
10
0.7878893307086614
20
0.4660655511811024
11
0.78725968503937
21
0.4668992913385827
0
LINE
8
BLACK
6
CONTINUOUS
10
0.78725968503937
20
0.4668992913385827
11
0.7866235039370079
21
0.4675355118110236
0
LINE
8
BLACK
6
CONTINUOUS
10
0.7866235039370079
20
0.4675355118110236
11
0.784638937007874
21
0.4703697244094488
0
LINE
8
BLACK
6
CONTINUOUS
10
0.784638937007874
20
0.4703697244094488
11
0.7826353937007874
21
0.473022874015748
0
LINE
8
BLACK
6
CONTINUOUS
10
0.7826353937007874
20
0.473022874015748
11
0.7822764173228346
21
0.4737437401574803
0
LINE
8
BLACK
6
CONTINUOUS
10
0.7822764173228346
20
0.4737437401574803
11
0.7819016141732283
21
0.4742790551181102
0
LINE
8
BLACK
6
CONTINUOUS
10
0.7819016141732283
20
0.4742790551181102
11
0.7803054724409448
21
0.477701968503937
0
LINE
8
BLACK
6
CONTINUOUS
10
0.7803054724409448
20
0.477701968503937
11
0.7787493307086614
21
0.4808271653543307
0
LINE
8
BLACK
6
CONTINUOUS
10
0.7787493307086614
20
0.4808271653543307
11
0.7785945669291339
21
0.4813709842519685
0
LINE
8
BLACK
6
CONTINUOUS
10
0.7785945669291339
20
0.4813709842519685
11
0.7784224015748031
21
0.4817402755905512
0
LINE
8
BLACK
6
CONTINUOUS
10
0.7784224015748031
20
0.4817402755905512
11
0.7773371653543307
21
0.4857903149606299
0
LINE
8
BLACK
6
CONTINUOUS
10
0.7773371653543307
20
0.4857903149606299
11
0.7763634645669291
21
0.4892126377952756
0
LINE
8
BLACK
6
CONTINUOUS
10
0.7763634645669291
20
0.4892126377952756
11
0.7763334645669291
21
0.4895362204724409
0
LINE
8
BLACK
6
CONTINUOUS
10
0.7763334645669291
20
0.4895362204724409
11
0.775824094488189
21
0.4914372834645669
0
LINE
8
BLACK
6
CONTINUOUS
10
0.775824094488189
20
0.4914372834645669
11
0.7697822047244094
21
0.4914372834645669
0
LINE
8
BLACK
6
CONTINUOUS
10
0.7697822047244094
20
0.4914372834645669
11
0.7692727952755906
21
0.4895362598425197
0
LINE
8
BLACK
6
CONTINUOUS
10
0.7692727952755906
20
0.4895362598425197
11
0.7692428346456692
21
0.4892126377952756
0
LINE
8
BLACK
6
CONTINUOUS
10
0.7692428346456692
20
0.4892126377952756
11
0.7682687007874015
21
0.485788937007874
0
LINE
8
BLACK
6
CONTINUOUS
10
0.7682687007874015
20
0.485788937007874
11
0.7671838582677165
21
0.4817402755905512
0
LINE
8
BLACK
6
CONTINUOUS
10
0.7671838582677165
20
0.4817402755905512
11
0.7670117322834645
21
0.4813711811023622
0
LINE
8
BLACK
6
CONTINUOUS
10
0.7670117322834645
20
0.4813711811023622
11
0.766856968503937
21
0.4808271653543307
0
LINE
8
BLACK
6
CONTINUOUS
10
0.766856968503937
20
0.4808271653543307
11
0.765300157480315
21
0.4777007086614173
0
LINE
8
BLACK
6
CONTINUOUS
10
0.765300157480315
20
0.4777007086614173
11
0.7637046456692913
21
0.4742790551181102
0
LINE
8
BLACK
6
CONTINUOUS
10
0.7637046456692913
20
0.4742790551181102
11
0.7633299212598424
21
0.4737438976377953
0
LINE
8
BLACK
6
CONTINUOUS
10
0.7633299212598424
20
0.4737438976377953
11
0.762970905511811
21
0.473022874015748
0
LINE
8
BLACK
6
CONTINUOUS
10
0.762970905511811
20
0.473022874015748
11
0.7609667716535433
21
0.4703690157480315
0
LINE
8
BLACK
6
CONTINUOUS
10
0.7609667716535433
20
0.4703690157480315
11
0.7589827559055118
21
0.4675355118110236
0
LINE
8
BLACK
6
CONTINUOUS
10
0.7589827559055118
20
0.4675355118110236
11
0.7583466929133859
21
0.4668994488188976
0
LINE
8
BLACK
6
CONTINUOUS
10
0.7583466929133859
20
0.4668994488188976
11
0.757716968503937
21
0.4660655511811024
0
LINE
8
BLACK
6
CONTINUOUS
10
0.757716968503937
20
0.4660655511811024
11
0.7554067322834646
21
0.4639594881889764
0
LINE
8
BLACK
6
CONTINUOUS
10
0.7554067322834646
20
0.4639594881889764
11
0.7531612992125984
21
0.4617140551181102
0
LINE
8
BLACK
6
CONTINUOUS
10
0.7531612992125984
20
0.4617140551181102
11
0.7522225984251968
21
0.4610567716535433
0
LINE
8
BLACK
6
CONTINUOUS
10
0.7522225984251968
20
0.4610567716535433
11
0.7512740944881889
21
0.4601920866141732
0
LINE
8
BLACK
6
CONTINUOUS
10
0.7512740944881889
20
0.4601920866141732
11
0.7487995669291339
21
0.4586599212598425
0
LINE
8
BLACK
6
CONTINUOUS
10
0.7487995669291339
20
0.4586599212598425
11
0.7464177559055118
21
0.4569921653543307
0
LINE
8
BLACK
6
CONTINUOUS
10
0.7464177559055118
20
0.4569921653543307
11
0.7451550787401575
21
0.4564033464566929
0
LINE
8
BLACK
6
CONTINUOUS
10
0.7451550787401575
20
0.4564033464566929
11
0.743861653543307
21
0.4556025196850393
0
LINE
8
BLACK
6
CONTINUOUS
10
0.743861653543307
20
0.4556025196850393
11
0.7413557480314961
21
0.4546317322834645
0
LINE
8
BLACK
6
CONTINUOUS
10
0.7413557480314961
20
0.4546317322834645
11
0.7389565354330708
21
0.4535129527559055
0
LINE
8
BLACK
6
CONTINUOUS
10
0.7389565354330708
20
0.4535129527559055
11
0.7373717716535433
21
0.4530883070866142
0
LINE
8
BLACK
6
CONTINUOUS
10
0.7373717716535433
20
0.4530883070866142
11
0.735732125984252
21
0.4524531102362205
0
LINE
8
BLACK
6
CONTINUOUS
10
0.735732125984252
20
0.4524531102362205
11
0.7333144488188976
21
0.4520011417322835
0
LINE
8
BLACK
6
CONTINUOUS
10
0.7333144488188976
20
0.4520011417322835
11
0.7310041338582677
21
0.451382125984252
0
LINE
8
BLACK
6
CONTINUOUS
10
0.7310041338582677
20
0.451382125984252
11
0.7291217716535433
21
0.4512174015748031
0
LINE
8
BLACK
6
CONTINUOUS
10
0.7291217716535433
20
0.4512174015748031
11
0.7271622834645669
21
0.4508511417322835
0
LINE
8
BLACK
6
CONTINUOUS
10
0.7271622834645669
20
0.4508511417322835
11
0.7249351968503936
21
0.4508511417322835
0
LINE
8
BLACK
6
CONTINUOUS
10
0.7249351968503936
20
0.4508511417322835
11
0.7228031496062992
21
0.4506646062992126
0
LINE
8
BLACK
6
CONTINUOUS
10
0.7228031496062992
20
0.4506646062992126
11
0.7206711023622047
21
0.4508511417322835
0
LINE
8
BLACK
6
CONTINUOUS
10
0.7206711023622047
20
0.4508511417322835
11
0.7184440157480315
21
0.4508511417322835
0
LINE
8
BLACK
6
CONTINUOUS
10
0.7184440157480315
20
0.4508511417322835
11
0.7164844881889764
21
0.4512174015748031
0
LINE
8
BLACK
6
CONTINUOUS
10
0.7164844881889764
20
0.4512174015748031
11
0.714602125984252
21
0.451382125984252
0
LINE
8
BLACK
6
CONTINUOUS
10
0.714602125984252
20
0.451382125984252
11
0.712291653543307
21
0.4520011811023622
0
LINE
8
BLACK
6
CONTINUOUS
10
0.712291653543307
20
0.4520011811023622
11
0.7098741732283465
21
0.4524531102362205
0
LINE
8
BLACK
6
CONTINUOUS
10
0.7098741732283465
20
0.4524531102362205
11
0.7082345669291339
21
0.4530882677165354
0
LINE
8
BLACK
6
CONTINUOUS
10
0.7082345669291339
20
0.4530882677165354
11
0.7066497244094488
21
0.4535129527559055
0
LINE
8
BLACK
6
CONTINUOUS
10
0.7066497244094488
20
0.4535129527559055
11
0.7042502755905512
21
0.454631811023622
0
LINE
8
BLACK
6
CONTINUOUS
10
0.7042502755905512
20
0.454631811023622
11
0.7017446456692913
21
0.4556025196850393
0
LINE
8
BLACK
6
CONTINUOUS
10
0.7017446456692913
20
0.4556025196850393
11
0.7004512992125984
21
0.4564032677165354
0
LINE
8
BLACK
6
CONTINUOUS
10
0.7004512992125984
20
0.4564032677165354
11
0.6991885039370078
21
0.4569921653543307
0
LINE
8
BLACK
6
CONTINUOUS
10
0.6991885039370078
20
0.4569921653543307
11
0.6968063779527559
21
0.4586601181102362
0
LINE
8
BLACK
6
CONTINUOUS
10
0.6968063779527559
20
0.4586601181102362
11
0.6943322047244095
21
0.4601920866141732
0
LINE
8
BLACK
6
CONTINUOUS
10
0.6943322047244095
20
0.4601920866141732
11
0.693383779527559
21
0.461056653543307
0
LINE
8
BLACK
6
CONTINUOUS
10
0.693383779527559
20
0.461056653543307
11
0.6924449606299212
21
0.4617140551181102
0
LINE
8
BLACK
6
CONTINUOUS
10
0.6924449606299212
20
0.4617140551181102
11
0.6901990944881889
21
0.4639598818897638
0
LINE
8
BLACK
6
CONTINUOUS
10
0.6901990944881889
20
0.4639598818897638
11
0.6878893307086614
21
0.4660655511811024
0
LINE
8
BLACK
6
CONTINUOUS
10
0.6878893307086614
20
0.4660655511811024
11
0.6872596850393701
21
0.4668992913385827
0
LINE
8
BLACK
6
CONTINUOUS
10
0.6872596850393701
20
0.4668992913385827
11
0.6866235039370079
21
0.4675355118110236
0
LINE
8
BLACK
6
CONTINUOUS
10
0.6866235039370079
20
0.4675355118110236
11
0.684638937007874
21
0.4703697244094488
0
LINE
8
BLACK
6
CONTINUOUS
10
0.684638937007874
20
0.4703697244094488
11
0.6826353937007874
21
0.473022874015748
0
LINE
8
BLACK
6
CONTINUOUS
10
0.6826353937007874
20
0.473022874015748
11
0.6822764173228346
21
0.4737437401574803
0
LINE
8
BLACK
6
CONTINUOUS
10
0.6822764173228346
20
0.4737437401574803
11
0.6819016141732284
21
0.4742790551181102
0
LINE
8
BLACK
6
CONTINUOUS
10
0.6819016141732284
20
0.4742790551181102
11
0.6803054724409449
21
0.477701968503937
0
LINE
8
BLACK
6
CONTINUOUS
10
0.6803054724409449
20
0.477701968503937
11
0.6787493307086614
21
0.4808271653543307
0
LINE
8
BLACK
6
CONTINUOUS
10
0.6787493307086614
20
0.4808271653543307
11
0.6785945669291339
21
0.4813709842519685
0
LINE
8
BLACK
6
CONTINUOUS
10
0.6785945669291339
20
0.4813709842519685
11
0.6784224015748032
21
0.4817402755905512
0
LINE
8
BLACK
6
CONTINUOUS
10
0.6784224015748032
20
0.4817402755905512
11
0.6773371653543306
21
0.4857903149606299
0
LINE
8
BLACK
6
CONTINUOUS
10
0.6773371653543306
20
0.4857903149606299
11
0.6763634645669291
21
0.4892126377952756
0
LINE
8
BLACK
6
CONTINUOUS
10
0.6763634645669291
20
0.4892126377952756
11
0.6763334645669291
21
0.4895362204724409
0
LINE
8
BLACK
6
CONTINUOUS
10
0.6763334645669291
20
0.4895362204724409
11
0.6758240944881889
21
0.4914372834645669
0
LINE
8
BLACK
6
CONTINUOUS
10
0.6758240944881889
20
0.4914372834645669
11
0.6697822047244094
21
0.4914372834645669
0
LINE
8
BLACK
6
CONTINUOUS
10
0.6697822047244094
20
0.4914372834645669
11
0.6692727952755906
21
0.4895362598425197
0
LINE
8
BLACK
6
CONTINUOUS
10
0.6692727952755906
20
0.4895362598425197
11
0.6692428346456692
21
0.4892126377952756
0
LINE
8
BLACK
6
CONTINUOUS
10
0.6692428346456692
20
0.4892126377952756
11
0.6682687007874015
21
0.485788937007874
0
LINE
8
BLACK
6
CONTINUOUS
10
0.6682687007874015
20
0.485788937007874
11
0.6671838582677165
21
0.4817402755905512
0
LINE
8
BLACK
6
CONTINUOUS
10
0.6671838582677165
20
0.4817402755905512
11
0.6670117322834646
21
0.4813711811023622
0
LINE
8
BLACK
6
CONTINUOUS
10
0.6670117322834646
20
0.4813711811023622
11
0.6668569685039369
21
0.4808271653543307
0
LINE
8
BLACK
6
CONTINUOUS
10
0.6668569685039369
20
0.4808271653543307
11
0.6653001574803149
21
0.4777007086614173
0
LINE
8
BLACK
6
CONTINUOUS
10
0.6653001574803149
20
0.4777007086614173
11
0.6637046456692913
21
0.4742790551181102
0
LINE
8
BLACK
6
CONTINUOUS
10
0.6637046456692913
20
0.4742790551181102
11
0.6633299212598425
21
0.4737438976377953
0
LINE
8
BLACK
6
CONTINUOUS
10
0.6633299212598425
20
0.4737438976377953
11
0.662970905511811
21
0.473022874015748
0
LINE
8
BLACK
6
CONTINUOUS
10
0.662970905511811
20
0.473022874015748
11
0.6609667716535433
21
0.4703690157480315
0
LINE
8
BLACK
6
CONTINUOUS
10
0.6609667716535433
20
0.4703690157480315
11
0.6589827559055118
21
0.4675355118110236
0
LINE
8
BLACK
6
CONTINUOUS
10
0.6589827559055118
20
0.4675355118110236
11
0.6583466929133858
21
0.4668994488188976
0
LINE
8
BLACK
6
CONTINUOUS
10
0.6583466929133858
20
0.4668994488188976
11
0.657716968503937
21
0.4660655511811024
0
LINE
8
BLACK
6
CONTINUOUS
10
0.657716968503937
20
0.4660655511811024
11
0.6554067322834646
21
0.4639594881889764
0
LINE
8
BLACK
6
CONTINUOUS
10
0.6554067322834646
20
0.4639594881889764
11
0.6531612992125984
21
0.4617140551181102
0
LINE
8
BLACK
6
CONTINUOUS
10
0.6531612992125984
20
0.4617140551181102
11
0.6522225984251968
21
0.4610567716535433
0
LINE
8
BLACK
6
CONTINUOUS
10
0.6522225984251968
20
0.4610567716535433
11
0.651274094488189
21
0.4601920866141732
0
LINE
8
BLACK
6
CONTINUOUS
10
0.651274094488189
20
0.4601920866141732
11
0.6487995669291339
21
0.4586599212598425
0
LINE
8
BLACK
6
CONTINUOUS
10
0.6487995669291339
20
0.4586599212598425
11
0.6464177559055118
21
0.4569921653543307
0
LINE
8
BLACK
6
CONTINUOUS
10
0.6464177559055118
20
0.4569921653543307
11
0.6451550787401574
21
0.4564033464566929
0
LINE
8
BLACK
6
CONTINUOUS
10
0.6451550787401574
20
0.4564033464566929
11
0.643861653543307
21
0.4556025196850393
0
LINE
8
BLACK
6
CONTINUOUS
10
0.643861653543307
20
0.4556025196850393
11
0.6413557480314961
21
0.4546317322834645
0
LINE
8
BLACK
6
CONTINUOUS
10
0.6413557480314961
20
0.4546317322834645
11
0.6389565354330708
21
0.4535129527559055
0
LINE
8
BLACK
6
CONTINUOUS
10
0.6389565354330708
20
0.4535129527559055
11
0.6373717716535433
21
0.4530883070866142
0
LINE
8
BLACK
6
CONTINUOUS
10
0.6373717716535433
20
0.4530883070866142
11
0.635732125984252
21
0.4524531102362205
0
LINE
8
BLACK
6
CONTINUOUS
10
0.635732125984252
20
0.4524531102362205
11
0.6333144488188976
21
0.4520011417322835
0
LINE
8
BLACK
6
CONTINUOUS
10
0.6333144488188976
20
0.4520011417322835
11
0.6310041338582677
21
0.451382125984252
0
LINE
8
BLACK
6
CONTINUOUS
10
0.6310041338582677
20
0.451382125984252
11
0.6291217716535433
21
0.4512174015748031
0
LINE
8
BLACK
6
CONTINUOUS
10
0.6291217716535433
20
0.4512174015748031
11
0.6271622834645669
21
0.4508511417322835
0
LINE
8
BLACK
6
CONTINUOUS
10
0.6271622834645669
20
0.4508511417322835
11
0.6249351968503937
21
0.4508511417322835
0
LINE
8
BLACK
6
CONTINUOUS
10
0.6249351968503937
20
0.4508511417322835
11
0.6228031496062992
21
0.4506646062992126
0
LINE
8
BLACK
6
CONTINUOUS
10
0.6228031496062992
20
0.4506646062992126
11
0.6206711023622047
21
0.4508511417322835
0
LINE
8
BLACK
6
CONTINUOUS
10
0.6206711023622047
20
0.4508511417322835
11
0.6184440157480314
21
0.4508511417322835
0
LINE
8
BLACK
6
CONTINUOUS
10
0.6184440157480314
20
0.4508511417322835
11
0.6164844881889764
21
0.4512174015748031
0
LINE
8
BLACK
6
CONTINUOUS
10
0.6164844881889764
20
0.4512174015748031
11
0.6146021259842519
21
0.451382125984252
0
LINE
8
BLACK
6
CONTINUOUS
10
0.6146021259842519
20
0.451382125984252
11
0.6122916535433071
21
0.4520011811023622
0
LINE
8
BLACK
6
CONTINUOUS
10
0.6122916535433071
20
0.4520011811023622
11
0.6098741732283465
21
0.4524531102362205
0
LINE
8
BLACK
6
CONTINUOUS
10
0.6098741732283465
20
0.4524531102362205
11
0.6082345669291338
21
0.4530882677165354
0
LINE
8
BLACK
6
CONTINUOUS
10
0.6082345669291338
20
0.4530882677165354
11
0.6066497244094488
21
0.4535129527559055
0
LINE
8
BLACK
6
CONTINUOUS
10
0.6066497244094488
20
0.4535129527559055
11
0.6042502755905512
21
0.454631811023622
0
LINE
8
BLACK
6
CONTINUOUS
10
0.6042502755905512
20
0.454631811023622
11
0.6017446456692913
21
0.4556025196850393
0
LINE
8
BLACK
6
CONTINUOUS
10
0.6017446456692913
20
0.4556025196850393
11
0.6004512992125984
21
0.4564032677165354
0
LINE
8
BLACK
6
CONTINUOUS
10
0.6004512992125984
20
0.4564032677165354
11
0.5991885039370078
21
0.4569921653543307
0
LINE
8
BLACK
6
CONTINUOUS
10
0.5991885039370078
20
0.4569921653543307
11
0.5968063779527559
21
0.4586601181102362
0
LINE
8
BLACK
6
CONTINUOUS
10
0.5968063779527559
20
0.4586601181102362
11
0.5943322047244094
21
0.4601920866141732
0
LINE
8
BLACK
6
CONTINUOUS
10
0.5943322047244094
20
0.4601920866141732
11
0.5933837795275591
21
0.461056653543307
0
LINE
8
BLACK
6
CONTINUOUS
10
0.5933837795275591
20
0.461056653543307
11
0.5924449606299212
21
0.4617140551181102
0
LINE
8
BLACK
6
CONTINUOUS
10
0.5924449606299212
20
0.4617140551181102
11
0.590199094488189
21
0.4639598818897638
0
LINE
8
BLACK
6
CONTINUOUS
10
0.590199094488189
20
0.4639598818897638
11
0.5878893307086615
21
0.4660655511811024
0
LINE
8
BLACK
6
CONTINUOUS
10
0.5878893307086615
20
0.4660655511811024
11
0.5872596850393701
21
0.4668992913385827
0
LINE
8
BLACK
6
CONTINUOUS
10
0.5872596850393701
20
0.4668992913385827
11
0.5866235039370079
21
0.4675355118110236
0
LINE
8
BLACK
6
CONTINUOUS
10
0.5866235039370079
20
0.4675355118110236
11
0.5846389370078739
21
0.4703697244094488
0
LINE
8
BLACK
6
CONTINUOUS
10
0.5846389370078739
20
0.4703697244094488
11
0.5826353937007874
21
0.473022874015748
0
LINE
8
BLACK
6
CONTINUOUS
10
0.5826353937007874
20
0.473022874015748
11
0.5822764173228346
21
0.4737437401574803
0
LINE
8
BLACK
6
CONTINUOUS
10
0.5822764173228346
20
0.4737437401574803
11
0.5819016141732284
21
0.4742790551181102
0
LINE
8
BLACK
6
CONTINUOUS
10
0.5819016141732284
20
0.4742790551181102
11
0.5803054724409449
21
0.477701968503937
0
LINE
8
BLACK
6
CONTINUOUS
10
0.5803054724409449
20
0.477701968503937
11
0.5787493307086614
21
0.4808271653543307
0
LINE
8
BLACK
6
CONTINUOUS
10
0.5787493307086614
20
0.4808271653543307
11
0.5785945669291338
21
0.4813709842519685
0
LINE
8
BLACK
6
CONTINUOUS
10
0.5785945669291338
20
0.4813709842519685
11
0.5784224015748032
21
0.4817402755905512
0
LINE
8
BLACK
6
CONTINUOUS
10
0.5784224015748032
20
0.4817402755905512
11
0.5773372834645669
21
0.4857898818897637
0
LINE
8
BLACK
6
CONTINUOUS
10
0.5773372834645669
20
0.4857898818897637
11
0.5763634645669291
21
0.4892126377952756
0
LINE
8
BLACK
6
CONTINUOUS
10
0.5763634645669291
20
0.4892126377952756
11
0.5763334645669291
21
0.4895362992125984
0
LINE
8
BLACK
6
CONTINUOUS
10
0.5763334645669291
20
0.4895362992125984
11
0.5762915748031496
21
0.4896926771653543
0
LINE
8
BLACK
6
CONTINUOUS
10
0.5762915748031496
20
0.4896926771653543
11
0.5758278346456692
21
0.4949929133858267
0
LINE
8
BLACK
6
CONTINUOUS
10
0.5758278346456692
20
0.4949929133858267
11
0.5755590551181102
21
0.4978937007874016
0
LINE
8
BLACK
6
CONTINUOUS
10
0.5755590551181102
20
0.4978937007874016
11
0.5758278346456692
21
0.5007946850393701
0
LINE
8
BLACK
6
CONTINUOUS
10
0.5758278346456692
20
0.5007946850393701
11
0.5762915748031496
21
0.5060946850393701
0
LINE
8
BLACK
6
CONTINUOUS
10
0.5762915748031496
20
0.5060946850393701
11
0.5763334645669291
21
0.5062510236220472
0
LINE
8
BLACK
6
CONTINUOUS
10
0.5763334645669291
20
0.5062510236220472
11
0.5763634645669291
21
0.5065747637795276
0
LINE
8
BLACK
6
CONTINUOUS
10
0.5763634645669291
20
0.5065747637795276
11
0.5773374803149606
21
0.5099981102362204
0
LINE
8
BLACK
6
CONTINUOUS
10
0.5773374803149606
20
0.5099981102362204
11
0.5784224015748032
21
0.5140470866141732
0
LINE
8
BLACK
6
CONTINUOUS
10
0.5784224015748032
20
0.5140470866141732
11
0.578594527559055
21
0.5144162598425197
0
LINE
8
BLACK
6
CONTINUOUS
10
0.578594527559055
20
0.5144162598425197
11
0.5787493307086614
21
0.5149602362204724
0
LINE
8
BLACK
6
CONTINUOUS
10
0.5787493307086614
20
0.5149602362204724
11
0.580305905511811
21
0.5180862992125984
0
LINE
8
BLACK
6
CONTINUOUS
10
0.580305905511811
20
0.5180862992125984
11
0.5819016141732284
21
0.5215082677165355
0
LINE
8
BLACK
6
CONTINUOUS
10
0.5819016141732284
20
0.5215082677165355
11
0.5822762992125984
21
0.5220433858267717
0
LINE
8
BLACK
6
CONTINUOUS
10
0.5822762992125984
20
0.5220433858267717
11
0.5826353937007874
21
0.5227645275590551
0
LINE
8
BLACK
6
CONTINUOUS
10
0.5826353937007874
20
0.5227645275590551
11
0.5846394881889764
21
0.5254183464566929
0
LINE
8
BLACK
6
CONTINUOUS
10
0.5846394881889764
20
0.5254183464566929
11
0.5866235039370079
21
0.5282518503937008
0
LINE
8
BLACK
6
CONTINUOUS
10
0.5866235039370079
20
0.5282518503937008
11
0.5872595669291338
21
0.5288879133858267
0
LINE
8
BLACK
6
CONTINUOUS
10
0.5872595669291338
20
0.5288879133858267
11
0.5878893307086615
21
0.5297218503937008
0
LINE
8
BLACK
6
CONTINUOUS
10
0.5878893307086615
20
0.5297218503937008
11
0.5901995275590551
21
0.531827874015748
0
LINE
8
BLACK
6
CONTINUOUS
10
0.5901995275590551
20
0.531827874015748
11
0.5924449606299212
21
0.5340733070866142
0
LINE
8
BLACK
6
CONTINUOUS
10
0.5924449606299212
20
0.5340733070866142
11
0.5933835826771653
21
0.5347305118110236
0
LINE
8
BLACK
6
CONTINUOUS
10
0.5933835826771653
20
0.5347305118110236
11
0.5943322047244094
21
0.53559531496063
0
LINE
8
BLACK
6
CONTINUOUS
10
0.5943322047244094
20
0.53559531496063
11
0.5968070866141733
21
0.5371276771653544
0
LINE
8
BLACK
6
CONTINUOUS
10
0.5968070866141733
20
0.5371276771653544
11
0.5991885433070866
21
0.5387951968503937
0
LINE
8
BLACK
6
CONTINUOUS
10
0.5991885433070866
20
0.5387951968503937
11
0.6004509448818898
21
0.5393838582677165
0
LINE
8
BLACK
6
CONTINUOUS
10
0.6004509448818898
20
0.5393838582677165
11
0.6017446456692913
21
0.5401848818897638
0
LINE
8
BLACK
6
CONTINUOUS
10
0.6017446456692913
20
0.5401848818897638
11
0.6042508267716535
21
0.5411557874015748
0
LINE
8
BLACK
6
CONTINUOUS
10
0.6042508267716535
20
0.5411557874015748
11
0.6066497244094488
21
0.5422744094488189
0
LINE
8
BLACK
6
CONTINUOUS
10
0.6066497244094488
20
0.5422744094488189
11
0.6082342519685039
21
0.5426989763779527
0
LINE
8
BLACK
6
CONTINUOUS
10
0.6082342519685039
20
0.5426989763779527
11
0.6098741732283465
21
0.5433342913385827
0
LINE
8
BLACK
6
CONTINUOUS
10
0.6098741732283465
20
0.5433342913385827
11
0.6122921653543307
21
0.5437862598425197
0
LINE
8
BLACK
6
CONTINUOUS
10
0.6122921653543307
20
0.5437862598425197
11
0.6146021259842519
21
0.5444052362204724
0
LINE
8
BLACK
6
CONTINUOUS
10
0.6146021259842519
20
0.5444052362204724
11
0.616484094488189
21
0.5445698818897637
0
LINE
8
BLACK
6
CONTINUOUS
10
0.616484094488189
20
0.5445698818897637
11
0.6184440157480314
21
0.5449362598425197
0
LINE
8
BLACK
6
CONTINUOUS
10
0.6184440157480314
20
0.5449362598425197
11
0.6206715748031496
21
0.5449362598425197
0
LINE
8
BLACK
6
CONTINUOUS
10
0.6206715748031496
20
0.5449362598425197
11
0.6228031496062992
21
0.5451227559055118
0
LINE
8
BLACK
6
CONTINUOUS
10
0.6228031496062992
20
0.5451227559055118
11
0.6249347244094487
21
0.5449362598425197
0
LINE
8
BLACK
6
CONTINUOUS
10
0.6249347244094487
20
0.5449362598425197
11
0.6271622834645669
21
0.5449362598425197
0
LINE
8
BLACK
6
CONTINUOUS
10
0.6271622834645669
20
0.5449362598425197
11
0.6291222047244094
21
0.5445698818897637
0
LINE
8
BLACK
6
CONTINUOUS
10
0.6291222047244094
20
0.5445698818897637
11
0.6310041338582677
21
0.5444052362204724
0
LINE
8
BLACK
6
CONTINUOUS
10
0.6310041338582677
20
0.5444052362204724
11
0.6333139763779527
21
0.5437862992125985
0
LINE
8
BLACK
6
CONTINUOUS
10
0.6333139763779527
20
0.5437862992125985
11
0.635732125984252
21
0.5433342913385827
0
LINE
8
BLACK
6
CONTINUOUS
10
0.635732125984252
20
0.5433342913385827
11
0.637372125984252
21
0.542698937007874
0
LINE
8
BLACK
6
CONTINUOUS
10
0.637372125984252
20
0.542698937007874
11
0.6389565354330708
21
0.5422744094488189
0
LINE
8
BLACK
6
CONTINUOUS
10
0.6389565354330708
20
0.5422744094488189
11
0.6413552755905512
21
0.5411558267716535
0
LINE
8
BLACK
6
CONTINUOUS
10
0.6413552755905512
20
0.5411558267716535
11
0.643861653543307
21
0.5401848818897638
0
LINE
8
BLACK
6
CONTINUOUS
10
0.643861653543307
20
0.5401848818897638
11
0.6451553149606299
21
0.5393838582677165
0
LINE
8
BLACK
6
CONTINUOUS
10
0.6451553149606299
20
0.5393838582677165
11
0.6464177559055118
21
0.5387951968503937
0
LINE
8
BLACK
6
CONTINUOUS
10
0.6464177559055118
20
0.5387951968503937
11
0.6487990551181102
21
0.5371277559055118
0
LINE
8
BLACK
6
CONTINUOUS
10
0.6487990551181102
20
0.5371277559055118
11
0.651274094488189
21
0.53559531496063
0
LINE
8
BLACK
6
CONTINUOUS
10
0.651274094488189
20
0.53559531496063
11
0.6522227952755906
21
0.5347304330708661
0
LINE
8
BLACK
6
CONTINUOUS
10
0.6522227952755906
20
0.5347304330708661
11
0.6531612992125984
21
0.5340733070866142
0
LINE
8
BLACK
6
CONTINUOUS
10
0.6531612992125984
20
0.5340733070866142
11
0.6554062992125984
21
0.5318282677165355
0
LINE
8
BLACK
6
CONTINUOUS
10
0.6554062992125984
20
0.5318282677165355
11
0.657716968503937
21
0.5297218503937008
0
LINE
8
BLACK
6
CONTINUOUS
10
0.657716968503937
20
0.5297218503937008
11
0.658346811023622
21
0.5288877559055118
0
LINE
8
BLACK
6
CONTINUOUS
10
0.658346811023622
20
0.5288877559055118
11
0.6589827559055118
21
0.5282518503937008
0
LINE
8
BLACK
6
CONTINUOUS
10
0.6589827559055118
20
0.5282518503937008
11
0.6609662598425197
21
0.5254190944881889
0
LINE
8
BLACK
6
CONTINUOUS
10
0.6609662598425197
20
0.5254190944881889
11
0.662970905511811
21
0.5227645275590551
0
LINE
8
BLACK
6
CONTINUOUS
10
0.662970905511811
20
0.5227645275590551
11
0.6633300787401575
21
0.5220431889763779
0
LINE
8
BLACK
6
CONTINUOUS
10
0.6633300787401575
20
0.5220431889763779
11
0.6637046456692913
21
0.5215082677165355
0
LINE
8
BLACK
6
CONTINUOUS
10
0.6637046456692913
20
0.5215082677165355
11
0.6652997244094488
21
0.5180875590551181
0
LINE
8
BLACK
6
CONTINUOUS
10
0.6652997244094488
20
0.5180875590551181
11
0.6668569685039369
21
0.5149602362204724
0
LINE
8
BLACK
6
CONTINUOUS
10
0.6668569685039369
20
0.5149602362204724
11
0.6670117716535433
21
0.5144160629921259
0
LINE
8
BLACK
6
CONTINUOUS
10
0.6670117716535433
20
0.5144160629921259
11
0.6671838582677165
21
0.5140470866141732
0
LINE
8
BLACK
6
CONTINUOUS
10
0.6671838582677165
20
0.5140470866141732
11
0.6682685039370079
21
0.5099990551181103
0
LINE
8
BLACK
6
CONTINUOUS
10
0.6682685039370079
20
0.5099990551181103
11
0.6692428346456692
21
0.5065747637795276
0
LINE
8
BLACK
6
CONTINUOUS
10
0.6692428346456692
20
0.5065747637795276
11
0.6692727952755906
21
0.5062510236220472
0
LINE
8
BLACK
6
CONTINUOUS
10
0.6692727952755906
20
0.5062510236220472
11
0.6697822047244094
21
0.5043500787401575
0
LINE
8
BLACK
6
CONTINUOUS
10
0.6697822047244094
20
0.5043500787401575
11
0.6758240944881889
21
0.5043500787401575
0
LINE
8
BLACK
6
CONTINUOUS
10
0.6758240944881889
20
0.5043500787401575
11
0.6763334645669291
21
0.5062511023622047
0
LINE
8
BLACK
6
CONTINUOUS
10
0.6763334645669291
20
0.5062511023622047
11
0.6763634645669291
21
0.5065747637795276
0
LINE
8
BLACK
6
CONTINUOUS
10
0.6763634645669291
20
0.5065747637795276
11
0.6773373622047244
21
0.5099976771653543
0
LINE
8
BLACK
6
CONTINUOUS
10
0.6773373622047244
20
0.5099976771653543
11
0.6784224015748032
21
0.5140470866141732
0
LINE
8
BLACK
6
CONTINUOUS
10
0.6784224015748032
20
0.5140470866141732
11
0.6785945275590551
21
0.5144162598425197
0
LINE
8
BLACK
6
CONTINUOUS
10
0.6785945275590551
20
0.5144162598425197
11
0.6787493307086614
21
0.5149602362204724
0
LINE
8
BLACK
6
CONTINUOUS
10
0.6787493307086614
20
0.5149602362204724
11
0.680305905511811
21
0.5180862992125984
0
LINE
8
BLACK
6
CONTINUOUS
10
0.680305905511811
20
0.5180862992125984
11
0.6819016141732284
21
0.5215082677165355
0
LINE
8
BLACK
6
CONTINUOUS
10
0.6819016141732284
20
0.5215082677165355
11
0.6822762992125984
21
0.5220433858267717
0
LINE
8
BLACK
6
CONTINUOUS
10
0.6822762992125984
20
0.5220433858267717
11
0.6826353937007874
21
0.5227645275590551
0
LINE
8
BLACK
6
CONTINUOUS
10
0.6826353937007874
20
0.5227645275590551
11
0.6846394881889764
21
0.5254183464566929
0
LINE
8
BLACK
6
CONTINUOUS
10
0.6846394881889764
20
0.5254183464566929
11
0.6866235039370079
21
0.5282518503937008
0
LINE
8
BLACK
6
CONTINUOUS
10
0.6866235039370079
20
0.5282518503937008
11
0.6872595669291338
21
0.5288879133858267
0
LINE
8
BLACK
6
CONTINUOUS
10
0.6872595669291338
20
0.5288879133858267
11
0.6878893307086614
21
0.5297218503937008
0
LINE
8
BLACK
6
CONTINUOUS
10
0.6878893307086614
20
0.5297218503937008
11
0.6901995275590551
21
0.531827874015748
0
LINE
8
BLACK
6
CONTINUOUS
10
0.6901995275590551
20
0.531827874015748
11
0.6924449606299212
21
0.5340733070866142
0
LINE
8
BLACK
6
CONTINUOUS
10
0.6924449606299212
20
0.5340733070866142
11
0.6933835826771654
21
0.5347305118110236
0
LINE
8
BLACK
6
CONTINUOUS
10
0.6933835826771654
20
0.5347305118110236
11
0.6943322047244095
21
0.53559531496063
0
LINE
8
BLACK
6
CONTINUOUS
10
0.6943322047244095
20
0.53559531496063
11
0.6968070866141732
21
0.5371276771653544
0
LINE
8
BLACK
6
CONTINUOUS
10
0.6968070866141732
20
0.5371276771653544
11
0.6991885433070866
21
0.5387951968503937
0
LINE
8
BLACK
6
CONTINUOUS
10
0.6991885433070866
20
0.5387951968503937
11
0.7004509448818897
21
0.5393838582677165
0
LINE
8
BLACK
6
CONTINUOUS
10
0.7004509448818897
20
0.5393838582677165
11
0.7017446456692913
21
0.5401848818897638
0
LINE
8
BLACK
6
CONTINUOUS
10
0.7017446456692913
20
0.5401848818897638
11
0.7042508267716535
21
0.5411557874015748
0
LINE
8
BLACK
6
CONTINUOUS
10
0.7042508267716535
20
0.5411557874015748
11
0.7066497244094488
21
0.5422744094488189
0
LINE
8
BLACK
6
CONTINUOUS
10
0.7066497244094488
20
0.5422744094488189
11
0.7082342519685039
21
0.5426989763779527
0
LINE
8
BLACK
6
CONTINUOUS
10
0.7082342519685039
20
0.5426989763779527
11
0.7098741732283465
21
0.5433342913385827
0
LINE
8
BLACK
6
CONTINUOUS
10
0.7098741732283465
20
0.5433342913385827
11
0.7122921653543307
21
0.5437862598425197
0
LINE
8
BLACK
6
CONTINUOUS
10
0.7122921653543307
20
0.5437862598425197
11
0.714602125984252
21
0.5444052362204724
0
LINE
8
BLACK
6
CONTINUOUS
10
0.714602125984252
20
0.5444052362204724
11
0.7164840944881889
21
0.5445698818897637
0
LINE
8
BLACK
6
CONTINUOUS
10
0.7164840944881889
20
0.5445698818897637
11
0.7184440157480315
21
0.5449362598425197
0
LINE
8
BLACK
6
CONTINUOUS
10
0.7184440157480315
20
0.5449362598425197
11
0.7206715748031496
21
0.5449362598425197
0
LINE
8
BLACK
6
CONTINUOUS
10
0.7206715748031496
20
0.5449362598425197
11
0.7228031496062992
21
0.5451227559055118
0
LINE
8
BLACK
6
CONTINUOUS
10
0.7228031496062992
20
0.5451227559055118
11
0.7249347244094488
21
0.5449362598425197
0
LINE
8
BLACK
6
CONTINUOUS
10
0.7249347244094488
20
0.5449362598425197
11
0.7271622834645669
21
0.5449362598425197
0
LINE
8
BLACK
6
CONTINUOUS
10
0.7271622834645669
20
0.5449362598425197
11
0.7291222047244095
21
0.5445698818897637
0
LINE
8
BLACK
6
CONTINUOUS
10
0.7291222047244095
20
0.5445698818897637
11
0.7310041338582677
21
0.5444052362204724
0
LINE
8
BLACK
6
CONTINUOUS
10
0.7310041338582677
20
0.5444052362204724
11
0.7333139763779527
21
0.5437862992125985
0
LINE
8
BLACK
6
CONTINUOUS
10
0.7333139763779527
20
0.5437862992125985
11
0.735732125984252
21
0.5433342913385827
0
LINE
8
BLACK
6
CONTINUOUS
10
0.735732125984252
20
0.5433342913385827
11
0.7373721259842519
21
0.542698937007874
0
LINE
8
BLACK
6
CONTINUOUS
10
0.7373721259842519
20
0.542698937007874
11
0.7389565354330708
21
0.5422744094488189
0
LINE
8
BLACK
6
CONTINUOUS
10
0.7389565354330708
20
0.5422744094488189
11
0.7413552755905511
21
0.5411558267716535
0
LINE
8
BLACK
6
CONTINUOUS
10
0.7413552755905511
20
0.5411558267716535
11
0.743861653543307
21
0.5401848818897638
0
LINE
8
BLACK
6
CONTINUOUS
10
0.743861653543307
20
0.5401848818897638
11
0.7451553149606299
21
0.5393838582677165
0
LINE
8
BLACK
6
CONTINUOUS
10
0.7451553149606299
20
0.5393838582677165
11
0.7464177559055118
21
0.5387951968503937
0
LINE
8
BLACK
6
CONTINUOUS
10
0.7464177559055118
20
0.5387951968503937
11
0.7487990551181102
21
0.5371277559055118
0
LINE
8
BLACK
6
CONTINUOUS
10
0.7487990551181102
20
0.5371277559055118
11
0.7512740944881889
21
0.53559531496063
0
LINE
8
BLACK
6
CONTINUOUS
10
0.7512740944881889
20
0.53559531496063
11
0.7522227952755906
21
0.5347304330708661
0
LINE
8
BLACK
6
CONTINUOUS
10
0.7522227952755906
20
0.5347304330708661
11
0.7531612992125984
21
0.5340733070866142
0
LINE
8
BLACK
6
CONTINUOUS
10
0.7531612992125984
20
0.5340733070866142
11
0.7554062992125984
21
0.5318282677165355
0
LINE
8
BLACK
6
CONTINUOUS
10
0.7554062992125984
20
0.5318282677165355
11
0.757716968503937
21
0.5297218503937008
0
LINE
8
BLACK
6
CONTINUOUS
10
0.757716968503937
20
0.5297218503937008
11
0.758346811023622
21
0.5288877559055118
0
LINE
8
BLACK
6
CONTINUOUS
10
0.758346811023622
20
0.5288877559055118
11
0.7589827559055118
21
0.5282518503937008
0
LINE
8
BLACK
6
CONTINUOUS
10
0.7589827559055118
20
0.5282518503937008
11
0.7609662598425196
21
0.5254190944881889
0
LINE
8
BLACK
6
CONTINUOUS
10
0.7609662598425196
20
0.5254190944881889
11
0.762970905511811
21
0.5227645275590551
0
LINE
8
BLACK
6
CONTINUOUS
10
0.762970905511811
20
0.5227645275590551
11
0.7633300787401575
21
0.5220431889763779
0
LINE
8
BLACK
6
CONTINUOUS
10
0.7633300787401575
20
0.5220431889763779
11
0.7637046456692913
21
0.5215082677165355
0
LINE
8
BLACK
6
CONTINUOUS
10
0.7637046456692913
20
0.5215082677165355
11
0.7652997244094488
21
0.5180875590551181
0
LINE
8
BLACK
6
CONTINUOUS
10
0.7652997244094488
20
0.5180875590551181
11
0.766856968503937
21
0.5149602362204724
0
LINE
8
BLACK
6
CONTINUOUS
10
0.766856968503937
20
0.5149602362204724
11
0.7670117716535433
21
0.5144160629921259
0
LINE
8
BLACK
6
CONTINUOUS
10
0.7670117716535433
20
0.5144160629921259
11
0.7671838582677165
21
0.5140470866141732
0
LINE
8
BLACK
6
CONTINUOUS
10
0.7671838582677165
20
0.5140470866141732
11
0.7682685039370079
21
0.5099990551181103
0
LINE
8
BLACK
6
CONTINUOUS
10
0.7682685039370079
20
0.5099990551181103
11
0.7692428346456692
21
0.5065747637795276
0
LINE
8
BLACK
6
CONTINUOUS
10
0.7692428346456692
20
0.5065747637795276
11
0.7692727952755906
21
0.5062510236220472
0
LINE
8
BLACK
6
CONTINUOUS
10
0.7692727952755906
20
0.5062510236220472
11
0.7697822047244094
21
0.5043500787401575
0
LINE
8
BLACK
6
CONTINUOUS
10
0.7697822047244094
20
0.5043500787401575
11
0.775824094488189
21
0.5043500787401575
0
LINE
8
BLACK
6
CONTINUOUS
10
0.775824094488189
20
0.5043500787401575
11
0.7763334645669291
21
0.5062511023622047
0
LINE
8
BLACK
6
CONTINUOUS
10
0.7763334645669291
20
0.5062511023622047
11
0.7763634645669291
21
0.5065747637795276
0
LINE
8
BLACK
6
CONTINUOUS
10
0.7763634645669291
20
0.5065747637795276
11
0.7773373622047244
21
0.5099976771653543
0
LINE
8
BLACK
6
CONTINUOUS
10
0.7773373622047244
20
0.5099976771653543
11
0.7784224015748031
21
0.5140470866141732
0
LINE
8
BLACK
6
CONTINUOUS
10
0.7784224015748031
20
0.5140470866141732
11
0.7785945275590551
21
0.5144162598425197
0
LINE
8
BLACK
6
CONTINUOUS
10
0.7785945275590551
20
0.5144162598425197
11
0.7787493307086614
21
0.5149602362204724
0
LINE
8
BLACK
6
CONTINUOUS
10
0.7787493307086614
20
0.5149602362204724
11
0.780305905511811
21
0.5180862992125984
0
LINE
8
BLACK
6
CONTINUOUS
10
0.780305905511811
20
0.5180862992125984
11
0.7819016141732283
21
0.5215082677165355
0
LINE
8
BLACK
6
CONTINUOUS
10
0.7819016141732283
20
0.5215082677165355
11
0.7822762992125984
21
0.5220433858267717
0
LINE
8
BLACK
6
CONTINUOUS
10
0.7822762992125984
20
0.5220433858267717
11
0.7826353937007874
21
0.5227645275590551
0
LINE
8
BLACK
6
CONTINUOUS
10
0.7826353937007874
20
0.5227645275590551
11
0.7846394881889763
21
0.5254183464566929
0
LINE
8
BLACK
6
CONTINUOUS
10
0.7846394881889763
20
0.5254183464566929
11
0.7866235039370079
21
0.5282518503937008
0
LINE
8
BLACK
6
CONTINUOUS
10
0.7866235039370079
20
0.5282518503937008
11
0.7872595669291338
21
0.5288879133858267
0
LINE
8
BLACK
6
CONTINUOUS
10
0.7872595669291338
20
0.5288879133858267
11
0.7878893307086614
21
0.5297218503937008
0
LINE
8
BLACK
6
CONTINUOUS
10
0.7878893307086614
20
0.5297218503937008
11
0.7901995275590551
21
0.531827874015748
0
LINE
8
BLACK
6
CONTINUOUS
10
0.7901995275590551
20
0.531827874015748
11
0.7924449606299212
21
0.5340733070866142
0
LINE
8
BLACK
6
CONTINUOUS
10
0.7924449606299212
20
0.5340733070866142
11
0.7933835826771654
21
0.5347305118110236
0
LINE
8
BLACK
6
CONTINUOUS
10
0.7933835826771654
20
0.5347305118110236
11
0.7943322047244095
21
0.53559531496063
0
LINE
8
BLACK
6
CONTINUOUS
10
0.7943322047244095
20
0.53559531496063
11
0.7968070866141732
21
0.5371276771653544
0
LINE
8
BLACK
6
CONTINUOUS
10
0.7968070866141732
20
0.5371276771653544
11
0.7991885433070866
21
0.5387951968503937
0
LINE
8
BLACK
6
CONTINUOUS
10
0.7991885433070866
20
0.5387951968503937
11
0.8004509448818897
21
0.5393838582677165
0
LINE
8
BLACK
6
CONTINUOUS
10
0.8004509448818897
20
0.5393838582677165
11
0.8017446456692913
21
0.5401848818897638
0
LINE
8
BLACK
6
CONTINUOUS
10
0.8017446456692913
20
0.5401848818897638
11
0.8042508267716535
21
0.5411557874015748
0
LINE
8
BLACK
6
CONTINUOUS
10
0.8042508267716535
20
0.5411557874015748
11
0.8066497244094488
21
0.5422744094488189
0
LINE
8
BLACK
6
CONTINUOUS
10
0.8066497244094488
20
0.5422744094488189
11
0.808234251968504
21
0.5426989763779527
0
LINE
8
BLACK
6
CONTINUOUS
10
0.808234251968504
20
0.5426989763779527
11
0.8098741732283464
21
0.5433342913385827
0
LINE
8
BLACK
6
CONTINUOUS
10
0.8098741732283464
20
0.5433342913385827
11
0.8122921653543307
21
0.5437862598425197
0
LINE
8
BLACK
6
CONTINUOUS
10
0.8122921653543307
20
0.5437862598425197
11
0.814602125984252
21
0.5444052362204724
0
LINE
8
BLACK
6
CONTINUOUS
10
0.814602125984252
20
0.5444052362204724
11
0.8164840944881889
21
0.5445698818897637
0
LINE
8
BLACK
6
CONTINUOUS
10
0.8164840944881889
20
0.5445698818897637
11
0.8184440157480315
21
0.5449362598425197
0
LINE
8
BLACK
6
CONTINUOUS
10
0.8184440157480315
20
0.5449362598425197
11
0.8206715748031496
21
0.5449362598425197
0
LINE
8
BLACK
6
CONTINUOUS
10
0.8206715748031496
20
0.5449362598425197
11
0.8228031496062992
21
0.5451227559055118
0
LINE
8
BLACK
6
CONTINUOUS
10
0.8228031496062992
20
0.5451227559055118
11
0.8249347244094488
21
0.5449362598425197
0
LINE
8
BLACK
6
CONTINUOUS
10
1.4249347244094488
20
0.5449362598425197
11
1.427162283464567
21
0.5449362598425197
0
LINE
8
BLACK
6
CONTINUOUS
10
1.427162283464567
20
0.5449362598425197
11
1.4291222047244094
21
0.5445698818897637
0
LINE
8
BLACK
6
CONTINUOUS
10
1.4291222047244094
20
0.5445698818897637
11
1.4310041338582677
21
0.5444052362204724
0
LINE
8
BLACK
6
CONTINUOUS
10
1.4310041338582677
20
0.5444052362204724
11
1.4333139763779528
21
0.5437862992125985
0
LINE
8
BLACK
6
CONTINUOUS
10
1.4333139763779528
20
0.5437862992125985
11
1.4357321259842519
21
0.5433342913385827
0
LINE
8
BLACK
6
CONTINUOUS
10
1.4357321259842519
20
0.5433342913385827
11
1.437372125984252
21
0.542698937007874
0
LINE
8
BLACK
6
CONTINUOUS
10
1.437372125984252
20
0.542698937007874
11
1.4389565354330709
21
0.5422744094488189
0
LINE
8
BLACK
6
CONTINUOUS
10
1.4389565354330709
20
0.5422744094488189
11
1.4413552755905512
21
0.5411558267716535
0
LINE
8
BLACK
6
CONTINUOUS
10
1.4413552755905512
20
0.5411558267716535
11
1.4438616535433071
21
0.5401848818897638
0
LINE
8
BLACK
6
CONTINUOUS
10
1.4438616535433071
20
0.5401848818897638
11
1.44515531496063
21
0.5393838582677165
0
LINE
8
BLACK
6
CONTINUOUS
10
1.44515531496063
20
0.5393838582677165
11
1.4464177559055118
21
0.5387951968503937
0
LINE
8
BLACK
6
CONTINUOUS
10
1.4464177559055118
20
0.5387951968503937
11
1.4487990551181102
21
0.5371277559055118
0
LINE
8
BLACK
6
CONTINUOUS
10
1.4487990551181102
20
0.5371277559055118
11
1.451274094488189
21
0.53559531496063
0
LINE
8
BLACK
6
CONTINUOUS
10
1.451274094488189
20
0.53559531496063
11
1.4522227952755906
21
0.5347304330708661
0
LINE
8
BLACK
6
CONTINUOUS
10
1.4522227952755906
20
0.5347304330708661
11
1.4531612992125984
21
0.5340733070866142
0
LINE
8
BLACK
6
CONTINUOUS
10
1.4531612992125984
20
0.5340733070866142
11
1.4554062992125985
21
0.5318282677165355
0
LINE
8
BLACK
6
CONTINUOUS
10
1.4554062992125985
20
0.5318282677165355
11
1.4577169685039371
21
0.5297218503937008
0
LINE
8
BLACK
6
CONTINUOUS
10
1.4577169685039371
20
0.5297218503937008
11
1.458346811023622
21
0.5288877559055118
0
LINE
8
BLACK
6
CONTINUOUS
10
1.458346811023622
20
0.5288877559055118
11
1.4589827559055117
21
0.5282518503937008
0
LINE
8
BLACK
6
CONTINUOUS
10
1.4589827559055117
20
0.5282518503937008
11
1.4609662598425197
21
0.5254190944881889
0
LINE
8
BLACK
6
CONTINUOUS
10
1.4609662598425197
20
0.5254190944881889
11
1.462970905511811
21
0.5227645275590551
0
LINE
8
BLACK
6
CONTINUOUS
10
1.462970905511811
20
0.5227645275590551
11
1.4633300787401575
21
0.5220431889763779
0
LINE
8
BLACK
6
CONTINUOUS
10
1.4633300787401575
20
0.5220431889763779
11
1.4637046456692913
21
0.5215082677165355
0
LINE
8
BLACK
6
CONTINUOUS
10
1.4637046456692913
20
0.5215082677165355
11
1.4652997244094488
21
0.5180875590551181
0
LINE
8
BLACK
6
CONTINUOUS
10
1.4652997244094488
20
0.5180875590551181
11
1.466856968503937
21
0.5149602362204724
0
LINE
8
BLACK
6
CONTINUOUS
10
1.466856968503937
20
0.5149602362204724
11
1.4670117716535434
21
0.5144160629921259
0
LINE
8
BLACK
6
CONTINUOUS
10
1.4670117716535434
20
0.5144160629921259
11
1.4671838582677166
21
0.5140470866141732
0
LINE
8
BLACK
6
CONTINUOUS
10
1.4671838582677166
20
0.5140470866141732
11
1.4682681102362205
21
0.5100004724409448
0
LINE
8
BLACK
6
CONTINUOUS
10
1.4682681102362205
20
0.5100004724409448
11
1.4692428346456692
21
0.5065747637795276
0
LINE
8
BLACK
6
CONTINUOUS
10
1.4692428346456692
20
0.5065747637795276
11
1.4692728346456692
21
0.5062507874015748
0
LINE
8
BLACK
6
CONTINUOUS
10
1.4692728346456692
20
0.5062507874015748
11
1.4693146850393701
21
0.5060946850393701
0
LINE
8
BLACK
6
CONTINUOUS
10
1.4693146850393701
20
0.5060946850393701
11
1.4697777165354331
21
0.5008022834645669
0
LINE
8
BLACK
6
CONTINUOUS
10
1.4697777165354331
20
0.5008022834645669
11
1.4700472440944881
21
0.4978937007874016
0
LINE
8
BLACK
6
CONTINUOUS
10
1.4700472440944881
20
0.4978937007874016
11
1.4697777165354331
21
0.4949853149606299
0
LINE
8
BLACK
6
CONTINUOUS
10
1.4697777165354331
20
0.4949853149606299
11
1.4693146850393701
21
0.4896926771653543
0
LINE
8
BLACK
6
CONTINUOUS
10
1.4693146850393701
20
0.4896926771653543
11
1.4692728346456692
21
0.4895365354330709
0
LINE
8
BLACK
6
CONTINUOUS
10
1.4692728346456692
20
0.4895365354330709
11
1.4692428346456692
21
0.4892126377952756
0
LINE
8
BLACK
6
CONTINUOUS
10
1.4692428346456692
20
0.4892126377952756
11
1.468268307086614
21
0.4857875196850394
0
LINE
8
BLACK
6
CONTINUOUS
10
1.468268307086614
20
0.4857875196850394
11
1.4671838582677166
21
0.4817402755905512
0
LINE
8
BLACK
6
CONTINUOUS
10
1.4671838582677166
20
0.4817402755905512
11
1.4670117322834646
21
0.4813711811023622
0
LINE
8
BLACK
6
CONTINUOUS
10
1.4670117322834646
20
0.4813711811023622
11
1.466856968503937
21
0.4808271653543307
0
LINE
8
BLACK
6
CONTINUOUS
10
1.466856968503937
20
0.4808271653543307
11
1.4653001574803148
21
0.4777007086614173
0
LINE
8
BLACK
6
CONTINUOUS
10
1.4653001574803148
20
0.4777007086614173
11
1.4637046456692913
21
0.4742790551181102
0
LINE
8
BLACK
6
CONTINUOUS
10
1.4637046456692913
20
0.4742790551181102
11
1.4633299212598425
21
0.4737438976377953
0
LINE
8
BLACK
6
CONTINUOUS
10
1.4633299212598425
20
0.4737438976377953
11
1.462970905511811
21
0.473022874015748
0
LINE
8
BLACK
6
CONTINUOUS
10
1.462970905511811
20
0.473022874015748
11
1.4609667716535433
21
0.4703690157480315
0
LINE
8
BLACK
6
CONTINUOUS
10
1.4609667716535433
20
0.4703690157480315
11
1.4589827559055117
21
0.4675355118110236
0
LINE
8
BLACK
6
CONTINUOUS
10
1.4589827559055117
20
0.4675355118110236
11
1.4583466929133857
21
0.4668994488188976
0
LINE
8
BLACK
6
CONTINUOUS
10
1.4583466929133857
20
0.4668994488188976
11
1.4577169685039371
21
0.4660655511811024
0
LINE
8
BLACK
6
CONTINUOUS
10
1.4577169685039371
20
0.4660655511811024
11
1.4554067322834645
21
0.4639594881889764
0
LINE
8
BLACK
6
CONTINUOUS
10
1.4554067322834645
20
0.4639594881889764
11
1.4531612992125984
21
0.4617140551181102
0
LINE
8
BLACK
6
CONTINUOUS
10
1.4531612992125984
20
0.4617140551181102
11
1.4522225984251969
21
0.4610567716535433
0
LINE
8
BLACK
6
CONTINUOUS
10
1.4522225984251969
20
0.4610567716535433
11
1.451274094488189
21
0.4601920866141732
0
LINE
8
BLACK
6
CONTINUOUS
10
1.451274094488189
20
0.4601920866141732
11
1.4487995669291338
21
0.4586599212598425
0
LINE
8
BLACK
6
CONTINUOUS
10
1.4487995669291338
20
0.4586599212598425
11
1.4464177559055118
21
0.4569921653543307
0
LINE
8
BLACK
6
CONTINUOUS
10
1.4464177559055118
20
0.4569921653543307
11
1.4451550787401575
21
0.4564033464566929
0
LINE
8
BLACK
6
CONTINUOUS
10
1.4451550787401575
20
0.4564033464566929
11
1.4438616535433071
21
0.4556025196850393
0
LINE
8
BLACK
6
CONTINUOUS
10
1.4438616535433071
20
0.4556025196850393
11
1.441355748031496
21
0.4546317322834645
0
LINE
8
BLACK
6
CONTINUOUS
10
1.441355748031496
20
0.4546317322834645
11
1.4389565354330709
21
0.4535129527559055
0
LINE
8
BLACK
6
CONTINUOUS
10
1.4389565354330709
20
0.4535129527559055
11
1.4373717716535432
21
0.4530883070866142
0
LINE
8
BLACK
6
CONTINUOUS
10
1.4373717716535432
20
0.4530883070866142
11
1.4357321259842519
21
0.4524531102362205
0
LINE
8
BLACK
6
CONTINUOUS
10
1.4357321259842519
20
0.4524531102362205
11
1.4333144488188976
21
0.4520011417322835
0
LINE
8
BLACK
6
CONTINUOUS
10
1.4333144488188976
20
0.4520011417322835
11
1.4310041338582677
21
0.451382125984252
0
LINE
8
BLACK
6
CONTINUOUS
10
1.4310041338582677
20
0.451382125984252
11
1.4291217716535434
21
0.4512174015748031
0
LINE
8
BLACK
6
CONTINUOUS
10
1.4291217716535434
20
0.4512174015748031
11
1.427162283464567
21
0.4508511417322835
0
LINE
8
BLACK
6
CONTINUOUS
10
1.427162283464567
20
0.4508511417322835
11
1.4249351968503936
21
0.4508511417322835
0
LINE
8
BLACK
6
CONTINUOUS
10
1.4249351968503936
20
0.4508511417322835
11
1.4228031496062992
21
0.4506646062992126
0
LINE
8
BLACK
6
CONTINUOUS
10
1.4228031496062992
20
0.4506646062992126
11
1.4206711023622047
21
0.4508511417322835
0
LINE
8
BLACK
6
CONTINUOUS
10
1.4206711023622047
20
0.4508511417322835
11
1.4184440157480314
21
0.4508511417322835
0
LINE
8
BLACK
6
CONTINUOUS
10
1.4184440157480314
20
0.4508511417322835
11
1.4164844881889764
21
0.4512174015748031
0
LINE
8
BLACK
6
CONTINUOUS
10
1.4164844881889764
20
0.4512174015748031
11
1.4146021259842518
21
0.451382125984252
0
LINE
8
BLACK
6
CONTINUOUS
10
1.4146021259842518
20
0.451382125984252
11
1.412291653543307
21
0.4520011811023622
0
LINE
8
BLACK
6
CONTINUOUS
10
1.412291653543307
20
0.4520011811023622
11
1.4098741732283464
21
0.4524531102362205
0
LINE
8
BLACK
6
CONTINUOUS
10
1.4098741732283464
20
0.4524531102362205
11
1.4082345669291338
21
0.4530882677165354
0
LINE
8
BLACK
6
CONTINUOUS
10
1.4082345669291338
20
0.4530882677165354
11
1.4066497244094487
21
0.4535129527559055
0
LINE
8
BLACK
6
CONTINUOUS
10
1.4066497244094487
20
0.4535129527559055
11
1.404250275590551
21
0.454631811023622
0
LINE
8
BLACK
6
CONTINUOUS
10
1.404250275590551
20
0.454631811023622
11
1.4017446456692912
21
0.4556025196850393
0
LINE
8
BLACK
6
CONTINUOUS
10
1.4017446456692912
20
0.4556025196850393
11
1.4004512992125984
21
0.4564032677165354
0
LINE
8
BLACK
6
CONTINUOUS
10
1.4004512992125984
20
0.4564032677165354
11
1.3991885039370078
21
0.4569921653543307
0
LINE
8
BLACK
6
CONTINUOUS
10
1.3991885039370078
20
0.4569921653543307
11
1.396806377952756
21
0.4586601181102362
0
LINE
8
BLACK
6
CONTINUOUS
10
1.396806377952756
20
0.4586601181102362
11
1.3943322047244093
21
0.4601920866141732
0
LINE
8
BLACK
6
CONTINUOUS
10
1.3943322047244093
20
0.4601920866141732
11
1.393383779527559
21
0.461056653543307
0
LINE
8
BLACK
6
CONTINUOUS
10
1.393383779527559
20
0.461056653543307
11
1.3924449606299212
21
0.4617140551181102
0
LINE
8
BLACK
6
CONTINUOUS
10
1.3924449606299212
20
0.4617140551181102
11
1.390199094488189
21
0.4639598818897638
0
LINE
8
BLACK
6
CONTINUOUS
10
1.390199094488189
20
0.4639598818897638
11
1.3878893307086615
21
0.4660655511811024
0
LINE
8
BLACK
6
CONTINUOUS
10
1.3878893307086615
20
0.4660655511811024
11
1.3872596850393701
21
0.4668992913385827
0
LINE
8
BLACK
6
CONTINUOUS
10
1.3872596850393701
20
0.4668992913385827
11
1.3866235039370078
21
0.4675355118110236
0
LINE
8
BLACK
6
CONTINUOUS
10
1.3866235039370078
20
0.4675355118110236
11
1.384638937007874
21
0.4703697244094488
0
LINE
8
BLACK
6
CONTINUOUS
10
1.384638937007874
20
0.4703697244094488
11
1.3826353937007874
21
0.473022874015748
0
LINE
8
BLACK
6
CONTINUOUS
10
1.3826353937007874
20
0.473022874015748
11
1.3822764173228346
21
0.4737437401574803
0
LINE
8
BLACK
6
CONTINUOUS
10
1.3822764173228346
20
0.4737437401574803
11
1.3819016141732283
21
0.4742790551181102
0
LINE
8
BLACK
6
CONTINUOUS
10
1.3819016141732283
20
0.4742790551181102
11
1.3803054724409449
21
0.477701968503937
0
LINE
8
BLACK
6
CONTINUOUS
10
1.3803054724409449
20
0.477701968503937
11
1.3787493307086613
21
0.4808271653543307
0
LINE
8
BLACK
6
CONTINUOUS
10
1.3787493307086613
20
0.4808271653543307
11
1.3785945669291337
21
0.4813709842519685
0
LINE
8
BLACK
6
CONTINUOUS
10
1.3785945669291337
20
0.4813709842519685
11
1.3784224015748032
21
0.4817402755905512
0
LINE
8
BLACK
6
CONTINUOUS
10
1.3784224015748032
20
0.4817402755905512
11
1.3773371653543307
21
0.4857903149606299
0
LINE
8
BLACK
6
CONTINUOUS
10
1.3773371653543307
20
0.4857903149606299
11
1.3763634645669292
21
0.4892126377952756
0
LINE
8
BLACK
6
CONTINUOUS
10
1.3763634645669292
20
0.4892126377952756
11
1.3763334645669292
21
0.4895362204724409
0
LINE
8
BLACK
6
CONTINUOUS
10
1.3763334645669292
20
0.4895362204724409
11
1.375824094488189
21
0.4914372834645669
0
LINE
8
BLACK
6
CONTINUOUS
10
1.375824094488189
20
0.4914372834645669
11
1.3697822047244095
21
0.4914372834645669
0
LINE
8
BLACK
6
CONTINUOUS
10
1.3697822047244095
20
0.4914372834645669
11
1.3692727952755905
21
0.4895362598425197
0
LINE
8
BLACK
6
CONTINUOUS
10
1.3692727952755905
20
0.4895362598425197
11
1.3692428346456693
21
0.4892126377952756
0
LINE
8
BLACK
6
CONTINUOUS
10
1.3692428346456693
20
0.4892126377952756
11
1.3682687007874015
21
0.485788937007874
0
LINE
8
BLACK
6
CONTINUOUS
10
1.3682687007874015
20
0.485788937007874
11
1.3671838582677165
21
0.4817402755905512
0
LINE
8
BLACK
6
CONTINUOUS
10
1.3671838582677165
20
0.4817402755905512
11
1.3670117322834645
21
0.4813711811023622
0
LINE
8
BLACK
6
CONTINUOUS
10
1.3670117322834645
20
0.4813711811023622
11
1.3668569685039369
21
0.4808271653543307
0
LINE
8
BLACK
6
CONTINUOUS
10
1.3668569685039369
20
0.4808271653543307
11
1.365300157480315
21
0.4777007086614173
0
LINE
8
BLACK
6
CONTINUOUS
10
1.365300157480315
20
0.4777007086614173
11
1.3637046456692914
21
0.4742790551181102
0
LINE
8
BLACK
6
CONTINUOUS
10
1.3637046456692914
20
0.4742790551181102
11
1.3633299212598424
21
0.4737438976377953
0
LINE
8
BLACK
6
CONTINUOUS
10
1.3633299212598424
20
0.4737438976377953
11
1.3629709055118109
21
0.473022874015748
0
LINE
8
BLACK
6
CONTINUOUS
10
1.3629709055118109
20
0.473022874015748
11
1.3609667716535432
21
0.4703690157480315
0
LINE
8
BLACK
6
CONTINUOUS
10
1.3609667716535432
20
0.4703690157480315
11
1.3589827559055119
21
0.4675355118110236
0
LINE
8
BLACK
6
CONTINUOUS
10
1.3589827559055119
20
0.4675355118110236
11
1.3583466929133858
21
0.4668994488188976
0
LINE
8
BLACK
6
CONTINUOUS
10
1.3583466929133858
20
0.4668994488188976
11
1.357716968503937
21
0.4660655511811024
0
LINE
8
BLACK
6
CONTINUOUS
10
1.357716968503937
20
0.4660655511811024
11
1.3554067322834646
21
0.4639594881889764
0
LINE
8
BLACK
6
CONTINUOUS
10
1.3554067322834646
20
0.4639594881889764
11
1.3531612992125983
21
0.4617140551181102
0
LINE
8
BLACK
6
CONTINUOUS
10
1.3531612992125983
20
0.4617140551181102
11
1.3522225984251968
21
0.4610567716535433
0
LINE
8
BLACK
6
CONTINUOUS
10
1.3522225984251968
20
0.4610567716535433
11
1.3512740944881889
21
0.4601920866141732
0
LINE
8
BLACK
6
CONTINUOUS
10
1.3512740944881889
20
0.4601920866141732
11
1.3487995669291337
21
0.4586599212598425
0
LINE
8
BLACK
6
CONTINUOUS
10
1.3487995669291337
20
0.4586599212598425
11
1.3464177559055117
21
0.4569921653543307
0
LINE
8
BLACK
6
CONTINUOUS
10
1.3464177559055117
20
0.4569921653543307
11
1.3451550787401574
21
0.4564033464566929
0
LINE
8
BLACK
6
CONTINUOUS
10
1.3451550787401574
20
0.4564033464566929
11
1.343861653543307
21
0.4556025196850393
0
LINE
8
BLACK
6
CONTINUOUS
10
1.343861653543307
20
0.4556025196850393
11
1.3413557480314959
21
0.4546317322834645
0
LINE
8
BLACK
6
CONTINUOUS
10
1.3413557480314959
20
0.4546317322834645
11
1.3389565354330708
21
0.4535129527559055
0
LINE
8
BLACK
6
CONTINUOUS
10
1.3389565354330708
20
0.4535129527559055
11
1.3373717716535434
21
0.4530883070866142
0
LINE
8
BLACK
6
CONTINUOUS
10
1.3373717716535434
20
0.4530883070866142
11
1.3357321259842518
21
0.4524531102362205
0
LINE
8
BLACK
6
CONTINUOUS
10
1.3357321259842518
20
0.4524531102362205
11
1.3333144488188977
21
0.4520011417322835
0
LINE
8
BLACK
6
CONTINUOUS
10
1.3333144488188977
20
0.4520011417322835
11
1.3310041338582677
21
0.451382125984252
0
LINE
8
BLACK
6
CONTINUOUS
10
1.3310041338582677
20
0.451382125984252
11
1.3291217716535433
21
0.4512174015748031
0
LINE
8
BLACK
6
CONTINUOUS
10
1.3291217716535433
20
0.4512174015748031
11
1.3271622834645669
21
0.4508511417322835
0
LINE
8
BLACK
6
CONTINUOUS
10
1.3271622834645669
20
0.4508511417322835
11
1.3249351968503937
21
0.4508511417322835
0
LINE
8
BLACK
6
CONTINUOUS
10
1.3249351968503937
20
0.4508511417322835
11
1.3228031496062991
21
0.4506646062992126
0
LINE
8
BLACK
6
CONTINUOUS
10
1.3228031496062991
20
0.4506646062992126
11
1.3206711023622046
21
0.4508511417322835
0
LINE
8
BLACK
6
CONTINUOUS
10
1.3206711023622046
20
0.4508511417322835
11
1.3184440157480315
21
0.4508511417322835
0
LINE
8
BLACK
6
CONTINUOUS
10
1.3184440157480315
20
0.4508511417322835
11
1.3164844881889763
21
0.4512174015748031
0
LINE
8
BLACK
6
CONTINUOUS
10
1.3164844881889763
20
0.4512174015748031
11
1.314602125984252
21
0.451382125984252
0
LINE
8
BLACK
6
CONTINUOUS
10
1.314602125984252
20
0.451382125984252
11
1.3122916535433071
21
0.4520011811023622
0
LINE
8
BLACK
6
CONTINUOUS
10
1.3122916535433071
20
0.4520011811023622
11
1.3098741732283463
21
0.4524531102362205
0
LINE
8
BLACK
6
CONTINUOUS
10
1.3098741732283463
20
0.4524531102362205
11
1.3082345669291338
21
0.4530882677165354
0
LINE
8
BLACK
6
CONTINUOUS
10
1.3082345669291338
20
0.4530882677165354
11
1.3066497244094488
21
0.4535129527559055
0
LINE
8
BLACK
6
CONTINUOUS
10
1.3066497244094488
20
0.4535129527559055
11
1.3042502755905512
21
0.454631811023622
0
LINE
8
BLACK
6
CONTINUOUS
10
1.3042502755905512
20
0.454631811023622
11
1.3017446456692914
21
0.4556025196850393
0
LINE
8
BLACK
6
CONTINUOUS
10
1.3017446456692914
20
0.4556025196850393
11
1.3004512992125985
21
0.4564032677165354
0
LINE
8
BLACK
6
CONTINUOUS
10
1.3004512992125985
20
0.4564032677165354
11
1.2991885039370079
21
0.4569921653543307
0
LINE
8
BLACK
6
CONTINUOUS
10
1.2991885039370079
20
0.4569921653543307
11
1.2968063779527559
21
0.4586601181102362
0
LINE
8
BLACK
6
CONTINUOUS
10
1.2968063779527559
20
0.4586601181102362
11
1.2943322047244095
21
0.4601920866141732
0
LINE
8
BLACK
6
CONTINUOUS
10
1.2943322047244095
20
0.4601920866141732
11
1.2933837795275591
21
0.461056653543307
0
LINE
8
BLACK
6
CONTINUOUS
10
1.2933837795275591
20
0.461056653543307
11
1.2924449606299213
21
0.4617140551181102
0
LINE
8
BLACK
6
CONTINUOUS
10
1.2924449606299213
20
0.4617140551181102
11
1.2901990944881889
21
0.4639598818897638
0
LINE
8
BLACK
6
CONTINUOUS
10
1.2901990944881889
20
0.4639598818897638
11
1.2878893307086614
21
0.4660655511811024
0
LINE
8
BLACK
6
CONTINUOUS
10
1.2878893307086614
20
0.4660655511811024
11
1.28725968503937
21
0.4668992913385827
0
LINE
8
BLACK
6
CONTINUOUS
10
1.28725968503937
20
0.4668992913385827
11
1.2866235039370078
21
0.4675355118110236
0
LINE
8
BLACK
6
CONTINUOUS
10
1.2866235039370078
20
0.4675355118110236
11
1.2846389370078739
21
0.4703697244094488
0
LINE
8
BLACK
6
CONTINUOUS
10
1.2846389370078739
20
0.4703697244094488
11
1.2826353937007873
21
0.473022874015748
0
LINE
8
BLACK
6
CONTINUOUS
10
1.2826353937007873
20
0.473022874015748
11
1.2822764173228347
21
0.4737437401574803
0
LINE
8
BLACK
6
CONTINUOUS
10
1.2822764173228347
20
0.4737437401574803
11
1.2819016141732282
21
0.4742790551181102
0
LINE
8
BLACK
6
CONTINUOUS
10
1.2819016141732282
20
0.4742790551181102
11
1.2803054724409448
21
0.477701968503937
0
LINE
8
BLACK
6
CONTINUOUS
10
1.2803054724409448
20
0.477701968503937
11
1.2787493307086615
21
0.4808271653543307
0
LINE
8
BLACK
6
CONTINUOUS
10
1.2787493307086615
20
0.4808271653543307
11
1.2785945669291339
21
0.4813709842519685
0
LINE
8
BLACK
6
CONTINUOUS
10
1.2785945669291339
20
0.4813709842519685
11
1.2784224015748031
21
0.4817402755905512
0
LINE
8
BLACK
6
CONTINUOUS
10
1.2784224015748031
20
0.4817402755905512
11
1.2773371653543306
21
0.4857903149606299
0
LINE
8
BLACK
6
CONTINUOUS
10
1.2773371653543306
20
0.4857903149606299
11
1.2763634645669291
21
0.4892126377952756
0
LINE
8
BLACK
6
CONTINUOUS
10
1.2763634645669291
20
0.4892126377952756
11
1.2763334645669291
21
0.4895362204724409
0
LINE
8
BLACK
6
CONTINUOUS
10
1.2763334645669291
20
0.4895362204724409
11
1.2758240944881889
21
0.4914372834645669
0
LINE
8
BLACK
6
CONTINUOUS
10
1.2758240944881889
20
0.4914372834645669
11
1.2697822047244094
21
0.4914372834645669
0
LINE
8
BLACK
6
CONTINUOUS
10
1.2697822047244094
20
0.4914372834645669
11
1.2692727952755904
21
0.4895362598425197
0
LINE
8
BLACK
6
CONTINUOUS
10
1.2692727952755904
20
0.4895362598425197
11
1.2692428346456692
21
0.4892126377952756
0
LINE
8
BLACK
6
CONTINUOUS
10
1.2692428346456692
20
0.4892126377952756
11
1.2682687007874016
21
0.485788937007874
0
LINE
8
BLACK
6
CONTINUOUS
10
1.2682687007874016
20
0.485788937007874
11
1.2671838582677164
21
0.4817402755905512
0
LINE
8
BLACK
6
CONTINUOUS
10
1.2671838582677164
20
0.4817402755905512
11
1.2670117322834646
21
0.4813711811023622
0
LINE
8
BLACK
6
CONTINUOUS
10
1.2670117322834646
20
0.4813711811023622
11
1.266856968503937
21
0.4808271653543307
0
LINE
8
BLACK
6
CONTINUOUS
10
1.266856968503937
20
0.4808271653543307
11
1.2653001574803149
21
0.4777007086614173
0
LINE
8
BLACK
6
CONTINUOUS
10
1.2653001574803149
20
0.4777007086614173
11
1.2637046456692913
21
0.4742790551181102
0
LINE
8
BLACK
6
CONTINUOUS
10
1.2637046456692913
20
0.4742790551181102
11
1.2633299212598426
21
0.4737438976377953
0
LINE
8
BLACK
6
CONTINUOUS
10
1.2633299212598426
20
0.4737438976377953
11
1.262970905511811
21
0.473022874015748
0
LINE
8
BLACK
6
CONTINUOUS
10
1.262970905511811
20
0.473022874015748
11
1.2609667716535433
21
0.4703690157480315
0
LINE
8
BLACK
6
CONTINUOUS
10
1.2609667716535433
20
0.4703690157480315
11
1.2589827559055118
21
0.4675355118110236
0
LINE
8
BLACK
6
CONTINUOUS
10
1.2589827559055118
20
0.4675355118110236
11
1.2583466929133857
21
0.4668994488188976
0
LINE
8
BLACK
6
CONTINUOUS
10
1.2583466929133857
20
0.4668994488188976
11
1.2577169685039369
21
0.4660655511811024
0
LINE
8
BLACK
6
CONTINUOUS
10
1.2577169685039369
20
0.4660655511811024
11
1.2554067322834646
21
0.4639594881889764
0
LINE
8
BLACK
6
CONTINUOUS
10
1.2554067322834646
20
0.4639594881889764
11
1.2531612992125984
21
0.4617140551181102
0
LINE
8
BLACK
6
CONTINUOUS
10
1.2531612992125984
20
0.4617140551181102
11
1.2522225984251969
21
0.4610567716535433
0
LINE
8
BLACK
6
CONTINUOUS
10
1.2522225984251969
20
0.4610567716535433
11
1.251274094488189
21
0.4601920866141732
0
LINE
8
BLACK
6
CONTINUOUS
10
1.251274094488189
20
0.4601920866141732
11
1.2487995669291339
21
0.4586599212598425
0
LINE
8
BLACK
6
CONTINUOUS
10
1.2487995669291339
20
0.4586599212598425
11
1.2464177559055118
21
0.4569921653543307
0
LINE
8
BLACK
6
CONTINUOUS
10
1.2464177559055118
20
0.4569921653543307
11
1.2451550787401575
21
0.4564033464566929
0
LINE
8
BLACK
6
CONTINUOUS
10
1.2451550787401575
20
0.4564033464566929
11
1.2438616535433071
21
0.4556025196850393
0
LINE
8
BLACK
6
CONTINUOUS
10
1.2438616535433071
20
0.4556025196850393
11
1.2413557480314961
21
0.4546317322834645
0
LINE
8
BLACK
6
CONTINUOUS
10
1.2413557480314961
20
0.4546317322834645
11
1.2389565354330709
21
0.4535129527559055
0
LINE
8
BLACK
6
CONTINUOUS
10
1.2389565354330709
20
0.4535129527559055
11
1.2373717716535433
21
0.4530883070866142
0
LINE
8
BLACK
6
CONTINUOUS
10
1.2373717716535433
20
0.4530883070866142
11
1.235732125984252
21
0.4524531102362205
0
LINE
8
BLACK
6
CONTINUOUS
10
1.235732125984252
20
0.4524531102362205
11
1.2333144488188976
21
0.4520011417322835
0
LINE
8
BLACK
6
CONTINUOUS
10
1.2333144488188976
20
0.4520011417322835
11
1.2310041338582678
21
0.451382125984252
0
LINE
8
BLACK
6
CONTINUOUS
10
1.2310041338582678
20
0.451382125984252
11
1.2291217716535432
21
0.4512174015748031
0
LINE
8
BLACK
6
CONTINUOUS
10
1.2291217716535432
20
0.4512174015748031
11
1.2271622834645668
21
0.4508511417322835
0
LINE
8
BLACK
6
CONTINUOUS
10
1.2271622834645668
20
0.4508511417322835
11
1.2249351968503936
21
0.4508511417322835
0
LINE
8
BLACK
6
CONTINUOUS
10
1.2249351968503936
20
0.4508511417322835
11
1.2228031496062992
21
0.4506646062992126
0
LINE
8
BLACK
6
CONTINUOUS
10
1.2228031496062992
20
0.4506646062992126
11
1.2206711023622048
21
0.4508511417322835
0
LINE
8
BLACK
6
CONTINUOUS
10
1.2206711023622048
20
0.4508511417322835
11
1.2184440157480314
21
0.4508511417322835
0
LINE
8
BLACK
6
CONTINUOUS
10
1.2184440157480314
20
0.4508511417322835
11
1.2164844881889763
21
0.4512174015748031
0
LINE
8
BLACK
6
CONTINUOUS
10
1.2164844881889763
20
0.4512174015748031
11
1.2146021259842519
21
0.451382125984252
0
LINE
8
BLACK
6
CONTINUOUS
10
1.2146021259842519
20
0.451382125984252
11
1.212291653543307
21
0.4520011811023622
0
LINE
8
BLACK
6
CONTINUOUS
10
1.212291653543307
20
0.4520011811023622
11
1.2098741732283465
21
0.4524531102362205
0
LINE
8
BLACK
6
CONTINUOUS
10
1.2098741732283465
20
0.4524531102362205
11
1.2082345669291339
21
0.4530882677165354
0
LINE
8
BLACK
6
CONTINUOUS
10
1.2082345669291339
20
0.4530882677165354
11
1.2066497244094487
21
0.4535129527559055
0
LINE
8
BLACK
6
CONTINUOUS
10
1.2066497244094487
20
0.4535129527559055
11
1.2042502755905511
21
0.454631811023622
0
LINE
8
BLACK
6
CONTINUOUS
10
1.2042502755905511
20
0.454631811023622
11
1.2017446456692913
21
0.4556025196850393
0
LINE
8
BLACK
6
CONTINUOUS
10
1.2017446456692913
20
0.4556025196850393
11
1.2004512992125984
21
0.4564032677165354
0
LINE
8
BLACK
6
CONTINUOUS
10
1.2004512992125984
20
0.4564032677165354
11
1.1991885039370078
21
0.4569921653543307
0
LINE
8
BLACK
6
CONTINUOUS
10
1.1991885039370078
20
0.4569921653543307
11
1.1968063779527558
21
0.4586601181102362
0
LINE
8
BLACK
6
CONTINUOUS
10
1.1968063779527558
20
0.4586601181102362
11
1.1943322047244094
21
0.4601920866141732
0
LINE
8
BLACK
6
CONTINUOUS
10
1.1943322047244094
20
0.4601920866141732
11
1.193383779527559
21
0.461056653543307
0
LINE
8
BLACK
6
CONTINUOUS
10
1.193383779527559
20
0.461056653543307
11
1.1924449606299212
21
0.4617140551181102
0
LINE
8
BLACK
6
CONTINUOUS
10
1.1924449606299212
20
0.4617140551181102
11
1.1901990944881891
21
0.4639598818897638
0
LINE
8
BLACK
6
CONTINUOUS
10
1.1901990944881891
20
0.4639598818897638
11
1.1878893307086613
21
0.4660655511811024
0
LINE
8
BLACK
6
CONTINUOUS
10
1.1878893307086613
20
0.4660655511811024
11
1.18725968503937
21
0.4668992913385827
0
LINE
8
BLACK
6
CONTINUOUS
10
1.18725968503937
20
0.4668992913385827
11
1.1866235039370079
21
0.4675355118110236
0
LINE
8
BLACK
6
CONTINUOUS
10
1.1866235039370079
20
0.4675355118110236
11
1.184638937007874
21
0.4703697244094488
0
LINE
8
BLACK
6
CONTINUOUS
10
1.184638937007874
20
0.4703697244094488
11
1.1826353937007874
21
0.473022874015748
0
LINE
8
BLACK
6
CONTINUOUS
10
1.1826353937007874
20
0.473022874015748
11
1.1822764173228346
21
0.4737437401574803
0
LINE
8
BLACK
6
CONTINUOUS
10
1.1822764173228346
20
0.4737437401574803
11
1.1819016141732284
21
0.4742790551181102
0
LINE
8
BLACK
6
CONTINUOUS
10
1.1819016141732284
20
0.4742790551181102
11
1.1803054724409447
21
0.477701968503937
0
LINE
8
BLACK
6
CONTINUOUS
10
1.1803054724409447
20
0.477701968503937
11
1.1787493307086614
21
0.4808271653543307
0
LINE
8
BLACK
6
CONTINUOUS
10
1.1787493307086614
20
0.4808271653543307
11
1.1785945669291338
21
0.4813709842519685
0
LINE
8
BLACK
6
CONTINUOUS
10
1.1785945669291338
20
0.4813709842519685
11
1.178422401574803
21
0.4817402755905512
0
LINE
8
BLACK
6
CONTINUOUS
10
1.178422401574803
20
0.4817402755905512
11
1.177337283464567
21
0.4857898818897637
0
LINE
8
BLACK
6
CONTINUOUS
10
1.177337283464567
20
0.4857898818897637
11
1.1763634645669292
21
0.4892126377952756
0
LINE
8
BLACK
6
CONTINUOUS
10
1.1763634645669292
20
0.4892126377952756
11
1.176333464566929
21
0.4895362992125984
0
LINE
8
BLACK
6
CONTINUOUS
10
1.176333464566929
20
0.4895362992125984
11
1.1762915748031495
21
0.4896926771653543
0
LINE
8
BLACK
6
CONTINUOUS
10
1.1762915748031495
20
0.4896926771653543
11
1.1758278346456692
21
0.4949929133858267
0
LINE
8
BLACK
6
CONTINUOUS
10
1.1758278346456692
20
0.4949929133858267
11
1.1755590551181103
21
0.4978937007874016
0
LINE
8
BLACK
6
CONTINUOUS
10
1.1755590551181103
20
0.4978937007874016
11
1.1758278346456692
21
0.5007946850393701
0
LINE
8
BLACK
6
CONTINUOUS
10
1.1758278346456692
20
0.5007946850393701
11
1.1762915748031495
21
0.5060946850393701
0
LINE
8
BLACK
6
CONTINUOUS
10
1.1762915748031495
20
0.5060946850393701
11
1.176333464566929
21
0.5062510236220472
0
LINE
8
BLACK
6
CONTINUOUS
10
1.176333464566929
20
0.5062510236220472
11
1.1763634645669292
21
0.5065747637795276
0
LINE
8
BLACK
6
CONTINUOUS
10
1.1763634645669292
20
0.5065747637795276
11
1.1773374803149605
21
0.5099981102362204
0
LINE
8
BLACK
6
CONTINUOUS
10
1.1773374803149605
20
0.5099981102362204
11
1.178422401574803
21
0.5140470866141732
0
LINE
8
BLACK
6
CONTINUOUS
10
1.178422401574803
20
0.5140470866141732
11
1.178594527559055
21
0.5144162598425197
0
LINE
8
BLACK
6
CONTINUOUS
10
1.178594527559055
20
0.5144162598425197
11
1.1787493307086614
21
0.5149602362204724
0
LINE
8
BLACK
6
CONTINUOUS
10
1.1787493307086614
20
0.5149602362204724
11
1.180305905511811
21
0.5180862992125984
0
LINE
8
BLACK
6
CONTINUOUS
10
1.180305905511811
20
0.5180862992125984
11
1.1819016141732284
21
0.5215082677165355
0
LINE
8
BLACK
6
CONTINUOUS
10
1.1819016141732284
20
0.5215082677165355
11
1.1822762992125984
21
0.5220433858267717
0
LINE
8
BLACK
6
CONTINUOUS
10
1.1822762992125984
20
0.5220433858267717
11
1.1826353937007874
21
0.5227645275590551
0
LINE
8
BLACK
6
CONTINUOUS
10
1.1826353937007874
20
0.5227645275590551
11
1.1846394881889764
21
0.5254183464566929
0
LINE
8
BLACK
6
CONTINUOUS
10
1.1846394881889764
20
0.5254183464566929
11
1.1866235039370079
21
0.5282518503937008
0
LINE
8
BLACK
6
CONTINUOUS
10
1.1866235039370079
20
0.5282518503937008
11
1.1872595669291339
21
0.5288879133858267
0
LINE
8
BLACK
6
CONTINUOUS
10
1.1872595669291339
20
0.5288879133858267
11
1.1878893307086613
21
0.5297218503937008
0
LINE
8
BLACK
6
CONTINUOUS
10
1.1878893307086613
20
0.5297218503937008
11
1.1901995275590551
21
0.531827874015748
0
LINE
8
BLACK
6
CONTINUOUS
10
1.1901995275590551
20
0.531827874015748
11
1.1924449606299212
21
0.5340733070866142
0
LINE
8
BLACK
6
CONTINUOUS
10
1.1924449606299212
20
0.5340733070866142
11
1.1933835826771653
21
0.5347305118110236
0
LINE
8
BLACK
6
CONTINUOUS
10
1.1933835826771653
20
0.5347305118110236
11
1.1943322047244094
21
0.53559531496063
0
LINE
8
BLACK
6
CONTINUOUS
10
1.1943322047244094
20
0.53559531496063
11
1.1968070866141731
21
0.5371276771653544
0
LINE
8
BLACK
6
CONTINUOUS
10
1.1968070866141731
20
0.5371276771653544
11
1.1991885433070866
21
0.5387951968503937
0
LINE
8
BLACK
6
CONTINUOUS
10
1.1991885433070866
20
0.5387951968503937
11
1.2004509448818896
21
0.5393838582677165
0
LINE
8
BLACK
6
CONTINUOUS
10
1.2004509448818896
20
0.5393838582677165
11
1.2017446456692913
21
0.5401848818897638
0
LINE
8
BLACK
6
CONTINUOUS
10
1.2017446456692913
20
0.5401848818897638
11
1.2042508267716536
21
0.5411557874015748
0
LINE
8
BLACK
6
CONTINUOUS
10
1.2042508267716536
20
0.5411557874015748
11
1.2066497244094487
21
0.5422744094488189
0
LINE
8
BLACK
6
CONTINUOUS
10
1.2066497244094487
20
0.5422744094488189
11
1.2082342519685039
21
0.5426989763779527
0
LINE
8
BLACK
6
CONTINUOUS
10
1.2082342519685039
20
0.5426989763779527
11
1.2098741732283465
21
0.5433342913385827
0
LINE
8
BLACK
6
CONTINUOUS
10
1.2098741732283465
20
0.5433342913385827
11
1.2122921653543306
21
0.5437862598425197
0
LINE
8
BLACK
6
CONTINUOUS
10
1.2122921653543306
20
0.5437862598425197
11
1.2146021259842519
21
0.5444052362204724
0
LINE
8
BLACK
6
CONTINUOUS
10
1.2146021259842519
20
0.5444052362204724
11
1.2164840944881889
21
0.5445698818897637
0
LINE
8
BLACK
6
CONTINUOUS
10
1.2164840944881889
20
0.5445698818897637
11
1.2184440157480314
21
0.5449362598425197
0
LINE
8
BLACK
6
CONTINUOUS
10
1.2184440157480314
20
0.5449362598425197
11
1.2206715748031496
21
0.5449362598425197
0
LINE
8
BLACK
6
CONTINUOUS
10
1.2206715748031496
20
0.5449362598425197
11
1.2228031496062992
21
0.5451227559055118
0
LINE
8
BLACK
6
CONTINUOUS
10
1.2228031496062992
20
0.5451227559055118
11
1.2249347244094488
21
0.5449362598425197
0
LINE
8
BLACK
6
CONTINUOUS
10
1.2249347244094488
20
0.5449362598425197
11
1.2271622834645668
21
0.5449362598425197
0
LINE
8
BLACK
6
CONTINUOUS
10
1.2271622834645668
20
0.5449362598425197
11
1.2291222047244095
21
0.5445698818897637
0
LINE
8
BLACK
6
CONTINUOUS
10
1.2291222047244095
20
0.5445698818897637
11
1.2310041338582678
21
0.5444052362204724
0
LINE
8
BLACK
6
CONTINUOUS
10
1.2310041338582678
20
0.5444052362204724
11
1.2333139763779528
21
0.5437862992125985
0
LINE
8
BLACK
6
CONTINUOUS
10
1.2333139763779528
20
0.5437862992125985
11
1.235732125984252
21
0.5433342913385827
0
LINE
8
BLACK
6
CONTINUOUS
10
1.235732125984252
20
0.5433342913385827
11
1.2373721259842518
21
0.542698937007874
0
LINE
8
BLACK
6
CONTINUOUS
10
1.2373721259842518
20
0.542698937007874
11
1.2389565354330709
21
0.5422744094488189
0
LINE
8
BLACK
6
CONTINUOUS
10
1.2389565354330709
20
0.5422744094488189
11
1.2413552755905513
21
0.5411558267716535
0
LINE
8
BLACK
6
CONTINUOUS
10
1.2413552755905513
20
0.5411558267716535
11
1.2438616535433071
21
0.5401848818897638
0
LINE
8
BLACK
6
CONTINUOUS
10
1.2438616535433071
20
0.5401848818897638
11
1.2451553149606298
21
0.5393838582677165
0
LINE
8
BLACK
6
CONTINUOUS
10
1.2451553149606298
20
0.5393838582677165
11
1.2464177559055118
21
0.5387951968503937
0
LINE
8
BLACK
6
CONTINUOUS
10
1.2464177559055118
20
0.5387951968503937
11
1.2487990551181103
21
0.5371277559055118
0
LINE
8
BLACK
6
CONTINUOUS
10
1.2487990551181103
20
0.5371277559055118
11
1.251274094488189
21
0.53559531496063
0
LINE
8
BLACK
6
CONTINUOUS
10
1.251274094488189
20
0.53559531496063
11
1.2522227952755904
21
0.5347304330708661
0
LINE
8
BLACK
6
CONTINUOUS
10
1.2522227952755904
20
0.5347304330708661
11
1.2531612992125984
21
0.5340733070866142
0
LINE
8
BLACK
6
CONTINUOUS
10
1.2531612992125984
20
0.5340733070866142
11
1.2554062992125985
21
0.5318282677165355
0
LINE
8
BLACK
6
CONTINUOUS
10
1.2554062992125985
20
0.5318282677165355
11
1.2577169685039369
21
0.5297218503937008
0
LINE
8
BLACK
6
CONTINUOUS
10
1.2577169685039369
20
0.5297218503937008
11
1.258346811023622
21
0.5288877559055118
0
LINE
8
BLACK
6
CONTINUOUS
10
1.258346811023622
20
0.5288877559055118
11
1.2589827559055118
21
0.5282518503937008
0
LINE
8
BLACK
6
CONTINUOUS
10
1.2589827559055118
20
0.5282518503937008
11
1.2609662598425198
21
0.5254190944881889
0
LINE
8
BLACK
6
CONTINUOUS
10
1.2609662598425198
20
0.5254190944881889
11
1.262970905511811
21
0.5227645275590551
0
LINE
8
BLACK
6
CONTINUOUS
10
1.262970905511811
20
0.5227645275590551
11
1.2633300787401573
21
0.5220431889763779
0
LINE
8
BLACK
6
CONTINUOUS
10
1.2633300787401573
20
0.5220431889763779
11
1.2637046456692913
21
0.5215082677165355
0
LINE
8
BLACK
6
CONTINUOUS
10
1.2637046456692913
20
0.5215082677165355
11
1.2652997244094488
21
0.5180875590551181
0
LINE
8
BLACK
6
CONTINUOUS
10
1.2652997244094488
20
0.5180875590551181
11
1.266856968503937
21
0.5149602362204724
0
LINE
8
BLACK
6
CONTINUOUS
10
1.266856968503937
20
0.5149602362204724
11
1.2670117716535432
21
0.5144160629921259
0
LINE
8
BLACK
6
CONTINUOUS
10
1.2670117716535432
20
0.5144160629921259
11
1.2671838582677164
21
0.5140470866141732
0
LINE
8
BLACK
6
CONTINUOUS
10
1.2671838582677164
20
0.5140470866141732
11
1.2682685039370079
21
0.5099990551181103
0
LINE
8
BLACK
6
CONTINUOUS
10
1.2682685039370079
20
0.5099990551181103
11
1.2692428346456692
21
0.5065747637795276
0
LINE
8
BLACK
6
CONTINUOUS
10
1.2692428346456692
20
0.5065747637795276
11
1.2692727952755904
21
0.5062510236220472
0
LINE
8
BLACK
6
CONTINUOUS
10
1.2692727952755904
20
0.5062510236220472
11
1.2697822047244094
21
0.5043500787401575
0
LINE
8
BLACK
6
CONTINUOUS
10
1.2697822047244094
20
0.5043500787401575
11
1.2758240944881889
21
0.5043500787401575
0
LINE
8
BLACK
6
CONTINUOUS
10
1.2758240944881889
20
0.5043500787401575
11
1.2763334645669291
21
0.5062511023622047
0
LINE
8
BLACK
6
CONTINUOUS
10
1.2763334645669291
20
0.5062511023622047
11
1.2763634645669291
21
0.5065747637795276
0
LINE
8
BLACK
6
CONTINUOUS
10
1.2763634645669291
20
0.5065747637795276
11
1.2773373622047244
21
0.5099976771653543
0
LINE
8
BLACK
6
CONTINUOUS
10
1.2773373622047244
20
0.5099976771653543
11
1.2784224015748031
21
0.5140470866141732
0
LINE
8
BLACK
6
CONTINUOUS
10
1.2784224015748031
20
0.5140470866141732
11
1.2785945275590551
21
0.5144162598425197
0
LINE
8
BLACK
6
CONTINUOUS
10
1.2785945275590551
20
0.5144162598425197
11
1.2787493307086615
21
0.5149602362204724
0
LINE
8
BLACK
6
CONTINUOUS
10
1.2787493307086615
20
0.5149602362204724
11
1.2803059055118109
21
0.5180862992125984
0
LINE
8
BLACK
6
CONTINUOUS
10
1.2803059055118109
20
0.5180862992125984
11
1.2819016141732282
21
0.5215082677165355
0
LINE
8
BLACK
6
CONTINUOUS
10
1.2819016141732282
20
0.5215082677165355
11
1.2822762992125984
21
0.5220433858267717
0
LINE
8
BLACK
6
CONTINUOUS
10
1.2822762992125984
20
0.5220433858267717
11
1.2826353937007873
21
0.5227645275590551
0
LINE
8
BLACK
6
CONTINUOUS
10
1.2826353937007873
20
0.5227645275590551
11
1.2846394881889764
21
0.5254183464566929
0
LINE
8
BLACK
6
CONTINUOUS
10
1.2846394881889764
20
0.5254183464566929
11
1.2866235039370078
21
0.5282518503937008
0
LINE
8
BLACK
6
CONTINUOUS
10
1.2866235039370078
20
0.5282518503937008
11
1.2872595669291338
21
0.5288879133858267
0
LINE
8
BLACK
6
CONTINUOUS
10
1.2872595669291338
20
0.5288879133858267
11
1.2878893307086614
21
0.5297218503937008
0
LINE
8
BLACK
6
CONTINUOUS
10
1.2878893307086614
20
0.5297218503937008
11
1.290199527559055
21
0.531827874015748
0
LINE
8
BLACK
6
CONTINUOUS
10
1.290199527559055
20
0.531827874015748
11
1.2924449606299213
21
0.5340733070866142
0
LINE
8
BLACK
6
CONTINUOUS
10
1.2924449606299213
20
0.5340733070866142
11
1.2933835826771654
21
0.5347305118110236
0
LINE
8
BLACK
6
CONTINUOUS
10
1.2933835826771654
20
0.5347305118110236
11
1.2943322047244095
21
0.53559531496063
0
LINE
8
BLACK
6
CONTINUOUS
10
1.2943322047244095
20
0.53559531496063
11
1.2968070866141732
21
0.5371276771653544
0
LINE
8
BLACK
6
CONTINUOUS
10
1.2968070866141732
20
0.5371276771653544
11
1.2991885433070867
21
0.5387951968503937
0
LINE
8
BLACK
6
CONTINUOUS
10
1.2991885433070867
20
0.5387951968503937
11
1.3004509448818897
21
0.5393838582677165
0
LINE
8
BLACK
6
CONTINUOUS
10
1.3004509448818897
20
0.5393838582677165
11
1.3017446456692914
21
0.5401848818897638
0
LINE
8
BLACK
6
CONTINUOUS
10
1.3017446456692914
20
0.5401848818897638
11
1.3042508267716535
21
0.5411557874015748
0
LINE
8
BLACK
6
CONTINUOUS
10
1.3042508267716535
20
0.5411557874015748
11
1.3066497244094488
21
0.5422744094488189
0
LINE
8
BLACK
6
CONTINUOUS
10
1.3066497244094488
20
0.5422744094488189
11
1.308234251968504
21
0.5426989763779527
0
LINE
8
BLACK
6
CONTINUOUS
10
1.308234251968504
20
0.5426989763779527
11
1.3098741732283463
21
0.5433342913385827
0
LINE
8
BLACK
6
CONTINUOUS
10
1.3098741732283463
20
0.5433342913385827
11
1.3122921653543307
21
0.5437862598425197
0
LINE
8
BLACK
6
CONTINUOUS
10
1.3122921653543307
20
0.5437862598425197
11
1.314602125984252
21
0.5444052362204724
0
LINE
8
BLACK
6
CONTINUOUS
10
1.314602125984252
20
0.5444052362204724
11
1.316484094488189
21
0.5445698818897637
0
LINE
8
BLACK
6
CONTINUOUS
10
1.316484094488189
20
0.5445698818897637
11
1.3184440157480315
21
0.5449362598425197
0
LINE
8
BLACK
6
CONTINUOUS
10
1.3184440157480315
20
0.5449362598425197
11
1.3206715748031497
21
0.5449362598425197
0
LINE
8
BLACK
6
CONTINUOUS
10
1.3206715748031497
20
0.5449362598425197
11
1.3228031496062991
21
0.5451227559055118
0
LINE
8
BLACK
6
CONTINUOUS
10
1.3228031496062991
20
0.5451227559055118
11
1.3249347244094487
21
0.5449362598425197
0
LINE
8
BLACK
6
CONTINUOUS
10
1.3249347244094487
20
0.5449362598425197
11
1.3271622834645669
21
0.5449362598425197
0
LINE
8
BLACK
6
CONTINUOUS
10
1.3271622834645669
20
0.5449362598425197
11
1.3291222047244093
21
0.5445698818897637
0
LINE
8
BLACK
6
CONTINUOUS
10
1.3291222047244093
20
0.5445698818897637
11
1.3310041338582677
21
0.5444052362204724
0
LINE
8
BLACK
6
CONTINUOUS
10
1.3310041338582677
20
0.5444052362204724
11
1.3333139763779527
21
0.5437862992125985
0
LINE
8
BLACK
6
CONTINUOUS
10
1.3333139763779527
20
0.5437862992125985
11
1.3357321259842518
21
0.5433342913385827
0
LINE
8
BLACK
6
CONTINUOUS
10
1.3357321259842518
20
0.5433342913385827
11
1.3373721259842519
21
0.542698937007874
0
LINE
8
BLACK
6
CONTINUOUS
10
1.3373721259842519
20
0.542698937007874
11
1.3389565354330708
21
0.5422744094488189
0
LINE
8
BLACK
6
CONTINUOUS
10
1.3389565354330708
20
0.5422744094488189
11
1.3413552755905511
21
0.5411558267716535
0
LINE
8
BLACK
6
CONTINUOUS
10
1.3413552755905511
20
0.5411558267716535
11
1.343861653543307
21
0.5401848818897638
0
LINE
8
BLACK
6
CONTINUOUS
10
1.343861653543307
20
0.5401848818897638
11
1.3451553149606299
21
0.5393838582677165
0
LINE
8
BLACK
6
CONTINUOUS
10
1.3451553149606299
20
0.5393838582677165
11
1.3464177559055117
21
0.5387951968503937
0
LINE
8
BLACK
6
CONTINUOUS
10
1.3464177559055117
20
0.5387951968503937
11
1.3487990551181102
21
0.5371277559055118
0
LINE
8
BLACK
6
CONTINUOUS
10
1.3487990551181102
20
0.5371277559055118
11
1.3512740944881889
21
0.53559531496063
0
LINE
8
BLACK
6
CONTINUOUS
10
1.3512740944881889
20
0.53559531496063
11
1.3522227952755905
21
0.5347304330708661
0
LINE
8
BLACK
6
CONTINUOUS
10
1.3522227952755905
20
0.5347304330708661
11
1.3531612992125983
21
0.5340733070866142
0
LINE
8
BLACK
6
CONTINUOUS
10
1.3531612992125983
20
0.5340733070866142
11
1.3554062992125984
21
0.5318282677165355
0
LINE
8
BLACK
6
CONTINUOUS
10
1.3554062992125984
20
0.5318282677165355
11
1.357716968503937
21
0.5297218503937008
0
LINE
8
BLACK
6
CONTINUOUS
10
1.357716968503937
20
0.5297218503937008
11
1.3583468110236221
21
0.5288877559055118
0
LINE
8
BLACK
6
CONTINUOUS
10
1.3583468110236221
20
0.5288877559055118
11
1.3589827559055119
21
0.5282518503937008
0
LINE
8
BLACK
6
CONTINUOUS
10
1.3589827559055119
20
0.5282518503937008
11
1.3609662598425196
21
0.5254190944881889
0
LINE
8
BLACK
6
CONTINUOUS
10
1.3609662598425196
20
0.5254190944881889
11
1.3629709055118109
21
0.5227645275590551
0
LINE
8
BLACK
6
CONTINUOUS
10
1.3629709055118109
20
0.5227645275590551
11
1.3633300787401574
21
0.5220431889763779
0
LINE
8
BLACK
6
CONTINUOUS
10
1.3633300787401574
20
0.5220431889763779
11
1.3637046456692914
21
0.5215082677165355
0
LINE
8
BLACK
6
CONTINUOUS
10
1.3637046456692914
20
0.5215082677165355
11
1.3652997244094487
21
0.5180875590551181
0
LINE
8
BLACK
6
CONTINUOUS
10
1.3652997244094487
20
0.5180875590551181
11
1.3668569685039369
21
0.5149602362204724
0
LINE
8
BLACK
6
CONTINUOUS
10
1.3668569685039369
20
0.5149602362204724
11
1.3670117716535433
21
0.5144160629921259
0
LINE
8
BLACK
6
CONTINUOUS
10
1.3670117716535433
20
0.5144160629921259
11
1.3671838582677165
21
0.5140470866141732
0
LINE
8
BLACK
6
CONTINUOUS
10
1.3671838582677165
20
0.5140470866141732
11
1.3682685039370079
21
0.5099990551181103
0
LINE
8
BLACK
6
CONTINUOUS
10
1.3682685039370079
20
0.5099990551181103
11
1.3692428346456693
21
0.5065747637795276
0
LINE
8
BLACK
6
CONTINUOUS
10
1.3692428346456693
20
0.5065747637795276
11
1.3692727952755905
21
0.5062510236220472
0
LINE
8
BLACK
6
CONTINUOUS
10
1.3692727952755905
20
0.5062510236220472
11
1.3697822047244095
21
0.5043500787401575
0
LINE
8
BLACK
6
CONTINUOUS
10
1.3697822047244095
20
0.5043500787401575
11
1.375824094488189
21
0.5043500787401575
0
LINE
8
BLACK
6
CONTINUOUS
10
1.375824094488189
20
0.5043500787401575
11
1.3763334645669292
21
0.5062511023622047
0
LINE
8
BLACK
6
CONTINUOUS
10
1.3763334645669292
20
0.5062511023622047
11
1.3763634645669292
21
0.5065747637795276
0
LINE
8
BLACK
6
CONTINUOUS
10
1.3763634645669292
20
0.5065747637795276
11
1.3773373622047245
21
0.5099976771653543
0
LINE
8
BLACK
6
CONTINUOUS
10
1.3773373622047245
20
0.5099976771653543
11
1.3784224015748032
21
0.5140470866141732
0
LINE
8
BLACK
6
CONTINUOUS
10
1.3784224015748032
20
0.5140470866141732
11
1.378594527559055
21
0.5144162598425197
0
LINE
8
BLACK
6
CONTINUOUS
10
1.378594527559055
20
0.5144162598425197
11
1.3787493307086613
21
0.5149602362204724
0
LINE
8
BLACK
6
CONTINUOUS
10
1.3787493307086613
20
0.5149602362204724
11
1.380305905511811
21
0.5180862992125984
0
LINE
8
BLACK
6
CONTINUOUS
10
1.380305905511811
20
0.5180862992125984
11
1.3819016141732283
21
0.5215082677165355
0
LINE
8
BLACK
6
CONTINUOUS
10
1.3819016141732283
20
0.5215082677165355
11
1.3822762992125983
21
0.5220433858267717
0
LINE
8
BLACK
6
CONTINUOUS
10
1.3822762992125983
20
0.5220433858267717
11
1.3826353937007874
21
0.5227645275590551
0
LINE
8
BLACK
6
CONTINUOUS
10
1.3826353937007874
20
0.5227645275590551
11
1.3846394881889763
21
0.5254183464566929
0
LINE
8
BLACK
6
CONTINUOUS
10
1.3846394881889763
20
0.5254183464566929
11
1.3866235039370078
21
0.5282518503937008
0
LINE
8
BLACK
6
CONTINUOUS
10
1.3866235039370078
20
0.5282518503937008
11
1.3872595669291339
21
0.5288879133858267
0
LINE
8
BLACK
6
CONTINUOUS
10
1.3872595669291339
20
0.5288879133858267
11
1.3878893307086615
21
0.5297218503937008
0
LINE
8
BLACK
6
CONTINUOUS
10
1.3878893307086615
20
0.5297218503937008
11
1.3901995275590551
21
0.531827874015748
0
LINE
8
BLACK
6
CONTINUOUS
10
1.3901995275590551
20
0.531827874015748
11
1.3924449606299212
21
0.5340733070866142
0
LINE
8
BLACK
6
CONTINUOUS
10
1.3924449606299212
20
0.5340733070866142
11
1.3933835826771652
21
0.5347305118110236
0
LINE
8
BLACK
6
CONTINUOUS
10
1.3933835826771652
20
0.5347305118110236
11
1.3943322047244093
21
0.53559531496063
0
LINE
8
BLACK
6
CONTINUOUS
10
1.3943322047244093
20
0.53559531496063
11
1.3968070866141733
21
0.5371276771653544
0
LINE
8
BLACK
6
CONTINUOUS
10
1.3968070866141733
20
0.5371276771653544
11
1.3991885433070865
21
0.5387951968503937
0
LINE
8
BLACK
6
CONTINUOUS
10
1.3991885433070865
20
0.5387951968503937
11
1.4004509448818898
21
0.5393838582677165
0
LINE
8
BLACK
6
CONTINUOUS
10
1.4004509448818898
20
0.5393838582677165
11
1.4017446456692912
21
0.5401848818897638
0
LINE
8
BLACK
6
CONTINUOUS
10
1.4017446456692912
20
0.5401848818897638
11
1.4042508267716536
21
0.5411557874015748
0
LINE
8
BLACK
6
CONTINUOUS
10
1.4042508267716536
20
0.5411557874015748
11
1.4066497244094487
21
0.5422744094488189
0
LINE
8
BLACK
6
CONTINUOUS
10
1.4066497244094487
20
0.5422744094488189
11
1.4082342519685038
21
0.5426989763779527
0
LINE
8
BLACK
6
CONTINUOUS
10
1.4082342519685038
20
0.5426989763779527
11
1.4098741732283464
21
0.5433342913385827
0
LINE
8
BLACK
6
CONTINUOUS
10
1.4098741732283464
20
0.5433342913385827
11
1.4122921653543308
21
0.5437862598425197
0
LINE
8
BLACK
6
CONTINUOUS
10
1.4122921653543308
20
0.5437862598425197
11
1.4146021259842518
21
0.5444052362204724
0
LINE
8
BLACK
6
CONTINUOUS
10
1.4146021259842518
20
0.5444052362204724
11
1.4164840944881889
21
0.5445698818897637
0
LINE
8
BLACK
6
CONTINUOUS
10
1.4164840944881889
20
0.5445698818897637
11
1.4184440157480314
21
0.5449362598425197
0
LINE
8
BLACK
6
CONTINUOUS
10
1.4184440157480314
20
0.5449362598425197
11
1.4206715748031495
21
0.5449362598425197
0
LINE
8
BLACK
6
CONTINUOUS
10
1.4206715748031495
20
0.5449362598425197
11
1.4228031496062992
21
0.5451227559055118
0
LINE
8
BLACK
6
CONTINUOUS
10
1.4228031496062992
20
0.5451227559055118
11
1.4249347244094488
21
0.5449362598425197
0
LINE
8
BLACK
6
CONTINUOUS
10
0.9365191732283464
20
0.5190605118110236
11
0.937858779527559
21
0.5189051181102362
0
LINE
8
BLACK
6
CONTINUOUS
10
0.937858779527559
20
0.5189051181102362
11
0.9383164566929134
21
0.5187029921259843
0
LINE
8
BLACK
6
CONTINUOUS
10
0.9383164566929134
20
0.5187029921259843
11
0.9392132677165355
21
0.5185246456692914
0
LINE
8
BLACK
6
CONTINUOUS
10
0.9392132677165355
20
0.5185246456692914
11
0.939609094488189
21
0.518260157480315
0
LINE
8
BLACK
6
CONTINUOUS
10
0.939609094488189
20
0.518260157480315
11
0.940690905511811
21
0.518260157480315
0
LINE
8
BLACK
6
CONTINUOUS
10
0.940690905511811
20
0.518260157480315
11
0.9410867322834645
21
0.5185246456692914
0
LINE
8
BLACK
6
CONTINUOUS
10
0.9410867322834645
20
0.5185246456692914
11
0.9419834645669292
21
0.5187029921259843
0
LINE
8
BLACK
6
CONTINUOUS
10
0.9419834645669292
20
0.5187029921259843
11
0.9424411811023622
21
0.5189051181102362
0
LINE
8
BLACK
6
CONTINUOUS
10
0.9424411811023622
20
0.5189051181102362
11
0.9437808661417323
21
0.5190605118110236
0
LINE
8
BLACK
6
CONTINUOUS
10
0.9437808661417323
20
0.5190605118110236
11
0.9440999999999999
21
0.5191240157480315
0
LINE
8
BLACK
6
CONTINUOUS
10
0.9440999999999999
20
0.5191240157480315
11
0.9559
21
0.5191240157480315
0
LINE
8
BLACK
6
CONTINUOUS
10
0.9559
20
0.5191240157480315
11
0.9562191732283465
21
0.5190605118110236
0
LINE
8
BLACK
6
CONTINUOUS
10
0.9562191732283465
20
0.5190605118110236
11
0.9575587795275591
21
0.5189051181102362
0
LINE
8
BLACK
6
CONTINUOUS
10
0.9575587795275591
20
0.5189051181102362
11
0.9580164566929134
21
0.5187029921259843
0
LINE
8
BLACK
6
CONTINUOUS
10
0.9580164566929134
20
0.5187029921259843
11
0.9589132677165354
21
0.5185246456692914
0
LINE
8
BLACK
6
CONTINUOUS
10
0.9589132677165354
20
0.5185246456692914
11
0.9593090944881889
21
0.518260157480315
0
LINE
8
BLACK
6
CONTINUOUS
10
0.9593090944881889
20
0.518260157480315
11
0.9603909055118111
21
0.518260157480315
0
LINE
8
BLACK
6
CONTINUOUS
10
0.9603909055118111
20
0.518260157480315
11
0.9607867322834646
21
0.5185246456692914
0
LINE
8
BLACK
6
CONTINUOUS
10
0.9607867322834646
20
0.5185246456692914
11
0.9616834645669291
21
0.5187029921259843
0
LINE
8
BLACK
6
CONTINUOUS
10
0.9616834645669291
20
0.5187029921259843
11
0.9621411811023621
21
0.5189051181102362
0
LINE
8
BLACK
6
CONTINUOUS
10
0.9621411811023621
20
0.5189051181102362
11
0.9634808661417322
21
0.5190605118110236
0
LINE
8
BLACK
6
CONTINUOUS
10
0.9634808661417322
20
0.5190605118110236
11
0.9638
21
0.5191240157480315
0
LINE
8
BLACK
6
CONTINUOUS
10
0.9638
20
0.5191240157480315
11
0.9756
21
0.5191240157480315
0
LINE
8
BLACK
6
CONTINUOUS
10
0.9756
20
0.5191240157480315
11
0.9759191732283464
21
0.5190605118110236
0
LINE
8
BLACK
6
CONTINUOUS
10
0.9759191732283464
20
0.5190605118110236
11
0.9772588188976378
21
0.5189051181102362
0
LINE
8
BLACK
6
CONTINUOUS
10
0.9772588188976378
20
0.5189051181102362
11
0.9777164960629922
21
0.5187029921259843
0
LINE
8
BLACK
6
CONTINUOUS
10
0.9777164960629922
20
0.5187029921259843
11
0.9786132677165355
21
0.5185246456692914
0
LINE
8
BLACK
6
CONTINUOUS
10
0.9786132677165355
20
0.5185246456692914
11
0.9795732677165354
21
0.5178831496062992
0
LINE
8
BLACK
6
CONTINUOUS
10
0.9795732677165354
20
0.5178831496062992
11
0.9800112992125984
21
0.5176897637795276
0
LINE
8
BLACK
6
CONTINUOUS
10
0.9800112992125984
20
0.5176897637795276
11
0.9803104724409448
21
0.5173905511811023
0
LINE
8
BLACK
6
CONTINUOUS
10
0.9803104724409448
20
0.5173905511811023
11
0.9811677559055118
21
0.5168177559055118
0
LINE
8
BLACK
6
CONTINUOUS
10
0.9811677559055118
20
0.5168177559055118
11
0.9817405511811024
21
0.5159604724409449
0
LINE
8
BLACK
6
CONTINUOUS
10
0.9817405511811024
20
0.5159604724409449
11
0.9820397637795275
21
0.5156612992125984
0
LINE
8
BLACK
6
CONTINUOUS
10
0.9820397637795275
20
0.5156612992125984
11
0.9822331496062991
21
0.5152232677165354
0
LINE
8
BLACK
6
CONTINUOUS
10
0.9822331496062991
20
0.5152232677165354
11
0.9828746456692913
21
0.5142632677165354
0
LINE
8
BLACK
6
CONTINUOUS
10
0.9828746456692913
20
0.5142632677165354
11
0.9830529921259842
21
0.5133664960629921
0
LINE
8
BLACK
6
CONTINUOUS
10
0.9830529921259842
20
0.5133664960629921
11
0.9832551181102362
21
0.5129088188976377
0
LINE
8
BLACK
6
CONTINUOUS
10
0.9832551181102362
20
0.5129088188976377
11
0.9834105118110236
21
0.5115691338582677
0
LINE
8
BLACK
6
CONTINUOUS
10
0.9834105118110236
20
0.5115691338582677
11
0.9834740157480315
21
0.51125
0
LINE
8
BLACK
6
CONTINUOUS
10
0.9834740157480315
20
0.51125
11
0.9834740157480315
21
0.49355
0
LINE
8
BLACK
6
CONTINUOUS
10
0.9834740157480315
20
0.49355
11
0.9834105118110236
21
0.4932308661417323
0
LINE
8
BLACK
6
CONTINUOUS
10
0.9834105118110236
20
0.4932308661417323
11
0.9832551181102362
21
0.4918911417322834
0
LINE
8
BLACK
6
CONTINUOUS
10
0.9832551181102362
20
0.4918911417322834
11
0.9830529921259842
21
0.4914333858267717
0
LINE
8
BLACK
6
CONTINUOUS
10
0.9830529921259842
20
0.4914333858267717
11
0.9828746456692913
21
0.4905367322834646
0
LINE
8
BLACK
6
CONTINUOUS
10
0.9828746456692913
20
0.4905367322834646
11
0.9822331889763779
21
0.4895767716535433
0
LINE
8
BLACK
6
CONTINUOUS
10
0.9822331889763779
20
0.4895767716535433
11
0.9820397637795275
21
0.4891386614173228
0
LINE
8
BLACK
6
CONTINUOUS
10
0.9820397637795275
20
0.4891386614173228
11
0.9817404724409449
21
0.4888393700787401
0
LINE
8
BLACK
6
CONTINUOUS
10
0.9817404724409449
20
0.4888393700787401
11
0.9811677559055118
21
0.4879822440944882
0
LINE
8
BLACK
6
CONTINUOUS
10
0.9811677559055118
20
0.4879822440944882
11
0.9803105905511811
21
0.4874094881889764
0
LINE
8
BLACK
6
CONTINUOUS
10
0.9803105905511811
20
0.4874094881889764
11
0.9800112992125984
21
0.4871101968503937
0
LINE
8
BLACK
6
CONTINUOUS
10
0.9800112992125984
20
0.4871101968503937
11
0.9795731102362204
21
0.4869166929133858
0
LINE
8
BLACK
6
CONTINUOUS
10
0.9795731102362204
20
0.4869166929133858
11
0.9786132677165355
21
0.4862753543307087
0
LINE
8
BLACK
6
CONTINUOUS
10
0.9786132677165355
20
0.4862753543307087
11
0.9777166929133858
21
0.4860970078740157
0
LINE
8
BLACK
6
CONTINUOUS
10
0.9777166929133858
20
0.4860970078740157
11
0.9772588188976378
21
0.485894842519685
0
LINE
8
BLACK
6
CONTINUOUS
10
0.9772588188976378
20
0.485894842519685
11
0.9759186614173229
21
0.4857393700787401
0
LINE
8
BLACK
6
CONTINUOUS
10
0.9759186614173229
20
0.4857393700787401
11
0.9756
21
0.4856759842519685
0
LINE
8
BLACK
6
CONTINUOUS
10
0.9756
20
0.4856759842519685
11
0.9753722834645669
21
0.4856759842519685
0
LINE
8
BLACK
6
CONTINUOUS
10
0.9753722834645669
20
0.4856759842519685
11
0.9640277165354331
21
0.4856759842519685
0
LINE
8
BLACK
6
CONTINUOUS
10
0.9640277165354331
20
0.4856759842519685
11
0.9638
21
0.4856759842519685
0
LINE
8
BLACK
6
CONTINUOUS
10
0.9638
20
0.4856759842519685
11
0.9634813385826771
21
0.4857393307086614
0
LINE
8
BLACK
6
CONTINUOUS
10
0.9634813385826771
20
0.4857393307086614
11
0.9621411417322835
21
0.485894842519685
0
LINE
8
BLACK
6
CONTINUOUS
10
0.9621411417322835
20
0.485894842519685
11
0.9616832283464567
21
0.4860970078740157
0
LINE
8
BLACK
6
CONTINUOUS
10
0.9616832283464567
20
0.4860970078740157
11
0.9607867322834646
21
0.4862753543307087
0
LINE
8
BLACK
6
CONTINUOUS
10
0.9607867322834646
20
0.4862753543307087
11
0.9603909842519684
21
0.4865398031496063
0
LINE
8
BLACK
6
CONTINUOUS
10
0.9603909842519684
20
0.4865398031496063
11
0.9593090157480315
21
0.4865398031496063
0
LINE
8
BLACK
6
CONTINUOUS
10
0.9593090157480315
20
0.4865398031496063
11
0.9589132677165354
21
0.4862753543307087
0
LINE
8
BLACK
6
CONTINUOUS
10
0.9589132677165354
20
0.4862753543307087
11
0.9580166929133858
21
0.4860970078740157
0
LINE
8
BLACK
6
CONTINUOUS
10
0.9580166929133858
20
0.4860970078740157
11
0.9575588188976377
21
0.485894842519685
0
LINE
8
BLACK
6
CONTINUOUS
10
0.9575588188976377
20
0.485894842519685
11
0.9562186614173228
21
0.4857393700787401
0
LINE
8
BLACK
6
CONTINUOUS
10
0.9562186614173228
20
0.4857393700787401
11
0.9559
21
0.4856759842519685
0
LINE
8
BLACK
6
CONTINUOUS
10
0.9559
20
0.4856759842519685
11
0.9556722834645669
21
0.4856759842519685
0
LINE
8
BLACK
6
CONTINUOUS
10
0.9556722834645669
20
0.4856759842519685
11
0.944327716535433
21
0.4856759842519685
0
LINE
8
BLACK
6
CONTINUOUS
10
0.944327716535433
20
0.4856759842519685
11
0.9440999999999999
21
0.4856759842519685
0
LINE
8
BLACK
6
CONTINUOUS
10
0.9440999999999999
20
0.4856759842519685
11
0.9437813385826771
21
0.4857393307086614
0
LINE
8
BLACK
6
CONTINUOUS
10
0.9437813385826771
20
0.4857393307086614
11
0.9424411417322834
21
0.485894842519685
0
LINE
8
BLACK
6
CONTINUOUS
10
0.9424411417322834
20
0.485894842519685
11
0.9419832283464566
21
0.4860970078740157
0
LINE
8
BLACK
6
CONTINUOUS
10
0.9419832283464566
20
0.4860970078740157
11
0.9410867322834645
21
0.4862753543307087
0
LINE
8
BLACK
6
CONTINUOUS
10
0.9410867322834645
20
0.4862753543307087
11
0.9406909842519685
21
0.4865398031496063
0
LINE
8
BLACK
6
CONTINUOUS
10
0.9406909842519685
20
0.4865398031496063
11
0.9396090157480315
21
0.4865398031496063
0
LINE
8
BLACK
6
CONTINUOUS
10
0.9396090157480315
20
0.4865398031496063
11
0.9392132677165355
21
0.4862753543307087
0
LINE
8
BLACK
6
CONTINUOUS
10
0.9392132677165355
20
0.4862753543307087
11
0.9383166929133858
21
0.4860970078740157
0
LINE
8
BLACK
6
CONTINUOUS
10
0.9383166929133858
20
0.4860970078740157
11
0.9378588188976378
21
0.485894842519685
0
LINE
8
BLACK
6
CONTINUOUS
10
0.9378588188976378
20
0.485894842519685
11
0.9365186614173228
21
0.4857393700787401
0
LINE
8
BLACK
6
CONTINUOUS
10
0.9365186614173228
20
0.4857393700787401
11
0.9362
21
0.4856759842519685
0
LINE
8
BLACK
6
CONTINUOUS
10
0.9362
20
0.4856759842519685
11
0.935972283464567
21
0.4856759842519685
0
LINE
8
BLACK
6
CONTINUOUS
10
0.935972283464567
20
0.4856759842519685
11
0.9246277165354331
21
0.4856759842519685
0
LINE
8
BLACK
6
CONTINUOUS
10
0.9246277165354331
20
0.4856759842519685
11
0.9244
21
0.4856759842519685
0
LINE
8
BLACK
6
CONTINUOUS
10
0.9244
20
0.4856759842519685
11
0.9240813385826772
21
0.4857393307086614
0
LINE
8
BLACK
6
CONTINUOUS
10
0.9240813385826772
20
0.4857393307086614
11
0.9227411417322835
21
0.485894842519685
0
LINE
8
BLACK
6
CONTINUOUS
10
0.9227411417322835
20
0.485894842519685
11
0.9222832283464567
21
0.4860970078740157
0
LINE
8
BLACK
6
CONTINUOUS
10
0.9222832283464567
20
0.4860970078740157
11
0.9213867322834646
21
0.4862753543307087
0
LINE
8
BLACK
6
CONTINUOUS
10
0.9213867322834646
20
0.4862753543307087
11
0.9204269291338583
21
0.4869166535433071
0
LINE
8
BLACK
6
CONTINUOUS
10
0.9204269291338583
20
0.4869166535433071
11
0.9199886614173228
21
0.4871101968503937
0
LINE
8
BLACK
6
CONTINUOUS
10
0.9199886614173228
20
0.4871101968503937
11
0.9196892519685039
21
0.4874095669291338
0
LINE
8
BLACK
6
CONTINUOUS
10
0.9196892519685039
20
0.4874095669291338
11
0.9188322440944882
21
0.4879822440944882
0
LINE
8
BLACK
6
CONTINUOUS
10
0.9188322440944882
20
0.4879822440944882
11
0.9182595669291338
21
0.4888392519685039
0
LINE
8
BLACK
6
CONTINUOUS
10
0.9182595669291338
20
0.4888392519685039
11
0.9179601968503937
21
0.4891386614173228
0
LINE
8
BLACK
6
CONTINUOUS
10
0.9179601968503937
20
0.4891386614173228
11
0.9177666535433071
21
0.4895769291338583
0
LINE
8
BLACK
6
CONTINUOUS
10
0.9177666535433071
20
0.4895769291338583
11
0.9171253543307086
21
0.4905367322834646
0
LINE
8
BLACK
6
CONTINUOUS
10
0.9171253543307086
20
0.4905367322834646
11
0.9169470078740157
21
0.4914332283464567
0
LINE
8
BLACK
6
CONTINUOUS
10
0.9169470078740157
20
0.4914332283464567
11
0.916744842519685
21
0.4918911417322834
0
LINE
8
BLACK
6
CONTINUOUS
10
0.916744842519685
20
0.4918911417322834
11
0.9165893307086614
21
0.4932313779527559
0
LINE
8
BLACK
6
CONTINUOUS
10
0.9165893307086614
20
0.4932313779527559
11
0.9165259842519685
21
0.49355
0
LINE
8
BLACK
6
CONTINUOUS
10
0.9165259842519685
20
0.49355
11
0.9165259842519685
21
0.51125
0
LINE
8
BLACK
6
CONTINUOUS
10
0.9165259842519685
20
0.51125
11
0.9165893700787401
21
0.5115687007874016
0
LINE
8
BLACK
6
CONTINUOUS
10
0.9165893700787401
20
0.5115687007874016
11
0.916744842519685
21
0.5129088188976377
0
LINE
8
BLACK
6
CONTINUOUS
10
0.916744842519685
20
0.5129088188976377
11
0.9169470078740157
21
0.5133666929133858
0
LINE
8
BLACK
6
CONTINUOUS
10
0.9169470078740157
20
0.5133666929133858
11
0.9171253543307086
21
0.5142632677165354
0
LINE
8
BLACK
6
CONTINUOUS
10
0.9171253543307086
20
0.5142632677165354
11
0.9177666929133858
21
0.5152231102362205
0
LINE
8
BLACK
6
CONTINUOUS
10
0.9177666929133858
20
0.5152231102362205
11
0.9179601968503937
21
0.5156612992125984
0
LINE
8
BLACK
6
CONTINUOUS
10
0.9179601968503937
20
0.5156612992125984
11
0.9182594881889764
21
0.515960590551181
0
LINE
8
BLACK
6
CONTINUOUS
10
0.9182594881889764
20
0.515960590551181
11
0.9188322440944882
21
0.5168177559055118
0
LINE
8
BLACK
6
CONTINUOUS
10
0.9188322440944882
20
0.5168177559055118
11
0.9196893700787402
21
0.5173904724409448
0
LINE
8
BLACK
6
CONTINUOUS
10
0.9196893700787402
20
0.5173904724409448
11
0.9199886614173228
21
0.5176897637795276
0
LINE
8
BLACK
6
CONTINUOUS
10
0.9199886614173228
20
0.5176897637795276
11
0.9204267716535433
21
0.517883188976378
0
LINE
8
BLACK
6
CONTINUOUS
10
0.9204267716535433
20
0.517883188976378
11
0.9213867322834646
21
0.5185246456692914
0
LINE
8
BLACK
6
CONTINUOUS
10
0.9213867322834646
20
0.5185246456692914
11
0.9222833858267716
21
0.5187029921259843
0
LINE
8
BLACK
6
CONTINUOUS
10
0.9222833858267716
20
0.5187029921259843
11
0.9227411417322835
21
0.5189051181102362
0
LINE
8
BLACK
6
CONTINUOUS
10
0.9227411417322835
20
0.5189051181102362
11
0.924080905511811
21
0.5190605118110236
0
LINE
8
BLACK
6
CONTINUOUS
10
0.924080905511811
20
0.5190605118110236
11
0.9244
21
0.5191240157480315
0
LINE
8
BLACK
6
CONTINUOUS
10
0.9244
20
0.5191240157480315
11
0.9362
21
0.5191240157480315
0
LINE
8
BLACK
6
CONTINUOUS
10
0.9362
20
0.5191240157480315
11
0.9365191732283464
21
0.5190605118110236
0
LINE
8
BLACK
6
CONTINUOUS
10
1.0268191732283465
20
0.5214605118110236
11
1.0281587795275591
21
0.5213051181102362
0
LINE
8
BLACK
6
CONTINUOUS
10
1.0281587795275591
20
0.5213051181102362
11
1.0286164566929135
21
0.5211029921259842
0
LINE
8
BLACK
6
CONTINUOUS
10
1.0286164566929135
20
0.5211029921259842
11
1.0295132677165355
21
0.5209246456692913
0
LINE
8
BLACK
6
CONTINUOUS
10
1.0295132677165355
20
0.5209246456692913
11
1.029909094488189
21
0.5206601574803149
0
LINE
8
BLACK
6
CONTINUOUS
10
1.029909094488189
20
0.5206601574803149
11
1.0309909055118109
21
0.5206601574803149
0
LINE
8
BLACK
6
CONTINUOUS
10
1.0309909055118109
20
0.5206601574803149
11
1.0313867322834644
21
0.5209246456692913
0
LINE
8
BLACK
6
CONTINUOUS
10
1.0313867322834644
20
0.5209246456692913
11
1.0322834645669292
21
0.5211029921259842
0
LINE
8
BLACK
6
CONTINUOUS
10
1.0322834645669292
20
0.5211029921259842
11
1.0327411811023621
21
0.5213051181102362
0
LINE
8
BLACK
6
CONTINUOUS
10
1.0327411811023621
20
0.5213051181102362
11
1.0340808661417322
21
0.5214605118110236
0
LINE
8
BLACK
6
CONTINUOUS
10
1.0340808661417322
20
0.5214605118110236
11
1.0344
21
0.5215240157480315
0
LINE
8
BLACK
6
CONTINUOUS
10
1.0344
20
0.5215240157480315
11
1.0462
21
0.5215240157480315
0
LINE
8
BLACK
6
CONTINUOUS
10
1.0462
20
0.5215240157480315
11
1.0465191732283465
21
0.5214605118110236
0
LINE
8
BLACK
6
CONTINUOUS
10
1.0465191732283465
20
0.5214605118110236
11
1.0478587795275591
21
0.5213051181102362
0
LINE
8
BLACK
6
CONTINUOUS
10
1.0478587795275591
20
0.5213051181102362
11
1.0483164566929133
21
0.5211029921259842
0
LINE
8
BLACK
6
CONTINUOUS
10
1.0483164566929133
20
0.5211029921259842
11
1.0492132677165353
21
0.5209246456692913
0
LINE
8
BLACK
6
CONTINUOUS
10
1.0492132677165353
20
0.5209246456692913
11
1.0496090944881888
21
0.5206601574803149
0
LINE
8
BLACK
6
CONTINUOUS
10
1.0496090944881888
20
0.5206601574803149
11
1.050690905511811
21
0.5206601574803149
0
LINE
8
BLACK
6
CONTINUOUS
10
1.050690905511811
20
0.5206601574803149
11
1.0510867322834645
21
0.5209246456692913
0
LINE
8
BLACK
6
CONTINUOUS
10
1.0510867322834645
20
0.5209246456692913
11
1.051983464566929
21
0.5211029921259842
0
LINE
8
BLACK
6
CONTINUOUS
10
1.051983464566929
20
0.5211029921259842
11
1.0524411811023622
21
0.5213051181102362
0
LINE
8
BLACK
6
CONTINUOUS
10
1.0524411811023622
20
0.5213051181102362
11
1.0537808661417323
21
0.5214605118110236
0
LINE
8
BLACK
6
CONTINUOUS
10
1.0537808661417323
20
0.5214605118110236
11
1.0541
21
0.5215240157480315
0
LINE
8
BLACK
6
CONTINUOUS
10
1.0541
20
0.5215240157480315
11
1.0659000000000001
21
0.5215240157480315
0
LINE
8
BLACK
6
CONTINUOUS
10
1.0659000000000001
20
0.5215240157480315
11
1.0662191732283464
21
0.5214605118110236
0
LINE
8
BLACK
6
CONTINUOUS
10
1.0662191732283464
20
0.5214605118110236
11
1.0675588188976377
21
0.5213051181102362
0
LINE
8
BLACK
6
CONTINUOUS
10
1.0675588188976377
20
0.5213051181102362
11
1.0680164960629921
21
0.5211029921259842
0
LINE
8
BLACK
6
CONTINUOUS
10
1.0680164960629921
20
0.5211029921259842
11
1.0689132677165354
21
0.5209246456692913
0
LINE
8
BLACK
6
CONTINUOUS
10
1.0689132677165354
20
0.5209246456692913
11
1.0698732677165355
21
0.5202831496062992
0
LINE
8
BLACK
6
CONTINUOUS
10
1.0698732677165355
20
0.5202831496062992
11
1.0703112992125985
21
0.5200897637795275
0
LINE
8
BLACK
6
CONTINUOUS
10
1.0703112992125985
20
0.5200897637795275
11
1.0706104724409449
21
0.5197905511811024
0
LINE
8
BLACK
6
CONTINUOUS
10
1.0706104724409449
20
0.5197905511811024
11
1.0714677559055117
21
0.5192177559055118
0
LINE
8
BLACK
6
CONTINUOUS
10
1.0714677559055117
20
0.5192177559055118
11
1.0720405511811024
21
0.5183604724409449
0
LINE
8
BLACK
6
CONTINUOUS
10
1.0720405511811024
20
0.5183604724409449
11
1.0723397637795276
21
0.5180612992125984
0
LINE
8
BLACK
6
CONTINUOUS
10
1.0723397637795276
20
0.5180612992125984
11
1.0725331496062991
21
0.5176232677165354
0
LINE
8
BLACK
6
CONTINUOUS
10
1.0725331496062991
20
0.5176232677165354
11
1.0731746456692912
21
0.5166632677165354
0
LINE
8
BLACK
6
CONTINUOUS
10
1.0731746456692912
20
0.5166632677165354
11
1.0733529921259841
21
0.5157664960629921
0
LINE
8
BLACK
6
CONTINUOUS
10
1.0733529921259841
20
0.5157664960629921
11
1.0735551181102363
21
0.5153088188976378
0
LINE
8
BLACK
6
CONTINUOUS
10
1.0735551181102363
20
0.5153088188976378
11
1.0737105118110235
21
0.5139691338582677
0
LINE
8
BLACK
6
CONTINUOUS
10
1.0737105118110235
20
0.5139691338582677
11
1.0737740157480316
21
0.5136499999999999
0
LINE
8
BLACK
6
CONTINUOUS
10
1.0737740157480316
20
0.5136499999999999
11
1.0737740157480316
21
0.49595
0
LINE
8
BLACK
6
CONTINUOUS
10
1.0737740157480316
20
0.49595
11
1.0737105118110235
21
0.4956308661417323
0
LINE
8
BLACK
6
CONTINUOUS
10
1.0737105118110235
20
0.4956308661417323
11
1.0735551181102363
21
0.4942911417322834
0
LINE
8
BLACK
6
CONTINUOUS
10
1.0735551181102363
20
0.4942911417322834
11
1.0733529921259841
21
0.4938333858267717
0
LINE
8
BLACK
6
CONTINUOUS
10
1.0733529921259841
20
0.4938333858267717
11
1.0731746456692912
21
0.4929367322834646
0
LINE
8
BLACK
6
CONTINUOUS
10
1.0731746456692912
20
0.4929367322834646
11
1.0725331889763778
21
0.4919767716535433
0
LINE
8
BLACK
6
CONTINUOUS
10
1.0725331889763778
20
0.4919767716535433
11
1.0723397637795276
21
0.4915386614173228
0
LINE
8
BLACK
6
CONTINUOUS
10
1.0723397637795276
20
0.4915386614173228
11
1.0720404724409449
21
0.4912393700787401
0
LINE
8
BLACK
6
CONTINUOUS
10
1.0720404724409449
20
0.4912393700787401
11
1.0714677559055117
21
0.4903822440944882
0
LINE
8
BLACK
6
CONTINUOUS
10
1.0714677559055117
20
0.4903822440944882
11
1.0706105905511811
21
0.4898094881889763
0
LINE
8
BLACK
6
CONTINUOUS
10
1.0706105905511811
20
0.4898094881889763
11
1.0703112992125985
21
0.4895101968503937
0
LINE
8
BLACK
6
CONTINUOUS
10
1.0703112992125985
20
0.4895101968503937
11
1.0698731102362204
21
0.4893166929133858
0
LINE
8
BLACK
6
CONTINUOUS
10
1.0698731102362204
20
0.4893166929133858
11
1.0689132677165354
21
0.4886753543307086
0
LINE
8
BLACK
6
CONTINUOUS
10
1.0689132677165354
20
0.4886753543307086
11
1.0680166929133859
21
0.4884970078740157
0
LINE
8
BLACK
6
CONTINUOUS
10
1.0680166929133859
20
0.4884970078740157
11
1.0675588188976377
21
0.488294842519685
0
LINE
8
BLACK
6
CONTINUOUS
10
1.0675588188976377
20
0.488294842519685
11
1.0662186614173228
21
0.4881393700787401
0
LINE
8
BLACK
6
CONTINUOUS
10
1.0662186614173228
20
0.4881393700787401
11
1.0659000000000001
21
0.4880759842519685
0
LINE
8
BLACK
6
CONTINUOUS
10
1.0659000000000001
20
0.4880759842519685
11
1.0656722834645669
21
0.4880759842519685
0
LINE
8
BLACK
6
CONTINUOUS
10
1.0656722834645669
20
0.4880759842519685
11
1.054327716535433
21
0.4880759842519685
0
LINE
8
BLACK
6
CONTINUOUS
10
1.054327716535433
20
0.4880759842519685
11
1.0541
21
0.4880759842519685
0
LINE
8
BLACK
6
CONTINUOUS
10
1.0541
20
0.4880759842519685
11
1.0537813385826771
21
0.4881393307086614
0
LINE
8
BLACK
6
CONTINUOUS
10
1.0537813385826771
20
0.4881393307086614
11
1.0524411417322834
21
0.488294842519685
0
LINE
8
BLACK
6
CONTINUOUS
10
1.0524411417322834
20
0.488294842519685
11
1.0519832283464567
21
0.4884970078740157
0
LINE
8
BLACK
6
CONTINUOUS
10
1.0519832283464567
20
0.4884970078740157
11
1.0510867322834645
21
0.4886753543307086
0
LINE
8
BLACK
6
CONTINUOUS
10
1.0510867322834645
20
0.4886753543307086
11
1.0506909842519685
21
0.4889398031496063
0
LINE
8
BLACK
6
CONTINUOUS
10
1.0506909842519685
20
0.4889398031496063
11
1.0496090157480316
21
0.4889398031496063
0
LINE
8
BLACK
6
CONTINUOUS
10
1.0496090157480316
20
0.4889398031496063
11
1.0492132677165353
21
0.4886753543307086
0
LINE
8
BLACK
6
CONTINUOUS
10
1.0492132677165353
20
0.4886753543307086
11
1.0483166929133858
21
0.4884970078740157
0
LINE
8
BLACK
6
CONTINUOUS
10
1.0483166929133858
20
0.4884970078740157
11
1.0478588188976379
21
0.488294842519685
0
LINE
8
BLACK
6
CONTINUOUS
10
1.0478588188976379
20
0.488294842519685
11
1.0465186614173227
21
0.4881393700787401
0
LINE
8
BLACK
6
CONTINUOUS
10
1.0465186614173227
20
0.4881393700787401
11
1.0462
21
0.4880759842519685
0
LINE
8
BLACK
6
CONTINUOUS
10
1.0462
20
0.4880759842519685
11
1.0459722834645668
21
0.4880759842519685
0
LINE
8
BLACK
6
CONTINUOUS
10
1.0459722834645668
20
0.4880759842519685
11
1.034627716535433
21
0.4880759842519685
0
LINE
8
BLACK
6
CONTINUOUS
10
1.034627716535433
20
0.4880759842519685
11
1.0344
21
0.4880759842519685
0
LINE
8
BLACK
6
CONTINUOUS
10
1.0344
20
0.4880759842519685
11
1.034081338582677
21
0.4881393307086614
0
LINE
8
BLACK
6
CONTINUOUS
10
1.034081338582677
20
0.4881393307086614
11
1.0327411417322834
21
0.488294842519685
0
LINE
8
BLACK
6
CONTINUOUS
10
1.0327411417322834
20
0.488294842519685
11
1.0322832283464567
21
0.4884970078740157
0
LINE
8
BLACK
6
CONTINUOUS
10
1.0322832283464567
20
0.4884970078740157
11
1.0313867322834644
21
0.4886753543307086
0
LINE
8
BLACK
6
CONTINUOUS
10
1.0313867322834644
20
0.4886753543307086
11
1.0309909842519684
21
0.4889398031496063
0
LINE
8
BLACK
6
CONTINUOUS
10
1.0309909842519684
20
0.4889398031496063
11
1.0299090157480315
21
0.4889398031496063
0
LINE
8
BLACK
6
CONTINUOUS
10
1.0299090157480315
20
0.4889398031496063
11
1.0295132677165355
21
0.4886753543307086
0
LINE
8
BLACK
6
CONTINUOUS
10
1.0295132677165355
20
0.4886753543307086
11
1.0286166929133858
21
0.4884970078740157
0
LINE
8
BLACK
6
CONTINUOUS
10
1.0286166929133858
20
0.4884970078740157
11
1.0281588188976378
21
0.488294842519685
0
LINE
8
BLACK
6
CONTINUOUS
10
1.0281588188976378
20
0.488294842519685
11
1.0268186614173229
21
0.4881393700787401
0
LINE
8
BLACK
6
CONTINUOUS
10
1.0268186614173229
20
0.4881393700787401
11
1.0265
21
0.4880759842519685
0
LINE
8
BLACK
6
CONTINUOUS
10
1.0265
20
0.4880759842519685
11
1.026272283464567
21
0.4880759842519685
0
LINE
8
BLACK
6
CONTINUOUS
10
1.026272283464567
20
0.4880759842519685
11
1.0149277165354331
21
0.4880759842519685
0
LINE
8
BLACK
6
CONTINUOUS
10
1.0149277165354331
20
0.4880759842519685
11
1.0146999999999999
21
0.4880759842519685
0
LINE
8
BLACK
6
CONTINUOUS
10
1.0146999999999999
20
0.4880759842519685
11
1.0143813385826772
21
0.4881393307086614
0
LINE
8
BLACK
6
CONTINUOUS
10
1.0143813385826772
20
0.4881393307086614
11
1.0130411417322835
21
0.488294842519685
0
LINE
8
BLACK
6
CONTINUOUS
10
1.0130411417322835
20
0.488294842519685
11
1.0125832283464566
21
0.4884970078740157
0
LINE
8
BLACK
6
CONTINUOUS
10
1.0125832283464566
20
0.4884970078740157
11
1.0116867322834646
21
0.4886753543307086
0
LINE
8
BLACK
6
CONTINUOUS
10
1.0116867322834646
20
0.4886753543307086
11
1.0107269291338583
21
0.4893166535433071
0
LINE
8
BLACK
6
CONTINUOUS
10
1.0107269291338583
20
0.4893166535433071
11
1.0102886614173228
21
0.4895101968503937
0
LINE
8
BLACK
6
CONTINUOUS
10
1.0102886614173228
20
0.4895101968503937
11
1.0099892519685039
21
0.4898095669291339
0
LINE
8
BLACK
6
CONTINUOUS
10
1.0099892519685039
20
0.4898095669291339
11
1.0091322440944881
21
0.4903822440944882
0
LINE
8
BLACK
6
CONTINUOUS
10
1.0091322440944881
20
0.4903822440944882
11
1.0085595669291338
21
0.4912392519685039
0
LINE
8
BLACK
6
CONTINUOUS
10
1.0085595669291338
20
0.4912392519685039
11
1.0082601968503937
21
0.4915386614173228
0
LINE
8
BLACK
6
CONTINUOUS
10
1.0082601968503937
20
0.4915386614173228
11
1.0080666535433072
21
0.4919769291338583
0
LINE
8
BLACK
6
CONTINUOUS
10
1.0080666535433072
20
0.4919769291338583
11
1.0074253543307086
21
0.4929367322834646
0
LINE
8
BLACK
6
CONTINUOUS
10
1.0074253543307086
20
0.4929367322834646
11
1.0072470078740157
21
0.4938332283464567
0
LINE
8
BLACK
6
CONTINUOUS
10
1.0072470078740157
20
0.4938332283464567
11
1.007044842519685
21
0.4942911417322834
0
LINE
8
BLACK
6
CONTINUOUS
10
1.007044842519685
20
0.4942911417322834
11
1.0068893307086615
21
0.4956313779527559
0
LINE
8
BLACK
6
CONTINUOUS
10
1.0068893307086615
20
0.4956313779527559
11
1.0068259842519685
21
0.49595
0
LINE
8
BLACK
6
CONTINUOUS
10
1.0068259842519685
20
0.49595
11
1.0068259842519685
21
0.5136499999999999
0
LINE
8
BLACK
6
CONTINUOUS
10
1.0068259842519685
20
0.5136499999999999
11
1.0068893700787402
21
0.5139687007874015
0
LINE
8
BLACK
6
CONTINUOUS
10
1.0068893700787402
20
0.5139687007874015
11
1.007044842519685
21
0.5153088188976378
0
LINE
8
BLACK
6
CONTINUOUS
10
1.007044842519685
20
0.5153088188976378
11
1.0072470078740157
21
0.5157666929133858
0
LINE
8
BLACK
6
CONTINUOUS
10
1.0072470078740157
20
0.5157666929133858
11
1.0074253543307086
21
0.5166632677165354
0
LINE
8
BLACK
6
CONTINUOUS
10
1.0074253543307086
20
0.5166632677165354
11
1.0080666929133859
21
0.5176231102362204
0
LINE
8
BLACK
6
CONTINUOUS
10
1.0080666929133859
20
0.5176231102362204
11
1.0082601968503937
21
0.5180612992125984
0
LINE
8
BLACK
6
CONTINUOUS
10
1.0082601968503937
20
0.5180612992125984
11
1.0085594881889763
21
0.5183605905511811
0
LINE
8
BLACK
6
CONTINUOUS
10
1.0085594881889763
20
0.5183605905511811
11
1.0091322440944881
21
0.5192177559055118
0
LINE
8
BLACK
6
CONTINUOUS
10
1.0091322440944881
20
0.5192177559055118
11
1.0099893700787401
21
0.5197904724409449
0
LINE
8
BLACK
6
CONTINUOUS
10
1.0099893700787401
20
0.5197904724409449
11
1.0102886614173228
21
0.5200897637795275
0
LINE
8
BLACK
6
CONTINUOUS
10
1.0102886614173228
20
0.5200897637795275
11
1.0107267716535433
21
0.5202831889763779
0
LINE
8
BLACK
6
CONTINUOUS
10
1.0107267716535433
20
0.5202831889763779
11
1.0116867322834646
21
0.5209246456692913
0
LINE
8
BLACK
6
CONTINUOUS
10
1.0116867322834646
20
0.5209246456692913
11
1.0125833858267717
21
0.5211029921259842
0
LINE
8
BLACK
6
CONTINUOUS
10
1.0125833858267717
20
0.5211029921259842
11
1.0130411417322835
21
0.5213051181102362
0
LINE
8
BLACK
6
CONTINUOUS
10
1.0130411417322835
20
0.5213051181102362
11
1.0143809055118109
21
0.5214605118110236
0
LINE
8
BLACK
6
CONTINUOUS
10
1.0143809055118109
20
0.5214605118110236
11
1.0146999999999999
21
0.5215240157480315
0
LINE
8
BLACK
6
CONTINUOUS
10
1.0146999999999999
20
0.5215240157480315
11
1.0265
21
0.5215240157480315
0
LINE
8
BLACK
6
CONTINUOUS
10
1.0265
20
0.5215240157480315
11
1.0268191732283465
21
0.5214605118110236
0
LINE
8
BLACK
6
CONTINUOUS
10
0.1803191732283465
20
0.5878105118110236
11
0.1816588188976378
21
0.5876551181102362
0
LINE
8
BLACK
6
CONTINUOUS
10
0.1816588188976378
20
0.5876551181102362
11
0.1821164960629921
21
0.5874529921259842
0
LINE
8
BLACK
6
CONTINUOUS
10
0.1821164960629921
20
0.5874529921259842
11
0.1830132677165354
21
0.5872746456692913
0
LINE
8
BLACK
6
CONTINUOUS
10
0.1830132677165354
20
0.5872746456692913
11
0.1839732677165354
21
0.5866331496062992
0
LINE
8
BLACK
6
CONTINUOUS
10
0.1839732677165354
20
0.5866331496062992
11
0.1844112992125984
21
0.5864397637795276
0
LINE
8
BLACK
6
CONTINUOUS
10
0.1844112992125984
20
0.5864397637795276
11
0.1847104724409449
21
0.5861405511811023
0
LINE
8
BLACK
6
CONTINUOUS
10
0.1847104724409449
20
0.5861405511811023
11
0.1855677559055118
21
0.5855677559055118
0
LINE
8
BLACK
6
CONTINUOUS
10
0.1855677559055118
20
0.5855677559055118
11
0.1861405511811024
21
0.5847104724409449
0
LINE
8
BLACK
6
CONTINUOUS
10
0.1861405511811024
20
0.5847104724409449
11
0.1864397637795276
21
0.5844112992125984
0
LINE
8
BLACK
6
CONTINUOUS
10
0.1864397637795276
20
0.5844112992125984
11
0.1866331496062992
21
0.5839732677165355
0
LINE
8
BLACK
6
CONTINUOUS
10
0.1866331496062992
20
0.5839732677165355
11
0.1872746456692913
21
0.5830132677165354
0
LINE
8
BLACK
6
CONTINUOUS
10
0.1872746456692913
20
0.5830132677165354
11
0.1874529921259842
21
0.5821164960629921
0
LINE
8
BLACK
6
CONTINUOUS
10
0.1874529921259842
20
0.5821164960629921
11
0.1876551181102362
21
0.5816588188976378
0
LINE
8
BLACK
6
CONTINUOUS
10
0.1876551181102362
20
0.5816588188976378
11
0.1878105118110236
21
0.580319094488189
0
LINE
8
BLACK
6
CONTINUOUS
10
0.1878105118110236
20
0.580319094488189
11
0.1878740157480315
21
0.58
0
LINE
8
BLACK
6
CONTINUOUS
10
0.1878740157480315
20
0.58
11
0.1878740157480315
21
0.52
0
LINE
8
BLACK
6
CONTINUOUS
10
0.1878740157480315
20
0.52
11
0.1878105118110236
21
0.5196808661417323
0
LINE
8
BLACK
6
CONTINUOUS
10
0.1878105118110236
20
0.5196808661417323
11
0.1876551181102362
21
0.5183411417322834
0
LINE
8
BLACK
6
CONTINUOUS
10
0.1876551181102362
20
0.5183411417322834
11
0.1874529921259842
21
0.5178833858267716
0
LINE
8
BLACK
6
CONTINUOUS
10
0.1874529921259842
20
0.5178833858267716
11
0.1872746456692913
21
0.5169867322834646
0
LINE
8
BLACK
6
CONTINUOUS
10
0.1872746456692913
20
0.5169867322834646
11
0.186633188976378
21
0.5160267716535433
0
LINE
8
BLACK
6
CONTINUOUS
10
0.186633188976378
20
0.5160267716535433
11
0.1864397637795276
21
0.5155886614173228
0
LINE
8
BLACK
6
CONTINUOUS
10
0.1864397637795276
20
0.5155886614173228
11
0.1861404724409449
21
0.5152893700787401
0
LINE
8
BLACK
6
CONTINUOUS
10
0.1861404724409449
20
0.5152893700787401
11
0.1855677559055118
21
0.5144322440944882
0
LINE
8
BLACK
6
CONTINUOUS
10
0.1855677559055118
20
0.5144322440944882
11
0.1847105905511811
21
0.5138594881889764
0
LINE
8
BLACK
6
CONTINUOUS
10
0.1847105905511811
20
0.5138594881889764
11
0.1844112992125984
21
0.5135601968503937
0
LINE
8
BLACK
6
CONTINUOUS
10
0.1844112992125984
20
0.5135601968503937
11
0.1839731102362205
21
0.5133666929133858
0
LINE
8
BLACK
6
CONTINUOUS
10
0.1839731102362205
20
0.5133666929133858
11
0.1830132677165354
21
0.5127253543307086
0
LINE
8
BLACK
6
CONTINUOUS
10
0.1830132677165354
20
0.5127253543307086
11
0.1821166929133858
21
0.5125470078740157
0
LINE
8
BLACK
6
CONTINUOUS
10
0.1821166929133858
20
0.5125470078740157
11
0.1816588188976378
21
0.512344842519685
0
LINE
8
BLACK
6
CONTINUOUS
10
0.1816588188976378
20
0.512344842519685
11
0.1803186220472441
21
0.5121893307086615
0
LINE
8
BLACK
6
CONTINUOUS
10
0.1803186220472441
20
0.5121893307086615
11
0.18
21
0.5121259842519685
0
LINE
8
BLACK
6
CONTINUOUS
10
0.18
20
0.5121259842519685
11
0.1797723228346457
21
0.5121259842519685
0
LINE
8
BLACK
6
CONTINUOUS
10
0.1797723228346457
20
0.5121259842519685
11
0.1202277165354331
21
0.5121259842519685
0
LINE
8
BLACK
6
CONTINUOUS
10
0.1202277165354331
20
0.5121259842519685
11
0.12
21
0.5121259842519685
0
LINE
8
BLACK
6
CONTINUOUS
10
0.12
20
0.5121259842519685
11
0.1196813385826772
21
0.5121893307086615
0
LINE
8
BLACK
6
CONTINUOUS
10
0.1196813385826772
20
0.5121893307086615
11
0.1183411417322835
21
0.512344842519685
0
LINE
8
BLACK
6
CONTINUOUS
10
0.1183411417322835
20
0.512344842519685
11
0.1178832283464567
21
0.5125470078740157
0
LINE
8
BLACK
6
CONTINUOUS
10
0.1178832283464567
20
0.5125470078740157
11
0.1169867322834646
21
0.5127253543307086
0
LINE
8
BLACK
6
CONTINUOUS
10
0.1169867322834646
20
0.5127253543307086
11
0.1160269291338583
21
0.5133666535433071
0
LINE
8
BLACK
6
CONTINUOUS
10
0.1160269291338583
20
0.5133666535433071
11
0.1155886614173228
21
0.5135601968503937
0
LINE
8
BLACK
6
CONTINUOUS
10
0.1155886614173228
20
0.5135601968503937
11
0.1152892519685039
21
0.5138595669291338
0
LINE
8
BLACK
6
CONTINUOUS
10
0.1152892519685039
20
0.5138595669291338
11
0.1144322440944882
21
0.5144322440944882
0
LINE
8
BLACK
6
CONTINUOUS
10
0.1144322440944882
20
0.5144322440944882
11
0.1138595669291339
21
0.5152892519685039
0
LINE
8
BLACK
6
CONTINUOUS
10
0.1138595669291339
20
0.5152892519685039
11
0.1135601968503937
21
0.5155886614173228
0
LINE
8
BLACK
6
CONTINUOUS
10
0.1135601968503937
20
0.5155886614173228
11
0.1133666535433071
21
0.5160269291338583
0
LINE
8
BLACK
6
CONTINUOUS
10
0.1133666535433071
20
0.5160269291338583
11
0.1127253543307087
21
0.5169867322834646
0
LINE
8
BLACK
6
CONTINUOUS
10
0.1127253543307087
20
0.5169867322834646
11
0.1125470078740157
21
0.5178832283464567
0
LINE
8
BLACK
6
CONTINUOUS
10
0.1125470078740157
20
0.5178832283464567
11
0.112344842519685
21
0.5183411417322834
0
LINE
8
BLACK
6
CONTINUOUS
10
0.112344842519685
20
0.5183411417322834
11
0.1121893307086614
21
0.5196814173228347
0
LINE
8
BLACK
6
CONTINUOUS
10
0.1121893307086614
20
0.5196814173228347
11
0.1121259842519685
21
0.52
0
LINE
8
BLACK
6
CONTINUOUS
10
0.1121259842519685
20
0.52
11
0.1121259842519685
21
0.58
0
LINE
8
BLACK
6
CONTINUOUS
10
0.1121259842519685
20
0.58
11
0.1121893700787401
21
0.5803187007874016
0
LINE
8
BLACK
6
CONTINUOUS
10
0.1121893700787401
20
0.5803187007874016
11
0.112344842519685
21
0.5816588188976378
0
LINE
8
BLACK
6
CONTINUOUS
10
0.112344842519685
20
0.5816588188976378
11
0.1125470078740157
21
0.5821166929133859
0
LINE
8
BLACK
6
CONTINUOUS
10
0.1125470078740157
20
0.5821166929133859
11
0.1127253543307087
21
0.5830132677165354
0
LINE
8
BLACK
6
CONTINUOUS
10
0.1127253543307087
20
0.5830132677165354
11
0.1133666929133858
21
0.5839731102362204
0
LINE
8
BLACK
6
CONTINUOUS
10
0.1133666929133858
20
0.5839731102362204
11
0.1135601968503937
21
0.5844112992125984
0
LINE
8
BLACK
6
CONTINUOUS
10
0.1135601968503937
20
0.5844112992125984
11
0.1138594881889764
21
0.5847105905511811
0
LINE
8
BLACK
6
CONTINUOUS
10
0.1138594881889764
20
0.5847105905511811
11
0.1144322440944882
21
0.5855677559055118
0
LINE
8
BLACK
6
CONTINUOUS
10
0.1144322440944882
20
0.5855677559055118
11
0.1152893700787402
21
0.5861404724409449
0
LINE
8
BLACK
6
CONTINUOUS
10
0.1152893700787402
20
0.5861404724409449
11
0.1155886614173228
21
0.5864397637795276
0
LINE
8
BLACK
6
CONTINUOUS
10
0.1155886614173228
20
0.5864397637795276
11
0.1160267716535433
21
0.586633188976378
0
LINE
8
BLACK
6
CONTINUOUS
10
0.1160267716535433
20
0.586633188976378
11
0.1169867322834646
21
0.5872746456692913
0
LINE
8
BLACK
6
CONTINUOUS
10
0.1169867322834646
20
0.5872746456692913
11
0.1178833858267716
21
0.5874529921259842
0
LINE
8
BLACK
6
CONTINUOUS
10
0.1178833858267716
20
0.5874529921259842
11
0.1183411417322835
21
0.5876551181102362
0
LINE
8
BLACK
6
CONTINUOUS
10
0.1183411417322835
20
0.5876551181102362
11
0.1196809448818898
21
0.5878105511811024
0
LINE
8
BLACK
6
CONTINUOUS
10
0.1196809448818898
20
0.5878105511811024
11
0.12
21
0.5878740157480314
0
LINE
8
BLACK
6
CONTINUOUS
10
0.12
20
0.5878740157480314
11
0.18
21
0.5878740157480314
0
LINE
8
BLACK
6
CONTINUOUS
10
0.18
20
0.5878740157480314
11
0.1803191732283465
21
0.5878105118110236
0
LINE
8
BLACK
6
CONTINUOUS
10
0.2803191732283464
20
0.5878105118110236
11
0.2816588188976378
21
0.5876551181102362
0
LINE
8
BLACK
6
CONTINUOUS
10
0.2816588188976378
20
0.5876551181102362
11
0.2821164960629921
21
0.5874529921259842
0
LINE
8
BLACK
6
CONTINUOUS
10
0.2821164960629921
20
0.5874529921259842
11
0.2830132677165354
21
0.5872746456692913
0
LINE
8
BLACK
6
CONTINUOUS
10
0.2830132677165354
20
0.5872746456692913
11
0.2839732677165354
21
0.5866331496062992
0
LINE
8
BLACK
6
CONTINUOUS
10
0.2839732677165354
20
0.5866331496062992
11
0.2844112992125984
21
0.5864397637795276
0
LINE
8
BLACK
6
CONTINUOUS
10
0.2844112992125984
20
0.5864397637795276
11
0.2847104724409449
21
0.5861405511811023
0
LINE
8
BLACK
6
CONTINUOUS
10
0.2847104724409449
20
0.5861405511811023
11
0.2855677559055118
21
0.5855677559055118
0
LINE
8
BLACK
6
CONTINUOUS
10
0.2855677559055118
20
0.5855677559055118
11
0.2861405511811024
21
0.5847104724409449
0
LINE
8
BLACK
6
CONTINUOUS
10
0.2861405511811024
20
0.5847104724409449
11
0.2864397637795276
21
0.5844112992125984
0
LINE
8
BLACK
6
CONTINUOUS
10
0.2864397637795276
20
0.5844112992125984
11
0.2866331496062992
21
0.5839732677165355
0
LINE
8
BLACK
6
CONTINUOUS
10
0.2866331496062992
20
0.5839732677165355
11
0.2872746456692913
21
0.5830132677165354
0
LINE
8
BLACK
6
CONTINUOUS
10
0.2872746456692913
20
0.5830132677165354
11
0.2874529921259842
21
0.5821164960629921
0
LINE
8
BLACK
6
CONTINUOUS
10
0.2874529921259842
20
0.5821164960629921
11
0.2876551181102362
21
0.5816588188976378
0
LINE
8
BLACK
6
CONTINUOUS
10
0.2876551181102362
20
0.5816588188976378
11
0.2878105118110236
21
0.580319094488189
0
LINE
8
BLACK
6
CONTINUOUS
10
0.2878105118110236
20
0.580319094488189
11
0.2878740157480315
21
0.58
0
LINE
8
BLACK
6
CONTINUOUS
10
0.2878740157480315
20
0.58
11
0.2878740157480315
21
0.52
0
LINE
8
BLACK
6
CONTINUOUS
10
0.2878740157480315
20
0.52
11
0.2878105118110236
21
0.5196808661417323
0
LINE
8
BLACK
6
CONTINUOUS
10
0.2878105118110236
20
0.5196808661417323
11
0.2876551181102362
21
0.5183411417322834
0
LINE
8
BLACK
6
CONTINUOUS
10
0.2876551181102362
20
0.5183411417322834
11
0.2874529921259842
21
0.5178833858267716
0
LINE
8
BLACK
6
CONTINUOUS
10
0.2874529921259842
20
0.5178833858267716
11
0.2872746456692913
21
0.5169867322834646
0
LINE
8
BLACK
6
CONTINUOUS
10
0.2872746456692913
20
0.5169867322834646
11
0.286633188976378
21
0.5160267716535433
0
LINE
8
BLACK
6
CONTINUOUS
10
0.286633188976378
20
0.5160267716535433
11
0.2864397637795276
21
0.5155886614173228
0
LINE
8
BLACK
6
CONTINUOUS
10
0.2864397637795276
20
0.5155886614173228
11
0.2861404724409449
21
0.5152893700787401
0
LINE
8
BLACK
6
CONTINUOUS
10
0.2861404724409449
20
0.5152893700787401
11
0.2855677559055118
21
0.5144322440944882
0
LINE
8
BLACK
6
CONTINUOUS
10
0.2855677559055118
20
0.5144322440944882
11
0.2847105905511811
21
0.5138594881889764
0
LINE
8
BLACK
6
CONTINUOUS
10
0.2847105905511811
20
0.5138594881889764
11
0.2844112992125984
21
0.5135601968503937
0
LINE
8
BLACK
6
CONTINUOUS
10
0.2844112992125984
20
0.5135601968503937
11
0.2839731102362205
21
0.5133666929133858
0
LINE
8
BLACK
6
CONTINUOUS
10
0.2839731102362205
20
0.5133666929133858
11
0.2830132677165354
21
0.5127253543307086
0
LINE
8
BLACK
6
CONTINUOUS
10
0.2830132677165354
20
0.5127253543307086
11
0.2821166929133858
21
0.5125470078740157
0
LINE
8
BLACK
6
CONTINUOUS
10
0.2821166929133858
20
0.5125470078740157
11
0.2816588188976378
21
0.512344842519685
0
LINE
8
BLACK
6
CONTINUOUS
10
0.2816588188976378
20
0.512344842519685
11
0.2803186220472441
21
0.5121893307086615
0
LINE
8
BLACK
6
CONTINUOUS
10
0.2803186220472441
20
0.5121893307086615
11
0.28
21
0.5121259842519685
0
LINE
8
BLACK
6
CONTINUOUS
10
0.28
20
0.5121259842519685
11
0.2797723228346456
21
0.5121259842519685
0
LINE
8
BLACK
6
CONTINUOUS
10
0.2797723228346456
20
0.5121259842519685
11
0.2202277165354331
21
0.5121259842519685
0
LINE
8
BLACK
6
CONTINUOUS
10
0.2202277165354331
20
0.5121259842519685
11
0.22
21
0.5121259842519685
0
LINE
8
BLACK
6
CONTINUOUS
10
0.22
20
0.5121259842519685
11
0.2196813385826772
21
0.5121893307086615
0
LINE
8
BLACK
6
CONTINUOUS
10
0.2196813385826772
20
0.5121893307086615
11
0.2183411417322835
21
0.512344842519685
0
LINE
8
BLACK
6
CONTINUOUS
10
0.2183411417322835
20
0.512344842519685
11
0.2178832283464567
21
0.5125470078740157
0
LINE
8
BLACK
6
CONTINUOUS
10
0.2178832283464567
20
0.5125470078740157
11
0.2169867322834646
21
0.5127253543307086
0
LINE
8
BLACK
6
CONTINUOUS
10
0.2169867322834646
20
0.5127253543307086
11
0.2160269291338583
21
0.5133666535433071
0
LINE
8
BLACK
6
CONTINUOUS
10
0.2160269291338583
20
0.5133666535433071
11
0.2155886614173228
21
0.5135601968503937
0
LINE
8
BLACK
6
CONTINUOUS
10
0.2155886614173228
20
0.5135601968503937
11
0.2152892519685039
21
0.5138595669291338
0
LINE
8
BLACK
6
CONTINUOUS
10
0.2152892519685039
20
0.5138595669291338
11
0.2144322440944882
21
0.5144322440944882
0
LINE
8
BLACK
6
CONTINUOUS
10
0.2144322440944882
20
0.5144322440944882
11
0.2138595669291339
21
0.5152892519685039
0
LINE
8
BLACK
6
CONTINUOUS
10
0.2138595669291339
20
0.5152892519685039
11
0.2135601968503937
21
0.5155886614173228
0
LINE
8
BLACK
6
CONTINUOUS
10
0.2135601968503937
20
0.5155886614173228
11
0.2133666535433071
21
0.5160269291338583
0
LINE
8
BLACK
6
CONTINUOUS
10
0.2133666535433071
20
0.5160269291338583
11
0.2127253543307087
21
0.5169867322834646
0
LINE
8
BLACK
6
CONTINUOUS
10
0.2127253543307087
20
0.5169867322834646
11
0.2125470078740157
21
0.5178832283464567
0
LINE
8
BLACK
6
CONTINUOUS
10
0.2125470078740157
20
0.5178832283464567
11
0.212344842519685
21
0.5183411417322834
0
LINE
8
BLACK
6
CONTINUOUS
10
0.212344842519685
20
0.5183411417322834
11
0.2121893307086614
21
0.5196814173228347
0
LINE
8
BLACK
6
CONTINUOUS
10
0.2121893307086614
20
0.5196814173228347
11
0.2121259842519685
21
0.52
0
LINE
8
BLACK
6
CONTINUOUS
10
0.2121259842519685
20
0.52
11
0.2121259842519685
21
0.58
0
LINE
8
BLACK
6
CONTINUOUS
10
0.2121259842519685
20
0.58
11
0.2121893700787401
21
0.5803187007874016
0
LINE
8
BLACK
6
CONTINUOUS
10
0.2121893700787401
20
0.5803187007874016
11
0.212344842519685
21
0.5816588188976378
0
LINE
8
BLACK
6
CONTINUOUS
10
0.212344842519685
20
0.5816588188976378
11
0.2125470078740157
21
0.5821166929133859
0
LINE
8
BLACK
6
CONTINUOUS
10
0.2125470078740157
20
0.5821166929133859
11
0.2127253543307087
21
0.5830132677165354
0
LINE
8
BLACK
6
CONTINUOUS
10
0.2127253543307087
20
0.5830132677165354
11
0.2133666929133858
21
0.5839731102362204
0
LINE
8
BLACK
6
CONTINUOUS
10
0.2133666929133858
20
0.5839731102362204
11
0.2135601968503937
21
0.5844112992125984
0
LINE
8
BLACK
6
CONTINUOUS
10
0.2135601968503937
20
0.5844112992125984
11
0.2138594881889764
21
0.5847105905511811
0
LINE
8
BLACK
6
CONTINUOUS
10
0.2138594881889764
20
0.5847105905511811
11
0.2144322440944882
21
0.5855677559055118
0
LINE
8
BLACK
6
CONTINUOUS
10
0.2144322440944882
20
0.5855677559055118
11
0.2152893700787402
21
0.5861404724409449
0
LINE
8
BLACK
6
CONTINUOUS
10
0.2152893700787402
20
0.5861404724409449
11
0.2155886614173228
21
0.5864397637795276
0
LINE
8
BLACK
6
CONTINUOUS
10
0.2155886614173228
20
0.5864397637795276
11
0.2160267716535433
21
0.586633188976378
0
LINE
8
BLACK
6
CONTINUOUS
10
0.2160267716535433
20
0.586633188976378
11
0.2169867322834646
21
0.5872746456692913
0
LINE
8
BLACK
6
CONTINUOUS
10
0.2169867322834646
20
0.5872746456692913
11
0.2178833858267716
21
0.5874529921259842
0
LINE
8
BLACK
6
CONTINUOUS
10
0.2178833858267716
20
0.5874529921259842
11
0.2183411417322835
21
0.5876551181102362
0
LINE
8
BLACK
6
CONTINUOUS
10
0.2183411417322835
20
0.5876551181102362
11
0.2196809448818898
21
0.5878105511811024
0
LINE
8
BLACK
6
CONTINUOUS
10
0.2196809448818898
20
0.5878105511811024
11
0.22
21
0.5878740157480314
0
LINE
8
BLACK
6
CONTINUOUS
10
0.22
20
0.5878740157480314
11
0.28
21
0.5878740157480314
0
LINE
8
BLACK
6
CONTINUOUS
10
0.28
20
0.5878740157480314
11
0.2803191732283464
21
0.5878105118110236
0
LINE
8
BLACK
6
CONTINUOUS
10
1.7803191732283463
20
0.5878105118110236
11
1.7816588188976377
21
0.5876551181102362
0
LINE
8
BLACK
6
CONTINUOUS
10
1.7816588188976377
20
0.5876551181102362
11
1.7821164960629921
21
0.5874529921259842
0
LINE
8
BLACK
6
CONTINUOUS
10
1.7821164960629921
20
0.5874529921259842
11
1.7830132677165353
21
0.5872746456692913
0
LINE
8
BLACK
6
CONTINUOUS
10
1.7830132677165353
20
0.5872746456692913
11
1.7839732677165354
21
0.5866331496062992
0
LINE
8
BLACK
6
CONTINUOUS
10
1.7839732677165354
20
0.5866331496062992
11
1.7844112992125984
21
0.5864397637795276
0
LINE
8
BLACK
6
CONTINUOUS
10
1.7844112992125984
20
0.5864397637795276
11
1.7847104724409448
21
0.5861405511811023
0
LINE
8
BLACK
6
CONTINUOUS
10
1.7847104724409448
20
0.5861405511811023
11
1.7855677559055119
21
0.5855677559055118
0
LINE
8
BLACK
6
CONTINUOUS
10
1.7855677559055119
20
0.5855677559055118
11
1.7861405511811024
21
0.5847104724409449
0
LINE
8
BLACK
6
CONTINUOUS
10
1.7861405511811024
20
0.5847104724409449
11
1.7864397637795275
21
0.5844112992125984
0
LINE
8
BLACK
6
CONTINUOUS
10
1.7864397637795275
20
0.5844112992125984
11
1.7866331496062993
21
0.5839732677165355
0
LINE
8
BLACK
6
CONTINUOUS
10
1.7866331496062993
20
0.5839732677165355
11
1.7872746456692914
21
0.5830132677165354
0
LINE
8
BLACK
6
CONTINUOUS
10
1.7872746456692914
20
0.5830132677165354
11
1.7874529921259843
21
0.5821164960629921
0
LINE
8
BLACK
6
CONTINUOUS
10
1.7874529921259843
20
0.5821164960629921
11
1.7876551181102363
21
0.5816588188976378
0
LINE
8
BLACK
6
CONTINUOUS
10
1.7876551181102363
20
0.5816588188976378
11
1.7878105118110237
21
0.580319094488189
0
LINE
8
BLACK
6
CONTINUOUS
10
1.7878105118110237
20
0.580319094488189
11
1.7878740157480315
21
0.58
0
LINE
8
BLACK
6
CONTINUOUS
10
1.7878740157480315
20
0.58
11
1.7878740157480315
21
0.52
0
LINE
8
BLACK
6
CONTINUOUS
10
1.7878740157480315
20
0.52
11
1.7878105118110237
21
0.5196808661417323
0
LINE
8
BLACK
6
CONTINUOUS
10
1.7878105118110237
20
0.5196808661417323
11
1.7876551181102363
21
0.5183411417322834
0
LINE
8
BLACK
6
CONTINUOUS
10
1.7876551181102363
20
0.5183411417322834
11
1.7874529921259843
21
0.5178833858267716
0
LINE
8
BLACK
6
CONTINUOUS
10
1.7874529921259843
20
0.5178833858267716
11
1.7872746456692914
21
0.5169867322834646
0
LINE
8
BLACK
6
CONTINUOUS
10
1.7872746456692914
20
0.5169867322834646
11
1.786633188976378
21
0.5160267716535433
0
LINE
8
BLACK
6
CONTINUOUS
10
1.786633188976378
20
0.5160267716535433
11
1.7864397637795275
21
0.5155886614173228
0
LINE
8
BLACK
6
CONTINUOUS
10
1.7864397637795275
20
0.5155886614173228
11
1.7861404724409449
21
0.5152893700787401
0
LINE
8
BLACK
6
CONTINUOUS
10
1.7861404724409449
20
0.5152893700787401
11
1.7855677559055119
21
0.5144322440944882
0
LINE
8
BLACK
6
CONTINUOUS
10
1.7855677559055119
20
0.5144322440944882
11
1.7847105905511811
21
0.5138594881889764
0
LINE
8
BLACK
6
CONTINUOUS
10
1.7847105905511811
20
0.5138594881889764
11
1.7844112992125984
21
0.5135601968503937
0
LINE
8
BLACK
6
CONTINUOUS
10
1.7844112992125984
20
0.5135601968503937
11
1.7839731102362204
21
0.5133666929133858
0
LINE
8
BLACK
6
CONTINUOUS
10
1.7839731102362204
20
0.5133666929133858
11
1.7830132677165353
21
0.5127253543307086
0
LINE
8
BLACK
6
CONTINUOUS
10
1.7830132677165353
20
0.5127253543307086
11
1.7821166929133858
21
0.5125470078740157
0
LINE
8
BLACK
6
CONTINUOUS
10
1.7821166929133858
20
0.5125470078740157
11
1.7816588188976377
21
0.512344842519685
0
LINE
8
BLACK
6
CONTINUOUS
10
1.7816588188976377
20
0.512344842519685
11
1.780318622047244
21
0.5121893307086615
0
LINE
8
BLACK
6
CONTINUOUS
10
1.780318622047244
20
0.5121893307086615
11
1.78
21
0.5121259842519685
0
LINE
8
BLACK
6
CONTINUOUS
10
1.78
20
0.5121259842519685
11
1.7797723228346456
21
0.5121259842519685
0
LINE
8
BLACK
6
CONTINUOUS
10
1.7797723228346456
20
0.5121259842519685
11
1.7202277165354329
21
0.5121259842519685
0
LINE
8
BLACK
6
CONTINUOUS
10
1.7202277165354329
20
0.5121259842519685
11
1.72
21
0.5121259842519685
0
LINE
8
BLACK
6
CONTINUOUS
10
1.72
20
0.5121259842519685
11
1.719681338582677
21
0.5121893307086615
0
LINE
8
BLACK
6
CONTINUOUS
10
1.719681338582677
20
0.5121893307086615
11
1.7183411417322834
21
0.512344842519685
0
LINE
8
BLACK
6
CONTINUOUS
10
1.7183411417322834
20
0.512344842519685
11
1.7178832283464567
21
0.5125470078740157
0
LINE
8
BLACK
6
CONTINUOUS
10
1.7178832283464567
20
0.5125470078740157
11
1.7169867322834644
21
0.5127253543307086
0
LINE
8
BLACK
6
CONTINUOUS
10
1.7169867322834644
20
0.5127253543307086
11
1.7160269291338581
21
0.5133666535433071
0
LINE
8
BLACK
6
CONTINUOUS
10
1.7160269291338581
20
0.5133666535433071
11
1.7155886614173228
21
0.5135601968503937
0
LINE
8
BLACK
6
CONTINUOUS
10
1.7155886614173228
20
0.5135601968503937
11
1.7152892519685039
21
0.5138595669291338
0
LINE
8
BLACK
6
CONTINUOUS
10
1.7152892519685039
20
0.5138595669291338
11
1.7144322440944881
21
0.5144322440944882
0
LINE
8
BLACK
6
CONTINUOUS
10
1.7144322440944881
20
0.5144322440944882
11
1.7138595669291339
21
0.5152892519685039
0
LINE
8
BLACK
6
CONTINUOUS
10
1.7138595669291339
20
0.5152892519685039
11
1.7135601968503937
21
0.5155886614173228
0
LINE
8
BLACK
6
CONTINUOUS
10
1.7135601968503937
20
0.5155886614173228
11
1.713366653543307
21
0.5160269291338583
0
LINE
8
BLACK
6
CONTINUOUS
10
1.713366653543307
20
0.5160269291338583
11
1.7127253543307086
21
0.5169867322834646
0
LINE
8
BLACK
6
CONTINUOUS
10
1.7127253543307086
20
0.5169867322834646
11
1.7125470078740157
21
0.5178832283464567
0
LINE
8
BLACK
6
CONTINUOUS
10
1.7125470078740157
20
0.5178832283464567
11
1.712344842519685
21
0.5183411417322834
0
LINE
8
BLACK
6
CONTINUOUS
10
1.712344842519685
20
0.5183411417322834
11
1.7121893307086613
21
0.5196814173228347
0
LINE
8
BLACK
6
CONTINUOUS
10
1.7121893307086613
20
0.5196814173228347
11
1.7121259842519685
21
0.52
0
LINE
8
BLACK
6
CONTINUOUS
10
1.7121259842519685
20
0.52
11
1.7121259842519685
21
0.58
0
LINE
8
BLACK
6
CONTINUOUS
10
1.7121259842519685
20
0.58
11
1.7121893700787401
21
0.5803187007874016
0
LINE
8
BLACK
6
CONTINUOUS
10
1.7121893700787401
20
0.5803187007874016
11
1.712344842519685
21
0.5816588188976378
0
LINE
8
BLACK
6
CONTINUOUS
10
1.712344842519685
20
0.5816588188976378
11
1.7125470078740157
21
0.5821166929133859
0
LINE
8
BLACK
6
CONTINUOUS
10
1.7125470078740157
20
0.5821166929133859
11
1.7127253543307086
21
0.5830132677165354
0
LINE
8
BLACK
6
CONTINUOUS
10
1.7127253543307086
20
0.5830132677165354
11
1.7133666929133857
21
0.5839731102362204
0
LINE
8
BLACK
6
CONTINUOUS
10
1.7133666929133857
20
0.5839731102362204
11
1.7135601968503937
21
0.5844112992125984
0
LINE
8
BLACK
6
CONTINUOUS
10
1.7135601968503937
20
0.5844112992125984
11
1.7138594881889764
21
0.5847105905511811
0
LINE
8
BLACK
6
CONTINUOUS
10
1.7138594881889764
20
0.5847105905511811
11
1.7144322440944881
21
0.5855677559055118
0
LINE
8
BLACK
6
CONTINUOUS
10
1.7144322440944881
20
0.5855677559055118
11
1.7152893700787402
21
0.5861404724409449
0
LINE
8
BLACK
6
CONTINUOUS
10
1.7152893700787402
20
0.5861404724409449
11
1.7155886614173228
21
0.5864397637795276
0
LINE
8
BLACK
6
CONTINUOUS
10
1.7155886614173228
20
0.5864397637795276
11
1.7160267716535433
21
0.586633188976378
0
LINE
8
BLACK
6
CONTINUOUS
10
1.7160267716535433
20
0.586633188976378
11
1.7169867322834644
21
0.5872746456692913
0
LINE
8
BLACK
6
CONTINUOUS
10
1.7169867322834644
20
0.5872746456692913
11
1.7178833858267717
21
0.5874529921259842
0
LINE
8
BLACK
6
CONTINUOUS
10
1.7178833858267717
20
0.5874529921259842
11
1.7183411417322834
21
0.5876551181102362
0
LINE
8
BLACK
6
CONTINUOUS
10
1.7183411417322834
20
0.5876551181102362
11
1.7196809448818897
21
0.5878105511811024
0
LINE
8
BLACK
6
CONTINUOUS
10
1.7196809448818897
20
0.5878105511811024
11
1.72
21
0.5878740157480314
0
LINE
8
BLACK
6
CONTINUOUS
10
1.72
20
0.5878740157480314
11
1.78
21
0.5878740157480314
0
LINE
8
BLACK
6
CONTINUOUS
10
1.78
20
0.5878740157480314
11
1.7803191732283463
21
0.5878105118110236
0
LINE
8
BLACK
6
CONTINUOUS
10
1.8803191732283464
20
0.5878105118110236
11
1.8816588188976378
21
0.5876551181102362
0
LINE
8
BLACK
6
CONTINUOUS
10
1.8816588188976378
20
0.5876551181102362
11
1.8821164960629921
21
0.5874529921259842
0
LINE
8
BLACK
6
CONTINUOUS
10
1.8821164960629921
20
0.5874529921259842
11
1.8830132677165354
21
0.5872746456692913
0
LINE
8
BLACK
6
CONTINUOUS
10
1.8830132677165354
20
0.5872746456692913
11
1.8839732677165353
21
0.5866331496062992
0
LINE
8
BLACK
6
CONTINUOUS
10
1.8839732677165353
20
0.5866331496062992
11
1.8844112992125983
21
0.5864397637795276
0
LINE
8
BLACK
6
CONTINUOUS
10
1.8844112992125983
20
0.5864397637795276
11
1.8847104724409449
21
0.5861405511811023
0
LINE
8
BLACK
6
CONTINUOUS
10
1.8847104724409449
20
0.5861405511811023
11
1.8855677559055117
21
0.5855677559055118
0
LINE
8
BLACK
6
CONTINUOUS
10
1.8855677559055117
20
0.5855677559055118
11
1.8861405511811022
21
0.5847104724409449
0
LINE
8
BLACK
6
CONTINUOUS
10
1.8861405511811022
20
0.5847104724409449
11
1.8864397637795276
21
0.5844112992125984
0
LINE
8
BLACK
6
CONTINUOUS
10
1.8864397637795276
20
0.5844112992125984
11
1.8866331496062991
21
0.5839732677165355
0
LINE
8
BLACK
6
CONTINUOUS
10
1.8866331496062991
20
0.5839732677165355
11
1.8872746456692913
21
0.5830132677165354
0
LINE
8
BLACK
6
CONTINUOUS
10
1.8872746456692913
20
0.5830132677165354
11
1.8874529921259842
21
0.5821164960629921
0
LINE
8
BLACK
6
CONTINUOUS
10
1.8874529921259842
20
0.5821164960629921
11
1.8876551181102361
21
0.5816588188976378
0
LINE
8
BLACK
6
CONTINUOUS
10
1.8876551181102361
20
0.5816588188976378
11
1.8878105118110236
21
0.580319094488189
0
LINE
8
BLACK
6
CONTINUOUS
10
1.8878105118110236
20
0.580319094488189
11
1.8878740157480314
21
0.58
0
LINE
8
BLACK
6
CONTINUOUS
10
1.8878740157480314
20
0.58
11
1.8878740157480314
21
0.52
0
LINE
8
BLACK
6
CONTINUOUS
10
1.8878740157480314
20
0.52
11
1.8878105118110236
21
0.5196808661417323
0
LINE
8
BLACK
6
CONTINUOUS
10
1.8878105118110236
20
0.5196808661417323
11
1.8876551181102361
21
0.5183411417322834
0
LINE
8
BLACK
6
CONTINUOUS
10
1.8876551181102361
20
0.5183411417322834
11
1.8874529921259842
21
0.5178833858267716
0
LINE
8
BLACK
6
CONTINUOUS
10
1.8874529921259842
20
0.5178833858267716
11
1.8872746456692913
21
0.5169867322834646
0
LINE
8
BLACK
6
CONTINUOUS
10
1.8872746456692913
20
0.5169867322834646
11
1.8866331889763779
21
0.5160267716535433
0
LINE
8
BLACK
6
CONTINUOUS
10
1.8866331889763779
20
0.5160267716535433
11
1.8864397637795276
21
0.5155886614173228
0
LINE
8
BLACK
6
CONTINUOUS
10
1.8864397637795276
20
0.5155886614173228
11
1.8861404724409447
21
0.5152893700787401
0
LINE
8
BLACK
6
CONTINUOUS
10
1.8861404724409447
20
0.5152893700787401
11
1.8855677559055117
21
0.5144322440944882
0
LINE
8
BLACK
6
CONTINUOUS
10
1.8855677559055117
20
0.5144322440944882
11
1.884710590551181
21
0.5138594881889764
0
LINE
8
BLACK
6
CONTINUOUS
10
1.884710590551181
20
0.5138594881889764
11
1.8844112992125983
21
0.5135601968503937
0
LINE
8
BLACK
6
CONTINUOUS
10
1.8844112992125983
20
0.5135601968503937
11
1.8839731102362205
21
0.5133666929133858
0
LINE
8
BLACK
6
CONTINUOUS
10
1.8839731102362205
20
0.5133666929133858
11
1.8830132677165354
21
0.5127253543307086
0
LINE
8
BLACK
6
CONTINUOUS
10
1.8830132677165354
20
0.5127253543307086
11
1.8821166929133857
21
0.5125470078740157
0
LINE
8
BLACK
6
CONTINUOUS
10
1.8821166929133857
20
0.5125470078740157
11
1.8816588188976378
21
0.512344842519685
0
LINE
8
BLACK
6
CONTINUOUS
10
1.8816588188976378
20
0.512344842519685
11
1.8803186220472441
21
0.5121893307086615
0
LINE
8
BLACK
6
CONTINUOUS
10
1.8803186220472441
20
0.5121893307086615
11
1.8799999999999999
21
0.5121259842519685
0
LINE
8
BLACK
6
CONTINUOUS
10
1.8799999999999999
20
0.5121259842519685
11
1.8797723228346457
21
0.5121259842519685
0
LINE
8
BLACK
6
CONTINUOUS
10
1.8797723228346457
20
0.5121259842519685
11
1.820227716535433
21
0.5121259842519685
0
LINE
8
BLACK
6
CONTINUOUS
10
1.820227716535433
20
0.5121259842519685
11
1.8200000000000001
21
0.5121259842519685
0
LINE
8
BLACK
6
CONTINUOUS
10
1.8200000000000001
20
0.5121259842519685
11
1.8196813385826771
21
0.5121893307086615
0
LINE
8
BLACK
6
CONTINUOUS
10
1.8196813385826771
20
0.5121893307086615
11
1.8183411417322835
21
0.512344842519685
0
LINE
8
BLACK
6
CONTINUOUS
10
1.8183411417322835
20
0.512344842519685
11
1.8178832283464565
21
0.5125470078740157
0
LINE
8
BLACK
6
CONTINUOUS
10
1.8178832283464565
20
0.5125470078740157
11
1.8169867322834645
21
0.5127253543307086
0
LINE
8
BLACK
6
CONTINUOUS
10
1.8169867322834645
20
0.5127253543307086
11
1.8160269291338582
21
0.5133666535433071
0
LINE
8
BLACK
6
CONTINUOUS
10
1.8160269291338582
20
0.5133666535433071
11
1.8155886614173229
21
0.5135601968503937
0
LINE
8
BLACK
6
CONTINUOUS
10
1.8155886614173229
20
0.5135601968503937
11
1.815289251968504
21
0.5138595669291338
0
LINE
8
BLACK
6
CONTINUOUS
10
1.815289251968504
20
0.5138595669291338
11
1.8144322440944882
21
0.5144322440944882
0
LINE
8
BLACK
6
CONTINUOUS
10
1.8144322440944882
20
0.5144322440944882
11
1.8138595669291337
21
0.5152892519685039
0
LINE
8
BLACK
6
CONTINUOUS
10
1.8138595669291337
20
0.5152892519685039
11
1.8135601968503936
21
0.5155886614173228
0
LINE
8
BLACK
6
CONTINUOUS
10
1.8135601968503936
20
0.5155886614173228
11
1.8133666535433071
21
0.5160269291338583
0
LINE
8
BLACK
6
CONTINUOUS
10
1.8133666535433071
20
0.5160269291338583
11
1.8127253543307087
21
0.5169867322834646
0
LINE
8
BLACK
6
CONTINUOUS
10
1.8127253543307087
20
0.5169867322834646
11
1.8125470078740158
21
0.5178832283464567
0
LINE
8
BLACK
6
CONTINUOUS
10
1.8125470078740158
20
0.5178832283464567
11
1.8123448425196851
21
0.5183411417322834
0
LINE
8
BLACK
6
CONTINUOUS
10
1.8123448425196851
20
0.5183411417322834
11
1.8121893307086614
21
0.5196814173228347
0
LINE
8
BLACK
6
CONTINUOUS
10
1.8121893307086614
20
0.5196814173228347
11
1.8121259842519684
21
0.52
0
LINE
8
BLACK
6
CONTINUOUS
10
1.8121259842519684
20
0.52
11
1.8121259842519684
21
0.58
0
LINE
8
BLACK
6
CONTINUOUS
10
1.8121259842519684
20
0.58
11
1.8121893700787401
21
0.5803187007874016
0
LINE
8
BLACK
6
CONTINUOUS
10
1.8121893700787401
20
0.5803187007874016
11
1.8123448425196851
21
0.5816588188976378
0
LINE
8
BLACK
6
CONTINUOUS
10
1.8123448425196851
20
0.5816588188976378
11
1.8125470078740158
21
0.5821166929133859
0
LINE
8
BLACK
6
CONTINUOUS
10
1.8125470078740158
20
0.5821166929133859
11
1.8127253543307087
21
0.5830132677165354
0
LINE
8
BLACK
6
CONTINUOUS
10
1.8127253543307087
20
0.5830132677165354
11
1.8133666929133858
21
0.5839731102362204
0
LINE
8
BLACK
6
CONTINUOUS
10
1.8133666929133858
20
0.5839731102362204
11
1.8135601968503936
21
0.5844112992125984
0
LINE
8
BLACK
6
CONTINUOUS
10
1.8135601968503936
20
0.5844112992125984
11
1.8138594881889762
21
0.5847105905511811
0
LINE
8
BLACK
6
CONTINUOUS
10
1.8138594881889762
20
0.5847105905511811
11
1.8144322440944882
21
0.5855677559055118
0
LINE
8
BLACK
6
CONTINUOUS
10
1.8144322440944882
20
0.5855677559055118
11
1.81528937007874
21
0.5861404724409449
0
LINE
8
BLACK
6
CONTINUOUS
10
1.81528937007874
20
0.5861404724409449
11
1.8155886614173229
21
0.5864397637795276
0
LINE
8
BLACK
6
CONTINUOUS
10
1.8155886614173229
20
0.5864397637795276
11
1.8160267716535432
21
0.586633188976378
0
LINE
8
BLACK
6
CONTINUOUS
10
1.8160267716535432
20
0.586633188976378
11
1.8169867322834645
21
0.5872746456692913
0
LINE
8
BLACK
6
CONTINUOUS
10
1.8169867322834645
20
0.5872746456692913
11
1.8178833858267716
21
0.5874529921259842
0
LINE
8
BLACK
6
CONTINUOUS
10
1.8178833858267716
20
0.5874529921259842
11
1.8183411417322835
21
0.5876551181102362
0
LINE
8
BLACK
6
CONTINUOUS
10
1.8183411417322835
20
0.5876551181102362
11
1.8196809448818898
21
0.5878105511811024
0
LINE
8
BLACK
6
CONTINUOUS
10
1.8196809448818898
20
0.5878105511811024
11
1.8200000000000001
21
0.5878740157480314
0
LINE
8
BLACK
6
CONTINUOUS
10
1.8200000000000001
20
0.5878740157480314
11
1.8799999999999999
21
0.5878740157480314
0
LINE
8
BLACK
6
CONTINUOUS
10
1.8799999999999999
20
0.5878740157480314
11
1.8803191732283464
21
0.5878105118110236
0
LINE
8
BLACK
6
CONTINUOUS
10
0.9365191732283464
20
0.5742605118110236
11
0.9378588188976378
21
0.5741051181102362
0
LINE
8
BLACK
6
CONTINUOUS
10
0.9378588188976378
20
0.5741051181102362
11
0.9383164960629921
21
0.5739029921259843
0
LINE
8
BLACK
6
CONTINUOUS
10
0.9383164960629921
20
0.5739029921259843
11
0.9392132677165355
21
0.5737246456692914
0
LINE
8
BLACK
6
CONTINUOUS
10
0.9392132677165355
20
0.5737246456692914
11
0.9401732677165354
21
0.5730831496062992
0
LINE
8
BLACK
6
CONTINUOUS
10
0.9401732677165354
20
0.5730831496062992
11
0.9406112992125985
21
0.5728897637795275
0
LINE
8
BLACK
6
CONTINUOUS
10
0.9406112992125985
20
0.5728897637795275
11
0.9409104724409448
21
0.5725905511811024
0
LINE
8
BLACK
6
CONTINUOUS
10
0.9409104724409448
20
0.5725905511811024
11
0.9417677559055118
21
0.5720177559055118
0
LINE
8
BLACK
6
CONTINUOUS
10
0.9417677559055118
20
0.5720177559055118
11
0.9423405511811024
21
0.5711604724409449
0
LINE
8
BLACK
6
CONTINUOUS
10
0.9423405511811024
20
0.5711604724409449
11
0.9426397637795275
21
0.5708612992125984
0
LINE
8
BLACK
6
CONTINUOUS
10
0.9426397637795275
20
0.5708612992125984
11
0.9428331496062992
21
0.5704232677165354
0
LINE
8
BLACK
6
CONTINUOUS
10
0.9428331496062992
20
0.5704232677165354
11
0.9434746456692913
21
0.5694632677165354
0
LINE
8
BLACK
6
CONTINUOUS
10
0.9434746456692913
20
0.5694632677165354
11
0.9436529921259842
21
0.5685664960629921
0
LINE
8
BLACK
6
CONTINUOUS
10
0.9436529921259842
20
0.5685664960629921
11
0.9438551181102361
21
0.5681088188976378
0
LINE
8
BLACK
6
CONTINUOUS
10
0.9438551181102361
20
0.5681088188976378
11
0.9440105118110236
21
0.5667691338582677
0
LINE
8
BLACK
6
CONTINUOUS
10
0.9440105118110236
20
0.5667691338582677
11
0.9440740157480315
21
0.56645
0
LINE
8
BLACK
6
CONTINUOUS
10
0.9440740157480315
20
0.56645
11
0.9440740157480315
21
0.54875
0
LINE
8
BLACK
6
CONTINUOUS
10
0.9440740157480315
20
0.54875
11
0.9440105118110236
21
0.5484308661417323
0
LINE
8
BLACK
6
CONTINUOUS
10
0.9440105118110236
20
0.5484308661417323
11
0.9438551181102361
21
0.5470911417322835
0
LINE
8
BLACK
6
CONTINUOUS
10
0.9438551181102361
20
0.5470911417322835
11
0.9436529921259842
21
0.5466333858267717
0
LINE
8
BLACK
6
CONTINUOUS
10
0.9436529921259842
20
0.5466333858267717
11
0.9434746456692913
21
0.5457367322834645
0
LINE
8
BLACK
6
CONTINUOUS
10
0.9434746456692913
20
0.5457367322834645
11
0.9428331889763779
21
0.5447767716535433
0
LINE
8
BLACK
6
CONTINUOUS
10
0.9428331889763779
20
0.5447767716535433
11
0.9426397637795275
21
0.5443386614173228
0
LINE
8
BLACK
6
CONTINUOUS
10
0.9426397637795275
20
0.5443386614173228
11
0.9423404724409449
21
0.5440393700787401
0
LINE
8
BLACK
6
CONTINUOUS
10
0.9423404724409449
20
0.5440393700787401
11
0.9417677559055118
21
0.5431822440944882
0
LINE
8
BLACK
6
CONTINUOUS
10
0.9417677559055118
20
0.5431822440944882
11
0.9409105905511811
21
0.5426094881889764
0
LINE
8
BLACK
6
CONTINUOUS
10
0.9409105905511811
20
0.5426094881889764
11
0.9406112992125985
21
0.5423101968503937
0
LINE
8
BLACK
6
CONTINUOUS
10
0.9406112992125985
20
0.5423101968503937
11
0.9401731102362204
21
0.5421166929133858
0
LINE
8
BLACK
6
CONTINUOUS
10
0.9401731102362204
20
0.5421166929133858
11
0.9392132677165355
21
0.5414753543307087
0
LINE
8
BLACK
6
CONTINUOUS
10
0.9392132677165355
20
0.5414753543307087
11
0.9383166929133858
21
0.5412970078740157
0
LINE
8
BLACK
6
CONTINUOUS
10
0.9383166929133858
20
0.5412970078740157
11
0.9378588188976378
21
0.541094842519685
0
LINE
8
BLACK
6
CONTINUOUS
10
0.9378588188976378
20
0.541094842519685
11
0.9365186614173228
21
0.5409393700787402
0
LINE
8
BLACK
6
CONTINUOUS
10
0.9365186614173228
20
0.5409393700787402
11
0.9362
21
0.5408759842519685
0
LINE
8
BLACK
6
CONTINUOUS
10
0.9362
20
0.5408759842519685
11
0.935972283464567
21
0.5408759842519685
0
LINE
8
BLACK
6
CONTINUOUS
10
0.935972283464567
20
0.5408759842519685
11
0.9246277165354331
21
0.5408759842519685
0
LINE
8
BLACK
6
CONTINUOUS
10
0.9246277165354331
20
0.5408759842519685
11
0.9244
21
0.5408759842519685
0
LINE
8
BLACK
6
CONTINUOUS
10
0.9244
20
0.5408759842519685
11
0.9240813385826772
21
0.5409393307086614
0
LINE
8
BLACK
6
CONTINUOUS
10
0.9240813385826772
20
0.5409393307086614
11
0.9227411417322835
21
0.541094842519685
0
LINE
8
BLACK
6
CONTINUOUS
10
0.9227411417322835
20
0.541094842519685
11
0.9222832283464567
21
0.5412970078740157
0
LINE
8
BLACK
6
CONTINUOUS
10
0.9222832283464567
20
0.5412970078740157
11
0.9213867322834646
21
0.5414753543307087
0
LINE
8
BLACK
6
CONTINUOUS
10
0.9213867322834646
20
0.5414753543307087
11
0.9204269291338583
21
0.5421166535433071
0
LINE
8
BLACK
6
CONTINUOUS
10
0.9204269291338583
20
0.5421166535433071
11
0.9199886614173228
21
0.5423101968503937
0
LINE
8
BLACK
6
CONTINUOUS
10
0.9199886614173228
20
0.5423101968503937
11
0.9196892519685039
21
0.5426095669291339
0
LINE
8
BLACK
6
CONTINUOUS
10
0.9196892519685039
20
0.5426095669291339
11
0.9188322440944882
21
0.5431822440944882
0
LINE
8
BLACK
6
CONTINUOUS
10
0.9188322440944882
20
0.5431822440944882
11
0.9182595669291338
21
0.5440392519685039
0
LINE
8
BLACK
6
CONTINUOUS
10
0.9182595669291338
20
0.5440392519685039
11
0.9179601968503937
21
0.5443386614173228
0
LINE
8
BLACK
6
CONTINUOUS
10
0.9179601968503937
20
0.5443386614173228
11
0.9177666535433071
21
0.5447769291338582
0
LINE
8
BLACK
6
CONTINUOUS
10
0.9177666535433071
20
0.5447769291338582
11
0.9171253543307086
21
0.5457367322834645
0
LINE
8
BLACK
6
CONTINUOUS
10
0.9171253543307086
20
0.5457367322834645
11
0.9169470078740157
21
0.5466332283464567
0
LINE
8
BLACK
6
CONTINUOUS
10
0.9169470078740157
20
0.5466332283464567
11
0.916744842519685
21
0.5470911417322835
0
LINE
8
BLACK
6
CONTINUOUS
10
0.916744842519685
20
0.5470911417322835
11
0.9165893307086614
21
0.5484313779527559
0
LINE
8
BLACK
6
CONTINUOUS
10
0.9165893307086614
20
0.5484313779527559
11
0.9165259842519685
21
0.54875
0
LINE
8
BLACK
6
CONTINUOUS
10
0.9165259842519685
20
0.54875
11
0.9165259842519685
21
0.56645
0
LINE
8
BLACK
6
CONTINUOUS
10
0.9165259842519685
20
0.56645
11
0.9165893700787401
21
0.5667687007874016
0
LINE
8
BLACK
6
CONTINUOUS
10
0.9165893700787401
20
0.5667687007874016
11
0.916744842519685
21
0.5681088188976378
0
LINE
8
BLACK
6
CONTINUOUS
10
0.916744842519685
20
0.5681088188976378
11
0.9169470078740157
21
0.5685666929133858
0
LINE
8
BLACK
6
CONTINUOUS
10
0.9169470078740157
20
0.5685666929133858
11
0.9171253543307086
21
0.5694632677165354
0
LINE
8
BLACK
6
CONTINUOUS
10
0.9171253543307086
20
0.5694632677165354
11
0.9177666929133858
21
0.5704231102362205
0
LINE
8
BLACK
6
CONTINUOUS
10
0.9177666929133858
20
0.5704231102362205
11
0.9179601968503937
21
0.5708612992125984
0
LINE
8
BLACK
6
CONTINUOUS
10
0.9179601968503937
20
0.5708612992125984
11
0.9182594881889764
21
0.5711605905511811
0
LINE
8
BLACK
6
CONTINUOUS
10
0.9182594881889764
20
0.5711605905511811
11
0.9188322440944882
21
0.5720177559055118
0
LINE
8
BLACK
6
CONTINUOUS
10
0.9188322440944882
20
0.5720177559055118
11
0.9196893700787402
21
0.5725904724409449
0
LINE
8
BLACK
6
CONTINUOUS
10
0.9196893700787402
20
0.5725904724409449
11
0.9199886614173228
21
0.5728897637795275
0
LINE
8
BLACK
6
CONTINUOUS
10
0.9199886614173228
20
0.5728897637795275
11
0.9204267716535433
21
0.5730831889763779
0
LINE
8
BLACK
6
CONTINUOUS
10
0.9204267716535433
20
0.5730831889763779
11
0.9213867322834646
21
0.5737246456692914
0
LINE
8
BLACK
6
CONTINUOUS
10
0.9213867322834646
20
0.5737246456692914
11
0.9222833858267716
21
0.5739029921259843
0
LINE
8
BLACK
6
CONTINUOUS
10
0.9222833858267716
20
0.5739029921259843
11
0.9227411417322835
21
0.5741051181102362
0
LINE
8
BLACK
6
CONTINUOUS
10
0.9227411417322835
20
0.5741051181102362
11
0.924080905511811
21
0.5742605118110236
0
LINE
8
BLACK
6
CONTINUOUS
10
0.924080905511811
20
0.5742605118110236
11
0.9244
21
0.5743240157480315
0
LINE
8
BLACK
6
CONTINUOUS
10
0.9244
20
0.5743240157480315
11
0.9362
21
0.5743240157480315
0
LINE
8
BLACK
6
CONTINUOUS
10
0.9362
20
0.5743240157480315
11
0.9365191732283464
21
0.5742605118110236
0
LINE
8
BLACK
6
CONTINUOUS
10
0.9759191732283464
20
0.5742605118110236
11
0.9772588188976378
21
0.5741051181102362
0
LINE
8
BLACK
6
CONTINUOUS
10
0.9772588188976378
20
0.5741051181102362
11
0.9777164960629922
21
0.5739029921259843
0
LINE
8
BLACK
6
CONTINUOUS
10
0.9777164960629922
20
0.5739029921259843
11
0.9786132677165355
21
0.5737246456692914
0
LINE
8
BLACK
6
CONTINUOUS
10
0.9786132677165355
20
0.5737246456692914
11
0.9795732677165354
21
0.5730831496062992
0
LINE
8
BLACK
6
CONTINUOUS
10
0.9795732677165354
20
0.5730831496062992
11
0.9800112992125984
21
0.5728897637795275
0
LINE
8
BLACK
6
CONTINUOUS
10
0.9800112992125984
20
0.5728897637795275
11
0.9803104724409448
21
0.5725905511811024
0
LINE
8
BLACK
6
CONTINUOUS
10
0.9803104724409448
20
0.5725905511811024
11
0.9811677559055118
21
0.5720177559055118
0
LINE
8
BLACK
6
CONTINUOUS
10
0.9811677559055118
20
0.5720177559055118
11
0.9817405511811024
21
0.5711604724409449
0
LINE
8
BLACK
6
CONTINUOUS
10
0.9817405511811024
20
0.5711604724409449
11
0.9820397637795275
21
0.5708612992125984
0
LINE
8
BLACK
6
CONTINUOUS
10
0.9820397637795275
20
0.5708612992125984
11
0.9822331496062991
21
0.5704232677165354
0
LINE
8
BLACK
6
CONTINUOUS
10
0.9822331496062991
20
0.5704232677165354
11
0.9828746456692913
21
0.5694632677165354
0
LINE
8
BLACK
6
CONTINUOUS
10
0.9828746456692913
20
0.5694632677165354
11
0.9830529921259842
21
0.5685664960629921
0
LINE
8
BLACK
6
CONTINUOUS
10
0.9830529921259842
20
0.5685664960629921
11
0.9832551181102362
21
0.5681088188976378
0
LINE
8
BLACK
6
CONTINUOUS
10
0.9832551181102362
20
0.5681088188976378
11
0.9834105118110236
21
0.5667691338582677
0
LINE
8
BLACK
6
CONTINUOUS
10
0.9834105118110236
20
0.5667691338582677
11
0.9834740157480315
21
0.56645
0
LINE
8
BLACK
6
CONTINUOUS
10
0.9834740157480315
20
0.56645
11
0.9834740157480315
21
0.54875
0
LINE
8
BLACK
6
CONTINUOUS
10
0.9834740157480315
20
0.54875
11
0.9834105118110236
21
0.5484308661417323
0
LINE
8
BLACK
6
CONTINUOUS
10
0.9834105118110236
20
0.5484308661417323
11
0.9832551181102362
21
0.5470911417322835
0
LINE
8
BLACK
6
CONTINUOUS
10
0.9832551181102362
20
0.5470911417322835
11
0.9830529921259842
21
0.5466333858267717
0
LINE
8
BLACK
6
CONTINUOUS
10
0.9830529921259842
20
0.5466333858267717
11
0.9828746456692913
21
0.5457367322834645
0
LINE
8
BLACK
6
CONTINUOUS
10
0.9828746456692913
20
0.5457367322834645
11
0.9822331889763779
21
0.5447767716535433
0
LINE
8
BLACK
6
CONTINUOUS
10
0.9822331889763779
20
0.5447767716535433
11
0.9820397637795275
21
0.5443386614173228
0
LINE
8
BLACK
6
CONTINUOUS
10
0.9820397637795275
20
0.5443386614173228
11
0.9817404724409449
21
0.5440393700787401
0
LINE
8
BLACK
6
CONTINUOUS
10
0.9817404724409449
20
0.5440393700787401
11
0.9811677559055118
21
0.5431822440944882
0
LINE
8
BLACK
6
CONTINUOUS
10
0.9811677559055118
20
0.5431822440944882
11
0.9803105905511811
21
0.5426094881889764
0
LINE
8
BLACK
6
CONTINUOUS
10
0.9803105905511811
20
0.5426094881889764
11
0.9800112992125984
21
0.5423101968503937
0
LINE
8
BLACK
6
CONTINUOUS
10
0.9800112992125984
20
0.5423101968503937
11
0.9795731102362204
21
0.5421166929133858
0
LINE
8
BLACK
6
CONTINUOUS
10
0.9795731102362204
20
0.5421166929133858
11
0.9786132677165355
21
0.5414753543307087
0
LINE
8
BLACK
6
CONTINUOUS
10
0.9786132677165355
20
0.5414753543307087
11
0.9777166929133858
21
0.5412970078740157
0
LINE
8
BLACK
6
CONTINUOUS
10
0.9777166929133858
20
0.5412970078740157
11
0.9772588188976378
21
0.541094842519685
0
LINE
8
BLACK
6
CONTINUOUS
10
0.9772588188976378
20
0.541094842519685
11
0.9759186614173229
21
0.5409393700787402
0
LINE
8
BLACK
6
CONTINUOUS
10
0.9759186614173229
20
0.5409393700787402
11
0.9756
21
0.5408759842519685
0
LINE
8
BLACK
6
CONTINUOUS
10
0.9756
20
0.5408759842519685
11
0.9753722834645669
21
0.5408759842519685
0
LINE
8
BLACK
6
CONTINUOUS
10
0.9753722834645669
20
0.5408759842519685
11
0.9640277165354331
21
0.5408759842519685
0
LINE
8
BLACK
6
CONTINUOUS
10
0.9640277165354331
20
0.5408759842519685
11
0.9638
21
0.5408759842519685
0
LINE
8
BLACK
6
CONTINUOUS
10
0.9638
20
0.5408759842519685
11
0.9634813385826771
21
0.5409393307086614
0
LINE
8
BLACK
6
CONTINUOUS
10
0.9634813385826771
20
0.5409393307086614
11
0.9621411417322835
21
0.541094842519685
0
LINE
8
BLACK
6
CONTINUOUS
10
0.9621411417322835
20
0.541094842519685
11
0.9616832283464567
21
0.5412970078740157
0
LINE
8
BLACK
6
CONTINUOUS
10
0.9616832283464567
20
0.5412970078740157
11
0.9607867322834646
21
0.5414753543307087
0
LINE
8
BLACK
6
CONTINUOUS
10
0.9607867322834646
20
0.5414753543307087
11
0.9598269291338583
21
0.5421166535433071
0
LINE
8
BLACK
6
CONTINUOUS
10
0.9598269291338583
20
0.5421166535433071
11
0.9593886614173228
21
0.5423101968503937
0
LINE
8
BLACK
6
CONTINUOUS
10
0.9593886614173228
20
0.5423101968503937
11
0.9590892519685039
21
0.5426095669291339
0
LINE
8
BLACK
6
CONTINUOUS
10
0.9590892519685039
20
0.5426095669291339
11
0.9582322440944882
21
0.5431822440944882
0
LINE
8
BLACK
6
CONTINUOUS
10
0.9582322440944882
20
0.5431822440944882
11
0.9576595669291338
21
0.5440392519685039
0
LINE
8
BLACK
6
CONTINUOUS
10
0.9576595669291338
20
0.5440392519685039
11
0.9573601968503936
21
0.5443386614173228
0
LINE
8
BLACK
6
CONTINUOUS
10
0.9573601968503936
20
0.5443386614173228
11
0.9571666535433071
21
0.5447769291338582
0
LINE
8
BLACK
6
CONTINUOUS
10
0.9571666535433071
20
0.5447769291338582
11
0.9565253543307086
21
0.5457367322834645
0
LINE
8
BLACK
6
CONTINUOUS
10
0.9565253543307086
20
0.5457367322834645
11
0.9563470078740157
21
0.5466332283464567
0
LINE
8
BLACK
6
CONTINUOUS
10
0.9563470078740157
20
0.5466332283464567
11
0.956144842519685
21
0.5470911417322835
0
LINE
8
BLACK
6
CONTINUOUS
10
0.956144842519685
20
0.5470911417322835
11
0.9559893307086614
21
0.5484313779527559
0
LINE
8
BLACK
6
CONTINUOUS
10
0.9559893307086614
20
0.5484313779527559
11
0.9559259842519685
21
0.54875
0
LINE
8
BLACK
6
CONTINUOUS
10
0.9559259842519685
20
0.54875
11
0.9559259842519685
21
0.56645
0
LINE
8
BLACK
6
CONTINUOUS
10
0.9559259842519685
20
0.56645
11
0.9559893700787402
21
0.5667687007874016
0
LINE
8
BLACK
6
CONTINUOUS
10
0.9559893700787402
20
0.5667687007874016
11
0.956144842519685
21
0.5681088188976378
0
LINE
8
BLACK
6
CONTINUOUS
10
0.956144842519685
20
0.5681088188976378
11
0.9563470078740157
21
0.5685666929133858
0
LINE
8
BLACK
6
CONTINUOUS
10
0.9563470078740157
20
0.5685666929133858
11
0.9565253543307086
21
0.5694632677165354
0
LINE
8
BLACK
6
CONTINUOUS
10
0.9565253543307086
20
0.5694632677165354
11
0.9571666929133859
21
0.5704231102362205
0
LINE
8
BLACK
6
CONTINUOUS
10
0.9571666929133859
20
0.5704231102362205
11
0.9573601968503936
21
0.5708612992125984
0
LINE
8
BLACK
6
CONTINUOUS
10
0.9573601968503936
20
0.5708612992125984
11
0.9576594881889764
21
0.5711605905511811
0
LINE
8
BLACK
6
CONTINUOUS
10
0.9576594881889764
20
0.5711605905511811
11
0.9582322440944882
21
0.5720177559055118
0
LINE
8
BLACK
6
CONTINUOUS
10
0.9582322440944882
20
0.5720177559055118
11
0.9590893700787402
21
0.5725904724409449
0
LINE
8
BLACK
6
CONTINUOUS
10
0.9590893700787402
20
0.5725904724409449
11
0.9593886614173228
21
0.5728897637795275
0
LINE
8
BLACK
6
CONTINUOUS
10
0.9593886614173228
20
0.5728897637795275
11
0.9598267716535432
21
0.5730831889763779
0
LINE
8
BLACK
6
CONTINUOUS
10
0.9598267716535432
20
0.5730831889763779
11
0.9607867322834646
21
0.5737246456692914
0
LINE
8
BLACK
6
CONTINUOUS
10
0.9607867322834646
20
0.5737246456692914
11
0.9616833858267716
21
0.5739029921259843
0
LINE
8
BLACK
6
CONTINUOUS
10
0.9616833858267716
20
0.5739029921259843
11
0.9621411417322835
21
0.5741051181102362
0
LINE
8
BLACK
6
CONTINUOUS
10
0.9621411417322835
20
0.5741051181102362
11
0.963480905511811
21
0.5742605118110236
0
LINE
8
BLACK
6
CONTINUOUS
10
0.963480905511811
20
0.5742605118110236
11
0.9638
21
0.5743240157480315
0
LINE
8
BLACK
6
CONTINUOUS
10
0.9638
20
0.5743240157480315
11
0.9756
21
0.5743240157480315
0
LINE
8
BLACK
6
CONTINUOUS
10
0.9756
20
0.5743240157480315
11
0.9759191732283464
21
0.5742605118110236
0
LINE
8
BLACK
6
CONTINUOUS
10
1.0268191732283465
20
0.5766605118110236
11
1.0281588188976378
21
0.5765051181102362
0
LINE
8
BLACK
6
CONTINUOUS
10
1.0281588188976378
20
0.5765051181102362
11
1.028616496062992
21
0.5763029921259842
0
LINE
8
BLACK
6
CONTINUOUS
10
1.028616496062992
20
0.5763029921259842
11
1.0295132677165355
21
0.5761246456692913
0
LINE
8
BLACK
6
CONTINUOUS
10
1.0295132677165355
20
0.5761246456692913
11
1.0304732677165354
21
0.5754831496062992
0
LINE
8
BLACK
6
CONTINUOUS
10
1.0304732677165354
20
0.5754831496062992
11
1.0309112992125984
21
0.5752897637795276
0
LINE
8
BLACK
6
CONTINUOUS
10
1.0309112992125984
20
0.5752897637795276
11
1.0312104724409448
21
0.5749905511811023
0
LINE
8
BLACK
6
CONTINUOUS
10
1.0312104724409448
20
0.5749905511811023
11
1.0320677559055118
21
0.5744177559055118
0
LINE
8
BLACK
6
CONTINUOUS
10
1.0320677559055118
20
0.5744177559055118
11
1.0326405511811023
21
0.5735604724409449
0
LINE
8
BLACK
6
CONTINUOUS
10
1.0326405511811023
20
0.5735604724409449
11
1.0329397637795275
21
0.5732612992125984
0
LINE
8
BLACK
6
CONTINUOUS
10
1.0329397637795275
20
0.5732612992125984
11
1.0331331496062992
21
0.5728232677165355
0
LINE
8
BLACK
6
CONTINUOUS
10
1.0331331496062992
20
0.5728232677165355
11
1.0337746456692913
21
0.5718632677165354
0
LINE
8
BLACK
6
CONTINUOUS
10
1.0337746456692913
20
0.5718632677165354
11
1.0339529921259842
21
0.5709664960629921
0
LINE
8
BLACK
6
CONTINUOUS
10
1.0339529921259842
20
0.5709664960629921
11
1.0341551181102362
21
0.5705088188976378
0
LINE
8
BLACK
6
CONTINUOUS
10
1.0341551181102362
20
0.5705088188976378
11
1.0343105118110236
21
0.5691691338582677
0
LINE
8
BLACK
6
CONTINUOUS
10
1.0343105118110236
20
0.5691691338582677
11
1.0343740157480315
21
0.56885
0
LINE
8
BLACK
6
CONTINUOUS
10
1.0343740157480315
20
0.56885
11
1.0343740157480315
21
0.55115
0
LINE
8
BLACK
6
CONTINUOUS
10
1.0343740157480315
20
0.55115
11
1.0343105118110236
21
0.5508308661417323
0
LINE
8
BLACK
6
CONTINUOUS
10
1.0343105118110236
20
0.5508308661417323
11
1.0341551181102362
21
0.5494911417322834
0
LINE
8
BLACK
6
CONTINUOUS
10
1.0341551181102362
20
0.5494911417322834
11
1.0339529921259842
21
0.5490333858267716
0
LINE
8
BLACK
6
CONTINUOUS
10
1.0339529921259842
20
0.5490333858267716
11
1.0337746456692913
21
0.5481367322834646
0
LINE
8
BLACK
6
CONTINUOUS
10
1.0337746456692913
20
0.5481367322834646
11
1.033133188976378
21
0.5471767716535433
0
LINE
8
BLACK
6
CONTINUOUS
10
1.033133188976378
20
0.5471767716535433
11
1.0329397637795275
21
0.5467386614173229
0
LINE
8
BLACK
6
CONTINUOUS
10
1.0329397637795275
20
0.5467386614173229
11
1.0326404724409448
21
0.5464393700787401
0
LINE
8
BLACK
6
CONTINUOUS
10
1.0326404724409448
20
0.5464393700787401
11
1.0320677559055118
21
0.5455822440944882
0
LINE
8
BLACK
6
CONTINUOUS
10
1.0320677559055118
20
0.5455822440944882
11
1.031210590551181
21
0.5450094881889763
0
LINE
8
BLACK
6
CONTINUOUS
10
1.031210590551181
20
0.5450094881889763
11
1.0309112992125984
21
0.5447101968503937
0
LINE
8
BLACK
6
CONTINUOUS
10
1.0309112992125984
20
0.5447101968503937
11
1.0304731102362203
21
0.5445166929133858
0
LINE
8
BLACK
6
CONTINUOUS
10
1.0304731102362203
20
0.5445166929133858
11
1.0295132677165355
21
0.5438753543307087
0
LINE
8
BLACK
6
CONTINUOUS
10
1.0295132677165355
20
0.5438753543307087
11
1.0286166929133858
21
0.5436970078740158
0
LINE
8
BLACK
6
CONTINUOUS
10
1.0286166929133858
20
0.5436970078740158
11
1.0281588188976378
21
0.5434948425196851
0
LINE
8
BLACK
6
CONTINUOUS
10
1.0281588188976378
20
0.5434948425196851
11
1.0268186614173229
21
0.5433393700787401
0
LINE
8
BLACK
6
CONTINUOUS
10
1.0268186614173229
20
0.5433393700787401
11
1.0265
21
0.5432759842519685
0
LINE
8
BLACK
6
CONTINUOUS
10
1.0265
20
0.5432759842519685
11
1.026272283464567
21
0.5432759842519685
0
LINE
8
BLACK
6
CONTINUOUS
10
1.026272283464567
20
0.5432759842519685
11
1.0149277165354331
21
0.5432759842519685
0
LINE
8
BLACK
6
CONTINUOUS
10
1.0149277165354331
20
0.5432759842519685
11
1.0146999999999999
21
0.5432759842519685
0
LINE
8
BLACK
6
CONTINUOUS
10
1.0146999999999999
20
0.5432759842519685
11
1.0143813385826772
21
0.5433393307086614
0
LINE
8
BLACK
6
CONTINUOUS
10
1.0143813385826772
20
0.5433393307086614
11
1.0130411417322835
21
0.5434948425196851
0
LINE
8
BLACK
6
CONTINUOUS
10
1.0130411417322835
20
0.5434948425196851
11
1.0125832283464566
21
0.5436970078740158
0
LINE
8
BLACK
6
CONTINUOUS
10
1.0125832283464566
20
0.5436970078740158
11
1.0116867322834646
21
0.5438753543307087
0
LINE
8
BLACK
6
CONTINUOUS
10
1.0116867322834646
20
0.5438753543307087
11
1.0107269291338583
21
0.544516653543307
0
LINE
8
BLACK
6
CONTINUOUS
10
1.0107269291338583
20
0.544516653543307
11
1.0102886614173228
21
0.5447101968503937
0
LINE
8
BLACK
6
CONTINUOUS
10
1.0102886614173228
20
0.5447101968503937
11
1.0099892519685039
21
0.5450095669291338
0
LINE
8
BLACK
6
CONTINUOUS
10
1.0099892519685039
20
0.5450095669291338
11
1.0091322440944881
21
0.5455822440944882
0
LINE
8
BLACK
6
CONTINUOUS
10
1.0091322440944881
20
0.5455822440944882
11
1.0085595669291338
21
0.546439251968504
0
LINE
8
BLACK
6
CONTINUOUS
10
1.0085595669291338
20
0.546439251968504
11
1.0082601968503937
21
0.5467386614173229
0
LINE
8
BLACK
6
CONTINUOUS
10
1.0082601968503937
20
0.5467386614173229
11
1.0080666535433072
21
0.5471769291338583
0
LINE
8
BLACK
6
CONTINUOUS
10
1.0080666535433072
20
0.5471769291338583
11
1.0074253543307086
21
0.5481367322834646
0
LINE
8
BLACK
6
CONTINUOUS
10
1.0074253543307086
20
0.5481367322834646
11
1.0072470078740157
21
0.5490332283464566
0
LINE
8
BLACK
6
CONTINUOUS
10
1.0072470078740157
20
0.5490332283464566
11
1.007044842519685
21
0.5494911417322834
0
LINE
8
BLACK
6
CONTINUOUS
10
1.007044842519685
20
0.5494911417322834
11
1.0068893307086615
21
0.5508313779527559
0
LINE
8
BLACK
6
CONTINUOUS
10
1.0068893307086615
20
0.5508313779527559
11
1.0068259842519685
21
0.55115
0
LINE
8
BLACK
6
CONTINUOUS
10
1.0068259842519685
20
0.55115
11
1.0068259842519685
21
0.56885
0
LINE
8
BLACK
6
CONTINUOUS
10
1.0068259842519685
20
0.56885
11
1.0068893700787402
21
0.5691687007874016
0
LINE
8
BLACK
6
CONTINUOUS
10
1.0068893700787402
20
0.5691687007874016
11
1.007044842519685
21
0.5705088188976378
0
LINE
8
BLACK
6
CONTINUOUS
10
1.007044842519685
20
0.5705088188976378
11
1.0072470078740157
21
0.5709666929133859
0
LINE
8
BLACK
6
CONTINUOUS
10
1.0072470078740157
20
0.5709666929133859
11
1.0074253543307086
21
0.5718632677165354
0
LINE
8
BLACK
6
CONTINUOUS
10
1.0074253543307086
20
0.5718632677165354
11
1.0080666929133859
21
0.5728231102362205
0
LINE
8
BLACK
6
CONTINUOUS
10
1.0080666929133859
20
0.5728231102362205
11
1.0082601968503937
21
0.5732612992125984
0
LINE
8
BLACK
6
CONTINUOUS
10
1.0082601968503937
20
0.5732612992125984
11
1.0085594881889763
21
0.5735605905511811
0
LINE
8
BLACK
6
CONTINUOUS
10
1.0085594881889763
20
0.5735605905511811
11
1.0091322440944881
21
0.5744177559055118
0
LINE
8
BLACK
6
CONTINUOUS
10
1.0091322440944881
20
0.5744177559055118
11
1.0099893700787401
21
0.5749904724409449
0
LINE
8
BLACK
6
CONTINUOUS
10
1.0099893700787401
20
0.5749904724409449
11
1.0102886614173228
21
0.5752897637795276
0
LINE
8
BLACK
6
CONTINUOUS
10
1.0102886614173228
20
0.5752897637795276
11
1.0107267716535433
21
0.575483188976378
0
LINE
8
BLACK
6
CONTINUOUS
10
1.0107267716535433
20
0.575483188976378
11
1.0116867322834646
21
0.5761246456692913
0
LINE
8
BLACK
6
CONTINUOUS
10
1.0116867322834646
20
0.5761246456692913
11
1.0125833858267717
21
0.5763029921259842
0
LINE
8
BLACK
6
CONTINUOUS
10
1.0125833858267717
20
0.5763029921259842
11
1.0130411417322835
21
0.5765051181102362
0
LINE
8
BLACK
6
CONTINUOUS
10
1.0130411417322835
20
0.5765051181102362
11
1.0143809055118109
21
0.5766605118110236
0
LINE
8
BLACK
6
CONTINUOUS
10
1.0143809055118109
20
0.5766605118110236
11
1.0146999999999999
21
0.5767240157480314
0
LINE
8
BLACK
6
CONTINUOUS
10
1.0146999999999999
20
0.5767240157480314
11
1.0265
21
0.5767240157480314
0
LINE
8
BLACK
6
CONTINUOUS
10
1.0265
20
0.5767240157480314
11
1.0268191732283465
21
0.5766605118110236
0
LINE
8
BLACK
6
CONTINUOUS
10
1.0662191732283464
20
0.5766605118110236
11
1.0675588188976377
21
0.5765051181102362
0
LINE
8
BLACK
6
CONTINUOUS
10
1.0675588188976377
20
0.5765051181102362
11
1.0680164960629921
21
0.5763029921259842
0
LINE
8
BLACK
6
CONTINUOUS
10
1.0680164960629921
20
0.5763029921259842
11
1.0689132677165354
21
0.5761246456692913
0
LINE
8
BLACK
6
CONTINUOUS
10
1.0689132677165354
20
0.5761246456692913
11
1.0698732677165355
21
0.5754831496062992
0
LINE
8
BLACK
6
CONTINUOUS
10
1.0698732677165355
20
0.5754831496062992
11
1.0703112992125985
21
0.5752897637795276
0
LINE
8
BLACK
6
CONTINUOUS
10
1.0703112992125985
20
0.5752897637795276
11
1.0706104724409449
21
0.5749905511811023
0
LINE
8
BLACK
6
CONTINUOUS
10
1.0706104724409449
20
0.5749905511811023
11
1.0714677559055117
21
0.5744177559055118
0
LINE
8
BLACK
6
CONTINUOUS
10
1.0714677559055117
20
0.5744177559055118
11
1.0720405511811024
21
0.5735604724409449
0
LINE
8
BLACK
6
CONTINUOUS
10
1.0720405511811024
20
0.5735604724409449
11
1.0723397637795276
21
0.5732612992125984
0
LINE
8
BLACK
6
CONTINUOUS
10
1.0723397637795276
20
0.5732612992125984
11
1.0725331496062991
21
0.5728232677165355
0
LINE
8
BLACK
6
CONTINUOUS
10
1.0725331496062991
20
0.5728232677165355
11
1.0731746456692912
21
0.5718632677165354
0
LINE
8
BLACK
6
CONTINUOUS
10
1.0731746456692912
20
0.5718632677165354
11
1.0733529921259841
21
0.5709664960629921
0
LINE
8
BLACK
6
CONTINUOUS
10
1.0733529921259841
20
0.5709664960629921
11
1.0735551181102363
21
0.5705088188976378
0
LINE
8
BLACK
6
CONTINUOUS
10
1.0735551181102363
20
0.5705088188976378
11
1.0737105118110235
21
0.5691691338582677
0
LINE
8
BLACK
6
CONTINUOUS
10
1.0737105118110235
20
0.5691691338582677
11
1.0737740157480316
21
0.56885
0
LINE
8
BLACK
6
CONTINUOUS
10
1.0737740157480316
20
0.56885
11
1.0737740157480316
21
0.55115
0
LINE
8
BLACK
6
CONTINUOUS
10
1.0737740157480316
20
0.55115
11
1.0737105118110235
21
0.5508308661417323
0
LINE
8
BLACK
6
CONTINUOUS
10
1.0737105118110235
20
0.5508308661417323
11
1.0735551181102363
21
0.5494911417322834
0
LINE
8
BLACK
6
CONTINUOUS
10
1.0735551181102363
20
0.5494911417322834
11
1.0733529921259841
21
0.5490333858267716
0
LINE
8
BLACK
6
CONTINUOUS
10
1.0733529921259841
20
0.5490333858267716
11
1.0731746456692912
21
0.5481367322834646
0
LINE
8
BLACK
6
CONTINUOUS
10
1.0731746456692912
20
0.5481367322834646
11
1.0725331889763778
21
0.5471767716535433
0
LINE
8
BLACK
6
CONTINUOUS
10
1.0725331889763778
20
0.5471767716535433
11
1.0723397637795276
21
0.5467386614173229
0
LINE
8
BLACK
6
CONTINUOUS
10
1.0723397637795276
20
0.5467386614173229
11
1.0720404724409449
21
0.5464393700787401
0
LINE
8
BLACK
6
CONTINUOUS
10
1.0720404724409449
20
0.5464393700787401
11
1.0714677559055117
21
0.5455822440944882
0
LINE
8
BLACK
6
CONTINUOUS
10
1.0714677559055117
20
0.5455822440944882
11
1.0706105905511811
21
0.5450094881889763
0
LINE
8
BLACK
6
CONTINUOUS
10
1.0706105905511811
20
0.5450094881889763
11
1.0703112992125985
21
0.5447101968503937
0
LINE
8
BLACK
6
CONTINUOUS
10
1.0703112992125985
20
0.5447101968503937
11
1.0698731102362204
21
0.5445166929133858
0
LINE
8
BLACK
6
CONTINUOUS
10
1.0698731102362204
20
0.5445166929133858
11
1.0689132677165354
21
0.5438753543307087
0
LINE
8
BLACK
6
CONTINUOUS
10
1.0689132677165354
20
0.5438753543307087
11
1.0680166929133859
21
0.5436970078740158
0
LINE
8
BLACK
6
CONTINUOUS
10
1.0680166929133859
20
0.5436970078740158
11
1.0675588188976377
21
0.5434948425196851
0
LINE
8
BLACK
6
CONTINUOUS
10
1.0675588188976377
20
0.5434948425196851
11
1.0662186614173228
21
0.5433393700787401
0
LINE
8
BLACK
6
CONTINUOUS
10
1.0662186614173228
20
0.5433393700787401
11
1.0659000000000001
21
0.5432759842519685
0
LINE
8
BLACK
6
CONTINUOUS
10
1.0659000000000001
20
0.5432759842519685
11
1.0656722834645669
21
0.5432759842519685
0
LINE
8
BLACK
6
CONTINUOUS
10
1.0656722834645669
20
0.5432759842519685
11
1.054327716535433
21
0.5432759842519685
0
LINE
8
BLACK
6
CONTINUOUS
10
1.054327716535433
20
0.5432759842519685
11
1.0541
21
0.5432759842519685
0
LINE
8
BLACK
6
CONTINUOUS
10
1.0541
20
0.5432759842519685
11
1.0537813385826771
21
0.5433393307086614
0
LINE
8
BLACK
6
CONTINUOUS
10
1.0537813385826771
20
0.5433393307086614
11
1.0524411417322834
21
0.5434948425196851
0
LINE
8
BLACK
6
CONTINUOUS
10
1.0524411417322834
20
0.5434948425196851
11
1.0519832283464567
21
0.5436970078740158
0
LINE
8
BLACK
6
CONTINUOUS
10
1.0519832283464567
20
0.5436970078740158
11
1.0510867322834645
21
0.5438753543307087
0
LINE
8
BLACK
6
CONTINUOUS
10
1.0510867322834645
20
0.5438753543307087
11
1.0501269291338582
21
0.544516653543307
0
LINE
8
BLACK
6
CONTINUOUS
10
1.0501269291338582
20
0.544516653543307
11
1.0496886614173229
21
0.5447101968503937
0
LINE
8
BLACK
6
CONTINUOUS
10
1.0496886614173229
20
0.5447101968503937
11
1.049389251968504
21
0.5450095669291338
0
LINE
8
BLACK
6
CONTINUOUS
10
1.049389251968504
20
0.5450095669291338
11
1.0485322440944882
21
0.5455822440944882
0
LINE
8
BLACK
6
CONTINUOUS
10
1.0485322440944882
20
0.5455822440944882
11
1.0479595669291337
21
0.546439251968504
0
LINE
8
BLACK
6
CONTINUOUS
10
1.0479595669291337
20
0.546439251968504
11
1.0476601968503936
21
0.5467386614173229
0
LINE
8
BLACK
6
CONTINUOUS
10
1.0476601968503936
20
0.5467386614173229
11
1.047466653543307
21
0.5471769291338583
0
LINE
8
BLACK
6
CONTINUOUS
10
1.047466653543307
20
0.5471769291338583
11
1.0468253543307087
21
0.5481367322834646
0
LINE
8
BLACK
6
CONTINUOUS
10
1.0468253543307087
20
0.5481367322834646
11
1.0466470078740158
21
0.5490332283464566
0
LINE
8
BLACK
6
CONTINUOUS
10
1.0466470078740158
20
0.5490332283464566
11
1.0464448425196851
21
0.5494911417322834
0
LINE
8
BLACK
6
CONTINUOUS
10
1.0464448425196851
20
0.5494911417322834
11
1.0462893307086614
21
0.5508313779527559
0
LINE
8
BLACK
6
CONTINUOUS
10
1.0462893307086614
20
0.5508313779527559
11
1.0462259842519686
21
0.55115
0
LINE
8
BLACK
6
CONTINUOUS
10
1.0462259842519686
20
0.55115
11
1.0462259842519686
21
0.56885
0
LINE
8
BLACK
6
CONTINUOUS
10
1.0462259842519686
20
0.56885
11
1.0462893700787401
21
0.5691687007874016
0
LINE
8
BLACK
6
CONTINUOUS
10
1.0462893700787401
20
0.5691687007874016
11
1.0464448425196851
21
0.5705088188976378
0
LINE
8
BLACK
6
CONTINUOUS
10
1.0464448425196851
20
0.5705088188976378
11
1.0466470078740158
21
0.5709666929133859
0
LINE
8
BLACK
6
CONTINUOUS
10
1.0466470078740158
20
0.5709666929133859
11
1.0468253543307087
21
0.5718632677165354
0
LINE
8
BLACK
6
CONTINUOUS
10
1.0468253543307087
20
0.5718632677165354
11
1.0474666929133858
21
0.5728231102362205
0
LINE
8
BLACK
6
CONTINUOUS
10
1.0474666929133858
20
0.5728231102362205
11
1.0476601968503936
21
0.5732612992125984
0
LINE
8
BLACK
6
CONTINUOUS
10
1.0476601968503936
20
0.5732612992125984
11
1.0479594881889764
21
0.5735605905511811
0
LINE
8
BLACK
6
CONTINUOUS
10
1.0479594881889764
20
0.5735605905511811
11
1.0485322440944882
21
0.5744177559055118
0
LINE
8
BLACK
6
CONTINUOUS
10
1.0485322440944882
20
0.5744177559055118
11
1.0493893700787402
21
0.5749904724409449
0
LINE
8
BLACK
6
CONTINUOUS
10
1.0493893700787402
20
0.5749904724409449
11
1.0496886614173229
21
0.5752897637795276
0
LINE
8
BLACK
6
CONTINUOUS
10
1.0496886614173229
20
0.5752897637795276
11
1.0501267716535432
21
0.575483188976378
0
LINE
8
BLACK
6
CONTINUOUS
10
1.0501267716535432
20
0.575483188976378
11
1.0510867322834645
21
0.5761246456692913
0
LINE
8
BLACK
6
CONTINUOUS
10
1.0510867322834645
20
0.5761246456692913
11
1.0519833858267715
21
0.5763029921259842
0
LINE
8
BLACK
6
CONTINUOUS
10
1.0519833858267715
20
0.5763029921259842
11
1.0524411417322834
21
0.5765051181102362
0
LINE
8
BLACK
6
CONTINUOUS
10
1.0524411417322834
20
0.5765051181102362
11
1.053780905511811
21
0.5766605118110236
0
LINE
8
BLACK
6
CONTINUOUS
10
1.053780905511811
20
0.5766605118110236
11
1.0541
21
0.5767240157480314
0
LINE
8
BLACK
6
CONTINUOUS
10
1.0541
20
0.5767240157480314
11
1.0659000000000001
21
0.5767240157480314
0
LINE
8
BLACK
6
CONTINUOUS
10
1.0659000000000001
20
0.5767240157480314
11
1.0662191732283464
21
0.5766605118110236
0
LINE
8
BLACK
6
CONTINUOUS
10
0.7749347244094488
20
0.6449362598425197
11
0.7771622834645669
21
0.6449362598425197
0
LINE
8
BLACK
6
CONTINUOUS
10
0.7771622834645669
20
0.6449362598425197
11
0.7791222047244094
21
0.6445698818897637
0
LINE
8
BLACK
6
CONTINUOUS
10
0.7791222047244094
20
0.6445698818897637
11
0.7810041338582677
21
0.6444052362204724
0
LINE
8
BLACK
6
CONTINUOUS
10
0.7810041338582677
20
0.6444052362204724
11
0.7833139763779527
21
0.6437862992125984
0
LINE
8
BLACK
6
CONTINUOUS
10
0.7833139763779527
20
0.6437862992125984
11
0.7857321259842519
21
0.6433342913385827
0
LINE
8
BLACK
6
CONTINUOUS
10
0.7857321259842519
20
0.6433342913385827
11
0.787372125984252
21
0.6426989370078739
0
LINE
8
BLACK
6
CONTINUOUS
10
0.787372125984252
20
0.6426989370078739
11
0.7889565354330709
21
0.6422744094488189
0
LINE
8
BLACK
6
CONTINUOUS
10
0.7889565354330709
20
0.6422744094488189
11
0.7913552755905512
21
0.6411558267716535
0
LINE
8
BLACK
6
CONTINUOUS
10
0.7913552755905512
20
0.6411558267716535
11
0.7938616535433071
21
0.6401848818897637
0
LINE
8
BLACK
6
CONTINUOUS
10
0.7938616535433071
20
0.6401848818897637
11
0.7951553149606299
21
0.6393838582677165
0
LINE
8
BLACK
6
CONTINUOUS
10
0.7951553149606299
20
0.6393838582677165
11
0.7964177559055118
21
0.6387951968503937
0
LINE
8
BLACK
6
CONTINUOUS
10
0.7964177559055118
20
0.6387951968503937
11
0.7987990551181102
21
0.6371277559055119
0
LINE
8
BLACK
6
CONTINUOUS
10
0.7987990551181102
20
0.6371277559055119
11
0.801274094488189
21
0.6355953149606299
0
LINE
8
BLACK
6
CONTINUOUS
10
0.801274094488189
20
0.6355953149606299
11
0.8022227952755905
21
0.6347304330708661
0
LINE
8
BLACK
6
CONTINUOUS
10
0.8022227952755905
20
0.6347304330708661
11
0.8031612992125984
21
0.6340733070866141
0
LINE
8
BLACK
6
CONTINUOUS
10
0.8031612992125984
20
0.6340733070866141
11
0.8054062992125984
21
0.6318282677165354
0
LINE
8
BLACK
6
CONTINUOUS
10
0.8054062992125984
20
0.6318282677165354
11
0.807716968503937
21
0.6297218503937008
0
LINE
8
BLACK
6
CONTINUOUS
10
0.807716968503937
20
0.6297218503937008
11
0.808346811023622
21
0.6288877559055118
0
LINE
8
BLACK
6
CONTINUOUS
10
0.808346811023622
20
0.6288877559055118
11
0.8089827559055118
21
0.6282518503937008
0
LINE
8
BLACK
6
CONTINUOUS
10
0.8089827559055118
20
0.6282518503937008
11
0.8109662598425197
21
0.625419094488189
0
LINE
8
BLACK
6
CONTINUOUS
10
0.8109662598425197
20
0.625419094488189
11
0.8129709055118111
21
0.6227645275590551
0
LINE
8
BLACK
6
CONTINUOUS
10
0.8129709055118111
20
0.6227645275590551
11
0.8133300787401575
21
0.6220431889763779
0
LINE
8
BLACK
6
CONTINUOUS
10
0.8133300787401575
20
0.6220431889763779
11
0.8137046456692913
21
0.6215082677165354
0
LINE
8
BLACK
6
CONTINUOUS
10
0.8137046456692913
20
0.6215082677165354
11
0.8152997244094488
21
0.6180875590551181
0
LINE
8
BLACK
6
CONTINUOUS
10
0.8152997244094488
20
0.6180875590551181
11
0.816856968503937
21
0.6149602362204725
0
LINE
8
BLACK
6
CONTINUOUS
10
0.816856968503937
20
0.6149602362204725
11
0.8170117716535433
21
0.6144160629921259
0
LINE
8
BLACK
6
CONTINUOUS
10
0.8170117716535433
20
0.6144160629921259
11
0.8171838582677166
21
0.6140470866141732
0
LINE
8
BLACK
6
CONTINUOUS
10
0.8171838582677166
20
0.6140470866141732
11
0.8182681102362205
21
0.6100004724409449
0
LINE
8
BLACK
6
CONTINUOUS
10
0.8182681102362205
20
0.6100004724409449
11
0.8192428346456693
21
0.6065747637795276
0
LINE
8
BLACK
6
CONTINUOUS
10
0.8192428346456693
20
0.6065747637795276
11
0.8192728346456692
21
0.6062507874015748
0
LINE
8
BLACK
6
CONTINUOUS
10
0.8192728346456692
20
0.6062507874015748
11
0.8193146850393701
21
0.60609468503937
0
LINE
8
BLACK
6
CONTINUOUS
10
0.8193146850393701
20
0.60609468503937
11
0.8197777165354331
21
0.6008022834645669
0
LINE
8
BLACK
6
CONTINUOUS
10
0.8197777165354331
20
0.6008022834645669
11
0.8200472440944881
21
0.5978937007874016
0
LINE
8
BLACK
6
CONTINUOUS
10
0.8200472440944881
20
0.5978937007874016
11
0.8197777165354331
21
0.5949853149606299
0
LINE
8
BLACK
6
CONTINUOUS
10
0.8197777165354331
20
0.5949853149606299
11
0.8193146850393701
21
0.5896926771653543
0
LINE
8
BLACK
6
CONTINUOUS
10
0.8193146850393701
20
0.5896926771653543
11
0.8192728346456692
21
0.5895365354330708
0
LINE
8
BLACK
6
CONTINUOUS
10
0.8192728346456692
20
0.5895365354330708
11
0.8192428346456693
21
0.5892126377952756
0
LINE
8
BLACK
6
CONTINUOUS
10
0.8192428346456693
20
0.5892126377952756
11
0.8182683070866141
21
0.5857875196850394
0
LINE
8
BLACK
6
CONTINUOUS
10
0.8182683070866141
20
0.5857875196850394
11
0.8171838582677166
21
0.5817402755905512
0
LINE
8
BLACK
6
CONTINUOUS
10
0.8171838582677166
20
0.5817402755905512
11
0.8170117322834646
21
0.5813711811023622
0
LINE
8
BLACK
6
CONTINUOUS
10
0.8170117322834646
20
0.5813711811023622
11
0.816856968503937
21
0.5808271653543307
0
LINE
8
BLACK
6
CONTINUOUS
10
0.816856968503937
20
0.5808271653543307
11
0.8153001574803149
21
0.5777007086614173
0
LINE
8
BLACK
6
CONTINUOUS
10
0.8153001574803149
20
0.5777007086614173
11
0.8137046456692913
21
0.5742790551181102
0
LINE
8
BLACK
6
CONTINUOUS
10
0.8137046456692913
20
0.5742790551181102
11
0.8133299212598425
21
0.5737438976377952
0
LINE
8
BLACK
6
CONTINUOUS
10
0.8133299212598425
20
0.5737438976377952
11
0.8129709055118111
21
0.573022874015748
0
LINE
8
BLACK
6
CONTINUOUS
10
0.8129709055118111
20
0.573022874015748
11
0.8109667716535433
21
0.5703690157480314
0
LINE
8
BLACK
6
CONTINUOUS
10
0.8109667716535433
20
0.5703690157480314
11
0.8089827559055118
21
0.5675355118110236
0
LINE
8
BLACK
6
CONTINUOUS
10
0.8089827559055118
20
0.5675355118110236
11
0.8083466929133858
21
0.5668994488188976
0
LINE
8
BLACK
6
CONTINUOUS
10
0.8083466929133858
20
0.5668994488188976
11
0.807716968503937
21
0.5660655511811024
0
LINE
8
BLACK
6
CONTINUOUS
10
0.807716968503937
20
0.5660655511811024
11
0.8054067322834646
21
0.5639594881889763
0
LINE
8
BLACK
6
CONTINUOUS
10
0.8054067322834646
20
0.5639594881889763
11
0.8031612992125984
21
0.5617140551181102
0
LINE
8
BLACK
6
CONTINUOUS
10
0.8031612992125984
20
0.5617140551181102
11
0.8022225984251968
21
0.5610567716535433
0
LINE
8
BLACK
6
CONTINUOUS
10
0.8022225984251968
20
0.5610567716535433
11
0.801274094488189
21
0.5601920866141732
0
LINE
8
BLACK
6
CONTINUOUS
10
0.801274094488189
20
0.5601920866141732
11
0.7987995669291338
21
0.5586599212598425
0
LINE
8
BLACK
6
CONTINUOUS
10
0.7987995669291338
20
0.5586599212598425
11
0.7964177559055118
21
0.5569921653543307
0
LINE
8
BLACK
6
CONTINUOUS
10
0.7964177559055118
20
0.5569921653543307
11
0.7951550787401575
21
0.5564033464566929
0
LINE
8
BLACK
6
CONTINUOUS
10
0.7951550787401575
20
0.5564033464566929
11
0.7938616535433071
21
0.5556025196850394
0
LINE
8
BLACK
6
CONTINUOUS
10
0.7938616535433071
20
0.5556025196850394
11
0.791355748031496
21
0.5546317322834645
0
LINE
8
BLACK
6
CONTINUOUS
10
0.791355748031496
20
0.5546317322834645
11
0.7889565354330709
21
0.5535129527559055
0
LINE
8
BLACK
6
CONTINUOUS
10
0.7889565354330709
20
0.5535129527559055
11
0.7873717716535433
21
0.5530883070866142
0
LINE
8
BLACK
6
CONTINUOUS
10
0.7873717716535433
20
0.5530883070866142
11
0.7857321259842519
21
0.5524531102362205
0
LINE
8
BLACK
6
CONTINUOUS
10
0.7857321259842519
20
0.5524531102362205
11
0.7833144488188977
21
0.5520011417322834
0
LINE
8
BLACK
6
CONTINUOUS
10
0.7833144488188977
20
0.5520011417322834
11
0.7810041338582677
21
0.551382125984252
0
LINE
8
BLACK
6
CONTINUOUS
10
0.7810041338582677
20
0.551382125984252
11
0.7791217716535432
21
0.5512174015748031
0
LINE
8
BLACK
6
CONTINUOUS
10
0.7791217716535432
20
0.5512174015748031
11
0.7771622834645669
21
0.5508511417322834
0
LINE
8
BLACK
6
CONTINUOUS
10
0.7771622834645669
20
0.5508511417322834
11
0.7749351968503937
21
0.5508511417322834
0
LINE
8
BLACK
6
CONTINUOUS
10
0.7749351968503937
20
0.5508511417322834
11
0.7728031496062991
21
0.5506646062992125
0
LINE
8
BLACK
6
CONTINUOUS
10
0.7728031496062991
20
0.5506646062992125
11
0.7706711023622047
21
0.5508511417322834
0
LINE
8
BLACK
6
CONTINUOUS
10
0.7706711023622047
20
0.5508511417322834
11
0.7684440157480315
21
0.5508511417322834
0
LINE
8
BLACK
6
CONTINUOUS
10
0.7684440157480315
20
0.5508511417322834
11
0.7664844881889764
21
0.5512174015748031
0
LINE
8
BLACK
6
CONTINUOUS
10
0.7664844881889764
20
0.5512174015748031
11
0.7646021259842519
21
0.551382125984252
0
LINE
8
BLACK
6
CONTINUOUS
10
0.7646021259842519
20
0.551382125984252
11
0.7622916535433071
21
0.5520011811023622
0
LINE
8
BLACK
6
CONTINUOUS
10
0.7622916535433071
20
0.5520011811023622
11
0.7598741732283465
21
0.5524531102362205
0
LINE
8
BLACK
6
CONTINUOUS
10
0.7598741732283465
20
0.5524531102362205
11
0.7582345669291338
21
0.5530882677165354
0
LINE
8
BLACK
6
CONTINUOUS
10
0.7582345669291338
20
0.5530882677165354
11
0.7566497244094488
21
0.5535129527559055
0
LINE
8
BLACK
6
CONTINUOUS
10
0.7566497244094488
20
0.5535129527559055
11
0.7542502755905511
21
0.554631811023622
0
LINE
8
BLACK
6
CONTINUOUS
10
0.7542502755905511
20
0.554631811023622
11
0.7517446456692913
21
0.5556025196850394
0
LINE
8
BLACK
6
CONTINUOUS
10
0.7517446456692913
20
0.5556025196850394
11
0.7504512992125985
21
0.5564032677165354
0
LINE
8
BLACK
6
CONTINUOUS
10
0.7504512992125985
20
0.5564032677165354
11
0.7491885039370079
21
0.5569921653543307
0
LINE
8
BLACK
6
CONTINUOUS
10
0.7491885039370079
20
0.5569921653543307
11
0.7468063779527558
21
0.5586601181102362
0
LINE
8
BLACK
6
CONTINUOUS
10
0.7468063779527558
20
0.5586601181102362
11
0.7443322047244094
21
0.5601920866141732
0
LINE
8
BLACK
6
CONTINUOUS
10
0.7443322047244094
20
0.5601920866141732
11
0.7433837795275591
21
0.561056653543307
0
LINE
8
BLACK
6
CONTINUOUS
10
0.7433837795275591
20
0.561056653543307
11
0.7424449606299213
21
0.5617140551181102
0
LINE
8
BLACK
6
CONTINUOUS
10
0.7424449606299213
20
0.5617140551181102
11
0.740199094488189
21
0.5639598818897638
0
LINE
8
BLACK
6
CONTINUOUS
10
0.740199094488189
20
0.5639598818897638
11
0.7378893307086614
21
0.5660655511811024
0
LINE
8
BLACK
6
CONTINUOUS
10
0.7378893307086614
20
0.5660655511811024
11
0.7372596850393701
21
0.5668992913385826
0
LINE
8
BLACK
6
CONTINUOUS
10
0.7372596850393701
20
0.5668992913385826
11
0.7366235039370078
21
0.5675355118110236
0
LINE
8
BLACK
6
CONTINUOUS
10
0.7366235039370078
20
0.5675355118110236
11
0.734638937007874
21
0.5703697244094488
0
LINE
8
BLACK
6
CONTINUOUS
10
0.734638937007874
20
0.5703697244094488
11
0.7326353937007873
21
0.573022874015748
0
LINE
8
BLACK
6
CONTINUOUS
10
0.7326353937007873
20
0.573022874015748
11
0.7322764173228347
21
0.5737437401574803
0
LINE
8
BLACK
6
CONTINUOUS
10
0.7322764173228347
20
0.5737437401574803
11
0.7319016141732283
21
0.5742790551181102
0
LINE
8
BLACK
6
CONTINUOUS
10
0.7319016141732283
20
0.5742790551181102
11
0.7303054724409449
21
0.577701968503937
0
LINE
8
BLACK
6
CONTINUOUS
10
0.7303054724409449
20
0.577701968503937
11
0.7287493307086614
21
0.5808271653543307
0
LINE
8
BLACK
6
CONTINUOUS
10
0.7287493307086614
20
0.5808271653543307
11
0.7285945669291338
21
0.5813709842519685
0
LINE
8
BLACK
6
CONTINUOUS
10
0.7285945669291338
20
0.5813709842519685
11
0.7284224015748031
21
0.5817402755905512
0
LINE
8
BLACK
6
CONTINUOUS
10
0.7284224015748031
20
0.5817402755905512
11
0.7273371653543307
21
0.5857903149606299
0
LINE
8
BLACK
6
CONTINUOUS
10
0.7273371653543307
20
0.5857903149606299
11
0.7263634645669291
21
0.5892126377952756
0
LINE
8
BLACK
6
CONTINUOUS
10
0.7263634645669291
20
0.5892126377952756
11
0.7263334645669292
21
0.5895362204724409
0
LINE
8
BLACK
6
CONTINUOUS
10
0.7263334645669292
20
0.5895362204724409
11
0.725824094488189
21
0.5914372834645669
0
LINE
8
BLACK
6
CONTINUOUS
10
0.725824094488189
20
0.5914372834645669
11
0.7197822047244095
21
0.5914372834645669
0
LINE
8
BLACK
6
CONTINUOUS
10
0.7197822047244095
20
0.5914372834645669
11
0.7192727952755905
21
0.5895362598425197
0
LINE
8
BLACK
6
CONTINUOUS
10
0.7192727952755905
20
0.5895362598425197
11
0.7192428346456693
21
0.5892126377952756
0
LINE
8
BLACK
6
CONTINUOUS
10
0.7192428346456693
20
0.5892126377952756
11
0.7182687007874016
21
0.585788937007874
0
LINE
8
BLACK
6
CONTINUOUS
10
0.7182687007874016
20
0.585788937007874
11
0.7171838582677165
21
0.5817402755905512
0
LINE
8
BLACK
6
CONTINUOUS
10
0.7171838582677165
20
0.5817402755905512
11
0.7170117322834646
21
0.5813711811023622
0
LINE
8
BLACK
6
CONTINUOUS
10
0.7170117322834646
20
0.5813711811023622
11
0.716856968503937
21
0.5808271653543307
0
LINE
8
BLACK
6
CONTINUOUS
10
0.716856968503937
20
0.5808271653543307
11
0.7153001574803149
21
0.5777007086614173
0
LINE
8
BLACK
6
CONTINUOUS
10
0.7153001574803149
20
0.5777007086614173
11
0.7137046456692914
21
0.5742790551181102
0
LINE
8
BLACK
6
CONTINUOUS
10
0.7137046456692914
20
0.5742790551181102
11
0.7133299212598425
21
0.5737438976377952
0
LINE
8
BLACK
6
CONTINUOUS
10
0.7133299212598425
20
0.5737438976377952
11
0.712970905511811
21
0.573022874015748
0
LINE
8
BLACK
6
CONTINUOUS
10
0.712970905511811
20
0.573022874015748
11
0.7109667716535433
21
0.5703690157480314
0
LINE
8
BLACK
6
CONTINUOUS
10
0.7109667716535433
20
0.5703690157480314
11
0.7089827559055117
21
0.5675355118110236
0
LINE
8
BLACK
6
CONTINUOUS
10
0.7089827559055117
20
0.5675355118110236
11
0.7083466929133858
21
0.5668994488188976
0
LINE
8
BLACK
6
CONTINUOUS
10
0.7083466929133858
20
0.5668994488188976
11
0.7077169685039369
21
0.5660655511811024
0
LINE
8
BLACK
6
CONTINUOUS
10
0.7077169685039369
20
0.5660655511811024
11
0.7054067322834645
21
0.5639594881889763
0
LINE
8
BLACK
6
CONTINUOUS
10
0.7054067322834645
20
0.5639594881889763
11
0.7031612992125984
21
0.5617140551181102
0
LINE
8
BLACK
6
CONTINUOUS
10
0.7031612992125984
20
0.5617140551181102
11
0.7022225984251969
21
0.5610567716535433
0
LINE
8
BLACK
6
CONTINUOUS
10
0.7022225984251969
20
0.5610567716535433
11
0.701274094488189
21
0.5601920866141732
0
LINE
8
BLACK
6
CONTINUOUS
10
0.701274094488189
20
0.5601920866141732
11
0.6987995669291338
21
0.5586599212598425
0
LINE
8
BLACK
6
CONTINUOUS
10
0.6987995669291338
20
0.5586599212598425
11
0.6964177559055118
21
0.5569921653543307
0
LINE
8
BLACK
6
CONTINUOUS
10
0.6964177559055118
20
0.5569921653543307
11
0.6951550787401575
21
0.5564033464566929
0
LINE
8
BLACK
6
CONTINUOUS
10
0.6951550787401575
20
0.5564033464566929
11
0.6938616535433071
21
0.5556025196850394
0
LINE
8
BLACK
6
CONTINUOUS
10
0.6938616535433071
20
0.5556025196850394
11
0.691355748031496
21
0.5546317322834645
0
LINE
8
BLACK
6
CONTINUOUS
10
0.691355748031496
20
0.5546317322834645
11
0.6889565354330709
21
0.5535129527559055
0
LINE
8
BLACK
6
CONTINUOUS
10
0.6889565354330709
20
0.5535129527559055
11
0.6873717716535432
21
0.5530883070866142
0
LINE
8
BLACK
6
CONTINUOUS
10
0.6873717716535432
20
0.5530883070866142
11
0.6857321259842519
21
0.5524531102362205
0
LINE
8
BLACK
6
CONTINUOUS
10
0.6857321259842519
20
0.5524531102362205
11
0.6833144488188976
21
0.5520011417322834
0
LINE
8
BLACK
6
CONTINUOUS
10
0.6833144488188976
20
0.5520011417322834
11
0.6810041338582677
21
0.551382125984252
0
LINE
8
BLACK
6
CONTINUOUS
10
0.6810041338582677
20
0.551382125984252
11
0.6791217716535433
21
0.5512174015748031
0
LINE
8
BLACK
6
CONTINUOUS
10
0.6791217716535433
20
0.5512174015748031
11
0.6771622834645669
21
0.5508511417322834
0
LINE
8
BLACK
6
CONTINUOUS
10
0.6771622834645669
20
0.5508511417322834
11
0.6749351968503937
21
0.5508511417322834
0
LINE
8
BLACK
6
CONTINUOUS
10
0.6749351968503937
20
0.5508511417322834
11
0.6728031496062992
21
0.5506646062992125
0
LINE
8
BLACK
6
CONTINUOUS
10
0.6728031496062992
20
0.5506646062992125
11
0.6706711023622047
21
0.5508511417322834
0
LINE
8
BLACK
6
CONTINUOUS
10
0.6706711023622047
20
0.5508511417322834
11
0.6684440157480315
21
0.5508511417322834
0
LINE
8
BLACK
6
CONTINUOUS
10
0.6684440157480315
20
0.5508511417322834
11
0.6664844881889763
21
0.5512174015748031
0
LINE
8
BLACK
6
CONTINUOUS
10
0.6664844881889763
20
0.5512174015748031
11
0.6646021259842519
21
0.551382125984252
0
LINE
8
BLACK
6
CONTINUOUS
10
0.6646021259842519
20
0.551382125984252
11
0.6622916535433071
21
0.5520011811023622
0
LINE
8
BLACK
6
CONTINUOUS
10
0.6622916535433071
20
0.5520011811023622
11
0.6598741732283464
21
0.5524531102362205
0
LINE
8
BLACK
6
CONTINUOUS
10
0.6598741732283464
20
0.5524531102362205
11
0.6582345669291338
21
0.5530882677165354
0
LINE
8
BLACK
6
CONTINUOUS
10
0.6582345669291338
20
0.5530882677165354
11
0.6566497244094488
21
0.5535129527559055
0
LINE
8
BLACK
6
CONTINUOUS
10
0.6566497244094488
20
0.5535129527559055
11
0.6542502755905512
21
0.554631811023622
0
LINE
8
BLACK
6
CONTINUOUS
10
0.6542502755905512
20
0.554631811023622
11
0.6517446456692914
21
0.5556025196850394
0
LINE
8
BLACK
6
CONTINUOUS
10
0.6517446456692914
20
0.5556025196850394
11
0.6504512992125984
21
0.5564032677165354
0
LINE
8
BLACK
6
CONTINUOUS
10
0.6504512992125984
20
0.5564032677165354
11
0.6491885039370079
21
0.5569921653543307
0
LINE
8
BLACK
6
CONTINUOUS
10
0.6491885039370079
20
0.5569921653543307
11
0.6468063779527559
21
0.5586601181102362
0
LINE
8
BLACK
6
CONTINUOUS
10
0.6468063779527559
20
0.5586601181102362
11
0.6443322047244094
21
0.5601920866141732
0
LINE
8
BLACK
6
CONTINUOUS
10
0.6443322047244094
20
0.5601920866141732
11
0.643383779527559
21
0.561056653543307
0
LINE
8
BLACK
6
CONTINUOUS
10
0.643383779527559
20
0.561056653543307
11
0.6424449606299213
21
0.5617140551181102
0
LINE
8
BLACK
6
CONTINUOUS
10
0.6424449606299213
20
0.5617140551181102
11
0.640199094488189
21
0.5639598818897638
0
LINE
8
BLACK
6
CONTINUOUS
10
0.640199094488189
20
0.5639598818897638
11
0.6378893307086614
21
0.5660655511811024
0
LINE
8
BLACK
6
CONTINUOUS
10
0.6378893307086614
20
0.5660655511811024
11
0.63725968503937
21
0.5668992913385826
0
LINE
8
BLACK
6
CONTINUOUS
10
0.63725968503937
20
0.5668992913385826
11
0.6366235039370078
21
0.5675355118110236
0
LINE
8
BLACK
6
CONTINUOUS
10
0.6366235039370078
20
0.5675355118110236
11
0.634638937007874
21
0.5703697244094488
0
LINE
8
BLACK
6
CONTINUOUS
10
0.634638937007874
20
0.5703697244094488
11
0.6326353937007874
21
0.573022874015748
0
LINE
8
BLACK
6
CONTINUOUS
10
0.6326353937007874
20
0.573022874015748
11
0.6322764173228347
21
0.5737437401574803
0
LINE
8
BLACK
6
CONTINUOUS
10
0.6322764173228347
20
0.5737437401574803
11
0.6319016141732283
21
0.5742790551181102
0
LINE
8
BLACK
6
CONTINUOUS
10
0.6319016141732283
20
0.5742790551181102
11
0.6303054724409448
21
0.577701968503937
0
LINE
8
BLACK
6
CONTINUOUS
10
0.6303054724409448
20
0.577701968503937
11
0.6287493307086615
21
0.5808271653543307
0
LINE
8
BLACK
6
CONTINUOUS
10
0.6287493307086615
20
0.5808271653543307
11
0.6285945669291338
21
0.5813709842519685
0
LINE
8
BLACK
6
CONTINUOUS
10
0.6285945669291338
20
0.5813709842519685
11
0.6284224015748031
21
0.5817402755905512
0
LINE
8
BLACK
6
CONTINUOUS
10
0.6284224015748031
20
0.5817402755905512
11
0.6273371653543307
21
0.5857903149606299
0
LINE
8
BLACK
6
CONTINUOUS
10
0.6273371653543307
20
0.5857903149606299
11
0.6263634645669292
21
0.5892126377952756
0
LINE
8
BLACK
6
CONTINUOUS
10
0.6263634645669292
20
0.5892126377952756
11
0.6263334645669291
21
0.5895362204724409
0
LINE
8
BLACK
6
CONTINUOUS
10
0.6263334645669291
20
0.5895362204724409
11
0.625824094488189
21
0.5914372834645669
0
LINE
8
BLACK
6
CONTINUOUS
10
0.625824094488189
20
0.5914372834645669
11
0.6197822047244095
21
0.5914372834645669
0
LINE
8
BLACK
6
CONTINUOUS
10
0.6197822047244095
20
0.5914372834645669
11
0.6192727952755905
21
0.5895362598425197
0
LINE
8
BLACK
6
CONTINUOUS
10
0.6192727952755905
20
0.5895362598425197
11
0.6192428346456693
21
0.5892126377952756
0
LINE
8
BLACK
6
CONTINUOUS
10
0.6192428346456693
20
0.5892126377952756
11
0.6182687007874016
21
0.585788937007874
0
LINE
8
BLACK
6
CONTINUOUS
10
0.6182687007874016
20
0.585788937007874
11
0.6171838582677165
21
0.5817402755905512
0
LINE
8
BLACK
6
CONTINUOUS
10
0.6171838582677165
20
0.5817402755905512
11
0.6170117322834645
21
0.5813711811023622
0
LINE
8
BLACK
6
CONTINUOUS
10
0.6170117322834645
20
0.5813711811023622
11
0.616856968503937
21
0.5808271653543307
0
LINE
8
BLACK
6
CONTINUOUS
10
0.616856968503937
20
0.5808271653543307
11
0.615300157480315
21
0.5777007086614173
0
LINE
8
BLACK
6
CONTINUOUS
10
0.615300157480315
20
0.5777007086614173
11
0.6137046456692913
21
0.5742790551181102
0
LINE
8
BLACK
6
CONTINUOUS
10
0.6137046456692913
20
0.5742790551181102
11
0.6133299212598425
21
0.5737438976377952
0
LINE
8
BLACK
6
CONTINUOUS
10
0.6133299212598425
20
0.5737438976377952
11
0.612970905511811
21
0.573022874015748
0
LINE
8
BLACK
6
CONTINUOUS
10
0.612970905511811
20
0.573022874015748
11
0.6109667716535433
21
0.5703690157480314
0
LINE
8
BLACK
6
CONTINUOUS
10
0.6109667716535433
20
0.5703690157480314
11
0.6089827559055118
21
0.5675355118110236
0
LINE
8
BLACK
6
CONTINUOUS
10
0.6089827559055118
20
0.5675355118110236
11
0.6083466929133858
21
0.5668994488188976
0
LINE
8
BLACK
6
CONTINUOUS
10
0.6083466929133858
20
0.5668994488188976
11
0.607716968503937
21
0.5660655511811024
0
LINE
8
BLACK
6
CONTINUOUS
10
0.607716968503937
20
0.5660655511811024
11
0.6054067322834645
21
0.5639594881889763
0
LINE
8
BLACK
6
CONTINUOUS
10
0.6054067322834645
20
0.5639594881889763
11
0.6031612992125984
21
0.5617140551181102
0
LINE
8
BLACK
6
CONTINUOUS
10
0.6031612992125984
20
0.5617140551181102
11
0.6022225984251969
21
0.5610567716535433
0
LINE
8
BLACK
6
CONTINUOUS
10
0.6022225984251969
20
0.5610567716535433
11
0.6012740944881889
21
0.5601920866141732
0
LINE
8
BLACK
6
CONTINUOUS
10
0.6012740944881889
20
0.5601920866141732
11
0.5987995669291338
21
0.5586599212598425
0
LINE
8
BLACK
6
CONTINUOUS
10
0.5987995669291338
20
0.5586599212598425
11
0.5964177559055118
21
0.5569921653543307
0
LINE
8
BLACK
6
CONTINUOUS
10
0.5964177559055118
20
0.5569921653543307
11
0.5951550787401575
21
0.5564033464566929
0
LINE
8
BLACK
6
CONTINUOUS
10
0.5951550787401575
20
0.5564033464566929
11
0.5938616535433071
21
0.5556025196850394
0
LINE
8
BLACK
6
CONTINUOUS
10
0.5938616535433071
20
0.5556025196850394
11
0.591355748031496
21
0.5546317322834645
0
LINE
8
BLACK
6
CONTINUOUS
10
0.591355748031496
20
0.5546317322834645
11
0.5889565354330708
21
0.5535129527559055
0
LINE
8
BLACK
6
CONTINUOUS
10
0.5889565354330708
20
0.5535129527559055
11
0.5873717716535433
21
0.5530883070866142
0
LINE
8
BLACK
6
CONTINUOUS
10
0.5873717716535433
20
0.5530883070866142
11
0.585732125984252
21
0.5524531102362205
0
LINE
8
BLACK
6
CONTINUOUS
10
0.585732125984252
20
0.5524531102362205
11
0.5833144488188976
21
0.5520011417322834
0
LINE
8
BLACK
6
CONTINUOUS
10
0.5833144488188976
20
0.5520011417322834
11
0.5810041338582677
21
0.551382125984252
0
LINE
8
BLACK
6
CONTINUOUS
10
0.5810041338582677
20
0.551382125984252
11
0.5791217716535433
21
0.5512174015748031
0
LINE
8
BLACK
6
CONTINUOUS
10
0.5791217716535433
20
0.5512174015748031
11
0.5771622834645669
21
0.5508511417322834
0
LINE
8
BLACK
6
CONTINUOUS
10
0.5771622834645669
20
0.5508511417322834
11
0.5749351968503937
21
0.5508511417322834
0
LINE
8
BLACK
6
CONTINUOUS
10
0.5749351968503937
20
0.5508511417322834
11
0.5728031496062992
21
0.5506646062992125
0
LINE
8
BLACK
6
CONTINUOUS
10
0.5728031496062992
20
0.5506646062992125
11
0.5706711023622048
21
0.5508511417322834
0
LINE
8
BLACK
6
CONTINUOUS
10
0.5706711023622048
20
0.5508511417322834
11
0.5684440157480315
21
0.5508511417322834
0
LINE
8
BLACK
6
CONTINUOUS
10
0.5684440157480315
20
0.5508511417322834
11
0.5664844881889763
21
0.5512174015748031
0
LINE
8
BLACK
6
CONTINUOUS
10
0.5664844881889763
20
0.5512174015748031
11
0.564602125984252
21
0.551382125984252
0
LINE
8
BLACK
6
CONTINUOUS
10
0.564602125984252
20
0.551382125984252
11
0.5622916535433071
21
0.5520011811023622
0
LINE
8
BLACK
6
CONTINUOUS
10
0.5622916535433071
20
0.5520011811023622
11
0.5598741732283464
21
0.5524531102362205
0
LINE
8
BLACK
6
CONTINUOUS
10
0.5598741732283464
20
0.5524531102362205
11
0.5582345669291339
21
0.5530882677165354
0
LINE
8
BLACK
6
CONTINUOUS
10
0.5582345669291339
20
0.5530882677165354
11
0.5566497244094488
21
0.5535129527559055
0
LINE
8
BLACK
6
CONTINUOUS
10
0.5566497244094488
20
0.5535129527559055
11
0.5542502755905512
21
0.554631811023622
0
LINE
8
BLACK
6
CONTINUOUS
10
0.5542502755905512
20
0.554631811023622
11
0.5517446456692914
21
0.5556025196850394
0
LINE
8
BLACK
6
CONTINUOUS
10
0.5517446456692914
20
0.5556025196850394
11
0.5504512992125984
21
0.5564032677165354
0
LINE
8
BLACK
6
CONTINUOUS
10
0.5504512992125984
20
0.5564032677165354
11
0.5491885039370079
21
0.5569921653543307
0
LINE
8
BLACK
6
CONTINUOUS
10
0.5491885039370079
20
0.5569921653543307
11
0.5468063779527559
21
0.5586601181102362
0
LINE
8
BLACK
6
CONTINUOUS
10
0.5468063779527559
20
0.5586601181102362
11
0.5443322047244095
21
0.5601920866141732
0
LINE
8
BLACK
6
CONTINUOUS
10
0.5443322047244095
20
0.5601920866141732
11
0.543383779527559
21
0.561056653543307
0
LINE
8
BLACK
6
CONTINUOUS
10
0.543383779527559
20
0.561056653543307
11
0.5424449606299212
21
0.5617140551181102
0
LINE
8
BLACK
6
CONTINUOUS
10
0.5424449606299212
20
0.5617140551181102
11
0.5401990944881889
21
0.5639598818897638
0
LINE
8
BLACK
6
CONTINUOUS
10
0.5401990944881889
20
0.5639598818897638
11
0.5378893307086614
21
0.5660655511811024
0
LINE
8
BLACK
6
CONTINUOUS
10
0.5378893307086614
20
0.5660655511811024
11
0.53725968503937
21
0.5668992913385826
0
LINE
8
BLACK
6
CONTINUOUS
10
0.53725968503937
20
0.5668992913385826
11
0.5366235039370079
21
0.5675355118110236
0
LINE
8
BLACK
6
CONTINUOUS
10
0.5366235039370079
20
0.5675355118110236
11
0.534638937007874
21
0.5703697244094488
0
LINE
8
BLACK
6
CONTINUOUS
10
0.534638937007874
20
0.5703697244094488
11
0.5326353937007874
21
0.573022874015748
0
LINE
8
BLACK
6
CONTINUOUS
10
0.5326353937007874
20
0.573022874015748
11
0.5322764173228346
21
0.5737437401574803
0
LINE
8
BLACK
6
CONTINUOUS
10
0.5322764173228346
20
0.5737437401574803
11
0.5319016141732283
21
0.5742790551181102
0
LINE
8
BLACK
6
CONTINUOUS
10
0.5319016141732283
20
0.5742790551181102
11
0.5303054724409448
21
0.577701968503937
0
LINE
8
BLACK
6
CONTINUOUS
10
0.5303054724409448
20
0.577701968503937
11
0.5287493307086614
21
0.5808271653543307
0
LINE
8
BLACK
6
CONTINUOUS
10
0.5287493307086614
20
0.5808271653543307
11
0.5285945669291339
21
0.5813709842519685
0
LINE
8
BLACK
6
CONTINUOUS
10
0.5285945669291339
20
0.5813709842519685
11
0.5284224015748031
21
0.5817402755905512
0
LINE
8
BLACK
6
CONTINUOUS
10
0.5284224015748031
20
0.5817402755905512
11
0.5273372834645669
21
0.5857898818897638
0
LINE
8
BLACK
6
CONTINUOUS
10
0.5273372834645669
20
0.5857898818897638
11
0.5263634645669292
21
0.5892126377952756
0
LINE
8
BLACK
6
CONTINUOUS
10
0.5263634645669292
20
0.5892126377952756
11
0.5263334645669291
21
0.5895362992125984
0
LINE
8
BLACK
6
CONTINUOUS
10
0.5263334645669291
20
0.5895362992125984
11
0.5262915748031496
21
0.5896926771653543
0
LINE
8
BLACK
6
CONTINUOUS
10
0.5262915748031496
20
0.5896926771653543
11
0.5258278346456693
21
0.5949929133858267
0
LINE
8
BLACK
6
CONTINUOUS
10
0.5258278346456693
20
0.5949929133858267
11
0.5255590551181102
21
0.5978937007874016
0
LINE
8
BLACK
6
CONTINUOUS
10
0.5255590551181102
20
0.5978937007874016
11
0.5258278346456693
21
0.6007946850393701
0
LINE
8
BLACK
6
CONTINUOUS
10
0.5258278346456693
20
0.6007946850393701
11
0.5262915748031496
21
0.60609468503937
0
LINE
8
BLACK
6
CONTINUOUS
10
0.5262915748031496
20
0.60609468503937
11
0.5263334645669291
21
0.6062510236220472
0
LINE
8
BLACK
6
CONTINUOUS
10
0.5263334645669291
20
0.6062510236220472
11
0.5263634645669292
21
0.6065747637795276
0
LINE
8
BLACK
6
CONTINUOUS
10
0.5263634645669292
20
0.6065747637795276
11
0.5273374803149606
21
0.6099981102362204
0
LINE
8
BLACK
6
CONTINUOUS
10
0.5273374803149606
20
0.6099981102362204
11
0.5284224015748031
21
0.6140470866141732
0
LINE
8
BLACK
6
CONTINUOUS
10
0.5284224015748031
20
0.6140470866141732
11
0.5285945275590551
21
0.6144162598425197
0
LINE
8
BLACK
6
CONTINUOUS
10
0.5285945275590551
20
0.6144162598425197
11
0.5287493307086614
21
0.6149602362204725
0
LINE
8
BLACK
6
CONTINUOUS
10
0.5287493307086614
20
0.6149602362204725
11
0.530305905511811
21
0.6180862992125984
0
LINE
8
BLACK
6
CONTINUOUS
10
0.530305905511811
20
0.6180862992125984
11
0.5319016141732283
21
0.6215082677165354
0
LINE
8
BLACK
6
CONTINUOUS
10
0.5319016141732283
20
0.6215082677165354
11
0.5322762992125984
21
0.6220433858267717
0
LINE
8
BLACK
6
CONTINUOUS
10
0.5322762992125984
20
0.6220433858267717
11
0.5326353937007874
21
0.6227645275590551
0
LINE
8
BLACK
6
CONTINUOUS
10
0.5326353937007874
20
0.6227645275590551
11
0.5346394881889763
21
0.6254183464566929
0
LINE
8
BLACK
6
CONTINUOUS
10
0.5346394881889763
20
0.6254183464566929
11
0.5366235039370079
21
0.6282518503937008
0
LINE
8
BLACK
6
CONTINUOUS
10
0.5366235039370079
20
0.6282518503937008
11
0.5372595669291338
21
0.6288879133858267
0
LINE
8
BLACK
6
CONTINUOUS
10
0.5372595669291338
20
0.6288879133858267
11
0.5378893307086614
21
0.6297218503937008
0
LINE
8
BLACK
6
CONTINUOUS
10
0.5378893307086614
20
0.6297218503937008
11
0.5401995275590551
21
0.631827874015748
0
LINE
8
BLACK
6
CONTINUOUS
10
0.5401995275590551
20
0.631827874015748
11
0.5424449606299212
21
0.6340733070866141
0
LINE
8
BLACK
6
CONTINUOUS
10
0.5424449606299212
20
0.6340733070866141
11
0.5433835826771654
21
0.6347305118110236
0
LINE
8
BLACK
6
CONTINUOUS
10
0.5433835826771654
20
0.6347305118110236
11
0.5443322047244095
21
0.6355953149606299
0
LINE
8
BLACK
6
CONTINUOUS
10
0.5443322047244095
20
0.6355953149606299
11
0.5468070866141732
21
0.6371276771653543
0
LINE
8
BLACK
6
CONTINUOUS
10
0.5468070866141732
20
0.6371276771653543
11
0.5491885433070866
21
0.6387951968503937
0
LINE
8
BLACK
6
CONTINUOUS
10
0.5491885433070866
20
0.6387951968503937
11
0.5504509448818897
21
0.6393838582677165
0
LINE
8
BLACK
6
CONTINUOUS
10
0.5504509448818897
20
0.6393838582677165
11
0.5517446456692914
21
0.6401848818897637
0
LINE
8
BLACK
6
CONTINUOUS
10
0.5517446456692914
20
0.6401848818897637
11
0.5542508267716535
21
0.6411557874015748
0
LINE
8
BLACK
6
CONTINUOUS
10
0.5542508267716535
20
0.6411557874015748
11
0.5566497244094488
21
0.6422744094488189
0
LINE
8
BLACK
6
CONTINUOUS
10
0.5566497244094488
20
0.6422744094488189
11
0.558234251968504
21
0.6426989763779527
0
LINE
8
BLACK
6
CONTINUOUS
10
0.558234251968504
20
0.6426989763779527
11
0.5598741732283464
21
0.6433342913385827
0
LINE
8
BLACK
6
CONTINUOUS
10
0.5598741732283464
20
0.6433342913385827
11
0.5622921653543307
21
0.6437862598425197
0
LINE
8
BLACK
6
CONTINUOUS
10
0.5622921653543307
20
0.6437862598425197
11
0.564602125984252
21
0.6444052362204724
0
LINE
8
BLACK
6
CONTINUOUS
10
0.564602125984252
20
0.6444052362204724
11
0.5664840944881889
21
0.6445698818897637
0
LINE
8
BLACK
6
CONTINUOUS
10
0.5664840944881889
20
0.6445698818897637
11
0.5684440157480315
21
0.6449362598425197
0
LINE
8
BLACK
6
CONTINUOUS
10
0.5684440157480315
20
0.6449362598425197
11
0.5706715748031496
21
0.6449362598425197
0
LINE
8
BLACK
6
CONTINUOUS
10
0.5706715748031496
20
0.6449362598425197
11
0.5728031496062992
21
0.6451227559055118
0
LINE
8
BLACK
6
CONTINUOUS
10
0.5728031496062992
20
0.6451227559055118
11
0.5749347244094488
21
0.6449362598425197
0
LINE
8
BLACK
6
CONTINUOUS
10
0.5749347244094488
20
0.6449362598425197
11
0.5771622834645669
21
0.6449362598425197
0
LINE
8
BLACK
6
CONTINUOUS
10
0.5771622834645669
20
0.6449362598425197
11
0.5791222047244095
21
0.6445698818897637
0
LINE
8
BLACK
6
CONTINUOUS
10
0.5791222047244095
20
0.6445698818897637
11
0.5810041338582677
21
0.6444052362204724
0
LINE
8
BLACK
6
CONTINUOUS
10
0.5810041338582677
20
0.6444052362204724
11
0.5833139763779528
21
0.6437862992125984
0
LINE
8
BLACK
6
CONTINUOUS
10
0.5833139763779528
20
0.6437862992125984
11
0.585732125984252
21
0.6433342913385827
0
LINE
8
BLACK
6
CONTINUOUS
10
0.585732125984252
20
0.6433342913385827
11
0.5873721259842519
21
0.6426989370078739
0
LINE
8
BLACK
6
CONTINUOUS
10
0.5873721259842519
20
0.6426989370078739
11
0.5889565354330708
21
0.6422744094488189
0
LINE
8
BLACK
6
CONTINUOUS
10
0.5889565354330708
20
0.6422744094488189
11
0.5913552755905511
21
0.6411558267716535
0
LINE
8
BLACK
6
CONTINUOUS
10
0.5913552755905511
20
0.6411558267716535
11
0.5938616535433071
21
0.6401848818897637
0
LINE
8
BLACK
6
CONTINUOUS
10
0.5938616535433071
20
0.6401848818897637
11
0.5951553149606299
21
0.6393838582677165
0
LINE
8
BLACK
6
CONTINUOUS
10
0.5951553149606299
20
0.6393838582677165
11
0.5964177559055118
21
0.6387951968503937
0
LINE
8
BLACK
6
CONTINUOUS
10
0.5964177559055118
20
0.6387951968503937
11
0.5987990551181103
21
0.6371277559055119
0
LINE
8
BLACK
6
CONTINUOUS
10
0.5987990551181103
20
0.6371277559055119
11
0.6012740944881889
21
0.6355953149606299
0
LINE
8
BLACK
6
CONTINUOUS
10
0.6012740944881889
20
0.6355953149606299
11
0.6022227952755905
21
0.6347304330708661
0
LINE
8
BLACK
6
CONTINUOUS
10
0.6022227952755905
20
0.6347304330708661
11
0.6031612992125984
21
0.6340733070866141
0
LINE
8
BLACK
6
CONTINUOUS
10
0.6031612992125984
20
0.6340733070866141
11
0.6054062992125984
21
0.6318282677165354
0
LINE
8
BLACK
6
CONTINUOUS
10
0.6054062992125984
20
0.6318282677165354
11
0.607716968503937
21
0.6297218503937008
0
LINE
8
BLACK
6
CONTINUOUS
10
0.607716968503937
20
0.6297218503937008
11
0.608346811023622
21
0.6288877559055118
0
LINE
8
BLACK
6
CONTINUOUS
10
0.608346811023622
20
0.6288877559055118
11
0.6089827559055118
21
0.6282518503937008
0
LINE
8
BLACK
6
CONTINUOUS
10
0.6089827559055118
20
0.6282518503937008
11
0.6109662598425196
21
0.625419094488189
0
LINE
8
BLACK
6
CONTINUOUS
10
0.6109662598425196
20
0.625419094488189
11
0.612970905511811
21
0.6227645275590551
0
LINE
8
BLACK
6
CONTINUOUS
10
0.612970905511811
20
0.6227645275590551
11
0.6133300787401574
21
0.6220431889763779
0
LINE
8
BLACK
6
CONTINUOUS
10
0.6133300787401574
20
0.6220431889763779
11
0.6137046456692913
21
0.6215082677165354
0
LINE
8
BLACK
6
CONTINUOUS
10
0.6137046456692913
20
0.6215082677165354
11
0.6152997244094488
21
0.6180875590551181
0
LINE
8
BLACK
6
CONTINUOUS
10
0.6152997244094488
20
0.6180875590551181
11
0.616856968503937
21
0.6149602362204725
0
LINE
8
BLACK
6
CONTINUOUS
10
0.616856968503937
20
0.6149602362204725
11
0.6170117716535433
21
0.6144160629921259
0
LINE
8
BLACK
6
CONTINUOUS
10
0.6170117716535433
20
0.6144160629921259
11
0.6171838582677165
21
0.6140470866141732
0
LINE
8
BLACK
6
CONTINUOUS
10
0.6171838582677165
20
0.6140470866141732
11
0.6182685039370078
21
0.6099990551181103
0
LINE
8
BLACK
6
CONTINUOUS
10
0.6182685039370078
20
0.6099990551181103
11
0.6192428346456693
21
0.6065747637795276
0
LINE
8
BLACK
6
CONTINUOUS
10
0.6192428346456693
20
0.6065747637795276
11
0.6192727952755905
21
0.6062510236220472
0
LINE
8
BLACK
6
CONTINUOUS
10
0.6192727952755905
20
0.6062510236220472
11
0.6197822047244095
21
0.6043500787401574
0
LINE
8
BLACK
6
CONTINUOUS
10
0.6197822047244095
20
0.6043500787401574
11
0.625824094488189
21
0.6043500787401574
0
LINE
8
BLACK
6
CONTINUOUS
10
0.625824094488189
20
0.6043500787401574
11
0.6263334645669291
21
0.6062511023622047
0
LINE
8
BLACK
6
CONTINUOUS
10
0.6263334645669291
20
0.6062511023622047
11
0.6263634645669292
21
0.6065747637795276
0
LINE
8
BLACK
6
CONTINUOUS
10
0.6263634645669292
20
0.6065747637795276
11
0.6273373622047244
21
0.6099976771653544
0
LINE
8
BLACK
6
CONTINUOUS
10
0.6273373622047244
20
0.6099976771653544
11
0.6284224015748031
21
0.6140470866141732
0
LINE
8
BLACK
6
CONTINUOUS
10
0.6284224015748031
20
0.6140470866141732
11
0.6285945275590551
21
0.6144162598425197
0
LINE
8
BLACK
6
CONTINUOUS
10
0.6285945275590551
20
0.6144162598425197
11
0.6287493307086615
21
0.6149602362204725
0
LINE
8
BLACK
6
CONTINUOUS
10
0.6287493307086615
20
0.6149602362204725
11
0.630305905511811
21
0.6180862992125984
0
LINE
8
BLACK
6
CONTINUOUS
10
0.630305905511811
20
0.6180862992125984
11
0.6319016141732283
21
0.6215082677165354
0
LINE
8
BLACK
6
CONTINUOUS
10
0.6319016141732283
20
0.6215082677165354
11
0.6322762992125984
21
0.6220433858267717
0
LINE
8
BLACK
6
CONTINUOUS
10
0.6322762992125984
20
0.6220433858267717
11
0.6326353937007874
21
0.6227645275590551
0
LINE
8
BLACK
6
CONTINUOUS
10
0.6326353937007874
20
0.6227645275590551
11
0.6346394881889763
21
0.6254183464566929
0
LINE
8
BLACK
6
CONTINUOUS
10
0.6346394881889763
20
0.6254183464566929
11
0.6366235039370078
21
0.6282518503937008
0
LINE
8
BLACK
6
CONTINUOUS
10
0.6366235039370078
20
0.6282518503937008
11
0.6372595669291339
21
0.6288879133858267
0
LINE
8
BLACK
6
CONTINUOUS
10
0.6372595669291339
20
0.6288879133858267
11
0.6378893307086614
21
0.6297218503937008
0
LINE
8
BLACK
6
CONTINUOUS
10
0.6378893307086614
20
0.6297218503937008
11
0.6401995275590551
21
0.631827874015748
0
LINE
8
BLACK
6
CONTINUOUS
10
0.6401995275590551
20
0.631827874015748
11
0.6424449606299213
21
0.6340733070866141
0
LINE
8
BLACK
6
CONTINUOUS
10
0.6424449606299213
20
0.6340733070866141
11
0.6433835826771653
21
0.6347305118110236
0
LINE
8
BLACK
6
CONTINUOUS
10
0.6433835826771653
20
0.6347305118110236
11
0.6443322047244094
21
0.6355953149606299
0
LINE
8
BLACK
6
CONTINUOUS
10
0.6443322047244094
20
0.6355953149606299
11
0.6468070866141732
21
0.6371276771653543
0
LINE
8
BLACK
6
CONTINUOUS
10
0.6468070866141732
20
0.6371276771653543
11
0.6491885433070866
21
0.6387951968503937
0
LINE
8
BLACK
6
CONTINUOUS
10
0.6491885433070866
20
0.6387951968503937
11
0.6504509448818897
21
0.6393838582677165
0
LINE
8
BLACK
6
CONTINUOUS
10
0.6504509448818897
20
0.6393838582677165
11
0.6517446456692914
21
0.6401848818897637
0
LINE
8
BLACK
6
CONTINUOUS
10
0.6517446456692914
20
0.6401848818897637
11
0.6542508267716536
21
0.6411557874015748
0
LINE
8
BLACK
6
CONTINUOUS
10
0.6542508267716536
20
0.6411557874015748
11
0.6566497244094488
21
0.6422744094488189
0
LINE
8
BLACK
6
CONTINUOUS
10
0.6566497244094488
20
0.6422744094488189
11
0.6582342519685039
21
0.6426989763779527
0
LINE
8
BLACK
6
CONTINUOUS
10
0.6582342519685039
20
0.6426989763779527
11
0.6598741732283464
21
0.6433342913385827
0
LINE
8
BLACK
6
CONTINUOUS
10
0.6598741732283464
20
0.6433342913385827
11
0.6622921653543307
21
0.6437862598425197
0
LINE
8
BLACK
6
CONTINUOUS
10
0.6622921653543307
20
0.6437862598425197
11
0.6646021259842519
21
0.6444052362204724
0
LINE
8
BLACK
6
CONTINUOUS
10
0.6646021259842519
20
0.6444052362204724
11
0.666484094488189
21
0.6445698818897637
0
LINE
8
BLACK
6
CONTINUOUS
10
0.666484094488189
20
0.6445698818897637
11
0.6684440157480315
21
0.6449362598425197
0
LINE
8
BLACK
6
CONTINUOUS
10
0.6684440157480315
20
0.6449362598425197
11
0.6706715748031495
21
0.6449362598425197
0
LINE
8
BLACK
6
CONTINUOUS
10
0.6706715748031495
20
0.6449362598425197
11
0.6728031496062992
21
0.6451227559055118
0
LINE
8
BLACK
6
CONTINUOUS
10
0.6728031496062992
20
0.6451227559055118
11
0.6749347244094488
21
0.6449362598425197
0
LINE
8
BLACK
6
CONTINUOUS
10
0.6749347244094488
20
0.6449362598425197
11
0.6771622834645669
21
0.6449362598425197
0
LINE
8
BLACK
6
CONTINUOUS
10
0.6771622834645669
20
0.6449362598425197
11
0.6791222047244094
21
0.6445698818897637
0
LINE
8
BLACK
6
CONTINUOUS
10
0.6791222047244094
20
0.6445698818897637
11
0.6810041338582677
21
0.6444052362204724
0
LINE
8
BLACK
6
CONTINUOUS
10
0.6810041338582677
20
0.6444052362204724
11
0.6833139763779528
21
0.6437862992125984
0
LINE
8
BLACK
6
CONTINUOUS
10
0.6833139763779528
20
0.6437862992125984
11
0.6857321259842519
21
0.6433342913385827
0
LINE
8
BLACK
6
CONTINUOUS
10
0.6857321259842519
20
0.6433342913385827
11
0.6873721259842519
21
0.6426989370078739
0
LINE
8
BLACK
6
CONTINUOUS
10
0.6873721259842519
20
0.6426989370078739
11
0.6889565354330709
21
0.6422744094488189
0
LINE
8
BLACK
6
CONTINUOUS
10
0.6889565354330709
20
0.6422744094488189
11
0.6913552755905512
21
0.6411558267716535
0
LINE
8
BLACK
6
CONTINUOUS
10
0.6913552755905512
20
0.6411558267716535
11
0.6938616535433071
21
0.6401848818897637
0
LINE
8
BLACK
6
CONTINUOUS
10
0.6938616535433071
20
0.6401848818897637
11
0.6951553149606299
21
0.6393838582677165
0
LINE
8
BLACK
6
CONTINUOUS
10
0.6951553149606299
20
0.6393838582677165
11
0.6964177559055118
21
0.6387951968503937
0
LINE
8
BLACK
6
CONTINUOUS
10
0.6964177559055118
20
0.6387951968503937
11
0.6987990551181102
21
0.6371277559055119
0
LINE
8
BLACK
6
CONTINUOUS
10
0.6987990551181102
20
0.6371277559055119
11
0.701274094488189
21
0.6355953149606299
0
LINE
8
BLACK
6
CONTINUOUS
10
0.701274094488189
20
0.6355953149606299
11
0.7022227952755905
21
0.6347304330708661
0
LINE
8
BLACK
6
CONTINUOUS
10
0.7022227952755905
20
0.6347304330708661
11
0.7031612992125984
21
0.6340733070866141
0
LINE
8
BLACK
6
CONTINUOUS
10
0.7031612992125984
20
0.6340733070866141
11
0.7054062992125985
21
0.6318282677165354
0
LINE
8
BLACK
6
CONTINUOUS
10
0.7054062992125985
20
0.6318282677165354
11
0.7077169685039369
21
0.6297218503937008
0
LINE
8
BLACK
6
CONTINUOUS
10
0.7077169685039369
20
0.6297218503937008
11
0.7083468110236221
21
0.6288877559055118
0
LINE
8
BLACK
6
CONTINUOUS
10
0.7083468110236221
20
0.6288877559055118
11
0.7089827559055117
21
0.6282518503937008
0
LINE
8
BLACK
6
CONTINUOUS
10
0.7089827559055117
20
0.6282518503937008
11
0.7109662598425197
21
0.625419094488189
0
LINE
8
BLACK
6
CONTINUOUS
10
0.7109662598425197
20
0.625419094488189
11
0.712970905511811
21
0.6227645275590551
0
LINE
8
BLACK
6
CONTINUOUS
10
0.712970905511811
20
0.6227645275590551
11
0.7133300787401574
21
0.6220431889763779
0
LINE
8
BLACK
6
CONTINUOUS
10
0.7133300787401574
20
0.6220431889763779
11
0.7137046456692914
21
0.6215082677165354
0
LINE
8
BLACK
6
CONTINUOUS
10
0.7137046456692914
20
0.6215082677165354
11
0.7152997244094488
21
0.6180875590551181
0
LINE
8
BLACK
6
CONTINUOUS
10
0.7152997244094488
20
0.6180875590551181
11
0.716856968503937
21
0.6149602362204725
0
LINE
8
BLACK
6
CONTINUOUS
10
0.716856968503937
20
0.6149602362204725
11
0.7170117716535432
21
0.6144160629921259
0
LINE
8
BLACK
6
CONTINUOUS
10
0.7170117716535432
20
0.6144160629921259
11
0.7171838582677165
21
0.6140470866141732
0
LINE
8
BLACK
6
CONTINUOUS
10
0.7171838582677165
20
0.6140470866141732
11
0.7182685039370078
21
0.6099990551181103
0
LINE
8
BLACK
6
CONTINUOUS
10
0.7182685039370078
20
0.6099990551181103
11
0.7192428346456693
21
0.6065747637795276
0
LINE
8
BLACK
6
CONTINUOUS
10
0.7192428346456693
20
0.6065747637795276
11
0.7192727952755905
21
0.6062510236220472
0
LINE
8
BLACK
6
CONTINUOUS
10
0.7192727952755905
20
0.6062510236220472
11
0.7197822047244095
21
0.6043500787401574
0
LINE
8
BLACK
6
CONTINUOUS
10
0.7197822047244095
20
0.6043500787401574
11
0.725824094488189
21
0.6043500787401574
0
LINE
8
BLACK
6
CONTINUOUS
10
0.725824094488189
20
0.6043500787401574
11
0.7263334645669292
21
0.6062511023622047
0
LINE
8
BLACK
6
CONTINUOUS
10
0.7263334645669292
20
0.6062511023622047
11
0.7263634645669291
21
0.6065747637795276
0
LINE
8
BLACK
6
CONTINUOUS
10
0.7263634645669291
20
0.6065747637795276
11
0.7273373622047244
21
0.6099976771653544
0
LINE
8
BLACK
6
CONTINUOUS
10
0.7273373622047244
20
0.6099976771653544
11
0.7284224015748031
21
0.6140470866141732
0
LINE
8
BLACK
6
CONTINUOUS
10
0.7284224015748031
20
0.6140470866141732
11
0.7285945275590551
21
0.6144162598425197
0
LINE
8
BLACK
6
CONTINUOUS
10
0.7285945275590551
20
0.6144162598425197
11
0.7287493307086614
21
0.6149602362204725
0
LINE
8
BLACK
6
CONTINUOUS
10
0.7287493307086614
20
0.6149602362204725
11
0.730305905511811
21
0.6180862992125984
0
LINE
8
BLACK
6
CONTINUOUS
10
0.730305905511811
20
0.6180862992125984
11
0.7319016141732283
21
0.6215082677165354
0
LINE
8
BLACK
6
CONTINUOUS
10
0.7319016141732283
20
0.6215082677165354
11
0.7322762992125984
21
0.6220433858267717
0
LINE
8
BLACK
6
CONTINUOUS
10
0.7322762992125984
20
0.6220433858267717
11
0.7326353937007873
21
0.6227645275590551
0
LINE
8
BLACK
6
CONTINUOUS
10
0.7326353937007873
20
0.6227645275590551
11
0.7346394881889764
21
0.6254183464566929
0
LINE
8
BLACK
6
CONTINUOUS
10
0.7346394881889764
20
0.6254183464566929
11
0.7366235039370078
21
0.6282518503937008
0
LINE
8
BLACK
6
CONTINUOUS
10
0.7366235039370078
20
0.6282518503937008
11
0.7372595669291339
21
0.6288879133858267
0
LINE
8
BLACK
6
CONTINUOUS
10
0.7372595669291339
20
0.6288879133858267
11
0.7378893307086614
21
0.6297218503937008
0
LINE
8
BLACK
6
CONTINUOUS
10
0.7378893307086614
20
0.6297218503937008
11
0.740199527559055
21
0.631827874015748
0
LINE
8
BLACK
6
CONTINUOUS
10
0.740199527559055
20
0.631827874015748
11
0.7424449606299213
21
0.6340733070866141
0
LINE
8
BLACK
6
CONTINUOUS
10
0.7424449606299213
20
0.6340733070866141
11
0.7433835826771653
21
0.6347305118110236
0
LINE
8
BLACK
6
CONTINUOUS
10
0.7433835826771653
20
0.6347305118110236
11
0.7443322047244094
21
0.6355953149606299
0
LINE
8
BLACK
6
CONTINUOUS
10
0.7443322047244094
20
0.6355953149606299
11
0.7468070866141732
21
0.6371276771653543
0
LINE
8
BLACK
6
CONTINUOUS
10
0.7468070866141732
20
0.6371276771653543
11
0.7491885433070866
21
0.6387951968503937
0
LINE
8
BLACK
6
CONTINUOUS
10
0.7491885433070866
20
0.6387951968503937
11
0.7504509448818898
21
0.6393838582677165
0
LINE
8
BLACK
6
CONTINUOUS
10
0.7504509448818898
20
0.6393838582677165
11
0.7517446456692913
21
0.6401848818897637
0
LINE
8
BLACK
6
CONTINUOUS
10
0.7517446456692913
20
0.6401848818897637
11
0.7542508267716536
21
0.6411557874015748
0
LINE
8
BLACK
6
CONTINUOUS
10
0.7542508267716536
20
0.6411557874015748
11
0.7566497244094488
21
0.6422744094488189
0
LINE
8
BLACK
6
CONTINUOUS
10
0.7566497244094488
20
0.6422744094488189
11
0.7582342519685039
21
0.6426989763779527
0
LINE
8
BLACK
6
CONTINUOUS
10
0.7582342519685039
20
0.6426989763779527
11
0.7598741732283465
21
0.6433342913385827
0
LINE
8
BLACK
6
CONTINUOUS
10
0.7598741732283465
20
0.6433342913385827
11
0.7622921653543306
21
0.6437862598425197
0
LINE
8
BLACK
6
CONTINUOUS
10
0.7622921653543306
20
0.6437862598425197
11
0.7646021259842519
21
0.6444052362204724
0
LINE
8
BLACK
6
CONTINUOUS
10
0.7646021259842519
20
0.6444052362204724
11
0.766484094488189
21
0.6445698818897637
0
LINE
8
BLACK
6
CONTINUOUS
10
0.766484094488189
20
0.6445698818897637
11
0.7684440157480315
21
0.6449362598425197
0
LINE
8
BLACK
6
CONTINUOUS
10
0.7684440157480315
20
0.6449362598425197
11
0.7706715748031496
21
0.6449362598425197
0
LINE
8
BLACK
6
CONTINUOUS
10
0.7706715748031496
20
0.6449362598425197
11
0.7728031496062991
21
0.6451227559055118
0
LINE
8
BLACK
6
CONTINUOUS
10
0.7728031496062991
20
0.6451227559055118
11
0.7749347244094488
21
0.6449362598425197
0
LINE
8
BLACK
6
CONTINUOUS
10
1.3749347244094487
20
0.6449362598425197
11
1.3771622834645669
21
0.6449362598425197
0
LINE
8
BLACK
6
CONTINUOUS
10
1.3771622834645669
20
0.6449362598425197
11
1.3791222047244094
21
0.6445698818897637
0
LINE
8
BLACK
6
CONTINUOUS
10
1.3791222047244094
20
0.6445698818897637
11
1.3810041338582677
21
0.6444052362204724
0
LINE
8
BLACK
6
CONTINUOUS
10
1.3810041338582677
20
0.6444052362204724
11
1.3833139763779527
21
0.6437862992125984
0
LINE
8
BLACK
6
CONTINUOUS
10
1.3833139763779527
20
0.6437862992125984
11
1.3857321259842519
21
0.6433342913385827
0
LINE
8
BLACK
6
CONTINUOUS
10
1.3857321259842519
20
0.6433342913385827
11
1.387372125984252
21
0.6426989370078739
0
LINE
8
BLACK
6
CONTINUOUS
10
1.387372125984252
20
0.6426989370078739
11
1.3889565354330708
21
0.6422744094488189
0
LINE
8
BLACK
6
CONTINUOUS
10
1.3889565354330708
20
0.6422744094488189
11
1.3913552755905512
21
0.6411558267716535
0
LINE
8
BLACK
6
CONTINUOUS
10
1.3913552755905512
20
0.6411558267716535
11
1.393861653543307
21
0.6401848818897637
0
LINE
8
BLACK
6
CONTINUOUS
10
1.393861653543307
20
0.6401848818897637
11
1.3951553149606299
21
0.6393838582677165
0
LINE
8
BLACK
6
CONTINUOUS
10
1.3951553149606299
20
0.6393838582677165
11
1.3964177559055118
21
0.6387951968503937
0
LINE
8
BLACK
6
CONTINUOUS
10
1.3964177559055118
20
0.6387951968503937
11
1.3987990551181102
21
0.6371277559055119
0
LINE
8
BLACK
6
CONTINUOUS
10
1.3987990551181102
20
0.6371277559055119
11
1.401274094488189
21
0.6355953149606299
0
LINE
8
BLACK
6
CONTINUOUS
10
1.401274094488189
20
0.6355953149606299
11
1.4022227952755906
21
0.6347304330708661
0
LINE
8
BLACK
6
CONTINUOUS
10
1.4022227952755906
20
0.6347304330708661
11
1.4031612992125984
21
0.6340733070866141
0
LINE
8
BLACK
6
CONTINUOUS
10
1.4031612992125984
20
0.6340733070866141
11
1.4054062992125984
21
0.6318282677165354
0
LINE
8
BLACK
6
CONTINUOUS
10
1.4054062992125984
20
0.6318282677165354
11
1.407716968503937
21
0.6297218503937008
0
LINE
8
BLACK
6
CONTINUOUS
10
1.407716968503937
20
0.6297218503937008
11
1.4083468110236219
21
0.6288877559055118
0
LINE
8
BLACK
6
CONTINUOUS
10
1.4083468110236219
20
0.6288877559055118
11
1.4089827559055117
21
0.6282518503937008
0
LINE
8
BLACK
6
CONTINUOUS
10
1.4089827559055117
20
0.6282518503937008
11
1.4109662598425197
21
0.625419094488189
0
LINE
8
BLACK
6
CONTINUOUS
10
1.4109662598425197
20
0.625419094488189
11
1.4129709055118109
21
0.6227645275590551
0
LINE
8
BLACK
6
CONTINUOUS
10
1.4129709055118109
20
0.6227645275590551
11
1.4133300787401575
21
0.6220431889763779
0
LINE
8
BLACK
6
CONTINUOUS
10
1.4133300787401575
20
0.6220431889763779
11
1.4137046456692912
21
0.6215082677165354
0
LINE
8
BLACK
6
CONTINUOUS
10
1.4137046456692912
20
0.6215082677165354
11
1.4152997244094487
21
0.6180875590551181
0
LINE
8
BLACK
6
CONTINUOUS
10
1.4152997244094487
20
0.6180875590551181
11
1.4168569685039369
21
0.6149602362204725
0
LINE
8
BLACK
6
CONTINUOUS
10
1.4168569685039369
20
0.6149602362204725
11
1.4170117716535433
21
0.6144160629921259
0
LINE
8
BLACK
6
CONTINUOUS
10
1.4170117716535433
20
0.6144160629921259
11
1.4171838582677165
21
0.6140470866141732
0
LINE
8
BLACK
6
CONTINUOUS
10
1.4171838582677165
20
0.6140470866141732
11
1.4182681102362205
21
0.6100004724409449
0
LINE
8
BLACK
6
CONTINUOUS
10
1.4182681102362205
20
0.6100004724409449
11
1.4192428346456694
21
0.6065747637795276
0
LINE
8
BLACK
6
CONTINUOUS
10
1.4192428346456694
20
0.6065747637795276
11
1.4192728346456693
21
0.6062507874015748
0
LINE
8
BLACK
6
CONTINUOUS
10
1.4192728346456693
20
0.6062507874015748
11
1.4193146850393701
21
0.60609468503937
0
LINE
8
BLACK
6
CONTINUOUS
10
1.4193146850393701
20
0.60609468503937
11
1.4197777165354331
21
0.6008022834645669
0
LINE
8
BLACK
6
CONTINUOUS
10
1.4197777165354331
20
0.6008022834645669
11
1.4200472440944882
21
0.5978937007874016
0
LINE
8
BLACK
6
CONTINUOUS
10
1.4200472440944882
20
0.5978937007874016
11
1.4197777165354331
21
0.5949853149606299
0
LINE
8
BLACK
6
CONTINUOUS
10
1.4197777165354331
20
0.5949853149606299
11
1.4193146850393701
21
0.5896926771653543
0
LINE
8
BLACK
6
CONTINUOUS
10
1.4193146850393701
20
0.5896926771653543
11
1.4192728346456693
21
0.5895365354330708
0
LINE
8
BLACK
6
CONTINUOUS
10
1.4192728346456693
20
0.5895365354330708
11
1.4192428346456694
21
0.5892126377952756
0
LINE
8
BLACK
6
CONTINUOUS
10
1.4192428346456694
20
0.5892126377952756
11
1.4182683070866142
21
0.5857875196850394
0
LINE
8
BLACK
6
CONTINUOUS
10
1.4182683070866142
20
0.5857875196850394
11
1.4171838582677165
21
0.5817402755905512
0
LINE
8
BLACK
6
CONTINUOUS
10
1.4171838582677165
20
0.5817402755905512
11
1.4170117322834646
21
0.5813711811023622
0
LINE
8
BLACK
6
CONTINUOUS
10
1.4170117322834646
20
0.5813711811023622
11
1.4168569685039369
21
0.5808271653543307
0
LINE
8
BLACK
6
CONTINUOUS
10
1.4168569685039369
20
0.5808271653543307
11
1.415300157480315
21
0.5777007086614173
0
LINE
8
BLACK
6
CONTINUOUS
10
1.415300157480315
20
0.5777007086614173
11
1.4137046456692912
21
0.5742790551181102
0
LINE
8
BLACK
6
CONTINUOUS
10
1.4137046456692912
20
0.5742790551181102
11
1.4133299212598425
21
0.5737438976377952
0
LINE
8
BLACK
6
CONTINUOUS
10
1.4133299212598425
20
0.5737438976377952
11
1.4129709055118109
21
0.573022874015748
0
LINE
8
BLACK
6
CONTINUOUS
10
1.4129709055118109
20
0.573022874015748
11
1.4109667716535432
21
0.5703690157480314
0
LINE
8
BLACK
6
CONTINUOUS
10
1.4109667716535432
20
0.5703690157480314
11
1.4089827559055117
21
0.5675355118110236
0
LINE
8
BLACK
6
CONTINUOUS
10
1.4089827559055117
20
0.5675355118110236
11
1.4083466929133859
21
0.5668994488188976
0
LINE
8
BLACK
6
CONTINUOUS
10
1.4083466929133859
20
0.5668994488188976
11
1.407716968503937
21
0.5660655511811024
0
LINE
8
BLACK
6
CONTINUOUS
10
1.407716968503937
20
0.5660655511811024
11
1.4054067322834645
21
0.5639594881889763
0
LINE
8
BLACK
6
CONTINUOUS
10
1.4054067322834645
20
0.5639594881889763
11
1.4031612992125984
21
0.5617140551181102
0
LINE
8
BLACK
6
CONTINUOUS
10
1.4031612992125984
20
0.5617140551181102
11
1.4022225984251968
21
0.5610567716535433
0
LINE
8
BLACK
6
CONTINUOUS
10
1.4022225984251968
20
0.5610567716535433
11
1.401274094488189
21
0.5601920866141732
0
LINE
8
BLACK
6
CONTINUOUS
10
1.401274094488189
20
0.5601920866141732
11
1.3987995669291338
21
0.5586599212598425
0
LINE
8
BLACK
6
CONTINUOUS
10
1.3987995669291338
20
0.5586599212598425
11
1.3964177559055118
21
0.5569921653543307
0
LINE
8
BLACK
6
CONTINUOUS
10
1.3964177559055118
20
0.5569921653543307
11
1.3951550787401574
21
0.5564033464566929
0
LINE
8
BLACK
6
CONTINUOUS
10
1.3951550787401574
20
0.5564033464566929
11
1.393861653543307
21
0.5556025196850394
0
LINE
8
BLACK
6
CONTINUOUS
10
1.393861653543307
20
0.5556025196850394
11
1.391355748031496
21
0.5546317322834645
0
LINE
8
BLACK
6
CONTINUOUS
10
1.391355748031496
20
0.5546317322834645
11
1.3889565354330708
21
0.5535129527559055
0
LINE
8
BLACK
6
CONTINUOUS
10
1.3889565354330708
20
0.5535129527559055
11
1.3873717716535432
21
0.5530883070866142
0
LINE
8
BLACK
6
CONTINUOUS
10
1.3873717716535432
20
0.5530883070866142
11
1.3857321259842519
21
0.5524531102362205
0
LINE
8
BLACK
6
CONTINUOUS
10
1.3857321259842519
20
0.5524531102362205
11
1.3833144488188975
21
0.5520011417322834
0
LINE
8
BLACK
6
CONTINUOUS
10
1.3833144488188975
20
0.5520011417322834
11
1.3810041338582677
21
0.551382125984252
0
LINE
8
BLACK
6
CONTINUOUS
10
1.3810041338582677
20
0.551382125984252
11
1.3791217716535433
21
0.5512174015748031
0
LINE
8
BLACK
6
CONTINUOUS
10
1.3791217716535433
20
0.5512174015748031
11
1.3771622834645669
21
0.5508511417322834
0
LINE
8
BLACK
6
CONTINUOUS
10
1.3771622834645669
20
0.5508511417322834
11
1.3749351968503936
21
0.5508511417322834
0
LINE
8
BLACK
6
CONTINUOUS
10
1.3749351968503936
20
0.5508511417322834
11
1.3728031496062991
21
0.5506646062992125
0
LINE
8
BLACK
6
CONTINUOUS
10
1.3728031496062991
20
0.5506646062992125
11
1.3706711023622047
21
0.5508511417322834
0
LINE
8
BLACK
6
CONTINUOUS
10
1.3706711023622047
20
0.5508511417322834
11
1.3684440157480315
21
0.5508511417322834
0
LINE
8
BLACK
6
CONTINUOUS
10
1.3684440157480315
20
0.5508511417322834
11
1.3664844881889764
21
0.5512174015748031
0
LINE
8
BLACK
6
CONTINUOUS
10
1.3664844881889764
20
0.5512174015748031
11
1.364602125984252
21
0.551382125984252
0
LINE
8
BLACK
6
CONTINUOUS
10
1.364602125984252
20
0.551382125984252
11
1.3622916535433069
21
0.5520011811023622
0
LINE
8
BLACK
6
CONTINUOUS
10
1.3622916535433069
20
0.5520011811023622
11
1.3598741732283464
21
0.5524531102362205
0
LINE
8
BLACK
6
CONTINUOUS
10
1.3598741732283464
20
0.5524531102362205
11
1.3582345669291338
21
0.5530882677165354
0
LINE
8
BLACK
6
CONTINUOUS
10
1.3582345669291338
20
0.5530882677165354
11
1.3566497244094489
21
0.5535129527559055
0
LINE
8
BLACK
6
CONTINUOUS
10
1.3566497244094489
20
0.5535129527559055
11
1.3542502755905512
21
0.554631811023622
0
LINE
8
BLACK
6
CONTINUOUS
10
1.3542502755905512
20
0.554631811023622
11
1.3517446456692912
21
0.5556025196850394
0
LINE
8
BLACK
6
CONTINUOUS
10
1.3517446456692912
20
0.5556025196850394
11
1.3504512992125983
21
0.5564032677165354
0
LINE
8
BLACK
6
CONTINUOUS
10
1.3504512992125983
20
0.5564032677165354
11
1.3491885039370077
21
0.5569921653543307
0
LINE
8
BLACK
6
CONTINUOUS
10
1.3491885039370077
20
0.5569921653543307
11
1.3468063779527559
21
0.5586601181102362
0
LINE
8
BLACK
6
CONTINUOUS
10
1.3468063779527559
20
0.5586601181102362
11
1.3443322047244095
21
0.5601920866141732
0
LINE
8
BLACK
6
CONTINUOUS
10
1.3443322047244095
20
0.5601920866141732
11
1.3433837795275589
21
0.561056653543307
0
LINE
8
BLACK
6
CONTINUOUS
10
1.3433837795275589
20
0.561056653543307
11
1.3424449606299211
21
0.5617140551181102
0
LINE
8
BLACK
6
CONTINUOUS
10
1.3424449606299211
20
0.5617140551181102
11
1.340199094488189
21
0.5639598818897638
0
LINE
8
BLACK
6
CONTINUOUS
10
1.340199094488189
20
0.5639598818897638
11
1.3378893307086615
21
0.5660655511811024
0
LINE
8
BLACK
6
CONTINUOUS
10
1.3378893307086615
20
0.5660655511811024
11
1.3372596850393701
21
0.5668992913385826
0
LINE
8
BLACK
6
CONTINUOUS
10
1.3372596850393701
20
0.5668992913385826
11
1.3366235039370078
21
0.5675355118110236
0
LINE
8
BLACK
6
CONTINUOUS
10
1.3366235039370078
20
0.5675355118110236
11
1.3346389370078739
21
0.5703697244094488
0
LINE
8
BLACK
6
CONTINUOUS
10
1.3346389370078739
20
0.5703697244094488
11
1.3326353937007873
21
0.573022874015748
0
LINE
8
BLACK
6
CONTINUOUS
10
1.3326353937007873
20
0.573022874015748
11
1.3322764173228345
21
0.5737437401574803
0
LINE
8
BLACK
6
CONTINUOUS
10
1.3322764173228345
20
0.5737437401574803
11
1.3319016141732283
21
0.5742790551181102
0
LINE
8
BLACK
6
CONTINUOUS
10
1.3319016141732283
20
0.5742790551181102
11
1.3303054724409449
21
0.577701968503937
0
LINE
8
BLACK
6
CONTINUOUS
10
1.3303054724409449
20
0.577701968503937
11
1.3287493307086613
21
0.5808271653543307
0
LINE
8
BLACK
6
CONTINUOUS
10
1.3287493307086613
20
0.5808271653543307
11
1.3285945669291339
21
0.5813709842519685
0
LINE
8
BLACK
6
CONTINUOUS
10
1.3285945669291339
20
0.5813709842519685
11
1.3284224015748032
21
0.5817402755905512
0
LINE
8
BLACK
6
CONTINUOUS
10
1.3284224015748032
20
0.5817402755905512
11
1.3273371653543307
21
0.5857903149606299
0
LINE
8
BLACK
6
CONTINUOUS
10
1.3273371653543307
20
0.5857903149606299
11
1.3263634645669291
21
0.5892126377952756
0
LINE
8
BLACK
6
CONTINUOUS
10
1.3263634645669291
20
0.5892126377952756
11
1.3263334645669291
21
0.5895362204724409
0
LINE
8
BLACK
6
CONTINUOUS
10
1.3263334645669291
20
0.5895362204724409
11
1.3258240944881889
21
0.5914372834645669
0
LINE
8
BLACK
6
CONTINUOUS
10
1.3258240944881889
20
0.5914372834645669
11
1.3197822047244094
21
0.5914372834645669
0
LINE
8
BLACK
6
CONTINUOUS
10
1.3197822047244094
20
0.5914372834645669
11
1.3192727952755905
21
0.5895362598425197
0
LINE
8
BLACK
6
CONTINUOUS
10
1.3192727952755905
20
0.5895362598425197
11
1.3192428346456693
21
0.5892126377952756
0
LINE
8
BLACK
6
CONTINUOUS
10
1.3192428346456693
20
0.5892126377952756
11
1.3182687007874014
21
0.585788937007874
0
LINE
8
BLACK
6
CONTINUOUS
10
1.3182687007874014
20
0.585788937007874
11
1.3171838582677164
21
0.5817402755905512
0
LINE
8
BLACK
6
CONTINUOUS
10
1.3171838582677164
20
0.5817402755905512
11
1.3170117322834645
21
0.5813711811023622
0
LINE
8
BLACK
6
CONTINUOUS
10
1.3170117322834645
20
0.5813711811023622
11
1.3168569685039371
21
0.5808271653543307
0
LINE
8
BLACK
6
CONTINUOUS
10
1.3168569685039371
20
0.5808271653543307
11
1.3153001574803149
21
0.5777007086614173
0
LINE
8
BLACK
6
CONTINUOUS
10
1.3153001574803149
20
0.5777007086614173
11
1.3137046456692913
21
0.5742790551181102
0
LINE
8
BLACK
6
CONTINUOUS
10
1.3137046456692913
20
0.5742790551181102
11
1.3133299212598424
21
0.5737438976377952
0
LINE
8
BLACK
6
CONTINUOUS
10
1.3133299212598424
20
0.5737438976377952
11
1.3129709055118111
21
0.573022874015748
0
LINE
8
BLACK
6
CONTINUOUS
10
1.3129709055118111
20
0.573022874015748
11
1.3109667716535434
21
0.5703690157480314
0
LINE
8
BLACK
6
CONTINUOUS
10
1.3109667716535434
20
0.5703690157480314
11
1.3089827559055118
21
0.5675355118110236
0
LINE
8
BLACK
6
CONTINUOUS
10
1.3089827559055118
20
0.5675355118110236
11
1.3083466929133858
21
0.5668994488188976
0
LINE
8
BLACK
6
CONTINUOUS
10
1.3083466929133858
20
0.5668994488188976
11
1.3077169685039369
21
0.5660655511811024
0
LINE
8
BLACK
6
CONTINUOUS
10
1.3077169685039369
20
0.5660655511811024
11
1.3054067322834646
21
0.5639594881889763
0
LINE
8
BLACK
6
CONTINUOUS
10
1.3054067322834646
20
0.5639594881889763
11
1.3031612992125985
21
0.5617140551181102
0
LINE
8
BLACK
6
CONTINUOUS
10
1.3031612992125985
20
0.5617140551181102
11
1.3022225984251967
21
0.5610567716535433
0
LINE
8
BLACK
6
CONTINUOUS
10
1.3022225984251967
20
0.5610567716535433
11
1.3012740944881889
21
0.5601920866141732
0
LINE
8
BLACK
6
CONTINUOUS
10
1.3012740944881889
20
0.5601920866141732
11
1.2987995669291339
21
0.5586599212598425
0
LINE
8
BLACK
6
CONTINUOUS
10
1.2987995669291339
20
0.5586599212598425
11
1.2964177559055117
21
0.5569921653543307
0
LINE
8
BLACK
6
CONTINUOUS
10
1.2964177559055117
20
0.5569921653543307
11
1.2951550787401576
21
0.5564033464566929
0
LINE
8
BLACK
6
CONTINUOUS
10
1.2951550787401576
20
0.5564033464566929
11
1.293861653543307
21
0.5556025196850394
0
LINE
8
BLACK
6
CONTINUOUS
10
1.293861653543307
20
0.5556025196850394
11
1.2913557480314961
21
0.5546317322834645
0
LINE
8
BLACK
6
CONTINUOUS
10
1.2913557480314961
20
0.5546317322834645
11
1.2889565354330708
21
0.5535129527559055
0
LINE
8
BLACK
6
CONTINUOUS
10
1.2889565354330708
20
0.5535129527559055
11
1.2873717716535433
21
0.5530883070866142
0
LINE
8
BLACK
6
CONTINUOUS
10
1.2873717716535433
20
0.5530883070866142
11
1.285732125984252
21
0.5524531102362205
0
LINE
8
BLACK
6
CONTINUOUS
10
1.285732125984252
20
0.5524531102362205
11
1.2833144488188977
21
0.5520011417322834
0
LINE
8
BLACK
6
CONTINUOUS
10
1.2833144488188977
20
0.5520011417322834
11
1.2810041338582676
21
0.551382125984252
0
LINE
8
BLACK
6
CONTINUOUS
10
1.2810041338582676
20
0.551382125984252
11
1.2791217716535432
21
0.5512174015748031
0
LINE
8
BLACK
6
CONTINUOUS
10
1.2791217716535432
20
0.5512174015748031
11
1.2771622834645668
21
0.5508511417322834
0
LINE
8
BLACK
6
CONTINUOUS
10
1.2771622834645668
20
0.5508511417322834
11
1.2749351968503937
21
0.5508511417322834
0
LINE
8
BLACK
6
CONTINUOUS
10
1.2749351968503937
20
0.5508511417322834
11
1.2728031496062993
21
0.5506646062992125
0
LINE
8
BLACK
6
CONTINUOUS
10
1.2728031496062993
20
0.5506646062992125
11
1.2706711023622046
21
0.5508511417322834
0
LINE
8
BLACK
6
CONTINUOUS
10
1.2706711023622046
20
0.5508511417322834
11
1.2684440157480315
21
0.5508511417322834
0
LINE
8
BLACK
6
CONTINUOUS
10
1.2684440157480315
20
0.5508511417322834
11
1.2664844881889763
21
0.5512174015748031
0
LINE
8
BLACK
6
CONTINUOUS
10
1.2664844881889763
20
0.5512174015748031
11
1.2646021259842519
21
0.551382125984252
0
LINE
8
BLACK
6
CONTINUOUS
10
1.2646021259842519
20
0.551382125984252
11
1.2622916535433071
21
0.5520011811023622
0
LINE
8
BLACK
6
CONTINUOUS
10
1.2622916535433071
20
0.5520011811023622
11
1.2598741732283465
21
0.5524531102362205
0
LINE
8
BLACK
6
CONTINUOUS
10
1.2598741732283465
20
0.5524531102362205
11
1.2582345669291339
21
0.5530882677165354
0
LINE
8
BLACK
6
CONTINUOUS
10
1.2582345669291339
20
0.5530882677165354
11
1.2566497244094488
21
0.5535129527559055
0
LINE
8
BLACK
6
CONTINUOUS
10
1.2566497244094488
20
0.5535129527559055
11
1.2542502755905511
21
0.554631811023622
0
LINE
8
BLACK
6
CONTINUOUS
10
1.2542502755905511
20
0.554631811023622
11
1.2517446456692913
21
0.5556025196850394
0
LINE
8
BLACK
6
CONTINUOUS
10
1.2517446456692913
20
0.5556025196850394
11
1.2504512992125985
21
0.5564032677165354
0
LINE
8
BLACK
6
CONTINUOUS
10
1.2504512992125985
20
0.5564032677165354
11
1.2491885039370079
21
0.5569921653543307
0
LINE
8
BLACK
6
CONTINUOUS
10
1.2491885039370079
20
0.5569921653543307
11
1.2468063779527558
21
0.5586601181102362
0
LINE
8
BLACK
6
CONTINUOUS
10
1.2468063779527558
20
0.5586601181102362
11
1.2443322047244094
21
0.5601920866141732
0
LINE
8
BLACK
6
CONTINUOUS
10
1.2443322047244094
20
0.5601920866141732
11
1.2433837795275591
21
0.561056653543307
0
LINE
8
BLACK
6
CONTINUOUS
10
1.2433837795275591
20
0.561056653543307
11
1.2424449606299213
21
0.5617140551181102
0
LINE
8
BLACK
6
CONTINUOUS
10
1.2424449606299213
20
0.5617140551181102
11
1.2401990944881889
21
0.5639598818897638
0
LINE
8
BLACK
6
CONTINUOUS
10
1.2401990944881889
20
0.5639598818897638
11
1.2378893307086614
21
0.5660655511811024
0
LINE
8
BLACK
6
CONTINUOUS
10
1.2378893307086614
20
0.5660655511811024
11
1.23725968503937
21
0.5668992913385826
0
LINE
8
BLACK
6
CONTINUOUS
10
1.23725968503937
20
0.5668992913385826
11
1.2366235039370079
21
0.5675355118110236
0
LINE
8
BLACK
6
CONTINUOUS
10
1.2366235039370079
20
0.5675355118110236
11
1.2346389370078741
21
0.5703697244094488
0
LINE
8
BLACK
6
CONTINUOUS
10
1.2346389370078741
20
0.5703697244094488
11
1.2326353937007875
21
0.573022874015748
0
LINE
8
BLACK
6
CONTINUOUS
10
1.2326353937007875
20
0.573022874015748
11
1.2322764173228347
21
0.5737437401574803
0
LINE
8
BLACK
6
CONTINUOUS
10
1.2322764173228347
20
0.5737437401574803
11
1.2319016141732284
21
0.5742790551181102
0
LINE
8
BLACK
6
CONTINUOUS
10
1.2319016141732284
20
0.5742790551181102
11
1.2303054724409448
21
0.577701968503937
0
LINE
8
BLACK
6
CONTINUOUS
10
1.2303054724409448
20
0.577701968503937
11
1.2287493307086614
21
0.5808271653543307
0
LINE
8
BLACK
6
CONTINUOUS
10
1.2287493307086614
20
0.5808271653543307
11
1.2285945669291338
21
0.5813709842519685
0
LINE
8
BLACK
6
CONTINUOUS
10
1.2285945669291338
20
0.5813709842519685
11
1.2284224015748031
21
0.5817402755905512
0
LINE
8
BLACK
6
CONTINUOUS
10
1.2284224015748031
20
0.5817402755905512
11
1.2273371653543306
21
0.5857903149606299
0
LINE
8
BLACK
6
CONTINUOUS
10
1.2273371653543306
20
0.5857903149606299
11
1.226363464566929
21
0.5892126377952756
0
LINE
8
BLACK
6
CONTINUOUS
10
1.226363464566929
20
0.5892126377952756
11
1.226333464566929
21
0.5895362204724409
0
LINE
8
BLACK
6
CONTINUOUS
10
1.226333464566929
20
0.5895362204724409
11
1.2258240944881889
21
0.5914372834645669
0
LINE
8
BLACK
6
CONTINUOUS
10
1.2258240944881889
20
0.5914372834645669
11
1.2197822047244093
21
0.5914372834645669
0
LINE
8
BLACK
6
CONTINUOUS
10
1.2197822047244093
20
0.5914372834645669
11
1.2192727952755906
21
0.5895362598425197
0
LINE
8
BLACK
6
CONTINUOUS
10
1.2192727952755906
20
0.5895362598425197
11
1.2192428346456692
21
0.5892126377952756
0
LINE
8
BLACK
6
CONTINUOUS
10
1.2192428346456692
20
0.5892126377952756
11
1.2182687007874016
21
0.585788937007874
0
LINE
8
BLACK
6
CONTINUOUS
10
1.2182687007874016
20
0.585788937007874
11
1.2171838582677166
21
0.5817402755905512
0
LINE
8
BLACK
6
CONTINUOUS
10
1.2171838582677166
20
0.5817402755905512
11
1.2170117322834646
21
0.5813711811023622
0
LINE
8
BLACK
6
CONTINUOUS
10
1.2170117322834646
20
0.5813711811023622
11
1.216856968503937
21
0.5808271653543307
0
LINE
8
BLACK
6
CONTINUOUS
10
1.216856968503937
20
0.5808271653543307
11
1.2153001574803148
21
0.5777007086614173
0
LINE
8
BLACK
6
CONTINUOUS
10
1.2153001574803148
20
0.5777007086614173
11
1.2137046456692913
21
0.5742790551181102
0
LINE
8
BLACK
6
CONTINUOUS
10
1.2137046456692913
20
0.5742790551181102
11
1.2133299212598425
21
0.5737438976377952
0
LINE
8
BLACK
6
CONTINUOUS
10
1.2133299212598425
20
0.5737438976377952
11
1.212970905511811
21
0.573022874015748
0
LINE
8
BLACK
6
CONTINUOUS
10
1.212970905511811
20
0.573022874015748
11
1.2109667716535433
21
0.5703690157480314
0
LINE
8
BLACK
6
CONTINUOUS
10
1.2109667716535433
20
0.5703690157480314
11
1.2089827559055117
21
0.5675355118110236
0
LINE
8
BLACK
6
CONTINUOUS
10
1.2089827559055117
20
0.5675355118110236
11
1.2083466929133857
21
0.5668994488188976
0
LINE
8
BLACK
6
CONTINUOUS
10
1.2083466929133857
20
0.5668994488188976
11
1.2077169685039371
21
0.5660655511811024
0
LINE
8
BLACK
6
CONTINUOUS
10
1.2077169685039371
20
0.5660655511811024
11
1.2054067322834645
21
0.5639594881889763
0
LINE
8
BLACK
6
CONTINUOUS
10
1.2054067322834645
20
0.5639594881889763
11
1.2031612992125984
21
0.5617140551181102
0
LINE
8
BLACK
6
CONTINUOUS
10
1.2031612992125984
20
0.5617140551181102
11
1.2022225984251969
21
0.5610567716535433
0
LINE
8
BLACK
6
CONTINUOUS
10
1.2022225984251969
20
0.5610567716535433
11
1.201274094488189
21
0.5601920866141732
0
LINE
8
BLACK
6
CONTINUOUS
10
1.201274094488189
20
0.5601920866141732
11
1.1987995669291338
21
0.5586599212598425
0
LINE
8
BLACK
6
CONTINUOUS
10
1.1987995669291338
20
0.5586599212598425
11
1.1964177559055118
21
0.5569921653543307
0
LINE
8
BLACK
6
CONTINUOUS
10
1.1964177559055118
20
0.5569921653543307
11
1.1951550787401575
21
0.5564033464566929
0
LINE
8
BLACK
6
CONTINUOUS
10
1.1951550787401575
20
0.5564033464566929
11
1.1938616535433071
21
0.5556025196850394
0
LINE
8
BLACK
6
CONTINUOUS
10
1.1938616535433071
20
0.5556025196850394
11
1.191355748031496
21
0.5546317322834645
0
LINE
8
BLACK
6
CONTINUOUS
10
1.191355748031496
20
0.5546317322834645
11
1.1889565354330709
21
0.5535129527559055
0
LINE
8
BLACK
6
CONTINUOUS
10
1.1889565354330709
20
0.5535129527559055
11
1.1873717716535432
21
0.5530883070866142
0
LINE
8
BLACK
6
CONTINUOUS
10
1.1873717716535432
20
0.5530883070866142
11
1.1857321259842519
21
0.5524531102362205
0
LINE
8
BLACK
6
CONTINUOUS
10
1.1857321259842519
20
0.5524531102362205
11
1.1833144488188976
21
0.5520011417322834
0
LINE
8
BLACK
6
CONTINUOUS
10
1.1833144488188976
20
0.5520011417322834
11
1.1810041338582677
21
0.551382125984252
0
LINE
8
BLACK
6
CONTINUOUS
10
1.1810041338582677
20
0.551382125984252
11
1.1791217716535434
21
0.5512174015748031
0
LINE
8
BLACK
6
CONTINUOUS
10
1.1791217716535434
20
0.5512174015748031
11
1.177162283464567
21
0.5508511417322834
0
LINE
8
BLACK
6
CONTINUOUS
10
1.177162283464567
20
0.5508511417322834
11
1.1749351968503936
21
0.5508511417322834
0
LINE
8
BLACK
6
CONTINUOUS
10
1.1749351968503936
20
0.5508511417322834
11
1.1728031496062992
21
0.5506646062992125
0
LINE
8
BLACK
6
CONTINUOUS
10
1.1728031496062992
20
0.5506646062992125
11
1.1706711023622047
21
0.5508511417322834
0
LINE
8
BLACK
6
CONTINUOUS
10
1.1706711023622047
20
0.5508511417322834
11
1.1684440157480314
21
0.5508511417322834
0
LINE
8
BLACK
6
CONTINUOUS
10
1.1684440157480314
20
0.5508511417322834
11
1.1664844881889764
21
0.5512174015748031
0
LINE
8
BLACK
6
CONTINUOUS
10
1.1664844881889764
20
0.5512174015748031
11
1.1646021259842518
21
0.551382125984252
0
LINE
8
BLACK
6
CONTINUOUS
10
1.1646021259842518
20
0.551382125984252
11
1.162291653543307
21
0.5520011811023622
0
LINE
8
BLACK
6
CONTINUOUS
10
1.162291653543307
20
0.5520011811023622
11
1.1598741732283464
21
0.5524531102362205
0
LINE
8
BLACK
6
CONTINUOUS
10
1.1598741732283464
20
0.5524531102362205
11
1.1582345669291338
21
0.5530882677165354
0
LINE
8
BLACK
6
CONTINUOUS
10
1.1582345669291338
20
0.5530882677165354
11
1.1566497244094487
21
0.5535129527559055
0
LINE
8
BLACK
6
CONTINUOUS
10
1.1566497244094487
20
0.5535129527559055
11
1.154250275590551
21
0.554631811023622
0
LINE
8
BLACK
6
CONTINUOUS
10
1.154250275590551
20
0.554631811023622
11
1.1517446456692912
21
0.5556025196850394
0
LINE
8
BLACK
6
CONTINUOUS
10
1.1517446456692912
20
0.5556025196850394
11
1.1504512992125984
21
0.5564032677165354
0
LINE
8
BLACK
6
CONTINUOUS
10
1.1504512992125984
20
0.5564032677165354
11
1.1491885039370078
21
0.5569921653543307
0
LINE
8
BLACK
6
CONTINUOUS
10
1.1491885039370078
20
0.5569921653543307
11
1.146806377952756
21
0.5586601181102362
0
LINE
8
BLACK
6
CONTINUOUS
10
1.146806377952756
20
0.5586601181102362
11
1.1443322047244093
21
0.5601920866141732
0
LINE
8
BLACK
6
CONTINUOUS
10
1.1443322047244093
20
0.5601920866141732
11
1.143383779527559
21
0.561056653543307
0
LINE
8
BLACK
6
CONTINUOUS
10
1.143383779527559
20
0.561056653543307
11
1.1424449606299212
21
0.5617140551181102
0
LINE
8
BLACK
6
CONTINUOUS
10
1.1424449606299212
20
0.5617140551181102
11
1.140199094488189
21
0.5639598818897638
0
LINE
8
BLACK
6
CONTINUOUS
10
1.140199094488189
20
0.5639598818897638
11
1.1378893307086615
21
0.5660655511811024
0
LINE
8
BLACK
6
CONTINUOUS
10
1.1378893307086615
20
0.5660655511811024
11
1.1372596850393701
21
0.5668992913385826
0
LINE
8
BLACK
6
CONTINUOUS
10
1.1372596850393701
20
0.5668992913385826
11
1.1366235039370078
21
0.5675355118110236
0
LINE
8
BLACK
6
CONTINUOUS
10
1.1366235039370078
20
0.5675355118110236
11
1.134638937007874
21
0.5703697244094488
0
LINE
8
BLACK
6
CONTINUOUS
10
1.134638937007874
20
0.5703697244094488
11
1.1326353937007874
21
0.573022874015748
0
LINE
8
BLACK
6
CONTINUOUS
10
1.1326353937007874
20
0.573022874015748
11
1.1322764173228346
21
0.5737437401574803
0
LINE
8
BLACK
6
CONTINUOUS
10
1.1322764173228346
20
0.5737437401574803
11
1.1319016141732283
21
0.5742790551181102
0
LINE
8
BLACK
6
CONTINUOUS
10
1.1319016141732283
20
0.5742790551181102
11
1.1303054724409449
21
0.577701968503937
0
LINE
8
BLACK
6
CONTINUOUS
10
1.1303054724409449
20
0.577701968503937
11
1.1287493307086613
21
0.5808271653543307
0
LINE
8
BLACK
6
CONTINUOUS
10
1.1287493307086613
20
0.5808271653543307
11
1.1285945669291337
21
0.5813709842519685
0
LINE
8
BLACK
6
CONTINUOUS
10
1.1285945669291337
20
0.5813709842519685
11
1.1284224015748032
21
0.5817402755905512
0
LINE
8
BLACK
6
CONTINUOUS
10
1.1284224015748032
20
0.5817402755905512
11
1.127337283464567
21
0.5857898818897638
0
LINE
8
BLACK
6
CONTINUOUS
10
1.127337283464567
20
0.5857898818897638
11
1.1263634645669292
21
0.5892126377952756
0
LINE
8
BLACK
6
CONTINUOUS
10
1.1263634645669292
20
0.5892126377952756
11
1.1263334645669292
21
0.5895362992125984
0
LINE
8
BLACK
6
CONTINUOUS
10
1.1263334645669292
20
0.5895362992125984
11
1.1262915748031497
21
0.5896926771653543
0
LINE
8
BLACK
6
CONTINUOUS
10
1.1262915748031497
20
0.5896926771653543
11
1.1258278346456692
21
0.5949929133858267
0
LINE
8
BLACK
6
CONTINUOUS
10
1.1258278346456692
20
0.5949929133858267
11
1.1255590551181103
21
0.5978937007874016
0
LINE
8
BLACK
6
CONTINUOUS
10
1.1255590551181103
20
0.5978937007874016
11
1.1258278346456692
21
0.6007946850393701
0
LINE
8
BLACK
6
CONTINUOUS
10
1.1258278346456692
20
0.6007946850393701
11
1.1262915748031497
21
0.60609468503937
0
LINE
8
BLACK
6
CONTINUOUS
10
1.1262915748031497
20
0.60609468503937
11
1.1263334645669292
21
0.6062510236220472
0
LINE
8
BLACK
6
CONTINUOUS
10
1.1263334645669292
20
0.6062510236220472
11
1.1263634645669292
21
0.6065747637795276
0
LINE
8
BLACK
6
CONTINUOUS
10
1.1263634645669292
20
0.6065747637795276
11
1.1273374803149605
21
0.6099981102362204
0
LINE
8
BLACK
6
CONTINUOUS
10
1.1273374803149605
20
0.6099981102362204
11
1.1284224015748032
21
0.6140470866141732
0
LINE
8
BLACK
6
CONTINUOUS
10
1.1284224015748032
20
0.6140470866141732
11
1.128594527559055
21
0.6144162598425197
0
LINE
8
BLACK
6
CONTINUOUS
10
1.128594527559055
20
0.6144162598425197
11
1.1287493307086613
21
0.6149602362204725
0
LINE
8
BLACK
6
CONTINUOUS
10
1.1287493307086613
20
0.6149602362204725
11
1.130305905511811
21
0.6180862992125984
0
LINE
8
BLACK
6
CONTINUOUS
10
1.130305905511811
20
0.6180862992125984
11
1.1319016141732283
21
0.6215082677165354
0
LINE
8
BLACK
6
CONTINUOUS
10
1.1319016141732283
20
0.6215082677165354
11
1.1322762992125983
21
0.6220433858267717
0
LINE
8
BLACK
6
CONTINUOUS
10
1.1322762992125983
20
0.6220433858267717
11
1.1326353937007874
21
0.6227645275590551
0
LINE
8
BLACK
6
CONTINUOUS
10
1.1326353937007874
20
0.6227645275590551
11
1.1346394881889763
21
0.6254183464566929
0
LINE
8
BLACK
6
CONTINUOUS
10
1.1346394881889763
20
0.6254183464566929
11
1.1366235039370078
21
0.6282518503937008
0
LINE
8
BLACK
6
CONTINUOUS
10
1.1366235039370078
20
0.6282518503937008
11
1.1372595669291339
21
0.6288879133858267
0
LINE
8
BLACK
6
CONTINUOUS
10
1.1372595669291339
20
0.6288879133858267
11
1.1378893307086615
21
0.6297218503937008
0
LINE
8
BLACK
6
CONTINUOUS
10
1.1378893307086615
20
0.6297218503937008
11
1.1401995275590551
21
0.631827874015748
0
LINE
8
BLACK
6
CONTINUOUS
10
1.1401995275590551
20
0.631827874015748
11
1.1424449606299212
21
0.6340733070866141
0
LINE
8
BLACK
6
CONTINUOUS
10
1.1424449606299212
20
0.6340733070866141
11
1.1433835826771652
21
0.6347305118110236
0
LINE
8
BLACK
6
CONTINUOUS
10
1.1433835826771652
20
0.6347305118110236
11
1.1443322047244093
21
0.6355953149606299
0
LINE
8
BLACK
6
CONTINUOUS
10
1.1443322047244093
20
0.6355953149606299
11
1.1468070866141733
21
0.6371276771653543
0
LINE
8
BLACK
6
CONTINUOUS
10
1.1468070866141733
20
0.6371276771653543
11
1.1491885433070865
21
0.6387951968503937
0
LINE
8
BLACK
6
CONTINUOUS
10
1.1491885433070865
20
0.6387951968503937
11
1.1504509448818898
21
0.6393838582677165
0
LINE
8
BLACK
6
CONTINUOUS
10
1.1504509448818898
20
0.6393838582677165
11
1.1517446456692912
21
0.6401848818897637
0
LINE
8
BLACK
6
CONTINUOUS
10
1.1517446456692912
20
0.6401848818897637
11
1.1542508267716536
21
0.6411557874015748
0
LINE
8
BLACK
6
CONTINUOUS
10
1.1542508267716536
20
0.6411557874015748
11
1.1566497244094487
21
0.6422744094488189
0
LINE
8
BLACK
6
CONTINUOUS
10
1.1566497244094487
20
0.6422744094488189
11
1.1582342519685038
21
0.6426989763779527
0
LINE
8
BLACK
6
CONTINUOUS
10
1.1582342519685038
20
0.6426989763779527
11
1.1598741732283464
21
0.6433342913385827
0
LINE
8
BLACK
6
CONTINUOUS
10
1.1598741732283464
20
0.6433342913385827
11
1.1622921653543308
21
0.6437862598425197
0
LINE
8
BLACK
6
CONTINUOUS
10
1.1622921653543308
20
0.6437862598425197
11
1.1646021259842518
21
0.6444052362204724
0
LINE
8
BLACK
6
CONTINUOUS
10
1.1646021259842518
20
0.6444052362204724
11
1.1664840944881889
21
0.6445698818897637
0
LINE
8
BLACK
6
CONTINUOUS
10
1.1664840944881889
20
0.6445698818897637
11
1.1684440157480314
21
0.6449362598425197
0
LINE
8
BLACK
6
CONTINUOUS
10
1.1684440157480314
20
0.6449362598425197
11
1.1706715748031495
21
0.6449362598425197
0
LINE
8
BLACK
6
CONTINUOUS
10
1.1706715748031495
20
0.6449362598425197
11
1.1728031496062992
21
0.6451227559055118
0
LINE
8
BLACK
6
CONTINUOUS
10
1.1728031496062992
20
0.6451227559055118
11
1.1749347244094488
21
0.6449362598425197
0
LINE
8
BLACK
6
CONTINUOUS
10
1.1749347244094488
20
0.6449362598425197
11
1.177162283464567
21
0.6449362598425197
0
LINE
8
BLACK
6
CONTINUOUS
10
1.177162283464567
20
0.6449362598425197
11
1.1791222047244094
21
0.6445698818897637
0
LINE
8
BLACK
6
CONTINUOUS
10
1.1791222047244094
20
0.6445698818897637
11
1.1810041338582677
21
0.6444052362204724
0
LINE
8
BLACK
6
CONTINUOUS
10
1.1810041338582677
20
0.6444052362204724
11
1.1833139763779528
21
0.6437862992125984
0
LINE
8
BLACK
6
CONTINUOUS
10
1.1833139763779528
20
0.6437862992125984
11
1.1857321259842519
21
0.6433342913385827
0
LINE
8
BLACK
6
CONTINUOUS
10
1.1857321259842519
20
0.6433342913385827
11
1.187372125984252
21
0.6426989370078739
0
LINE
8
BLACK
6
CONTINUOUS
10
1.187372125984252
20
0.6426989370078739
11
1.1889565354330709
21
0.6422744094488189
0
LINE
8
BLACK
6
CONTINUOUS
10
1.1889565354330709
20
0.6422744094488189
11
1.1913552755905512
21
0.6411558267716535
0
LINE
8
BLACK
6
CONTINUOUS
10
1.1913552755905512
20
0.6411558267716535
11
1.1938616535433071
21
0.6401848818897637
0
LINE
8
BLACK
6
CONTINUOUS
10
1.1938616535433071
20
0.6401848818897637
11
1.19515531496063
21
0.6393838582677165
0
LINE
8
BLACK
6
CONTINUOUS
10
1.19515531496063
20
0.6393838582677165
11
1.1964177559055118
21
0.6387951968503937
0
LINE
8
BLACK
6
CONTINUOUS
10
1.1964177559055118
20
0.6387951968503937
11
1.1987990551181102
21
0.6371277559055119
0
LINE
8
BLACK
6
CONTINUOUS
10
1.1987990551181102
20
0.6371277559055119
11
1.201274094488189
21
0.6355953149606299
0
LINE
8
BLACK
6
CONTINUOUS
10
1.201274094488189
20
0.6355953149606299
11
1.2022227952755906
21
0.6347304330708661
0
LINE
8
BLACK
6
CONTINUOUS
10
1.2022227952755906
20
0.6347304330708661
11
1.2031612992125984
21
0.6340733070866141
0
LINE
8
BLACK
6
CONTINUOUS
10
1.2031612992125984
20
0.6340733070866141
11
1.2054062992125985
21
0.6318282677165354
0
LINE
8
BLACK
6
CONTINUOUS
10
1.2054062992125985
20
0.6318282677165354
11
1.2077169685039371
21
0.6297218503937008
0
LINE
8
BLACK
6
CONTINUOUS
10
1.2077169685039371
20
0.6297218503937008
11
1.208346811023622
21
0.6288877559055118
0
LINE
8
BLACK
6
CONTINUOUS
10
1.208346811023622
20
0.6288877559055118
11
1.2089827559055117
21
0.6282518503937008
0
LINE
8
BLACK
6
CONTINUOUS
10
1.2089827559055117
20
0.6282518503937008
11
1.2109662598425197
21
0.625419094488189
0
LINE
8
BLACK
6
CONTINUOUS
10
1.2109662598425197
20
0.625419094488189
11
1.212970905511811
21
0.6227645275590551
0
LINE
8
BLACK
6
CONTINUOUS
10
1.212970905511811
20
0.6227645275590551
11
1.2133300787401575
21
0.6220431889763779
0
LINE
8
BLACK
6
CONTINUOUS
10
1.2133300787401575
20
0.6220431889763779
11
1.2137046456692913
21
0.6215082677165354
0
LINE
8
BLACK
6
CONTINUOUS
10
1.2137046456692913
20
0.6215082677165354
11
1.2152997244094488
21
0.6180875590551181
0
LINE
8
BLACK
6
CONTINUOUS
10
1.2152997244094488
20
0.6180875590551181
11
1.216856968503937
21
0.6149602362204725
0
LINE
8
BLACK
6
CONTINUOUS
10
1.216856968503937
20
0.6149602362204725
11
1.2170117716535434
21
0.6144160629921259
0
LINE
8
BLACK
6
CONTINUOUS
10
1.2170117716535434
20
0.6144160629921259
11
1.2171838582677166
21
0.6140470866141732
0
LINE
8
BLACK
6
CONTINUOUS
10
1.2171838582677166
20
0.6140470866141732
11
1.2182685039370078
21
0.6099990551181103
0
LINE
8
BLACK
6
CONTINUOUS
10
1.2182685039370078
20
0.6099990551181103
11
1.2192428346456692
21
0.6065747637795276
0
LINE
8
BLACK
6
CONTINUOUS
10
1.2192428346456692
20
0.6065747637795276
11
1.2192727952755906
21
0.6062510236220472
0
LINE
8
BLACK
6
CONTINUOUS
10
1.2192727952755906
20
0.6062510236220472
11
1.2197822047244093
21
0.6043500787401574
0
LINE
8
BLACK
6
CONTINUOUS
10
1.2197822047244093
20
0.6043500787401574
11
1.2258240944881889
21
0.6043500787401574
0
LINE
8
BLACK
6
CONTINUOUS
10
1.2258240944881889
20
0.6043500787401574
11
1.226333464566929
21
0.6062511023622047
0
LINE
8
BLACK
6
CONTINUOUS
10
1.226333464566929
20
0.6062511023622047
11
1.226363464566929
21
0.6065747637795276
0
LINE
8
BLACK
6
CONTINUOUS
10
1.226363464566929
20
0.6065747637795276
11
1.2273373622047243
21
0.6099976771653544
0
LINE
8
BLACK
6
CONTINUOUS
10
1.2273373622047243
20
0.6099976771653544
11
1.2284224015748031
21
0.6140470866141732
0
LINE
8
BLACK
6
CONTINUOUS
10
1.2284224015748031
20
0.6140470866141732
11
1.2285945275590551
21
0.6144162598425197
0
LINE
8
BLACK
6
CONTINUOUS
10
1.2285945275590551
20
0.6144162598425197
11
1.2287493307086614
21
0.6149602362204725
0
LINE
8
BLACK
6
CONTINUOUS
10
1.2287493307086614
20
0.6149602362204725
11
1.2303059055118111
21
0.6180862992125984
0
LINE
8
BLACK
6
CONTINUOUS
10
1.2303059055118111
20
0.6180862992125984
11
1.2319016141732284
21
0.6215082677165354
0
LINE
8
BLACK
6
CONTINUOUS
10
1.2319016141732284
20
0.6215082677165354
11
1.2322762992125984
21
0.6220433858267717
0
LINE
8
BLACK
6
CONTINUOUS
10
1.2322762992125984
20
0.6220433858267717
11
1.2326353937007875
21
0.6227645275590551
0
LINE
8
BLACK
6
CONTINUOUS
10
1.2326353937007875
20
0.6227645275590551
11
1.2346394881889764
21
0.6254183464566929
0
LINE
8
BLACK
6
CONTINUOUS
10
1.2346394881889764
20
0.6254183464566929
11
1.2366235039370079
21
0.6282518503937008
0
LINE
8
BLACK
6
CONTINUOUS
10
1.2366235039370079
20
0.6282518503937008
11
1.2372595669291337
21
0.6288879133858267
0
LINE
8
BLACK
6
CONTINUOUS
10
1.2372595669291337
20
0.6288879133858267
11
1.2378893307086614
21
0.6297218503937008
0
LINE
8
BLACK
6
CONTINUOUS
10
1.2378893307086614
20
0.6297218503937008
11
1.2401995275590552
21
0.631827874015748
0
LINE
8
BLACK
6
CONTINUOUS
10
1.2401995275590552
20
0.631827874015748
11
1.2424449606299213
21
0.6340733070866141
0
LINE
8
BLACK
6
CONTINUOUS
10
1.2424449606299213
20
0.6340733070866141
11
1.2433835826771653
21
0.6347305118110236
0
LINE
8
BLACK
6
CONTINUOUS
10
1.2433835826771653
20
0.6347305118110236
11
1.2443322047244094
21
0.6355953149606299
0
LINE
8
BLACK
6
CONTINUOUS
10
1.2443322047244094
20
0.6355953149606299
11
1.2468070866141732
21
0.6371276771653543
0
LINE
8
BLACK
6
CONTINUOUS
10
1.2468070866141732
20
0.6371276771653543
11
1.2491885433070866
21
0.6387951968503937
0
LINE
8
BLACK
6
CONTINUOUS
10
1.2491885433070866
20
0.6387951968503937
11
1.2504509448818897
21
0.6393838582677165
0
LINE
8
BLACK
6
CONTINUOUS
10
1.2504509448818897
20
0.6393838582677165
11
1.2517446456692913
21
0.6401848818897637
0
LINE
8
BLACK
6
CONTINUOUS
10
1.2517446456692913
20
0.6401848818897637
11
1.2542508267716534
21
0.6411557874015748
0
LINE
8
BLACK
6
CONTINUOUS
10
1.2542508267716534
20
0.6411557874015748
11
1.2566497244094488
21
0.6422744094488189
0
LINE
8
BLACK
6
CONTINUOUS
10
1.2566497244094488
20
0.6422744094488189
11
1.2582342519685039
21
0.6426989763779527
0
LINE
8
BLACK
6
CONTINUOUS
10
1.2582342519685039
20
0.6426989763779527
11
1.2598741732283465
21
0.6433342913385827
0
LINE
8
BLACK
6
CONTINUOUS
10
1.2598741732283465
20
0.6433342913385827
11
1.2622921653543306
21
0.6437862598425197
0
LINE
8
BLACK
6
CONTINUOUS
10
1.2622921653543306
20
0.6437862598425197
11
1.2646021259842519
21
0.6444052362204724
0
LINE
8
BLACK
6
CONTINUOUS
10
1.2646021259842519
20
0.6444052362204724
11
1.266484094488189
21
0.6445698818897637
0
LINE
8
BLACK
6
CONTINUOUS
10
1.266484094488189
20
0.6445698818897637
11
1.2684440157480315
21
0.6449362598425197
0
LINE
8
BLACK
6
CONTINUOUS
10
1.2684440157480315
20
0.6449362598425197
11
1.2706715748031496
21
0.6449362598425197
0
LINE
8
BLACK
6
CONTINUOUS
10
1.2706715748031496
20
0.6449362598425197
11
1.2728031496062993
21
0.6451227559055118
0
LINE
8
BLACK
6
CONTINUOUS
10
1.2728031496062993
20
0.6451227559055118
11
1.2749347244094489
21
0.6449362598425197
0
LINE
8
BLACK
6
CONTINUOUS
10
1.2749347244094489
20
0.6449362598425197
11
1.2771622834645668
21
0.6449362598425197
0
LINE
8
BLACK
6
CONTINUOUS
10
1.2771622834645668
20
0.6449362598425197
11
1.2791222047244095
21
0.6445698818897637
0
LINE
8
BLACK
6
CONTINUOUS
10
1.2791222047244095
20
0.6445698818897637
11
1.2810041338582676
21
0.6444052362204724
0
LINE
8
BLACK
6
CONTINUOUS
10
1.2810041338582676
20
0.6444052362204724
11
1.2833139763779526
21
0.6437862992125984
0
LINE
8
BLACK
6
CONTINUOUS
10
1.2833139763779526
20
0.6437862992125984
11
1.285732125984252
21
0.6433342913385827
0
LINE
8
BLACK
6
CONTINUOUS
10
1.285732125984252
20
0.6433342913385827
11
1.2873721259842519
21
0.6426989370078739
0
LINE
8
BLACK
6
CONTINUOUS
10
1.2873721259842519
20
0.6426989370078739
11
1.2889565354330708
21
0.6422744094488189
0
LINE
8
BLACK
6
CONTINUOUS
10
1.2889565354330708
20
0.6422744094488189
11
1.2913552755905511
21
0.6411558267716535
0
LINE
8
BLACK
6
CONTINUOUS
10
1.2913552755905511
20
0.6411558267716535
11
1.293861653543307
21
0.6401848818897637
0
LINE
8
BLACK
6
CONTINUOUS
10
1.293861653543307
20
0.6401848818897637
11
1.2951553149606299
21
0.6393838582677165
0
LINE
8
BLACK
6
CONTINUOUS
10
1.2951553149606299
20
0.6393838582677165
11
1.2964177559055117
21
0.6387951968503937
0
LINE
8
BLACK
6
CONTINUOUS
10
1.2964177559055117
20
0.6387951968503937
11
1.2987990551181101
21
0.6371277559055119
0
LINE
8
BLACK
6
CONTINUOUS
10
1.2987990551181101
20
0.6371277559055119
11
1.3012740944881889
21
0.6355953149606299
0
LINE
8
BLACK
6
CONTINUOUS
10
1.3012740944881889
20
0.6355953149606299
11
1.3022227952755905
21
0.6347304330708661
0
LINE
8
BLACK
6
CONTINUOUS
10
1.3022227952755905
20
0.6347304330708661
11
1.3031612992125985
21
0.6340733070866141
0
LINE
8
BLACK
6
CONTINUOUS
10
1.3031612992125985
20
0.6340733070866141
11
1.3054062992125983
21
0.6318282677165354
0
LINE
8
BLACK
6
CONTINUOUS
10
1.3054062992125983
20
0.6318282677165354
11
1.3077169685039369
21
0.6297218503937008
0
LINE
8
BLACK
6
CONTINUOUS
10
1.3077169685039369
20
0.6297218503937008
11
1.308346811023622
21
0.6288877559055118
0
LINE
8
BLACK
6
CONTINUOUS
10
1.308346811023622
20
0.6288877559055118
11
1.3089827559055118
21
0.6282518503937008
0
LINE
8
BLACK
6
CONTINUOUS
10
1.3089827559055118
20
0.6282518503937008
11
1.3109662598425196
21
0.625419094488189
0
LINE
8
BLACK
6
CONTINUOUS
10
1.3109662598425196
20
0.625419094488189
11
1.3129709055118111
21
0.6227645275590551
0
LINE
8
BLACK
6
CONTINUOUS
10
1.3129709055118111
20
0.6227645275590551
11
1.3133300787401574
21
0.6220431889763779
0
LINE
8
BLACK
6
CONTINUOUS
10
1.3133300787401574
20
0.6220431889763779
11
1.3137046456692913
21
0.6215082677165354
0
LINE
8
BLACK
6
CONTINUOUS
10
1.3137046456692913
20
0.6215082677165354
11
1.3152997244094489
21
0.6180875590551181
0
LINE
8
BLACK
6
CONTINUOUS
10
1.3152997244094489
20
0.6180875590551181
11
1.3168569685039371
21
0.6149602362204725
0
LINE
8
BLACK
6
CONTINUOUS
10
1.3168569685039371
20
0.6149602362204725
11
1.3170117716535432
21
0.6144160629921259
0
LINE
8
BLACK
6
CONTINUOUS
10
1.3170117716535432
20
0.6144160629921259
11
1.3171838582677164
21
0.6140470866141732
0
LINE
8
BLACK
6
CONTINUOUS
10
1.3171838582677164
20
0.6140470866141732
11
1.3182685039370079
21
0.6099990551181103
0
LINE
8
BLACK
6
CONTINUOUS
10
1.3182685039370079
20
0.6099990551181103
11
1.3192428346456693
21
0.6065747637795276
0
LINE
8
BLACK
6
CONTINUOUS
10
1.3192428346456693
20
0.6065747637795276
11
1.3192727952755905
21
0.6062510236220472
0
LINE
8
BLACK
6
CONTINUOUS
10
1.3192727952755905
20
0.6062510236220472
11
1.3197822047244094
21
0.6043500787401574
0
LINE
8
BLACK
6
CONTINUOUS
10
1.3197822047244094
20
0.6043500787401574
11
1.3258240944881889
21
0.6043500787401574
0
LINE
8
BLACK
6
CONTINUOUS
10
1.3258240944881889
20
0.6043500787401574
11
1.3263334645669291
21
0.6062511023622047
0
LINE
8
BLACK
6
CONTINUOUS
10
1.3263334645669291
20
0.6062511023622047
11
1.3263634645669291
21
0.6065747637795276
0
LINE
8
BLACK
6
CONTINUOUS
10
1.3263634645669291
20
0.6065747637795276
11
1.3273373622047244
21
0.6099976771653544
0
LINE
8
BLACK
6
CONTINUOUS
10
1.3273373622047244
20
0.6099976771653544
11
1.3284224015748032
21
0.6140470866141732
0
LINE
8
BLACK
6
CONTINUOUS
10
1.3284224015748032
20
0.6140470866141732
11
1.3285945275590552
21
0.6144162598425197
0
LINE
8
BLACK
6
CONTINUOUS
10
1.3285945275590552
20
0.6144162598425197
11
1.3287493307086613
21
0.6149602362204725
0
LINE
8
BLACK
6
CONTINUOUS
10
1.3287493307086613
20
0.6149602362204725
11
1.3303059055118109
21
0.6180862992125984
0
LINE
8
BLACK
6
CONTINUOUS
10
1.3303059055118109
20
0.6180862992125984
11
1.3319016141732283
21
0.6215082677165354
0
LINE
8
BLACK
6
CONTINUOUS
10
1.3319016141732283
20
0.6215082677165354
11
1.3322762992125985
21
0.6220433858267717
0
LINE
8
BLACK
6
CONTINUOUS
10
1.3322762992125985
20
0.6220433858267717
11
1.3326353937007873
21
0.6227645275590551
0
LINE
8
BLACK
6
CONTINUOUS
10
1.3326353937007873
20
0.6227645275590551
11
1.3346394881889763
21
0.6254183464566929
0
LINE
8
BLACK
6
CONTINUOUS
10
1.3346394881889763
20
0.6254183464566929
11
1.3366235039370078
21
0.6282518503937008
0
LINE
8
BLACK
6
CONTINUOUS
10
1.3366235039370078
20
0.6282518503937008
11
1.3372595669291338
21
0.6288879133858267
0
LINE
8
BLACK
6
CONTINUOUS
10
1.3372595669291338
20
0.6288879133858267
11
1.3378893307086615
21
0.6297218503937008
0
LINE
8
BLACK
6
CONTINUOUS
10
1.3378893307086615
20
0.6297218503937008
11
1.340199527559055
21
0.631827874015748
0
LINE
8
BLACK
6
CONTINUOUS
10
1.340199527559055
20
0.631827874015748
11
1.3424449606299211
21
0.6340733070866141
0
LINE
8
BLACK
6
CONTINUOUS
10
1.3424449606299211
20
0.6340733070866141
11
1.3433835826771654
21
0.6347305118110236
0
LINE
8
BLACK
6
CONTINUOUS
10
1.3433835826771654
20
0.6347305118110236
11
1.3443322047244095
21
0.6355953149606299
0
LINE
8
BLACK
6
CONTINUOUS
10
1.3443322047244095
20
0.6355953149606299
11
1.3468070866141733
21
0.6371276771653543
0
LINE
8
BLACK
6
CONTINUOUS
10
1.3468070866141733
20
0.6371276771653543
11
1.3491885433070865
21
0.6387951968503937
0
LINE
8
BLACK
6
CONTINUOUS
10
1.3491885433070865
20
0.6387951968503937
11
1.3504509448818898
21
0.6393838582677165
0
LINE
8
BLACK
6
CONTINUOUS
10
1.3504509448818898
20
0.6393838582677165
11
1.3517446456692912
21
0.6401848818897637
0
LINE
8
BLACK
6
CONTINUOUS
10
1.3517446456692912
20
0.6401848818897637
11
1.3542508267716535
21
0.6411557874015748
0
LINE
8
BLACK
6
CONTINUOUS
10
1.3542508267716535
20
0.6411557874015748
11
1.3566497244094489
21
0.6422744094488189
0
LINE
8
BLACK
6
CONTINUOUS
10
1.3566497244094489
20
0.6422744094488189
11
1.358234251968504
21
0.6426989763779527
0
LINE
8
BLACK
6
CONTINUOUS
10
1.358234251968504
20
0.6426989763779527
11
1.3598741732283464
21
0.6433342913385827
0
LINE
8
BLACK
6
CONTINUOUS
10
1.3598741732283464
20
0.6433342913385827
11
1.3622921653543307
21
0.6437862598425197
0
LINE
8
BLACK
6
CONTINUOUS
10
1.3622921653543307
20
0.6437862598425197
11
1.364602125984252
21
0.6444052362204724
0
LINE
8
BLACK
6
CONTINUOUS
10
1.364602125984252
20
0.6444052362204724
11
1.3664840944881889
21
0.6445698818897637
0
LINE
8
BLACK
6
CONTINUOUS
10
1.3664840944881889
20
0.6445698818897637
11
1.3684440157480315
21
0.6449362598425197
0
LINE
8
BLACK
6
CONTINUOUS
10
1.3684440157480315
20
0.6449362598425197
11
1.3706715748031495
21
0.6449362598425197
0
LINE
8
BLACK
6
CONTINUOUS
10
1.3706715748031495
20
0.6449362598425197
11
1.3728031496062991
21
0.6451227559055118
0
LINE
8
BLACK
6
CONTINUOUS
10
1.3728031496062991
20
0.6451227559055118
11
1.3749347244094487
21
0.6449362598425197
0
LINE
8
BLACK
6
CONTINUOUS
10
0.1803191732283465
20
0.6878105118110236
11
0.1816588188976378
21
0.6876551181102362
0
LINE
8
BLACK
6
CONTINUOUS
10
0.1816588188976378
20
0.6876551181102362
11
0.1821164960629921
21
0.6874529921259842
0
LINE
8
BLACK
6
CONTINUOUS
10
0.1821164960629921
20
0.6874529921259842
11
0.1830132677165354
21
0.6872746456692913
0
LINE
8
BLACK
6
CONTINUOUS
10
0.1830132677165354
20
0.6872746456692913
11
0.1839732677165354
21
0.6866331496062992
0
LINE
8
BLACK
6
CONTINUOUS
10
0.1839732677165354
20
0.6866331496062992
11
0.1844112992125984
21
0.6864397637795275
0
LINE
8
BLACK
6
CONTINUOUS
10
0.1844112992125984
20
0.6864397637795275
11
0.1847104724409449
21
0.6861405511811024
0
LINE
8
BLACK
6
CONTINUOUS
10
0.1847104724409449
20
0.6861405511811024
11
0.1855677559055118
21
0.6855677559055118
0
LINE
8
BLACK
6
CONTINUOUS
10
0.1855677559055118
20
0.6855677559055118
11
0.1861405511811024
21
0.6847104724409449
0
LINE
8
BLACK
6
CONTINUOUS
10
0.1861405511811024
20
0.6847104724409449
11
0.1864397637795276
21
0.6844112992125984
0
LINE
8
BLACK
6
CONTINUOUS
10
0.1864397637795276
20
0.6844112992125984
11
0.1866331496062992
21
0.6839732677165354
0
LINE
8
BLACK
6
CONTINUOUS
10
0.1866331496062992
20
0.6839732677165354
11
0.1872746456692913
21
0.6830132677165354
0
LINE
8
BLACK
6
CONTINUOUS
10
0.1872746456692913
20
0.6830132677165354
11
0.1874529921259842
21
0.6821164960629921
0
LINE
8
BLACK
6
CONTINUOUS
10
0.1874529921259842
20
0.6821164960629921
11
0.1876551181102362
21
0.6816588188976378
0
LINE
8
BLACK
6
CONTINUOUS
10
0.1876551181102362
20
0.6816588188976378
11
0.1878105118110236
21
0.6803190944881889
0
LINE
8
BLACK
6
CONTINUOUS
10
0.1878105118110236
20
0.6803190944881889
11
0.1878740157480315
21
0.6799999999999999
0
LINE
8
BLACK
6
CONTINUOUS
10
0.1878740157480315
20
0.6799999999999999
11
0.1878740157480315
21
0.62
0
LINE
8
BLACK
6
CONTINUOUS
10
0.1878740157480315
20
0.62
11
0.1878105118110236
21
0.6196808661417322
0
LINE
8
BLACK
6
CONTINUOUS
10
0.1878105118110236
20
0.6196808661417322
11
0.1876551181102362
21
0.6183411417322835
0
LINE
8
BLACK
6
CONTINUOUS
10
0.1876551181102362
20
0.6183411417322835
11
0.1874529921259842
21
0.6178833858267716
0
LINE
8
BLACK
6
CONTINUOUS
10
0.1874529921259842
20
0.6178833858267716
11
0.1872746456692913
21
0.6169867322834646
0
LINE
8
BLACK
6
CONTINUOUS
10
0.1872746456692913
20
0.6169867322834646
11
0.186633188976378
21
0.6160267716535432
0
LINE
8
BLACK
6
CONTINUOUS
10
0.186633188976378
20
0.6160267716535432
11
0.1864397637795276
21
0.6155886614173228
0
LINE
8
BLACK
6
CONTINUOUS
10
0.1864397637795276
20
0.6155886614173228
11
0.1861404724409449
21
0.6152893700787402
0
LINE
8
BLACK
6
CONTINUOUS
10
0.1861404724409449
20
0.6152893700787402
11
0.1855677559055118
21
0.6144322440944882
0
LINE
8
BLACK
6
CONTINUOUS
10
0.1855677559055118
20
0.6144322440944882
11
0.1847105905511811
21
0.6138594881889764
0
LINE
8
BLACK
6
CONTINUOUS
10
0.1847105905511811
20
0.6138594881889764
11
0.1844112992125984
21
0.6135601968503936
0
LINE
8
BLACK
6
CONTINUOUS
10
0.1844112992125984
20
0.6135601968503936
11
0.1839731102362205
21
0.6133666929133859
0
LINE
8
BLACK
6
CONTINUOUS
10
0.1839731102362205
20
0.6133666929133859
11
0.1830132677165354
21
0.6127253543307086
0
LINE
8
BLACK
6
CONTINUOUS
10
0.1830132677165354
20
0.6127253543307086
11
0.1821166929133858
21
0.6125470078740157
0
LINE
8
BLACK
6
CONTINUOUS
10
0.1821166929133858
20
0.6125470078740157
11
0.1816588188976378
21
0.612344842519685
0
LINE
8
BLACK
6
CONTINUOUS
10
0.1816588188976378
20
0.612344842519685
11
0.1803186220472441
21
0.6121893307086614
0
LINE
8
BLACK
6
CONTINUOUS
10
0.1803186220472441
20
0.6121893307086614
11
0.18
21
0.6121259842519685
0
LINE
8
BLACK
6
CONTINUOUS
10
0.18
20
0.6121259842519685
11
0.1797723228346457
21
0.6121259842519685
0
LINE
8
BLACK
6
CONTINUOUS
10
0.1797723228346457
20
0.6121259842519685
11
0.1202277165354331
21
0.6121259842519685
0
LINE
8
BLACK
6
CONTINUOUS
10
0.1202277165354331
20
0.6121259842519685
11
0.12
21
0.6121259842519685
0
LINE
8
BLACK
6
CONTINUOUS
10
0.12
20
0.6121259842519685
11
0.1196813385826772
21
0.6121893307086614
0
LINE
8
BLACK
6
CONTINUOUS
10
0.1196813385826772
20
0.6121893307086614
11
0.1183411417322835
21
0.612344842519685
0
LINE
8
BLACK
6
CONTINUOUS
10
0.1183411417322835
20
0.612344842519685
11
0.1178832283464567
21
0.6125470078740157
0
LINE
8
BLACK
6
CONTINUOUS
10
0.1178832283464567
20
0.6125470078740157
11
0.1169867322834646
21
0.6127253543307086
0
LINE
8
BLACK
6
CONTINUOUS
10
0.1169867322834646
20
0.6127253543307086
11
0.1160269291338583
21
0.6133666535433071
0
LINE
8
BLACK
6
CONTINUOUS
10
0.1160269291338583
20
0.6133666535433071
11
0.1155886614173228
21
0.6135601968503936
0
LINE
8
BLACK
6
CONTINUOUS
10
0.1155886614173228
20
0.6135601968503936
11
0.1152892519685039
21
0.6138595669291338
0
LINE
8
BLACK
6
CONTINUOUS
10
0.1152892519685039
20
0.6138595669291338
11
0.1144322440944882
21
0.6144322440944882
0
LINE
8
BLACK
6
CONTINUOUS
10
0.1144322440944882
20
0.6144322440944882
11
0.1138595669291339
21
0.6152892519685039
0
LINE
8
BLACK
6
CONTINUOUS
10
0.1138595669291339
20
0.6152892519685039
11
0.1135601968503937
21
0.6155886614173228
0
LINE
8
BLACK
6
CONTINUOUS
10
0.1135601968503937
20
0.6155886614173228
11
0.1133666535433071
21
0.6160269291338583
0
LINE
8
BLACK
6
CONTINUOUS
10
0.1133666535433071
20
0.6160269291338583
11
0.1127253543307087
21
0.6169867322834646
0
LINE
8
BLACK
6
CONTINUOUS
10
0.1127253543307087
20
0.6169867322834646
11
0.1125470078740157
21
0.6178832283464567
0
LINE
8
BLACK
6
CONTINUOUS
10
0.1125470078740157
20
0.6178832283464567
11
0.112344842519685
21
0.6183411417322835
0
LINE
8
BLACK
6
CONTINUOUS
10
0.112344842519685
20
0.6183411417322835
11
0.1121893307086614
21
0.6196814173228347
0
LINE
8
BLACK
6
CONTINUOUS
10
0.1121893307086614
20
0.6196814173228347
11
0.1121259842519685
21
0.62
0
LINE
8
BLACK
6
CONTINUOUS
10
0.1121259842519685
20
0.62
11
0.1121259842519685
21
0.6799999999999999
0
LINE
8
BLACK
6
CONTINUOUS
10
0.1121259842519685
20
0.6799999999999999
11
0.1121893700787401
21
0.6803187007874015
0
LINE
8
BLACK
6
CONTINUOUS
10
0.1121893700787401
20
0.6803187007874015
11
0.112344842519685
21
0.6816588188976378
0
LINE
8
BLACK
6
CONTINUOUS
10
0.112344842519685
20
0.6816588188976378
11
0.1125470078740157
21
0.6821166929133858
0
LINE
8
BLACK
6
CONTINUOUS
10
0.1125470078740157
20
0.6821166929133858
11
0.1127253543307087
21
0.6830132677165354
0
LINE
8
BLACK
6
CONTINUOUS
10
0.1127253543307087
20
0.6830132677165354
11
0.1133666929133858
21
0.6839731102362204
0
LINE
8
BLACK
6
CONTINUOUS
10
0.1133666929133858
20
0.6839731102362204
11
0.1135601968503937
21
0.6844112992125984
0
LINE
8
BLACK
6
CONTINUOUS
10
0.1135601968503937
20
0.6844112992125984
11
0.1138594881889764
21
0.6847105905511811
0
LINE
8
BLACK
6
CONTINUOUS
10
0.1138594881889764
20
0.6847105905511811
11
0.1144322440944882
21
0.6855677559055118
0
LINE
8
BLACK
6
CONTINUOUS
10
0.1144322440944882
20
0.6855677559055118
11
0.1152893700787402
21
0.6861404724409449
0
LINE
8
BLACK
6
CONTINUOUS
10
0.1152893700787402
20
0.6861404724409449
11
0.1155886614173228
21
0.6864397637795275
0
LINE
8
BLACK
6
CONTINUOUS
10
0.1155886614173228
20
0.6864397637795275
11
0.1160267716535433
21
0.6866331889763779
0
LINE
8
BLACK
6
CONTINUOUS
10
0.1160267716535433
20
0.6866331889763779
11
0.1169867322834646
21
0.6872746456692913
0
LINE
8
BLACK
6
CONTINUOUS
10
0.1169867322834646
20
0.6872746456692913
11
0.1178833858267716
21
0.6874529921259842
0
LINE
8
BLACK
6
CONTINUOUS
10
0.1178833858267716
20
0.6874529921259842
11
0.1183411417322835
21
0.6876551181102362
0
LINE
8
BLACK
6
CONTINUOUS
10
0.1183411417322835
20
0.6876551181102362
11
0.1196809448818898
21
0.6878105511811023
0
LINE
8
BLACK
6
CONTINUOUS
10
0.1196809448818898
20
0.6878105511811023
11
0.12
21
0.6878740157480315
0
LINE
8
BLACK
6
CONTINUOUS
10
0.12
20
0.6878740157480315
11
0.18
21
0.6878740157480315
0
LINE
8
BLACK
6
CONTINUOUS
10
0.18
20
0.6878740157480315
11
0.1803191732283465
21
0.6878105118110236
0
LINE
8
BLACK
6
CONTINUOUS
10
0.2803191732283464
20
0.6878105118110236
11
0.2816588188976378
21
0.6876551181102362
0
LINE
8
BLACK
6
CONTINUOUS
10
0.2816588188976378
20
0.6876551181102362
11
0.2821164960629921
21
0.6874529921259842
0
LINE
8
BLACK
6
CONTINUOUS
10
0.2821164960629921
20
0.6874529921259842
11
0.2830132677165354
21
0.6872746456692913
0
LINE
8
BLACK
6
CONTINUOUS
10
0.2830132677165354
20
0.6872746456692913
11
0.2839732677165354
21
0.6866331496062992
0
LINE
8
BLACK
6
CONTINUOUS
10
0.2839732677165354
20
0.6866331496062992
11
0.2844112992125984
21
0.6864397637795275
0
LINE
8
BLACK
6
CONTINUOUS
10
0.2844112992125984
20
0.6864397637795275
11
0.2847104724409449
21
0.6861405511811024
0
LINE
8
BLACK
6
CONTINUOUS
10
0.2847104724409449
20
0.6861405511811024
11
0.2855677559055118
21
0.6855677559055118
0
LINE
8
BLACK
6
CONTINUOUS
10
0.2855677559055118
20
0.6855677559055118
11
0.2861405511811024
21
0.6847104724409449
0
LINE
8
BLACK
6
CONTINUOUS
10
0.2861405511811024
20
0.6847104724409449
11
0.2864397637795276
21
0.6844112992125984
0
LINE
8
BLACK
6
CONTINUOUS
10
0.2864397637795276
20
0.6844112992125984
11
0.2866331496062992
21
0.6839732677165354
0
LINE
8
BLACK
6
CONTINUOUS
10
0.2866331496062992
20
0.6839732677165354
11
0.2872746456692913
21
0.6830132677165354
0
LINE
8
BLACK
6
CONTINUOUS
10
0.2872746456692913
20
0.6830132677165354
11
0.2874529921259842
21
0.6821164960629921
0
LINE
8
BLACK
6
CONTINUOUS
10
0.2874529921259842
20
0.6821164960629921
11
0.2876551181102362
21
0.6816588188976378
0
LINE
8
BLACK
6
CONTINUOUS
10
0.2876551181102362
20
0.6816588188976378
11
0.2878105118110236
21
0.6803190944881889
0
LINE
8
BLACK
6
CONTINUOUS
10
0.2878105118110236
20
0.6803190944881889
11
0.2878740157480315
21
0.6799999999999999
0
LINE
8
BLACK
6
CONTINUOUS
10
0.2878740157480315
20
0.6799999999999999
11
0.2878740157480315
21
0.62
0
LINE
8
BLACK
6
CONTINUOUS
10
0.2878740157480315
20
0.62
11
0.2878105118110236
21
0.6196808661417322
0
LINE
8
BLACK
6
CONTINUOUS
10
0.2878105118110236
20
0.6196808661417322
11
0.2876551181102362
21
0.6183411417322835
0
LINE
8
BLACK
6
CONTINUOUS
10
0.2876551181102362
20
0.6183411417322835
11
0.2874529921259842
21
0.6178833858267716
0
LINE
8
BLACK
6
CONTINUOUS
10
0.2874529921259842
20
0.6178833858267716
11
0.2872746456692913
21
0.6169867322834646
0
LINE
8
BLACK
6
CONTINUOUS
10
0.2872746456692913
20
0.6169867322834646
11
0.286633188976378
21
0.6160267716535432
0
LINE
8
BLACK
6
CONTINUOUS
10
0.286633188976378
20
0.6160267716535432
11
0.2864397637795276
21
0.6155886614173228
0
LINE
8
BLACK
6
CONTINUOUS
10
0.2864397637795276
20
0.6155886614173228
11
0.2861404724409449
21
0.6152893700787402
0
LINE
8
BLACK
6
CONTINUOUS
10
0.2861404724409449
20
0.6152893700787402
11
0.2855677559055118
21
0.6144322440944882
0
LINE
8
BLACK
6
CONTINUOUS
10
0.2855677559055118
20
0.6144322440944882
11
0.2847105905511811
21
0.6138594881889764
0
LINE
8
BLACK
6
CONTINUOUS
10
0.2847105905511811
20
0.6138594881889764
11
0.2844112992125984
21
0.6135601968503936
0
LINE
8
BLACK
6
CONTINUOUS
10
0.2844112992125984
20
0.6135601968503936
11
0.2839731102362205
21
0.6133666929133859
0
LINE
8
BLACK
6
CONTINUOUS
10
0.2839731102362205
20
0.6133666929133859
11
0.2830132677165354
21
0.6127253543307086
0
LINE
8
BLACK
6
CONTINUOUS
10
0.2830132677165354
20
0.6127253543307086
11
0.2821166929133858
21
0.6125470078740157
0
LINE
8
BLACK
6
CONTINUOUS
10
0.2821166929133858
20
0.6125470078740157
11
0.2816588188976378
21
0.612344842519685
0
LINE
8
BLACK
6
CONTINUOUS
10
0.2816588188976378
20
0.612344842519685
11
0.2803186220472441
21
0.6121893307086614
0
LINE
8
BLACK
6
CONTINUOUS
10
0.2803186220472441
20
0.6121893307086614
11
0.28
21
0.6121259842519685
0
LINE
8
BLACK
6
CONTINUOUS
10
0.28
20
0.6121259842519685
11
0.2797723228346456
21
0.6121259842519685
0
LINE
8
BLACK
6
CONTINUOUS
10
0.2797723228346456
20
0.6121259842519685
11
0.2202277165354331
21
0.6121259842519685
0
LINE
8
BLACK
6
CONTINUOUS
10
0.2202277165354331
20
0.6121259842519685
11
0.22
21
0.6121259842519685
0
LINE
8
BLACK
6
CONTINUOUS
10
0.22
20
0.6121259842519685
11
0.2196813385826772
21
0.6121893307086614
0
LINE
8
BLACK
6
CONTINUOUS
10
0.2196813385826772
20
0.6121893307086614
11
0.2183411417322835
21
0.612344842519685
0
LINE
8
BLACK
6
CONTINUOUS
10
0.2183411417322835
20
0.612344842519685
11
0.2178832283464567
21
0.6125470078740157
0
LINE
8
BLACK
6
CONTINUOUS
10
0.2178832283464567
20
0.6125470078740157
11
0.2169867322834646
21
0.6127253543307086
0
LINE
8
BLACK
6
CONTINUOUS
10
0.2169867322834646
20
0.6127253543307086
11
0.2160269291338583
21
0.6133666535433071
0
LINE
8
BLACK
6
CONTINUOUS
10
0.2160269291338583
20
0.6133666535433071
11
0.2155886614173228
21
0.6135601968503936
0
LINE
8
BLACK
6
CONTINUOUS
10
0.2155886614173228
20
0.6135601968503936
11
0.2152892519685039
21
0.6138595669291338
0
LINE
8
BLACK
6
CONTINUOUS
10
0.2152892519685039
20
0.6138595669291338
11
0.2144322440944882
21
0.6144322440944882
0
LINE
8
BLACK
6
CONTINUOUS
10
0.2144322440944882
20
0.6144322440944882
11
0.2138595669291339
21
0.6152892519685039
0
LINE
8
BLACK
6
CONTINUOUS
10
0.2138595669291339
20
0.6152892519685039
11
0.2135601968503937
21
0.6155886614173228
0
LINE
8
BLACK
6
CONTINUOUS
10
0.2135601968503937
20
0.6155886614173228
11
0.2133666535433071
21
0.6160269291338583
0
LINE
8
BLACK
6
CONTINUOUS
10
0.2133666535433071
20
0.6160269291338583
11
0.2127253543307087
21
0.6169867322834646
0
LINE
8
BLACK
6
CONTINUOUS
10
0.2127253543307087
20
0.6169867322834646
11
0.2125470078740157
21
0.6178832283464567
0
LINE
8
BLACK
6
CONTINUOUS
10
0.2125470078740157
20
0.6178832283464567
11
0.212344842519685
21
0.6183411417322835
0
LINE
8
BLACK
6
CONTINUOUS
10
0.212344842519685
20
0.6183411417322835
11
0.2121893307086614
21
0.6196814173228347
0
LINE
8
BLACK
6
CONTINUOUS
10
0.2121893307086614
20
0.6196814173228347
11
0.2121259842519685
21
0.62
0
LINE
8
BLACK
6
CONTINUOUS
10
0.2121259842519685
20
0.62
11
0.2121259842519685
21
0.6799999999999999
0
LINE
8
BLACK
6
CONTINUOUS
10
0.2121259842519685
20
0.6799999999999999
11
0.2121893700787401
21
0.6803187007874015
0
LINE
8
BLACK
6
CONTINUOUS
10
0.2121893700787401
20
0.6803187007874015
11
0.212344842519685
21
0.6816588188976378
0
LINE
8
BLACK
6
CONTINUOUS
10
0.212344842519685
20
0.6816588188976378
11
0.2125470078740157
21
0.6821166929133858
0
LINE
8
BLACK
6
CONTINUOUS
10
0.2125470078740157
20
0.6821166929133858
11
0.2127253543307087
21
0.6830132677165354
0
LINE
8
BLACK
6
CONTINUOUS
10
0.2127253543307087
20
0.6830132677165354
11
0.2133666929133858
21
0.6839731102362204
0
LINE
8
BLACK
6
CONTINUOUS
10
0.2133666929133858
20
0.6839731102362204
11
0.2135601968503937
21
0.6844112992125984
0
LINE
8
BLACK
6
CONTINUOUS
10
0.2135601968503937
20
0.6844112992125984
11
0.2138594881889764
21
0.6847105905511811
0
LINE
8
BLACK
6
CONTINUOUS
10
0.2138594881889764
20
0.6847105905511811
11
0.2144322440944882
21
0.6855677559055118
0
LINE
8
BLACK
6
CONTINUOUS
10
0.2144322440944882
20
0.6855677559055118
11
0.2152893700787402
21
0.6861404724409449
0
LINE
8
BLACK
6
CONTINUOUS
10
0.2152893700787402
20
0.6861404724409449
11
0.2155886614173228
21
0.6864397637795275
0
LINE
8
BLACK
6
CONTINUOUS
10
0.2155886614173228
20
0.6864397637795275
11
0.2160267716535433
21
0.6866331889763779
0
LINE
8
BLACK
6
CONTINUOUS
10
0.2160267716535433
20
0.6866331889763779
11
0.2169867322834646
21
0.6872746456692913
0
LINE
8
BLACK
6
CONTINUOUS
10
0.2169867322834646
20
0.6872746456692913
11
0.2178833858267716
21
0.6874529921259842
0
LINE
8
BLACK
6
CONTINUOUS
10
0.2178833858267716
20
0.6874529921259842
11
0.2183411417322835
21
0.6876551181102362
0
LINE
8
BLACK
6
CONTINUOUS
10
0.2183411417322835
20
0.6876551181102362
11
0.2196809448818898
21
0.6878105511811023
0
LINE
8
BLACK
6
CONTINUOUS
10
0.2196809448818898
20
0.6878105511811023
11
0.22
21
0.6878740157480315
0
LINE
8
BLACK
6
CONTINUOUS
10
0.22
20
0.6878740157480315
11
0.28
21
0.6878740157480315
0
LINE
8
BLACK
6
CONTINUOUS
10
0.28
20
0.6878740157480315
11
0.2803191732283464
21
0.6878105118110236
0
LINE
8
BLACK
6
CONTINUOUS
10
1.7803191732283463
20
0.6878105118110236
11
1.7816588188976377
21
0.6876551181102362
0
LINE
8
BLACK
6
CONTINUOUS
10
1.7816588188976377
20
0.6876551181102362
11
1.7821164960629921
21
0.6874529921259842
0
LINE
8
BLACK
6
CONTINUOUS
10
1.7821164960629921
20
0.6874529921259842
11
1.7830132677165353
21
0.6872746456692913
0
LINE
8
BLACK
6
CONTINUOUS
10
1.7830132677165353
20
0.6872746456692913
11
1.7839732677165354
21
0.6866331496062992
0
LINE
8
BLACK
6
CONTINUOUS
10
1.7839732677165354
20
0.6866331496062992
11
1.7844112992125984
21
0.6864397637795275
0
LINE
8
BLACK
6
CONTINUOUS
10
1.7844112992125984
20
0.6864397637795275
11
1.7847104724409448
21
0.6861405511811024
0
LINE
8
BLACK
6
CONTINUOUS
10
1.7847104724409448
20
0.6861405511811024
11
1.7855677559055119
21
0.6855677559055118
0
LINE
8
BLACK
6
CONTINUOUS
10
1.7855677559055119
20
0.6855677559055118
11
1.7861405511811024
21
0.6847104724409449
0
LINE
8
BLACK
6
CONTINUOUS
10
1.7861405511811024
20
0.6847104724409449
11
1.7864397637795275
21
0.6844112992125984
0
LINE
8
BLACK
6
CONTINUOUS
10
1.7864397637795275
20
0.6844112992125984
11
1.7866331496062993
21
0.6839732677165354
0
LINE
8
BLACK
6
CONTINUOUS
10
1.7866331496062993
20
0.6839732677165354
11
1.7872746456692914
21
0.6830132677165354
0
LINE
8
BLACK
6
CONTINUOUS
10
1.7872746456692914
20
0.6830132677165354
11
1.7874529921259843
21
0.6821164960629921
0
LINE
8
BLACK
6
CONTINUOUS
10
1.7874529921259843
20
0.6821164960629921
11
1.7876551181102363
21
0.6816588188976378
0
LINE
8
BLACK
6
CONTINUOUS
10
1.7876551181102363
20
0.6816588188976378
11
1.7878105118110237
21
0.6803190944881889
0
LINE
8
BLACK
6
CONTINUOUS
10
1.7878105118110237
20
0.6803190944881889
11
1.7878740157480315
21
0.6799999999999999
0
LINE
8
BLACK
6
CONTINUOUS
10
1.7878740157480315
20
0.6799999999999999
11
1.7878740157480315
21
0.62
0
LINE
8
BLACK
6
CONTINUOUS
10
1.7878740157480315
20
0.62
11
1.7878105118110237
21
0.6196808661417322
0
LINE
8
BLACK
6
CONTINUOUS
10
1.7878105118110237
20
0.6196808661417322
11
1.7876551181102363
21
0.6183411417322835
0
LINE
8
BLACK
6
CONTINUOUS
10
1.7876551181102363
20
0.6183411417322835
11
1.7874529921259843
21
0.6178833858267716
0
LINE
8
BLACK
6
CONTINUOUS
10
1.7874529921259843
20
0.6178833858267716
11
1.7872746456692914
21
0.6169867322834646
0
LINE
8
BLACK
6
CONTINUOUS
10
1.7872746456692914
20
0.6169867322834646
11
1.786633188976378
21
0.6160267716535432
0
LINE
8
BLACK
6
CONTINUOUS
10
1.786633188976378
20
0.6160267716535432
11
1.7864397637795275
21
0.6155886614173228
0
LINE
8
BLACK
6
CONTINUOUS
10
1.7864397637795275
20
0.6155886614173228
11
1.7861404724409449
21
0.6152893700787402
0
LINE
8
BLACK
6
CONTINUOUS
10
1.7861404724409449
20
0.6152893700787402
11
1.7855677559055119
21
0.6144322440944882
0
LINE
8
BLACK
6
CONTINUOUS
10
1.7855677559055119
20
0.6144322440944882
11
1.7847105905511811
21
0.6138594881889764
0
LINE
8
BLACK
6
CONTINUOUS
10
1.7847105905511811
20
0.6138594881889764
11
1.7844112992125984
21
0.6135601968503936
0
LINE
8
BLACK
6
CONTINUOUS
10
1.7844112992125984
20
0.6135601968503936
11
1.7839731102362204
21
0.6133666929133859
0
LINE
8
BLACK
6
CONTINUOUS
10
1.7839731102362204
20
0.6133666929133859
11
1.7830132677165353
21
0.6127253543307086
0
LINE
8
BLACK
6
CONTINUOUS
10
1.7830132677165353
20
0.6127253543307086
11
1.7821166929133858
21
0.6125470078740157
0
LINE
8
BLACK
6
CONTINUOUS
10
1.7821166929133858
20
0.6125470078740157
11
1.7816588188976377
21
0.612344842519685
0
LINE
8
BLACK
6
CONTINUOUS
10
1.7816588188976377
20
0.612344842519685
11
1.780318622047244
21
0.6121893307086614
0
LINE
8
BLACK
6
CONTINUOUS
10
1.780318622047244
20
0.6121893307086614
11
1.78
21
0.6121259842519685
0
LINE
8
BLACK
6
CONTINUOUS
10
1.78
20
0.6121259842519685
11
1.7797723228346456
21
0.6121259842519685
0
LINE
8
BLACK
6
CONTINUOUS
10
1.7797723228346456
20
0.6121259842519685
11
1.7202277165354329
21
0.6121259842519685
0
LINE
8
BLACK
6
CONTINUOUS
10
1.7202277165354329
20
0.6121259842519685
11
1.72
21
0.6121259842519685
0
LINE
8
BLACK
6
CONTINUOUS
10
1.72
20
0.6121259842519685
11
1.719681338582677
21
0.6121893307086614
0
LINE
8
BLACK
6
CONTINUOUS
10
1.719681338582677
20
0.6121893307086614
11
1.7183411417322834
21
0.612344842519685
0
LINE
8
BLACK
6
CONTINUOUS
10
1.7183411417322834
20
0.612344842519685
11
1.7178832283464567
21
0.6125470078740157
0
LINE
8
BLACK
6
CONTINUOUS
10
1.7178832283464567
20
0.6125470078740157
11
1.7169867322834644
21
0.6127253543307086
0
LINE
8
BLACK
6
CONTINUOUS
10
1.7169867322834644
20
0.6127253543307086
11
1.7160269291338581
21
0.6133666535433071
0
LINE
8
BLACK
6
CONTINUOUS
10
1.7160269291338581
20
0.6133666535433071
11
1.7155886614173228
21
0.6135601968503936
0
LINE
8
BLACK
6
CONTINUOUS
10
1.7155886614173228
20
0.6135601968503936
11
1.7152892519685039
21
0.6138595669291338
0
LINE
8
BLACK
6
CONTINUOUS
10
1.7152892519685039
20
0.6138595669291338
11
1.7144322440944881
21
0.6144322440944882
0
LINE
8
BLACK
6
CONTINUOUS
10
1.7144322440944881
20
0.6144322440944882
11
1.7138595669291339
21
0.6152892519685039
0
LINE
8
BLACK
6
CONTINUOUS
10
1.7138595669291339
20
0.6152892519685039
11
1.7135601968503937
21
0.6155886614173228
0
LINE
8
BLACK
6
CONTINUOUS
10
1.7135601968503937
20
0.6155886614173228
11
1.713366653543307
21
0.6160269291338583
0
LINE
8
BLACK
6
CONTINUOUS
10
1.713366653543307
20
0.6160269291338583
11
1.7127253543307086
21
0.6169867322834646
0
LINE
8
BLACK
6
CONTINUOUS
10
1.7127253543307086
20
0.6169867322834646
11
1.7125470078740157
21
0.6178832283464567
0
LINE
8
BLACK
6
CONTINUOUS
10
1.7125470078740157
20
0.6178832283464567
11
1.712344842519685
21
0.6183411417322835
0
LINE
8
BLACK
6
CONTINUOUS
10
1.712344842519685
20
0.6183411417322835
11
1.7121893307086613
21
0.6196814173228347
0
LINE
8
BLACK
6
CONTINUOUS
10
1.7121893307086613
20
0.6196814173228347
11
1.7121259842519685
21
0.62
0
LINE
8
BLACK
6
CONTINUOUS
10
1.7121259842519685
20
0.62
11
1.7121259842519685
21
0.6799999999999999
0
LINE
8
BLACK
6
CONTINUOUS
10
1.7121259842519685
20
0.6799999999999999
11
1.7121893700787401
21
0.6803187007874015
0
LINE
8
BLACK
6
CONTINUOUS
10
1.7121893700787401
20
0.6803187007874015
11
1.712344842519685
21
0.6816588188976378
0
LINE
8
BLACK
6
CONTINUOUS
10
1.712344842519685
20
0.6816588188976378
11
1.7125470078740157
21
0.6821166929133858
0
LINE
8
BLACK
6
CONTINUOUS
10
1.7125470078740157
20
0.6821166929133858
11
1.7127253543307086
21
0.6830132677165354
0
LINE
8
BLACK
6
CONTINUOUS
10
1.7127253543307086
20
0.6830132677165354
11
1.7133666929133857
21
0.6839731102362204
0
LINE
8
BLACK
6
CONTINUOUS
10
1.7133666929133857
20
0.6839731102362204
11
1.7135601968503937
21
0.6844112992125984
0
LINE
8
BLACK
6
CONTINUOUS
10
1.7135601968503937
20
0.6844112992125984
11
1.7138594881889764
21
0.6847105905511811
0
LINE
8
BLACK
6
CONTINUOUS
10
1.7138594881889764
20
0.6847105905511811
11
1.7144322440944881
21
0.6855677559055118
0
LINE
8
BLACK
6
CONTINUOUS
10
1.7144322440944881
20
0.6855677559055118
11
1.7152893700787402
21
0.6861404724409449
0
LINE
8
BLACK
6
CONTINUOUS
10
1.7152893700787402
20
0.6861404724409449
11
1.7155886614173228
21
0.6864397637795275
0
LINE
8
BLACK
6
CONTINUOUS
10
1.7155886614173228
20
0.6864397637795275
11
1.7160267716535433
21
0.6866331889763779
0
LINE
8
BLACK
6
CONTINUOUS
10
1.7160267716535433
20
0.6866331889763779
11
1.7169867322834644
21
0.6872746456692913
0
LINE
8
BLACK
6
CONTINUOUS
10
1.7169867322834644
20
0.6872746456692913
11
1.7178833858267717
21
0.6874529921259842
0
LINE
8
BLACK
6
CONTINUOUS
10
1.7178833858267717
20
0.6874529921259842
11
1.7183411417322834
21
0.6876551181102362
0
LINE
8
BLACK
6
CONTINUOUS
10
1.7183411417322834
20
0.6876551181102362
11
1.7196809448818897
21
0.6878105511811023
0
LINE
8
BLACK
6
CONTINUOUS
10
1.7196809448818897
20
0.6878105511811023
11
1.72
21
0.6878740157480315
0
LINE
8
BLACK
6
CONTINUOUS
10
1.72
20
0.6878740157480315
11
1.78
21
0.6878740157480315
0
LINE
8
BLACK
6
CONTINUOUS
10
1.78
20
0.6878740157480315
11
1.7803191732283463
21
0.6878105118110236
0
LINE
8
BLACK
6
CONTINUOUS
10
1.8803191732283464
20
0.6878105118110236
11
1.8816588188976378
21
0.6876551181102362
0
LINE
8
BLACK
6
CONTINUOUS
10
1.8816588188976378
20
0.6876551181102362
11
1.8821164960629921
21
0.6874529921259842
0
LINE
8
BLACK
6
CONTINUOUS
10
1.8821164960629921
20
0.6874529921259842
11
1.8830132677165354
21
0.6872746456692913
0
LINE
8
BLACK
6
CONTINUOUS
10
1.8830132677165354
20
0.6872746456692913
11
1.8839732677165353
21
0.6866331496062992
0
LINE
8
BLACK
6
CONTINUOUS
10
1.8839732677165353
20
0.6866331496062992
11
1.8844112992125983
21
0.6864397637795275
0
LINE
8
BLACK
6
CONTINUOUS
10
1.8844112992125983
20
0.6864397637795275
11
1.8847104724409449
21
0.6861405511811024
0
LINE
8
BLACK
6
CONTINUOUS
10
1.8847104724409449
20
0.6861405511811024
11
1.8855677559055117
21
0.6855677559055118
0
LINE
8
BLACK
6
CONTINUOUS
10
1.8855677559055117
20
0.6855677559055118
11
1.8861405511811022
21
0.6847104724409449
0
LINE
8
BLACK
6
CONTINUOUS
10
1.8861405511811022
20
0.6847104724409449
11
1.8864397637795276
21
0.6844112992125984
0
LINE
8
BLACK
6
CONTINUOUS
10
1.8864397637795276
20
0.6844112992125984
11
1.8866331496062991
21
0.6839732677165354
0
LINE
8
BLACK
6
CONTINUOUS
10
1.8866331496062991
20
0.6839732677165354
11
1.8872746456692913
21
0.6830132677165354
0
LINE
8
BLACK
6
CONTINUOUS
10
1.8872746456692913
20
0.6830132677165354
11
1.8874529921259842
21
0.6821164960629921
0
LINE
8
BLACK
6
CONTINUOUS
10
1.8874529921259842
20
0.6821164960629921
11
1.8876551181102361
21
0.6816588188976378
0
LINE
8
BLACK
6
CONTINUOUS
10
1.8876551181102361
20
0.6816588188976378
11
1.8878105118110236
21
0.6803190944881889
0
LINE
8
BLACK
6
CONTINUOUS
10
1.8878105118110236
20
0.6803190944881889
11
1.8878740157480314
21
0.6799999999999999
0
LINE
8
BLACK
6
CONTINUOUS
10
1.8878740157480314
20
0.6799999999999999
11
1.8878740157480314
21
0.62
0
LINE
8
BLACK
6
CONTINUOUS
10
1.8878740157480314
20
0.62
11
1.8878105118110236
21
0.6196808661417322
0
LINE
8
BLACK
6
CONTINUOUS
10
1.8878105118110236
20
0.6196808661417322
11
1.8876551181102361
21
0.6183411417322835
0
LINE
8
BLACK
6
CONTINUOUS
10
1.8876551181102361
20
0.6183411417322835
11
1.8874529921259842
21
0.6178833858267716
0
LINE
8
BLACK
6
CONTINUOUS
10
1.8874529921259842
20
0.6178833858267716
11
1.8872746456692913
21
0.6169867322834646
0
LINE
8
BLACK
6
CONTINUOUS
10
1.8872746456692913
20
0.6169867322834646
11
1.8866331889763779
21
0.6160267716535432
0
LINE
8
BLACK
6
CONTINUOUS
10
1.8866331889763779
20
0.6160267716535432
11
1.8864397637795276
21
0.6155886614173228
0
LINE
8
BLACK
6
CONTINUOUS
10
1.8864397637795276
20
0.6155886614173228
11
1.8861404724409447
21
0.6152893700787402
0
LINE
8
BLACK
6
CONTINUOUS
10
1.8861404724409447
20
0.6152893700787402
11
1.8855677559055117
21
0.6144322440944882
0
LINE
8
BLACK
6
CONTINUOUS
10
1.8855677559055117
20
0.6144322440944882
11
1.884710590551181
21
0.6138594881889764
0
LINE
8
BLACK
6
CONTINUOUS
10
1.884710590551181
20
0.6138594881889764
11
1.8844112992125983
21
0.6135601968503936
0
LINE
8
BLACK
6
CONTINUOUS
10
1.8844112992125983
20
0.6135601968503936
11
1.8839731102362205
21
0.6133666929133859
0
LINE
8
BLACK
6
CONTINUOUS
10
1.8839731102362205
20
0.6133666929133859
11
1.8830132677165354
21
0.6127253543307086
0
LINE
8
BLACK
6
CONTINUOUS
10
1.8830132677165354
20
0.6127253543307086
11
1.8821166929133857
21
0.6125470078740157
0
LINE
8
BLACK
6
CONTINUOUS
10
1.8821166929133857
20
0.6125470078740157
11
1.8816588188976378
21
0.612344842519685
0
LINE
8
BLACK
6
CONTINUOUS
10
1.8816588188976378
20
0.612344842519685
11
1.8803186220472441
21
0.6121893307086614
0
LINE
8
BLACK
6
CONTINUOUS
10
1.8803186220472441
20
0.6121893307086614
11
1.8799999999999999
21
0.6121259842519685
0
LINE
8
BLACK
6
CONTINUOUS
10
1.8799999999999999
20
0.6121259842519685
11
1.8797723228346457
21
0.6121259842519685
0
LINE
8
BLACK
6
CONTINUOUS
10
1.8797723228346457
20
0.6121259842519685
11
1.820227716535433
21
0.6121259842519685
0
LINE
8
BLACK
6
CONTINUOUS
10
1.820227716535433
20
0.6121259842519685
11
1.8200000000000001
21
0.6121259842519685
0
LINE
8
BLACK
6
CONTINUOUS
10
1.8200000000000001
20
0.6121259842519685
11
1.8196813385826771
21
0.6121893307086614
0
LINE
8
BLACK
6
CONTINUOUS
10
1.8196813385826771
20
0.6121893307086614
11
1.8183411417322835
21
0.612344842519685
0
LINE
8
BLACK
6
CONTINUOUS
10
1.8183411417322835
20
0.612344842519685
11
1.8178832283464565
21
0.6125470078740157
0
LINE
8
BLACK
6
CONTINUOUS
10
1.8178832283464565
20
0.6125470078740157
11
1.8169867322834645
21
0.6127253543307086
0
LINE
8
BLACK
6
CONTINUOUS
10
1.8169867322834645
20
0.6127253543307086
11
1.8160269291338582
21
0.6133666535433071
0
LINE
8
BLACK
6
CONTINUOUS
10
1.8160269291338582
20
0.6133666535433071
11
1.8155886614173229
21
0.6135601968503936
0
LINE
8
BLACK
6
CONTINUOUS
10
1.8155886614173229
20
0.6135601968503936
11
1.815289251968504
21
0.6138595669291338
0
LINE
8
BLACK
6
CONTINUOUS
10
1.815289251968504
20
0.6138595669291338
11
1.8144322440944882
21
0.6144322440944882
0
LINE
8
BLACK
6
CONTINUOUS
10
1.8144322440944882
20
0.6144322440944882
11
1.8138595669291337
21
0.6152892519685039
0
LINE
8
BLACK
6
CONTINUOUS
10
1.8138595669291337
20
0.6152892519685039
11
1.8135601968503936
21
0.6155886614173228
0
LINE
8
BLACK
6
CONTINUOUS
10
1.8135601968503936
20
0.6155886614173228
11
1.8133666535433071
21
0.6160269291338583
0
LINE
8
BLACK
6
CONTINUOUS
10
1.8133666535433071
20
0.6160269291338583
11
1.8127253543307087
21
0.6169867322834646
0
LINE
8
BLACK
6
CONTINUOUS
10
1.8127253543307087
20
0.6169867322834646
11
1.8125470078740158
21
0.6178832283464567
0
LINE
8
BLACK
6
CONTINUOUS
10
1.8125470078740158
20
0.6178832283464567
11
1.8123448425196851
21
0.6183411417322835
0
LINE
8
BLACK
6
CONTINUOUS
10
1.8123448425196851
20
0.6183411417322835
11
1.8121893307086614
21
0.6196814173228347
0
LINE
8
BLACK
6
CONTINUOUS
10
1.8121893307086614
20
0.6196814173228347
11
1.8121259842519684
21
0.62
0
LINE
8
BLACK
6
CONTINUOUS
10
1.8121259842519684
20
0.62
11
1.8121259842519684
21
0.6799999999999999
0
LINE
8
BLACK
6
CONTINUOUS
10
1.8121259842519684
20
0.6799999999999999
11
1.8121893700787401
21
0.6803187007874015
0
LINE
8
BLACK
6
CONTINUOUS
10
1.8121893700787401
20
0.6803187007874015
11
1.8123448425196851
21
0.6816588188976378
0
LINE
8
BLACK
6
CONTINUOUS
10
1.8123448425196851
20
0.6816588188976378
11
1.8125470078740158
21
0.6821166929133858
0
LINE
8
BLACK
6
CONTINUOUS
10
1.8125470078740158
20
0.6821166929133858
11
1.8127253543307087
21
0.6830132677165354
0
LINE
8
BLACK
6
CONTINUOUS
10
1.8127253543307087
20
0.6830132677165354
11
1.8133666929133858
21
0.6839731102362204
0
LINE
8
BLACK
6
CONTINUOUS
10
1.8133666929133858
20
0.6839731102362204
11
1.8135601968503936
21
0.6844112992125984
0
LINE
8
BLACK
6
CONTINUOUS
10
1.8135601968503936
20
0.6844112992125984
11
1.8138594881889762
21
0.6847105905511811
0
LINE
8
BLACK
6
CONTINUOUS
10
1.8138594881889762
20
0.6847105905511811
11
1.8144322440944882
21
0.6855677559055118
0
LINE
8
BLACK
6
CONTINUOUS
10
1.8144322440944882
20
0.6855677559055118
11
1.81528937007874
21
0.6861404724409449
0
LINE
8
BLACK
6
CONTINUOUS
10
1.81528937007874
20
0.6861404724409449
11
1.8155886614173229
21
0.6864397637795275
0
LINE
8
BLACK
6
CONTINUOUS
10
1.8155886614173229
20
0.6864397637795275
11
1.8160267716535432
21
0.6866331889763779
0
LINE
8
BLACK
6
CONTINUOUS
10
1.8160267716535432
20
0.6866331889763779
11
1.8169867322834645
21
0.6872746456692913
0
LINE
8
BLACK
6
CONTINUOUS
10
1.8169867322834645
20
0.6872746456692913
11
1.8178833858267716
21
0.6874529921259842
0
LINE
8
BLACK
6
CONTINUOUS
10
1.8178833858267716
20
0.6874529921259842
11
1.8183411417322835
21
0.6876551181102362
0
LINE
8
BLACK
6
CONTINUOUS
10
1.8183411417322835
20
0.6876551181102362
11
1.8196809448818898
21
0.6878105511811023
0
LINE
8
BLACK
6
CONTINUOUS
10
1.8196809448818898
20
0.6878105511811023
11
1.8200000000000001
21
0.6878740157480315
0
LINE
8
BLACK
6
CONTINUOUS
10
1.8200000000000001
20
0.6878740157480315
11
1.8799999999999999
21
0.6878740157480315
0
LINE
8
BLACK
6
CONTINUOUS
10
1.8799999999999999
20
0.6878740157480315
11
1.8803191732283464
21
0.6878105118110236
0
LINE
8
BLACK
6
CONTINUOUS
10
0.1803191732283465
20
0.7878105118110236
11
0.1816588188976378
21
0.7876551181102363
0
LINE
8
BLACK
6
CONTINUOUS
10
0.1816588188976378
20
0.7876551181102363
11
0.1821164960629921
21
0.7874529921259842
0
LINE
8
BLACK
6
CONTINUOUS
10
0.1821164960629921
20
0.7874529921259842
11
0.1830132677165354
21
0.7872746456692913
0
LINE
8
BLACK
6
CONTINUOUS
10
0.1830132677165354
20
0.7872746456692913
11
0.1839732677165354
21
0.7866331496062992
0
LINE
8
BLACK
6
CONTINUOUS
10
0.1839732677165354
20
0.7866331496062992
11
0.1844112992125984
21
0.7864397637795275
0
LINE
8
BLACK
6
CONTINUOUS
10
0.1844112992125984
20
0.7864397637795275
11
0.1847104724409449
21
0.7861405511811024
0
LINE
8
BLACK
6
CONTINUOUS
10
0.1847104724409449
20
0.7861405511811024
11
0.1855677559055118
21
0.7855677559055118
0
LINE
8
BLACK
6
CONTINUOUS
10
0.1855677559055118
20
0.7855677559055118
11
0.1861405511811024
21
0.7847104724409448
0
LINE
8
BLACK
6
CONTINUOUS
10
0.1861405511811024
20
0.7847104724409448
11
0.1864397637795276
21
0.7844112992125984
0
LINE
8
BLACK
6
CONTINUOUS
10
0.1864397637795276
20
0.7844112992125984
11
0.1866331496062992
21
0.7839732677165354
0
LINE
8
BLACK
6
CONTINUOUS
10
0.1866331496062992
20
0.7839732677165354
11
0.1872746456692913
21
0.7830132677165355
0
LINE
8
BLACK
6
CONTINUOUS
10
0.1872746456692913
20
0.7830132677165355
11
0.1874529921259842
21
0.7821164960629922
0
LINE
8
BLACK
6
CONTINUOUS
10
0.1874529921259842
20
0.7821164960629922
11
0.1876551181102362
21
0.7816588188976378
0
LINE
8
BLACK
6
CONTINUOUS
10
0.1876551181102362
20
0.7816588188976378
11
0.1878105118110236
21
0.7803190944881889
0
LINE
8
BLACK
6
CONTINUOUS
10
0.1878105118110236
20
0.7803190944881889
11
0.1878740157480315
21
0.78
0
LINE
8
BLACK
6
CONTINUOUS
10
0.1878740157480315
20
0.78
11
0.1878740157480315
21
0.72
0
LINE
8
BLACK
6
CONTINUOUS
10
0.1878740157480315
20
0.72
11
0.1878105118110236
21
0.7196808661417322
0
LINE
8
BLACK
6
CONTINUOUS
10
0.1878105118110236
20
0.7196808661417322
11
0.1876551181102362
21
0.7183411417322835
0
LINE
8
BLACK
6
CONTINUOUS
10
0.1876551181102362
20
0.7183411417322835
11
0.1874529921259842
21
0.7178833858267717
0
LINE
8
BLACK
6
CONTINUOUS
10
0.1874529921259842
20
0.7178833858267717
11
0.1872746456692913
21
0.7169867322834645
0
LINE
8
BLACK
6
CONTINUOUS
10
0.1872746456692913
20
0.7169867322834645
11
0.186633188976378
21
0.7160267716535433
0
LINE
8
BLACK
6
CONTINUOUS
10
0.186633188976378
20
0.7160267716535433
11
0.1864397637795276
21
0.7155886614173228
0
LINE
8
BLACK
6
CONTINUOUS
10
0.1864397637795276
20
0.7155886614173228
11
0.1861404724409449
21
0.7152893700787402
0
LINE
8
BLACK
6
CONTINUOUS
10
0.1861404724409449
20
0.7152893700787402
11
0.1855677559055118
21
0.7144322440944881
0
LINE
8
BLACK
6
CONTINUOUS
10
0.1855677559055118
20
0.7144322440944881
11
0.1847105905511811
21
0.7138594881889764
0
LINE
8
BLACK
6
CONTINUOUS
10
0.1847105905511811
20
0.7138594881889764
11
0.1844112992125984
21
0.7135601968503937
0
LINE
8
BLACK
6
CONTINUOUS
10
0.1844112992125984
20
0.7135601968503937
11
0.1839731102362205
21
0.7133666929133858
0
LINE
8
BLACK
6
CONTINUOUS
10
0.1839731102362205
20
0.7133666929133858
11
0.1830132677165354
21
0.7127253543307086
0
LINE
8
BLACK
6
CONTINUOUS
10
0.1830132677165354
20
0.7127253543307086
11
0.1821166929133858
21
0.7125470078740157
0
LINE
8
BLACK
6
CONTINUOUS
10
0.1821166929133858
20
0.7125470078740157
11
0.1816588188976378
21
0.712344842519685
0
LINE
8
BLACK
6
CONTINUOUS
10
0.1816588188976378
20
0.712344842519685
11
0.1803186220472441
21
0.7121893307086614
0
LINE
8
BLACK
6
CONTINUOUS
10
0.1803186220472441
20
0.7121893307086614
11
0.18
21
0.7121259842519685
0
LINE
8
BLACK
6
CONTINUOUS
10
0.18
20
0.7121259842519685
11
0.1797723228346457
21
0.7121259842519685
0
LINE
8
BLACK
6
CONTINUOUS
10
0.1797723228346457
20
0.7121259842519685
11
0.1202277165354331
21
0.7121259842519685
0
LINE
8
BLACK
6
CONTINUOUS
10
0.1202277165354331
20
0.7121259842519685
11
0.12
21
0.7121259842519685
0
LINE
8
BLACK
6
CONTINUOUS
10
0.12
20
0.7121259842519685
11
0.1196813385826772
21
0.7121893307086614
0
LINE
8
BLACK
6
CONTINUOUS
10
0.1196813385826772
20
0.7121893307086614
11
0.1183411417322835
21
0.712344842519685
0
LINE
8
BLACK
6
CONTINUOUS
10
0.1183411417322835
20
0.712344842519685
11
0.1178832283464567
21
0.7125470078740157
0
LINE
8
BLACK
6
CONTINUOUS
10
0.1178832283464567
20
0.7125470078740157
11
0.1169867322834646
21
0.7127253543307086
0
LINE
8
BLACK
6
CONTINUOUS
10
0.1169867322834646
20
0.7127253543307086
11
0.1160269291338583
21
0.7133666535433071
0
LINE
8
BLACK
6
CONTINUOUS
10
0.1160269291338583
20
0.7133666535433071
11
0.1155886614173228
21
0.7135601968503937
0
LINE
8
BLACK
6
CONTINUOUS
10
0.1155886614173228
20
0.7135601968503937
11
0.1152892519685039
21
0.7138595669291339
0
LINE
8
BLACK
6
CONTINUOUS
10
0.1152892519685039
20
0.7138595669291339
11
0.1144322440944882
21
0.7144322440944881
0
LINE
8
BLACK
6
CONTINUOUS
10
0.1144322440944882
20
0.7144322440944881
11
0.1138595669291339
21
0.7152892519685039
0
LINE
8
BLACK
6
CONTINUOUS
10
0.1138595669291339
20
0.7152892519685039
11
0.1135601968503937
21
0.7155886614173228
0
LINE
8
BLACK
6
CONTINUOUS
10
0.1135601968503937
20
0.7155886614173228
11
0.1133666535433071
21
0.7160269291338582
0
LINE
8
BLACK
6
CONTINUOUS
10
0.1133666535433071
20
0.7160269291338582
11
0.1127253543307087
21
0.7169867322834645
0
LINE
8
BLACK
6
CONTINUOUS
10
0.1127253543307087
20
0.7169867322834645
11
0.1125470078740157
21
0.7178832283464567
0
LINE
8
BLACK
6
CONTINUOUS
10
0.1125470078740157
20
0.7178832283464567
11
0.112344842519685
21
0.7183411417322835
0
LINE
8
BLACK
6
CONTINUOUS
10
0.112344842519685
20
0.7183411417322835
11
0.1121893307086614
21
0.7196814173228346
0
LINE
8
BLACK
6
CONTINUOUS
10
0.1121893307086614
20
0.7196814173228346
11
0.1121259842519685
21
0.72
0
LINE
8
BLACK
6
CONTINUOUS
10
0.1121259842519685
20
0.72
11
0.1121259842519685
21
0.78
0
LINE
8
BLACK
6
CONTINUOUS
10
0.1121259842519685
20
0.78
11
0.1121893700787401
21
0.7803187007874015
0
LINE
8
BLACK
6
CONTINUOUS
10
0.1121893700787401
20
0.7803187007874015
11
0.112344842519685
21
0.7816588188976378
0
LINE
8
BLACK
6
CONTINUOUS
10
0.112344842519685
20
0.7816588188976378
11
0.1125470078740157
21
0.7821166929133858
0
LINE
8
BLACK
6
CONTINUOUS
10
0.1125470078740157
20
0.7821166929133858
11
0.1127253543307087
21
0.7830132677165355
0
LINE
8
BLACK
6
CONTINUOUS
10
0.1127253543307087
20
0.7830132677165355
11
0.1133666929133858
21
0.7839731102362204
0
LINE
8
BLACK
6
CONTINUOUS
10
0.1133666929133858
20
0.7839731102362204
11
0.1135601968503937
21
0.7844112992125984
0
LINE
8
BLACK
6
CONTINUOUS
10
0.1135601968503937
20
0.7844112992125984
11
0.1138594881889764
21
0.7847105905511811
0
LINE
8
BLACK
6
CONTINUOUS
10
0.1138594881889764
20
0.7847105905511811
11
0.1144322440944882
21
0.7855677559055118
0
LINE
8
BLACK
6
CONTINUOUS
10
0.1144322440944882
20
0.7855677559055118
11
0.1152893700787402
21
0.7861404724409449
0
LINE
8
BLACK
6
CONTINUOUS
10
0.1152893700787402
20
0.7861404724409449
11
0.1155886614173228
21
0.7864397637795275
0
LINE
8
BLACK
6
CONTINUOUS
10
0.1155886614173228
20
0.7864397637795275
11
0.1160267716535433
21
0.7866331889763779
0
LINE
8
BLACK
6
CONTINUOUS
10
0.1160267716535433
20
0.7866331889763779
11
0.1169867322834646
21
0.7872746456692913
0
LINE
8
BLACK
6
CONTINUOUS
10
0.1169867322834646
20
0.7872746456692913
11
0.1178833858267716
21
0.7874529921259842
0
LINE
8
BLACK
6
CONTINUOUS
10
0.1178833858267716
20
0.7874529921259842
11
0.1183411417322835
21
0.7876551181102363
0
LINE
8
BLACK
6
CONTINUOUS
10
0.1183411417322835
20
0.7876551181102363
11
0.1196809448818898
21
0.7878105511811023
0
LINE
8
BLACK
6
CONTINUOUS
10
0.1196809448818898
20
0.7878105511811023
11
0.12
21
0.7878740157480315
0
LINE
8
BLACK
6
CONTINUOUS
10
0.12
20
0.7878740157480315
11
0.18
21
0.7878740157480315
0
LINE
8
BLACK
6
CONTINUOUS
10
0.18
20
0.7878740157480315
11
0.1803191732283465
21
0.7878105118110236
0
LINE
8
BLACK
6
CONTINUOUS
10
0.2803191732283464
20
0.7878105118110236
11
0.2816588188976378
21
0.7876551181102363
0
LINE
8
BLACK
6
CONTINUOUS
10
0.2816588188976378
20
0.7876551181102363
11
0.2821164960629921
21
0.7874529921259842
0
LINE
8
BLACK
6
CONTINUOUS
10
0.2821164960629921
20
0.7874529921259842
11
0.2830132677165354
21
0.7872746456692913
0
LINE
8
BLACK
6
CONTINUOUS
10
0.2830132677165354
20
0.7872746456692913
11
0.2839732677165354
21
0.7866331496062992
0
LINE
8
BLACK
6
CONTINUOUS
10
0.2839732677165354
20
0.7866331496062992
11
0.2844112992125984
21
0.7864397637795275
0
LINE
8
BLACK
6
CONTINUOUS
10
0.2844112992125984
20
0.7864397637795275
11
0.2847104724409449
21
0.7861405511811024
0
LINE
8
BLACK
6
CONTINUOUS
10
0.2847104724409449
20
0.7861405511811024
11
0.2855677559055118
21
0.7855677559055118
0
LINE
8
BLACK
6
CONTINUOUS
10
0.2855677559055118
20
0.7855677559055118
11
0.2861405511811024
21
0.7847104724409448
0
LINE
8
BLACK
6
CONTINUOUS
10
0.2861405511811024
20
0.7847104724409448
11
0.2864397637795276
21
0.7844112992125984
0
LINE
8
BLACK
6
CONTINUOUS
10
0.2864397637795276
20
0.7844112992125984
11
0.2866331496062992
21
0.7839732677165354
0
LINE
8
BLACK
6
CONTINUOUS
10
0.2866331496062992
20
0.7839732677165354
11
0.2872746456692913
21
0.7830132677165355
0
LINE
8
BLACK
6
CONTINUOUS
10
0.2872746456692913
20
0.7830132677165355
11
0.2874529921259842
21
0.7821164960629922
0
LINE
8
BLACK
6
CONTINUOUS
10
0.2874529921259842
20
0.7821164960629922
11
0.2876551181102362
21
0.7816588188976378
0
LINE
8
BLACK
6
CONTINUOUS
10
0.2876551181102362
20
0.7816588188976378
11
0.2878105118110236
21
0.7803190944881889
0
LINE
8
BLACK
6
CONTINUOUS
10
0.2878105118110236
20
0.7803190944881889
11
0.2878740157480315
21
0.78
0
LINE
8
BLACK
6
CONTINUOUS
10
0.2878740157480315
20
0.78
11
0.2878740157480315
21
0.72
0
LINE
8
BLACK
6
CONTINUOUS
10
0.2878740157480315
20
0.72
11
0.2878105118110236
21
0.7196808661417322
0
LINE
8
BLACK
6
CONTINUOUS
10
0.2878105118110236
20
0.7196808661417322
11
0.2876551181102362
21
0.7183411417322835
0
LINE
8
BLACK
6
CONTINUOUS
10
0.2876551181102362
20
0.7183411417322835
11
0.2874529921259842
21
0.7178833858267717
0
LINE
8
BLACK
6
CONTINUOUS
10
0.2874529921259842
20
0.7178833858267717
11
0.2872746456692913
21
0.7169867322834645
0
LINE
8
BLACK
6
CONTINUOUS
10
0.2872746456692913
20
0.7169867322834645
11
0.286633188976378
21
0.7160267716535433
0
LINE
8
BLACK
6
CONTINUOUS
10
0.286633188976378
20
0.7160267716535433
11
0.2864397637795276
21
0.7155886614173228
0
LINE
8
BLACK
6
CONTINUOUS
10
0.2864397637795276
20
0.7155886614173228
11
0.2861404724409449
21
0.7152893700787402
0
LINE
8
BLACK
6
CONTINUOUS
10
0.2861404724409449
20
0.7152893700787402
11
0.2855677559055118
21
0.7144322440944881
0
LINE
8
BLACK
6
CONTINUOUS
10
0.2855677559055118
20
0.7144322440944881
11
0.2847105905511811
21
0.7138594881889764
0
LINE
8
BLACK
6
CONTINUOUS
10
0.2847105905511811
20
0.7138594881889764
11
0.2844112992125984
21
0.7135601968503937
0
LINE
8
BLACK
6
CONTINUOUS
10
0.2844112992125984
20
0.7135601968503937
11
0.2839731102362205
21
0.7133666929133858
0
LINE
8
BLACK
6
CONTINUOUS
10
0.2839731102362205
20
0.7133666929133858
11
0.2830132677165354
21
0.7127253543307086
0
LINE
8
BLACK
6
CONTINUOUS
10
0.2830132677165354
20
0.7127253543307086
11
0.2821166929133858
21
0.7125470078740157
0
LINE
8
BLACK
6
CONTINUOUS
10
0.2821166929133858
20
0.7125470078740157
11
0.2816588188976378
21
0.712344842519685
0
LINE
8
BLACK
6
CONTINUOUS
10
0.2816588188976378
20
0.712344842519685
11
0.2803186220472441
21
0.7121893307086614
0
LINE
8
BLACK
6
CONTINUOUS
10
0.2803186220472441
20
0.7121893307086614
11
0.28
21
0.7121259842519685
0
LINE
8
BLACK
6
CONTINUOUS
10
0.28
20
0.7121259842519685
11
0.2797723228346456
21
0.7121259842519685
0
LINE
8
BLACK
6
CONTINUOUS
10
0.2797723228346456
20
0.7121259842519685
11
0.2202277165354331
21
0.7121259842519685
0
LINE
8
BLACK
6
CONTINUOUS
10
0.2202277165354331
20
0.7121259842519685
11
0.22
21
0.7121259842519685
0
LINE
8
BLACK
6
CONTINUOUS
10
0.22
20
0.7121259842519685
11
0.2196813385826772
21
0.7121893307086614
0
LINE
8
BLACK
6
CONTINUOUS
10
0.2196813385826772
20
0.7121893307086614
11
0.2183411417322835
21
0.712344842519685
0
LINE
8
BLACK
6
CONTINUOUS
10
0.2183411417322835
20
0.712344842519685
11
0.2178832283464567
21
0.7125470078740157
0
LINE
8
BLACK
6
CONTINUOUS
10
0.2178832283464567
20
0.7125470078740157
11
0.2169867322834646
21
0.7127253543307086
0
LINE
8
BLACK
6
CONTINUOUS
10
0.2169867322834646
20
0.7127253543307086
11
0.2160269291338583
21
0.7133666535433071
0
LINE
8
BLACK
6
CONTINUOUS
10
0.2160269291338583
20
0.7133666535433071
11
0.2155886614173228
21
0.7135601968503937
0
LINE
8
BLACK
6
CONTINUOUS
10
0.2155886614173228
20
0.7135601968503937
11
0.2152892519685039
21
0.7138595669291339
0
LINE
8
BLACK
6
CONTINUOUS
10
0.2152892519685039
20
0.7138595669291339
11
0.2144322440944882
21
0.7144322440944881
0
LINE
8
BLACK
6
CONTINUOUS
10
0.2144322440944882
20
0.7144322440944881
11
0.2138595669291339
21
0.7152892519685039
0
LINE
8
BLACK
6
CONTINUOUS
10
0.2138595669291339
20
0.7152892519685039
11
0.2135601968503937
21
0.7155886614173228
0
LINE
8
BLACK
6
CONTINUOUS
10
0.2135601968503937
20
0.7155886614173228
11
0.2133666535433071
21
0.7160269291338582
0
LINE
8
BLACK
6
CONTINUOUS
10
0.2133666535433071
20
0.7160269291338582
11
0.2127253543307087
21
0.7169867322834645
0
LINE
8
BLACK
6
CONTINUOUS
10
0.2127253543307087
20
0.7169867322834645
11
0.2125470078740157
21
0.7178832283464567
0
LINE
8
BLACK
6
CONTINUOUS
10
0.2125470078740157
20
0.7178832283464567
11
0.212344842519685
21
0.7183411417322835
0
LINE
8
BLACK
6
CONTINUOUS
10
0.212344842519685
20
0.7183411417322835
11
0.2121893307086614
21
0.7196814173228346
0
LINE
8
BLACK
6
CONTINUOUS
10
0.2121893307086614
20
0.7196814173228346
11
0.2121259842519685
21
0.72
0
LINE
8
BLACK
6
CONTINUOUS
10
0.2121259842519685
20
0.72
11
0.2121259842519685
21
0.78
0
LINE
8
BLACK
6
CONTINUOUS
10
0.2121259842519685
20
0.78
11
0.2121893700787401
21
0.7803187007874015
0
LINE
8
BLACK
6
CONTINUOUS
10
0.2121893700787401
20
0.7803187007874015
11
0.212344842519685
21
0.7816588188976378
0
LINE
8
BLACK
6
CONTINUOUS
10
0.212344842519685
20
0.7816588188976378
11
0.2125470078740157
21
0.7821166929133858
0
LINE
8
BLACK
6
CONTINUOUS
10
0.2125470078740157
20
0.7821166929133858
11
0.2127253543307087
21
0.7830132677165355
0
LINE
8
BLACK
6
CONTINUOUS
10
0.2127253543307087
20
0.7830132677165355
11
0.2133666929133858
21
0.7839731102362204
0
LINE
8
BLACK
6
CONTINUOUS
10
0.2133666929133858
20
0.7839731102362204
11
0.2135601968503937
21
0.7844112992125984
0
LINE
8
BLACK
6
CONTINUOUS
10
0.2135601968503937
20
0.7844112992125984
11
0.2138594881889764
21
0.7847105905511811
0
LINE
8
BLACK
6
CONTINUOUS
10
0.2138594881889764
20
0.7847105905511811
11
0.2144322440944882
21
0.7855677559055118
0
LINE
8
BLACK
6
CONTINUOUS
10
0.2144322440944882
20
0.7855677559055118
11
0.2152893700787402
21
0.7861404724409449
0
LINE
8
BLACK
6
CONTINUOUS
10
0.2152893700787402
20
0.7861404724409449
11
0.2155886614173228
21
0.7864397637795275
0
LINE
8
BLACK
6
CONTINUOUS
10
0.2155886614173228
20
0.7864397637795275
11
0.2160267716535433
21
0.7866331889763779
0
LINE
8
BLACK
6
CONTINUOUS
10
0.2160267716535433
20
0.7866331889763779
11
0.2169867322834646
21
0.7872746456692913
0
LINE
8
BLACK
6
CONTINUOUS
10
0.2169867322834646
20
0.7872746456692913
11
0.2178833858267716
21
0.7874529921259842
0
LINE
8
BLACK
6
CONTINUOUS
10
0.2178833858267716
20
0.7874529921259842
11
0.2183411417322835
21
0.7876551181102363
0
LINE
8
BLACK
6
CONTINUOUS
10
0.2183411417322835
20
0.7876551181102363
11
0.2196809448818898
21
0.7878105511811023
0
LINE
8
BLACK
6
CONTINUOUS
10
0.2196809448818898
20
0.7878105511811023
11
0.22
21
0.7878740157480315
0
LINE
8
BLACK
6
CONTINUOUS
10
0.22
20
0.7878740157480315
11
0.28
21
0.7878740157480315
0
LINE
8
BLACK
6
CONTINUOUS
10
0.28
20
0.7878740157480315
11
0.2803191732283464
21
0.7878105118110236
0
LINE
8
BLACK
6
CONTINUOUS
10
1.7803191732283463
20
0.7878105118110236
11
1.7816588188976377
21
0.7876551181102363
0
LINE
8
BLACK
6
CONTINUOUS
10
1.7816588188976377
20
0.7876551181102363
11
1.7821164960629921
21
0.7874529921259842
0
LINE
8
BLACK
6
CONTINUOUS
10
1.7821164960629921
20
0.7874529921259842
11
1.7830132677165353
21
0.7872746456692913
0
LINE
8
BLACK
6
CONTINUOUS
10
1.7830132677165353
20
0.7872746456692913
11
1.7839732677165354
21
0.7866331496062992
0
LINE
8
BLACK
6
CONTINUOUS
10
1.7839732677165354
20
0.7866331496062992
11
1.7844112992125984
21
0.7864397637795275
0
LINE
8
BLACK
6
CONTINUOUS
10
1.7844112992125984
20
0.7864397637795275
11
1.7847104724409448
21
0.7861405511811024
0
LINE
8
BLACK
6
CONTINUOUS
10
1.7847104724409448
20
0.7861405511811024
11
1.7855677559055119
21
0.7855677559055118
0
LINE
8
BLACK
6
CONTINUOUS
10
1.7855677559055119
20
0.7855677559055118
11
1.7861405511811024
21
0.7847104724409448
0
LINE
8
BLACK
6
CONTINUOUS
10
1.7861405511811024
20
0.7847104724409448
11
1.7864397637795275
21
0.7844112992125984
0
LINE
8
BLACK
6
CONTINUOUS
10
1.7864397637795275
20
0.7844112992125984
11
1.7866331496062993
21
0.7839732677165354
0
LINE
8
BLACK
6
CONTINUOUS
10
1.7866331496062993
20
0.7839732677165354
11
1.7872746456692914
21
0.7830132677165355
0
LINE
8
BLACK
6
CONTINUOUS
10
1.7872746456692914
20
0.7830132677165355
11
1.7874529921259843
21
0.7821164960629922
0
LINE
8
BLACK
6
CONTINUOUS
10
1.7874529921259843
20
0.7821164960629922
11
1.7876551181102363
21
0.7816588188976378
0
LINE
8
BLACK
6
CONTINUOUS
10
1.7876551181102363
20
0.7816588188976378
11
1.7878105118110237
21
0.7803190944881889
0
LINE
8
BLACK
6
CONTINUOUS
10
1.7878105118110237
20
0.7803190944881889
11
1.7878740157480315
21
0.78
0
LINE
8
BLACK
6
CONTINUOUS
10
1.7878740157480315
20
0.78
11
1.7878740157480315
21
0.72
0
LINE
8
BLACK
6
CONTINUOUS
10
1.7878740157480315
20
0.72
11
1.7878105118110237
21
0.7196808661417322
0
LINE
8
BLACK
6
CONTINUOUS
10
1.7878105118110237
20
0.7196808661417322
11
1.7876551181102363
21
0.7183411417322835
0
LINE
8
BLACK
6
CONTINUOUS
10
1.7876551181102363
20
0.7183411417322835
11
1.7874529921259843
21
0.7178833858267717
0
LINE
8
BLACK
6
CONTINUOUS
10
1.7874529921259843
20
0.7178833858267717
11
1.7872746456692914
21
0.7169867322834645
0
LINE
8
BLACK
6
CONTINUOUS
10
1.7872746456692914
20
0.7169867322834645
11
1.786633188976378
21
0.7160267716535433
0
LINE
8
BLACK
6
CONTINUOUS
10
1.786633188976378
20
0.7160267716535433
11
1.7864397637795275
21
0.7155886614173228
0
LINE
8
BLACK
6
CONTINUOUS
10
1.7864397637795275
20
0.7155886614173228
11
1.7861404724409449
21
0.7152893700787402
0
LINE
8
BLACK
6
CONTINUOUS
10
1.7861404724409449
20
0.7152893700787402
11
1.7855677559055119
21
0.7144322440944881
0
LINE
8
BLACK
6
CONTINUOUS
10
1.7855677559055119
20
0.7144322440944881
11
1.7847105905511811
21
0.7138594881889764
0
LINE
8
BLACK
6
CONTINUOUS
10
1.7847105905511811
20
0.7138594881889764
11
1.7844112992125984
21
0.7135601968503937
0
LINE
8
BLACK
6
CONTINUOUS
10
1.7844112992125984
20
0.7135601968503937
11
1.7839731102362204
21
0.7133666929133858
0
LINE
8
BLACK
6
CONTINUOUS
10
1.7839731102362204
20
0.7133666929133858
11
1.7830132677165353
21
0.7127253543307086
0
LINE
8
BLACK
6
CONTINUOUS
10
1.7830132677165353
20
0.7127253543307086
11
1.7821166929133858
21
0.7125470078740157
0
LINE
8
BLACK
6
CONTINUOUS
10
1.7821166929133858
20
0.7125470078740157
11
1.7816588188976377
21
0.712344842519685
0
LINE
8
BLACK
6
CONTINUOUS
10
1.7816588188976377
20
0.712344842519685
11
1.780318622047244
21
0.7121893307086614
0
LINE
8
BLACK
6
CONTINUOUS
10
1.780318622047244
20
0.7121893307086614
11
1.78
21
0.7121259842519685
0
LINE
8
BLACK
6
CONTINUOUS
10
1.78
20
0.7121259842519685
11
1.7797723228346456
21
0.7121259842519685
0
LINE
8
BLACK
6
CONTINUOUS
10
1.7797723228346456
20
0.7121259842519685
11
1.7202277165354329
21
0.7121259842519685
0
LINE
8
BLACK
6
CONTINUOUS
10
1.7202277165354329
20
0.7121259842519685
11
1.72
21
0.7121259842519685
0
LINE
8
BLACK
6
CONTINUOUS
10
1.72
20
0.7121259842519685
11
1.719681338582677
21
0.7121893307086614
0
LINE
8
BLACK
6
CONTINUOUS
10
1.719681338582677
20
0.7121893307086614
11
1.7183411417322834
21
0.712344842519685
0
LINE
8
BLACK
6
CONTINUOUS
10
1.7183411417322834
20
0.712344842519685
11
1.7178832283464567
21
0.7125470078740157
0
LINE
8
BLACK
6
CONTINUOUS
10
1.7178832283464567
20
0.7125470078740157
11
1.7169867322834644
21
0.7127253543307086
0
LINE
8
BLACK
6
CONTINUOUS
10
1.7169867322834644
20
0.7127253543307086
11
1.7160269291338581
21
0.7133666535433071
0
LINE
8
BLACK
6
CONTINUOUS
10
1.7160269291338581
20
0.7133666535433071
11
1.7155886614173228
21
0.7135601968503937
0
LINE
8
BLACK
6
CONTINUOUS
10
1.7155886614173228
20
0.7135601968503937
11
1.7152892519685039
21
0.7138595669291339
0
LINE
8
BLACK
6
CONTINUOUS
10
1.7152892519685039
20
0.7138595669291339
11
1.7144322440944881
21
0.7144322440944881
0
LINE
8
BLACK
6
CONTINUOUS
10
1.7144322440944881
20
0.7144322440944881
11
1.7138595669291339
21
0.7152892519685039
0
LINE
8
BLACK
6
CONTINUOUS
10
1.7138595669291339
20
0.7152892519685039
11
1.7135601968503937
21
0.7155886614173228
0
LINE
8
BLACK
6
CONTINUOUS
10
1.7135601968503937
20
0.7155886614173228
11
1.713366653543307
21
0.7160269291338582
0
LINE
8
BLACK
6
CONTINUOUS
10
1.713366653543307
20
0.7160269291338582
11
1.7127253543307086
21
0.7169867322834645
0
LINE
8
BLACK
6
CONTINUOUS
10
1.7127253543307086
20
0.7169867322834645
11
1.7125470078740157
21
0.7178832283464567
0
LINE
8
BLACK
6
CONTINUOUS
10
1.7125470078740157
20
0.7178832283464567
11
1.712344842519685
21
0.7183411417322835
0
LINE
8
BLACK
6
CONTINUOUS
10
1.712344842519685
20
0.7183411417322835
11
1.7121893307086613
21
0.7196814173228346
0
LINE
8
BLACK
6
CONTINUOUS
10
1.7121893307086613
20
0.7196814173228346
11
1.7121259842519685
21
0.72
0
LINE
8
BLACK
6
CONTINUOUS
10
1.7121259842519685
20
0.72
11
1.7121259842519685
21
0.78
0
LINE
8
BLACK
6
CONTINUOUS
10
1.7121259842519685
20
0.78
11
1.7121893700787401
21
0.7803187007874015
0
LINE
8
BLACK
6
CONTINUOUS
10
1.7121893700787401
20
0.7803187007874015
11
1.712344842519685
21
0.7816588188976378
0
LINE
8
BLACK
6
CONTINUOUS
10
1.712344842519685
20
0.7816588188976378
11
1.7125470078740157
21
0.7821166929133858
0
LINE
8
BLACK
6
CONTINUOUS
10
1.7125470078740157
20
0.7821166929133858
11
1.7127253543307086
21
0.7830132677165355
0
LINE
8
BLACK
6
CONTINUOUS
10
1.7127253543307086
20
0.7830132677165355
11
1.7133666929133857
21
0.7839731102362204
0
LINE
8
BLACK
6
CONTINUOUS
10
1.7133666929133857
20
0.7839731102362204
11
1.7135601968503937
21
0.7844112992125984
0
LINE
8
BLACK
6
CONTINUOUS
10
1.7135601968503937
20
0.7844112992125984
11
1.7138594881889764
21
0.7847105905511811
0
LINE
8
BLACK
6
CONTINUOUS
10
1.7138594881889764
20
0.7847105905511811
11
1.7144322440944881
21
0.7855677559055118
0
LINE
8
BLACK
6
CONTINUOUS
10
1.7144322440944881
20
0.7855677559055118
11
1.7152893700787402
21
0.7861404724409449
0
LINE
8
BLACK
6
CONTINUOUS
10
1.7152893700787402
20
0.7861404724409449
11
1.7155886614173228
21
0.7864397637795275
0
LINE
8
BLACK
6
CONTINUOUS
10
1.7155886614173228
20
0.7864397637795275
11
1.7160267716535433
21
0.7866331889763779
0
LINE
8
BLACK
6
CONTINUOUS
10
1.7160267716535433
20
0.7866331889763779
11
1.7169867322834644
21
0.7872746456692913
0
LINE
8
BLACK
6
CONTINUOUS
10
1.7169867322834644
20
0.7872746456692913
11
1.7178833858267717
21
0.7874529921259842
0
LINE
8
BLACK
6
CONTINUOUS
10
1.7178833858267717
20
0.7874529921259842
11
1.7183411417322834
21
0.7876551181102363
0
LINE
8
BLACK
6
CONTINUOUS
10
1.7183411417322834
20
0.7876551181102363
11
1.7196809448818897
21
0.7878105511811023
0
LINE
8
BLACK
6
CONTINUOUS
10
1.7196809448818897
20
0.7878105511811023
11
1.72
21
0.7878740157480315
0
LINE
8
BLACK
6
CONTINUOUS
10
1.72
20
0.7878740157480315
11
1.78
21
0.7878740157480315
0
LINE
8
BLACK
6
CONTINUOUS
10
1.78
20
0.7878740157480315
11
1.7803191732283463
21
0.7878105118110236
0
LINE
8
BLACK
6
CONTINUOUS
10
1.8803191732283464
20
0.7878105118110236
11
1.8816588188976378
21
0.7876551181102363
0
LINE
8
BLACK
6
CONTINUOUS
10
1.8816588188976378
20
0.7876551181102363
11
1.8821164960629921
21
0.7874529921259842
0
LINE
8
BLACK
6
CONTINUOUS
10
1.8821164960629921
20
0.7874529921259842
11
1.8830132677165354
21
0.7872746456692913
0
LINE
8
BLACK
6
CONTINUOUS
10
1.8830132677165354
20
0.7872746456692913
11
1.8839732677165353
21
0.7866331496062992
0
LINE
8
BLACK
6
CONTINUOUS
10
1.8839732677165353
20
0.7866331496062992
11
1.8844112992125983
21
0.7864397637795275
0
LINE
8
BLACK
6
CONTINUOUS
10
1.8844112992125983
20
0.7864397637795275
11
1.8847104724409449
21
0.7861405511811024
0
LINE
8
BLACK
6
CONTINUOUS
10
1.8847104724409449
20
0.7861405511811024
11
1.8855677559055117
21
0.7855677559055118
0
LINE
8
BLACK
6
CONTINUOUS
10
1.8855677559055117
20
0.7855677559055118
11
1.8861405511811022
21
0.7847104724409448
0
LINE
8
BLACK
6
CONTINUOUS
10
1.8861405511811022
20
0.7847104724409448
11
1.8864397637795276
21
0.7844112992125984
0
LINE
8
BLACK
6
CONTINUOUS
10
1.8864397637795276
20
0.7844112992125984
11
1.8866331496062991
21
0.7839732677165354
0
LINE
8
BLACK
6
CONTINUOUS
10
1.8866331496062991
20
0.7839732677165354
11
1.8872746456692913
21
0.7830132677165355
0
LINE
8
BLACK
6
CONTINUOUS
10
1.8872746456692913
20
0.7830132677165355
11
1.8874529921259842
21
0.7821164960629922
0
LINE
8
BLACK
6
CONTINUOUS
10
1.8874529921259842
20
0.7821164960629922
11
1.8876551181102361
21
0.7816588188976378
0
LINE
8
BLACK
6
CONTINUOUS
10
1.8876551181102361
20
0.7816588188976378
11
1.8878105118110236
21
0.7803190944881889
0
LINE
8
BLACK
6
CONTINUOUS
10
1.8878105118110236
20
0.7803190944881889
11
1.8878740157480314
21
0.78
0
LINE
8
BLACK
6
CONTINUOUS
10
1.8878740157480314
20
0.78
11
1.8878740157480314
21
0.72
0
LINE
8
BLACK
6
CONTINUOUS
10
1.8878740157480314
20
0.72
11
1.8878105118110236
21
0.7196808661417322
0
LINE
8
BLACK
6
CONTINUOUS
10
1.8878105118110236
20
0.7196808661417322
11
1.8876551181102361
21
0.7183411417322835
0
LINE
8
BLACK
6
CONTINUOUS
10
1.8876551181102361
20
0.7183411417322835
11
1.8874529921259842
21
0.7178833858267717
0
LINE
8
BLACK
6
CONTINUOUS
10
1.8874529921259842
20
0.7178833858267717
11
1.8872746456692913
21
0.7169867322834645
0
LINE
8
BLACK
6
CONTINUOUS
10
1.8872746456692913
20
0.7169867322834645
11
1.8866331889763779
21
0.7160267716535433
0
LINE
8
BLACK
6
CONTINUOUS
10
1.8866331889763779
20
0.7160267716535433
11
1.8864397637795276
21
0.7155886614173228
0
LINE
8
BLACK
6
CONTINUOUS
10
1.8864397637795276
20
0.7155886614173228
11
1.8861404724409447
21
0.7152893700787402
0
LINE
8
BLACK
6
CONTINUOUS
10
1.8861404724409447
20
0.7152893700787402
11
1.8855677559055117
21
0.7144322440944881
0
LINE
8
BLACK
6
CONTINUOUS
10
1.8855677559055117
20
0.7144322440944881
11
1.884710590551181
21
0.7138594881889764
0
LINE
8
BLACK
6
CONTINUOUS
10
1.884710590551181
20
0.7138594881889764
11
1.8844112992125983
21
0.7135601968503937
0
LINE
8
BLACK
6
CONTINUOUS
10
1.8844112992125983
20
0.7135601968503937
11
1.8839731102362205
21
0.7133666929133858
0
LINE
8
BLACK
6
CONTINUOUS
10
1.8839731102362205
20
0.7133666929133858
11
1.8830132677165354
21
0.7127253543307086
0
LINE
8
BLACK
6
CONTINUOUS
10
1.8830132677165354
20
0.7127253543307086
11
1.8821166929133857
21
0.7125470078740157
0
LINE
8
BLACK
6
CONTINUOUS
10
1.8821166929133857
20
0.7125470078740157
11
1.8816588188976378
21
0.712344842519685
0
LINE
8
BLACK
6
CONTINUOUS
10
1.8816588188976378
20
0.712344842519685
11
1.8803186220472441
21
0.7121893307086614
0
LINE
8
BLACK
6
CONTINUOUS
10
1.8803186220472441
20
0.7121893307086614
11
1.8799999999999999
21
0.7121259842519685
0
LINE
8
BLACK
6
CONTINUOUS
10
1.8799999999999999
20
0.7121259842519685
11
1.8797723228346457
21
0.7121259842519685
0
LINE
8
BLACK
6
CONTINUOUS
10
1.8797723228346457
20
0.7121259842519685
11
1.820227716535433
21
0.7121259842519685
0
LINE
8
BLACK
6
CONTINUOUS
10
1.820227716535433
20
0.7121259842519685
11
1.8200000000000001
21
0.7121259842519685
0
LINE
8
BLACK
6
CONTINUOUS
10
1.8200000000000001
20
0.7121259842519685
11
1.8196813385826771
21
0.7121893307086614
0
LINE
8
BLACK
6
CONTINUOUS
10
1.8196813385826771
20
0.7121893307086614
11
1.8183411417322835
21
0.712344842519685
0
LINE
8
BLACK
6
CONTINUOUS
10
1.8183411417322835
20
0.712344842519685
11
1.8178832283464565
21
0.7125470078740157
0
LINE
8
BLACK
6
CONTINUOUS
10
1.8178832283464565
20
0.7125470078740157
11
1.8169867322834645
21
0.7127253543307086
0
LINE
8
BLACK
6
CONTINUOUS
10
1.8169867322834645
20
0.7127253543307086
11
1.8160269291338582
21
0.7133666535433071
0
LINE
8
BLACK
6
CONTINUOUS
10
1.8160269291338582
20
0.7133666535433071
11
1.8155886614173229
21
0.7135601968503937
0
LINE
8
BLACK
6
CONTINUOUS
10
1.8155886614173229
20
0.7135601968503937
11
1.815289251968504
21
0.7138595669291339
0
LINE
8
BLACK
6
CONTINUOUS
10
1.815289251968504
20
0.7138595669291339
11
1.8144322440944882
21
0.7144322440944881
0
LINE
8
BLACK
6
CONTINUOUS
10
1.8144322440944882
20
0.7144322440944881
11
1.8138595669291337
21
0.7152892519685039
0
LINE
8
BLACK
6
CONTINUOUS
10
1.8138595669291337
20
0.7152892519685039
11
1.8135601968503936
21
0.7155886614173228
0
LINE
8
BLACK
6
CONTINUOUS
10
1.8135601968503936
20
0.7155886614173228
11
1.8133666535433071
21
0.7160269291338582
0
LINE
8
BLACK
6
CONTINUOUS
10
1.8133666535433071
20
0.7160269291338582
11
1.8127253543307087
21
0.7169867322834645
0
LINE
8
BLACK
6
CONTINUOUS
10
1.8127253543307087
20
0.7169867322834645
11
1.8125470078740158
21
0.7178832283464567
0
LINE
8
BLACK
6
CONTINUOUS
10
1.8125470078740158
20
0.7178832283464567
11
1.8123448425196851
21
0.7183411417322835
0
LINE
8
BLACK
6
CONTINUOUS
10
1.8123448425196851
20
0.7183411417322835
11
1.8121893307086614
21
0.7196814173228346
0
LINE
8
BLACK
6
CONTINUOUS
10
1.8121893307086614
20
0.7196814173228346
11
1.8121259842519684
21
0.72
0
LINE
8
BLACK
6
CONTINUOUS
10
1.8121259842519684
20
0.72
11
1.8121259842519684
21
0.78
0
LINE
8
BLACK
6
CONTINUOUS
10
1.8121259842519684
20
0.78
11
1.8121893700787401
21
0.7803187007874015
0
LINE
8
BLACK
6
CONTINUOUS
10
1.8121893700787401
20
0.7803187007874015
11
1.8123448425196851
21
0.7816588188976378
0
LINE
8
BLACK
6
CONTINUOUS
10
1.8123448425196851
20
0.7816588188976378
11
1.8125470078740158
21
0.7821166929133858
0
LINE
8
BLACK
6
CONTINUOUS
10
1.8125470078740158
20
0.7821166929133858
11
1.8127253543307087
21
0.7830132677165355
0
LINE
8
BLACK
6
CONTINUOUS
10
1.8127253543307087
20
0.7830132677165355
11
1.8133666929133858
21
0.7839731102362204
0
LINE
8
BLACK
6
CONTINUOUS
10
1.8133666929133858
20
0.7839731102362204
11
1.8135601968503936
21
0.7844112992125984
0
LINE
8
BLACK
6
CONTINUOUS
10
1.8135601968503936
20
0.7844112992125984
11
1.8138594881889762
21
0.7847105905511811
0
LINE
8
BLACK
6
CONTINUOUS
10
1.8138594881889762
20
0.7847105905511811
11
1.8144322440944882
21
0.7855677559055118
0
LINE
8
BLACK
6
CONTINUOUS
10
1.8144322440944882
20
0.7855677559055118
11
1.81528937007874
21
0.7861404724409449
0
LINE
8
BLACK
6
CONTINUOUS
10
1.81528937007874
20
0.7861404724409449
11
1.8155886614173229
21
0.7864397637795275
0
LINE
8
BLACK
6
CONTINUOUS
10
1.8155886614173229
20
0.7864397637795275
11
1.8160267716535432
21
0.7866331889763779
0
LINE
8
BLACK
6
CONTINUOUS
10
1.8160267716535432
20
0.7866331889763779
11
1.8169867322834645
21
0.7872746456692913
0
LINE
8
BLACK
6
CONTINUOUS
10
1.8169867322834645
20
0.7872746456692913
11
1.8178833858267716
21
0.7874529921259842
0
LINE
8
BLACK
6
CONTINUOUS
10
1.8178833858267716
20
0.7874529921259842
11
1.8183411417322835
21
0.7876551181102363
0
LINE
8
BLACK
6
CONTINUOUS
10
1.8183411417322835
20
0.7876551181102363
11
1.8196809448818898
21
0.7878105511811023
0
LINE
8
BLACK
6
CONTINUOUS
10
1.8196809448818898
20
0.7878105511811023
11
1.8200000000000001
21
0.7878740157480315
0
LINE
8
BLACK
6
CONTINUOUS
10
1.8200000000000001
20
0.7878740157480315
11
1.8799999999999999
21
0.7878740157480315
0
LINE
8
BLACK
6
CONTINUOUS
10
1.8799999999999999
20
0.7878740157480315
11
1.8803191732283464
21
0.7878105118110236
0
LINE
8
BLACK
6
CONTINUOUS
10
0.6703191732283464
20
0.7953105118110236
11
0.6716588188976378
21
0.7951551181102362
0
LINE
8
BLACK
6
CONTINUOUS
10
0.6716588188976378
20
0.7951551181102362
11
0.6721164960629921
21
0.7949529921259842
0
LINE
8
BLACK
6
CONTINUOUS
10
0.6721164960629921
20
0.7949529921259842
11
0.6730132677165355
21
0.7947746456692913
0
LINE
8
BLACK
6
CONTINUOUS
10
0.6730132677165355
20
0.7947746456692913
11
0.6739732677165354
21
0.7941331496062992
0
LINE
8
BLACK
6
CONTINUOUS
10
0.6739732677165354
20
0.7941331496062992
11
0.6744112992125985
21
0.7939397637795276
0
LINE
8
BLACK
6
CONTINUOUS
10
0.6744112992125985
20
0.7939397637795276
11
0.6747104724409448
21
0.7936405511811023
0
LINE
8
BLACK
6
CONTINUOUS
10
0.6747104724409448
20
0.7936405511811023
11
0.6755677559055118
21
0.7930677559055118
0
LINE
8
BLACK
6
CONTINUOUS
10
0.6755677559055118
20
0.7930677559055118
11
0.6761405511811024
21
0.7922104724409449
0
LINE
8
BLACK
6
CONTINUOUS
10
0.6761405511811024
20
0.7922104724409449
11
0.6764397637795275
21
0.7919112992125984
0
LINE
8
BLACK
6
CONTINUOUS
10
0.6764397637795275
20
0.7919112992125984
11
0.6766331496062992
21
0.7914732677165354
0
LINE
8
BLACK
6
CONTINUOUS
10
0.6766331496062992
20
0.7914732677165354
11
0.6772746456692913
21
0.7905132677165354
0
LINE
8
BLACK
6
CONTINUOUS
10
0.6772746456692913
20
0.7905132677165354
11
0.6774529921259842
21
0.7896164960629921
0
LINE
8
BLACK
6
CONTINUOUS
10
0.6774529921259842
20
0.7896164960629921
11
0.6776551181102362
21
0.7891588188976377
0
LINE
8
BLACK
6
CONTINUOUS
10
0.6776551181102362
20
0.7891588188976377
11
0.6778105118110236
21
0.787819094488189
0
LINE
8
BLACK
6
CONTINUOUS
10
0.6778105118110236
20
0.787819094488189
11
0.6778740157480315
21
0.7875
0
LINE
8
BLACK
6
CONTINUOUS
10
0.6778740157480315
20
0.7875
11
0.6778740157480315
21
0.7324999999999999
0
LINE
8
BLACK
6
CONTINUOUS
10
0.6778740157480315
20
0.7324999999999999
11
0.6778105118110236
21
0.7321808661417323
0
LINE
8
BLACK
6
CONTINUOUS
10
0.6778105118110236
20
0.7321808661417323
11
0.6776551181102362
21
0.7308411417322834
0
LINE
8
BLACK
6
CONTINUOUS
10
0.6776551181102362
20
0.7308411417322834
11
0.6774529921259842
21
0.7303833858267716
0
LINE
8
BLACK
6
CONTINUOUS
10
0.6774529921259842
20
0.7303833858267716
11
0.6772746456692913
21
0.7294867322834645
0
LINE
8
BLACK
6
CONTINUOUS
10
0.6772746456692913
20
0.7294867322834645
11
0.6766331889763779
21
0.7285267716535433
0
LINE
8
BLACK
6
CONTINUOUS
10
0.6766331889763779
20
0.7285267716535433
11
0.6764397637795275
21
0.7280886614173229
0
LINE
8
BLACK
6
CONTINUOUS
10
0.6764397637795275
20
0.7280886614173229
11
0.6761404724409449
21
0.7277893700787401
0
LINE
8
BLACK
6
CONTINUOUS
10
0.6761404724409449
20
0.7277893700787401
11
0.6755677559055118
21
0.7269322440944882
0
LINE
8
BLACK
6
CONTINUOUS
10
0.6755677559055118
20
0.7269322440944882
11
0.6747105905511811
21
0.7263594881889763
0
LINE
8
BLACK
6
CONTINUOUS
10
0.6747105905511811
20
0.7263594881889763
11
0.6744112992125985
21
0.7260601968503937
0
LINE
8
BLACK
6
CONTINUOUS
10
0.6744112992125985
20
0.7260601968503937
11
0.6739731102362204
21
0.7258666929133858
0
LINE
8
BLACK
6
CONTINUOUS
10
0.6739731102362204
20
0.7258666929133858
11
0.6730132677165355
21
0.7252253543307087
0
LINE
8
BLACK
6
CONTINUOUS
10
0.6730132677165355
20
0.7252253543307087
11
0.6721166929133858
21
0.7250470078740158
0
LINE
8
BLACK
6
CONTINUOUS
10
0.6721166929133858
20
0.7250470078740158
11
0.6716588188976378
21
0.7248448425196851
0
LINE
8
BLACK
6
CONTINUOUS
10
0.6716588188976378
20
0.7248448425196851
11
0.6703186220472441
21
0.7246893307086614
0
LINE
8
BLACK
6
CONTINUOUS
10
0.6703186220472441
20
0.7246893307086614
11
0.67
21
0.7246259842519684
0
LINE
8
BLACK
6
CONTINUOUS
10
0.67
20
0.7246259842519684
11
0.6697723228346456
21
0.7246259842519684
0
LINE
8
BLACK
6
CONTINUOUS
10
0.6697723228346456
20
0.7246259842519684
11
0.6352277165354331
21
0.7246259842519684
0
LINE
8
BLACK
6
CONTINUOUS
10
0.6352277165354331
20
0.7246259842519684
11
0.635
21
0.7246259842519684
0
LINE
8
BLACK
6
CONTINUOUS
10
0.635
20
0.7246259842519684
11
0.6346813385826772
21
0.7246893307086614
0
LINE
8
BLACK
6
CONTINUOUS
10
0.6346813385826772
20
0.7246893307086614
11
0.6333411417322834
21
0.7248448425196851
0
LINE
8
BLACK
6
CONTINUOUS
10
0.6333411417322834
20
0.7248448425196851
11
0.6328832283464567
21
0.7250470078740158
0
LINE
8
BLACK
6
CONTINUOUS
10
0.6328832283464567
20
0.7250470078740158
11
0.6319867322834646
21
0.7252253543307087
0
LINE
8
BLACK
6
CONTINUOUS
10
0.6319867322834646
20
0.7252253543307087
11
0.6310269291338583
21
0.725866653543307
0
LINE
8
BLACK
6
CONTINUOUS
10
0.6310269291338583
20
0.725866653543307
11
0.6305886614173228
21
0.7260601968503937
0
LINE
8
BLACK
6
CONTINUOUS
10
0.6305886614173228
20
0.7260601968503937
11
0.6302892519685039
21
0.7263595669291338
0
LINE
8
BLACK
6
CONTINUOUS
10
0.6302892519685039
20
0.7263595669291338
11
0.6294322440944882
21
0.7269322440944882
0
LINE
8
BLACK
6
CONTINUOUS
10
0.6294322440944882
20
0.7269322440944882
11
0.6288595669291338
21
0.727789251968504
0
LINE
8
BLACK
6
CONTINUOUS
10
0.6288595669291338
20
0.727789251968504
11
0.6285601968503937
21
0.7280886614173229
0
LINE
8
BLACK
6
CONTINUOUS
10
0.6285601968503937
20
0.7280886614173229
11
0.6283666535433071
21
0.7285269291338583
0
LINE
8
BLACK
6
CONTINUOUS
10
0.6283666535433071
20
0.7285269291338583
11
0.6277253543307086
21
0.7294867322834645
0
LINE
8
BLACK
6
CONTINUOUS
10
0.6277253543307086
20
0.7294867322834645
11
0.6275470078740157
21
0.7303832283464566
0
LINE
8
BLACK
6
CONTINUOUS
10
0.6275470078740157
20
0.7303832283464566
11
0.627344842519685
21
0.7308411417322834
0
LINE
8
BLACK
6
CONTINUOUS
10
0.627344842519685
20
0.7308411417322834
11
0.6271893307086615
21
0.7321814173228346
0
LINE
8
BLACK
6
CONTINUOUS
10
0.6271893307086615
20
0.7321814173228346
11
0.6271259842519685
21
0.7324999999999999
0
LINE
8
BLACK
6
CONTINUOUS
10
0.6271259842519685
20
0.7324999999999999
11
0.6271259842519685
21
0.7875
0
LINE
8
BLACK
6
CONTINUOUS
10
0.6271259842519685
20
0.7875
11
0.6271893700787401
21
0.7878187007874016
0
LINE
8
BLACK
6
CONTINUOUS
10
0.6271893700787401
20
0.7878187007874016
11
0.627344842519685
21
0.7891588188976377
0
LINE
8
BLACK
6
CONTINUOUS
10
0.627344842519685
20
0.7891588188976377
11
0.6275470078740157
21
0.7896166929133858
0
LINE
8
BLACK
6
CONTINUOUS
10
0.6275470078740157
20
0.7896166929133858
11
0.6277253543307086
21
0.7905132677165354
0
LINE
8
BLACK
6
CONTINUOUS
10
0.6277253543307086
20
0.7905132677165354
11
0.6283666929133858
21
0.7914731102362205
0
LINE
8
BLACK
6
CONTINUOUS
10
0.6283666929133858
20
0.7914731102362205
11
0.6285601968503937
21
0.7919112992125984
0
LINE
8
BLACK
6
CONTINUOUS
10
0.6285601968503937
20
0.7919112992125984
11
0.6288594881889764
21
0.792210590551181
0
LINE
8
BLACK
6
CONTINUOUS
10
0.6288594881889764
20
0.792210590551181
11
0.6294322440944882
21
0.7930677559055118
0
LINE
8
BLACK
6
CONTINUOUS
10
0.6294322440944882
20
0.7930677559055118
11
0.6302893700787402
21
0.7936404724409448
0
LINE
8
BLACK
6
CONTINUOUS
10
0.6302893700787402
20
0.7936404724409448
11
0.6305886614173228
21
0.7939397637795276
0
LINE
8
BLACK
6
CONTINUOUS
10
0.6305886614173228
20
0.7939397637795276
11
0.6310267716535433
21
0.794133188976378
0
LINE
8
BLACK
6
CONTINUOUS
10
0.6310267716535433
20
0.794133188976378
11
0.6319867322834646
21
0.7947746456692913
0
LINE
8
BLACK
6
CONTINUOUS
10
0.6319867322834646
20
0.7947746456692913
11
0.6328833858267716
21
0.7949529921259842
0
LINE
8
BLACK
6
CONTINUOUS
10
0.6328833858267716
20
0.7949529921259842
11
0.6333411417322834
21
0.7951551181102362
0
LINE
8
BLACK
6
CONTINUOUS
10
0.6333411417322834
20
0.7951551181102362
11
0.6346809448818898
21
0.7953105511811024
0
LINE
8
BLACK
6
CONTINUOUS
10
0.6346809448818898
20
0.7953105511811024
11
0.635
21
0.7953740157480315
0
LINE
8
BLACK
6
CONTINUOUS
10
0.635
20
0.7953740157480315
11
0.67
21
0.7953740157480315
0
LINE
8
BLACK
6
CONTINUOUS
10
0.67
20
0.7953740157480315
11
0.6703191732283464
21
0.7953105118110236
0
LINE
8
BLACK
6
CONTINUOUS
10
0.7453191732283464
20
0.7953105118110236
11
0.7466588188976377
21
0.7951551181102362
0
LINE
8
BLACK
6
CONTINUOUS
10
0.7466588188976377
20
0.7951551181102362
11
0.7471164960629921
21
0.7949529921259842
0
LINE
8
BLACK
6
CONTINUOUS
10
0.7471164960629921
20
0.7949529921259842
11
0.7480132677165354
21
0.7947746456692913
0
LINE
8
BLACK
6
CONTINUOUS
10
0.7480132677165354
20
0.7947746456692913
11
0.7489732677165354
21
0.7941331496062992
0
LINE
8
BLACK
6
CONTINUOUS
10
0.7489732677165354
20
0.7941331496062992
11
0.7494112992125984
21
0.7939397637795276
0
LINE
8
BLACK
6
CONTINUOUS
10
0.7494112992125984
20
0.7939397637795276
11
0.7497104724409449
21
0.7936405511811023
0
LINE
8
BLACK
6
CONTINUOUS
10
0.7497104724409449
20
0.7936405511811023
11
0.7505677559055118
21
0.7930677559055118
0
LINE
8
BLACK
6
CONTINUOUS
10
0.7505677559055118
20
0.7930677559055118
11
0.7511405511811023
21
0.7922104724409449
0
LINE
8
BLACK
6
CONTINUOUS
10
0.7511405511811023
20
0.7922104724409449
11
0.7514397244094488
21
0.7919113385826771
0
LINE
8
BLACK
6
CONTINUOUS
10
0.7514397244094488
20
0.7919113385826771
11
0.7516330708661417
21
0.7914733858267716
0
LINE
8
BLACK
6
CONTINUOUS
10
0.7516330708661417
20
0.7914733858267716
11
0.7522746456692914
21
0.7905132677165354
0
LINE
8
BLACK
6
CONTINUOUS
10
0.7522746456692914
20
0.7905132677165354
11
0.7524447637795275
21
0.7896580708661417
0
LINE
8
BLACK
6
CONTINUOUS
10
0.7524447637795275
20
0.7896580708661417
11
0.7575552362204724
21
0.7896580708661417
0
LINE
8
BLACK
6
CONTINUOUS
10
0.7575552362204724
20
0.7896580708661417
11
0.7577253543307086
21
0.7905132677165354
0
LINE
8
BLACK
6
CONTINUOUS
10
0.7577253543307086
20
0.7905132677165354
11
0.7583667716535433
21
0.7914732283464567
0
LINE
8
BLACK
6
CONTINUOUS
10
0.7583667716535433
20
0.7914732283464567
11
0.7585602362204724
21
0.7919113385826771
0
LINE
8
BLACK
6
CONTINUOUS
10
0.7585602362204724
20
0.7919113385826771
11
0.7588594881889763
21
0.792210590551181
0
LINE
8
BLACK
6
CONTINUOUS
10
0.7588594881889763
20
0.792210590551181
11
0.7594322440944882
21
0.7930677559055118
0
LINE
8
BLACK
6
CONTINUOUS
10
0.7594322440944882
20
0.7930677559055118
11
0.7602893700787401
21
0.7936404724409448
0
LINE
8
BLACK
6
CONTINUOUS
10
0.7602893700787401
20
0.7936404724409448
11
0.7605886614173228
21
0.7939397637795276
0
LINE
8
BLACK
6
CONTINUOUS
10
0.7605886614173228
20
0.7939397637795276
11
0.7610267716535433
21
0.794133188976378
0
LINE
8
BLACK
6
CONTINUOUS
10
0.7610267716535433
20
0.794133188976378
11
0.7619867322834646
21
0.7947746456692913
0
LINE
8
BLACK
6
CONTINUOUS
10
0.7619867322834646
20
0.7947746456692913
11
0.7628833858267716
21
0.7949529921259842
0
LINE
8
BLACK
6
CONTINUOUS
10
0.7628833858267716
20
0.7949529921259842
11
0.7633411417322834
21
0.7951551181102362
0
LINE
8
BLACK
6
CONTINUOUS
10
0.7633411417322834
20
0.7951551181102362
11
0.7646809448818898
21
0.7953105511811024
0
LINE
8
BLACK
6
CONTINUOUS
10
0.7646809448818898
20
0.7953105511811024
11
0.765
21
0.7953740157480315
0
LINE
8
BLACK
6
CONTINUOUS
10
0.765
20
0.7953740157480315
11
0.7999999999999999
21
0.7953740157480315
0
LINE
8
BLACK
6
CONTINUOUS
10
0.7999999999999999
20
0.7953740157480315
11
0.8003191732283464
21
0.7953105118110236
0
LINE
8
BLACK
6
CONTINUOUS
10
0.8003191732283464
20
0.7953105118110236
11
0.8016588188976378
21
0.7951551181102362
0
LINE
8
BLACK
6
CONTINUOUS
10
0.8016588188976378
20
0.7951551181102362
11
0.8021164960629921
21
0.7949529921259842
0
LINE
8
BLACK
6
CONTINUOUS
10
0.8021164960629921
20
0.7949529921259842
11
0.8030132677165354
21
0.7947746456692913
0
LINE
8
BLACK
6
CONTINUOUS
10
0.8030132677165354
20
0.7947746456692913
11
0.8039732677165354
21
0.7941331496062992
0
LINE
8
BLACK
6
CONTINUOUS
10
0.8039732677165354
20
0.7941331496062992
11
0.8044112992125984
21
0.7939397637795276
0
LINE
8
BLACK
6
CONTINUOUS
10
0.8044112992125984
20
0.7939397637795276
11
0.8047104724409448
21
0.7936405511811023
0
LINE
8
BLACK
6
CONTINUOUS
10
0.8047104724409448
20
0.7936405511811023
11
0.8055677559055118
21
0.7930677559055118
0
LINE
8
BLACK
6
CONTINUOUS
10
0.8055677559055118
20
0.7930677559055118
11
0.8061405511811024
21
0.7922104724409449
0
LINE
8
BLACK
6
CONTINUOUS
10
0.8061405511811024
20
0.7922104724409449
11
0.8064397637795275
21
0.7919112992125984
0
LINE
8
BLACK
6
CONTINUOUS
10
0.8064397637795275
20
0.7919112992125984
11
0.8066331496062992
21
0.7914732677165354
0
LINE
8
BLACK
6
CONTINUOUS
10
0.8066331496062992
20
0.7914732677165354
11
0.8072746456692913
21
0.7905132677165354
0
LINE
8
BLACK
6
CONTINUOUS
10
0.8072746456692913
20
0.7905132677165354
11
0.8074529921259842
21
0.7896164960629921
0
LINE
8
BLACK
6
CONTINUOUS
10
0.8074529921259842
20
0.7896164960629921
11
0.8076551181102362
21
0.7891588188976377
0
LINE
8
BLACK
6
CONTINUOUS
10
0.8076551181102362
20
0.7891588188976377
11
0.8078105118110236
21
0.787819094488189
0
LINE
8
BLACK
6
CONTINUOUS
10
0.8078105118110236
20
0.787819094488189
11
0.8078740157480315
21
0.7875
0
LINE
8
BLACK
6
CONTINUOUS
10
0.8078740157480315
20
0.7875
11
0.8078740157480315
21
0.7324999999999999
0
LINE
8
BLACK
6
CONTINUOUS
10
0.8078740157480315
20
0.7324999999999999
11
0.8078105118110236
21
0.7321808661417323
0
LINE
8
BLACK
6
CONTINUOUS
10
0.8078105118110236
20
0.7321808661417323
11
0.8076551181102362
21
0.7308411417322834
0
LINE
8
BLACK
6
CONTINUOUS
10
0.8076551181102362
20
0.7308411417322834
11
0.8074529921259842
21
0.7303833858267716
0
LINE
8
BLACK
6
CONTINUOUS
10
0.8074529921259842
20
0.7303833858267716
11
0.8072746456692913
21
0.7294867322834645
0
LINE
8
BLACK
6
CONTINUOUS
10
0.8072746456692913
20
0.7294867322834645
11
0.8066331889763779
21
0.7285267716535433
0
LINE
8
BLACK
6
CONTINUOUS
10
0.8066331889763779
20
0.7285267716535433
11
0.8064397637795275
21
0.7280886614173229
0
LINE
8
BLACK
6
CONTINUOUS
10
0.8064397637795275
20
0.7280886614173229
11
0.8061404724409449
21
0.7277893700787401
0
LINE
8
BLACK
6
CONTINUOUS
10
0.8061404724409449
20
0.7277893700787401
11
0.8055677559055118
21
0.7269322440944882
0
LINE
8
BLACK
6
CONTINUOUS
10
0.8055677559055118
20
0.7269322440944882
11
0.8047105905511811
21
0.7263594881889763
0
LINE
8
BLACK
6
CONTINUOUS
10
0.8047105905511811
20
0.7263594881889763
11
0.8044112992125984
21
0.7260601968503937
0
LINE
8
BLACK
6
CONTINUOUS
10
0.8044112992125984
20
0.7260601968503937
11
0.8039731102362204
21
0.7258666929133858
0
LINE
8
BLACK
6
CONTINUOUS
10
0.8039731102362204
20
0.7258666929133858
11
0.8030132677165354
21
0.7252253543307087
0
LINE
8
BLACK
6
CONTINUOUS
10
0.8030132677165354
20
0.7252253543307087
11
0.8021166929133858
21
0.7250470078740158
0
LINE
8
BLACK
6
CONTINUOUS
10
0.8021166929133858
20
0.7250470078740158
11
0.8016588188976378
21
0.7248448425196851
0
LINE
8
BLACK
6
CONTINUOUS
10
0.8016588188976378
20
0.7248448425196851
11
0.800318622047244
21
0.7246893307086614
0
LINE
8
BLACK
6
CONTINUOUS
10
0.800318622047244
20
0.7246893307086614
11
0.7999999999999999
21
0.7246259842519684
0
LINE
8
BLACK
6
CONTINUOUS
10
0.7999999999999999
20
0.7246259842519684
11
0.7997723228346456
21
0.7246259842519684
0
LINE
8
BLACK
6
CONTINUOUS
10
0.7997723228346456
20
0.7246259842519684
11
0.7652277165354331
21
0.7246259842519684
0
LINE
8
BLACK
6
CONTINUOUS
10
0.7652277165354331
20
0.7246259842519684
11
0.765
21
0.7246259842519684
0
LINE
8
BLACK
6
CONTINUOUS
10
0.765
20
0.7246259842519684
11
0.7646813385826772
21
0.7246893307086614
0
LINE
8
BLACK
6
CONTINUOUS
10
0.7646813385826772
20
0.7246893307086614
11
0.7633411417322834
21
0.7248448425196851
0
LINE
8
BLACK
6
CONTINUOUS
10
0.7633411417322834
20
0.7248448425196851
11
0.7628832283464567
21
0.7250470078740158
0
LINE
8
BLACK
6
CONTINUOUS
10
0.7628832283464567
20
0.7250470078740158
11
0.7619867322834646
21
0.7252253543307087
0
LINE
8
BLACK
6
CONTINUOUS
10
0.7619867322834646
20
0.7252253543307087
11
0.7610269291338583
21
0.725866653543307
0
LINE
8
BLACK
6
CONTINUOUS
10
0.7610269291338583
20
0.725866653543307
11
0.7605886614173228
21
0.7260601968503937
0
LINE
8
BLACK
6
CONTINUOUS
10
0.7605886614173228
20
0.7260601968503937
11
0.7602892519685039
21
0.7263595669291338
0
LINE
8
BLACK
6
CONTINUOUS
10
0.7602892519685039
20
0.7263595669291338
11
0.7594322440944882
21
0.7269322440944882
0
LINE
8
BLACK
6
CONTINUOUS
10
0.7594322440944882
20
0.7269322440944882
11
0.7588595669291338
21
0.727789251968504
0
LINE
8
BLACK
6
CONTINUOUS
10
0.7588595669291338
20
0.727789251968504
11
0.7585601968503937
21
0.7280886614173229
0
LINE
8
BLACK
6
CONTINUOUS
10
0.7585601968503937
20
0.7280886614173229
11
0.7583666535433071
21
0.7285269685039369
0
LINE
8
BLACK
6
CONTINUOUS
10
0.7583666535433071
20
0.7285269685039369
11
0.7577253543307086
21
0.7294867322834645
0
LINE
8
BLACK
6
CONTINUOUS
10
0.7577253543307086
20
0.7294867322834645
11
0.7575552362204724
21
0.7303418897637796
0
LINE
8
BLACK
6
CONTINUOUS
10
0.7575552362204724
20
0.7303418897637796
11
0.7524447637795275
21
0.7303418897637796
0
LINE
8
BLACK
6
CONTINUOUS
10
0.7524447637795275
20
0.7303418897637796
11
0.7522746456692914
21
0.7294867322834645
0
LINE
8
BLACK
6
CONTINUOUS
10
0.7522746456692914
20
0.7294867322834645
11
0.7516332283464566
21
0.728526811023622
0
LINE
8
BLACK
6
CONTINUOUS
10
0.7516332283464566
20
0.728526811023622
11
0.7514397637795276
21
0.7280886614173229
0
LINE
8
BLACK
6
CONTINUOUS
10
0.7514397637795276
20
0.7280886614173229
11
0.7511404724409448
21
0.7277893700787401
0
LINE
8
BLACK
6
CONTINUOUS
10
0.7511404724409448
20
0.7277893700787401
11
0.7505677559055118
21
0.7269322440944882
0
LINE
8
BLACK
6
CONTINUOUS
10
0.7505677559055118
20
0.7269322440944882
11
0.7497105905511811
21
0.7263594881889763
0
LINE
8
BLACK
6
CONTINUOUS
10
0.7497105905511811
20
0.7263594881889763
11
0.7494112992125984
21
0.7260601968503937
0
LINE
8
BLACK
6
CONTINUOUS
10
0.7494112992125984
20
0.7260601968503937
11
0.7489731102362205
21
0.7258666929133858
0
LINE
8
BLACK
6
CONTINUOUS
10
0.7489731102362205
20
0.7258666929133858
11
0.7480132677165354
21
0.7252253543307087
0
LINE
8
BLACK
6
CONTINUOUS
10
0.7480132677165354
20
0.7252253543307087
11
0.7471166929133858
21
0.7250470078740158
0
LINE
8
BLACK
6
CONTINUOUS
10
0.7471166929133858
20
0.7250470078740158
11
0.7466588188976377
21
0.7248448425196851
0
LINE
8
BLACK
6
CONTINUOUS
10
0.7466588188976377
20
0.7248448425196851
11
0.7453186220472441
21
0.7246893307086614
0
LINE
8
BLACK
6
CONTINUOUS
10
0.7453186220472441
20
0.7246893307086614
11
0.745
21
0.7246259842519684
0
LINE
8
BLACK
6
CONTINUOUS
10
0.745
20
0.7246259842519684
11
0.7447723228346457
21
0.7246259842519684
0
LINE
8
BLACK
6
CONTINUOUS
10
0.7447723228346457
20
0.7246259842519684
11
0.710227716535433
21
0.7246259842519684
0
LINE
8
BLACK
6
CONTINUOUS
10
0.710227716535433
20
0.7246259842519684
11
0.71
21
0.7246259842519684
0
LINE
8
BLACK
6
CONTINUOUS
10
0.71
20
0.7246259842519684
11
0.7096813385826771
21
0.7246893307086614
0
LINE
8
BLACK
6
CONTINUOUS
10
0.7096813385826771
20
0.7246893307086614
11
0.7083411417322835
21
0.7248448425196851
0
LINE
8
BLACK
6
CONTINUOUS
10
0.7083411417322835
20
0.7248448425196851
11
0.7078832283464567
21
0.7250470078740158
0
LINE
8
BLACK
6
CONTINUOUS
10
0.7078832283464567
20
0.7250470078740158
11
0.7069867322834645
21
0.7252253543307087
0
LINE
8
BLACK
6
CONTINUOUS
10
0.7069867322834645
20
0.7252253543307087
11
0.7060269291338582
21
0.725866653543307
0
LINE
8
BLACK
6
CONTINUOUS
10
0.7060269291338582
20
0.725866653543307
11
0.7055886614173228
21
0.7260601968503937
0
LINE
8
BLACK
6
CONTINUOUS
10
0.7055886614173228
20
0.7260601968503937
11
0.7052892519685039
21
0.7263595669291338
0
LINE
8
BLACK
6
CONTINUOUS
10
0.7052892519685039
20
0.7263595669291338
11
0.7044322440944881
21
0.7269322440944882
0
LINE
8
BLACK
6
CONTINUOUS
10
0.7044322440944881
20
0.7269322440944882
11
0.7038595669291339
21
0.727789251968504
0
LINE
8
BLACK
6
CONTINUOUS
10
0.7038595669291339
20
0.727789251968504
11
0.7035601968503937
21
0.7280886614173229
0
LINE
8
BLACK
6
CONTINUOUS
10
0.7035601968503937
20
0.7280886614173229
11
0.7033666535433071
21
0.7285269291338583
0
LINE
8
BLACK
6
CONTINUOUS
10
0.7033666535433071
20
0.7285269291338583
11
0.7027253543307086
21
0.7294867322834645
0
LINE
8
BLACK
6
CONTINUOUS
10
0.7027253543307086
20
0.7294867322834645
11
0.7025470078740157
21
0.7303832283464566
0
LINE
8
BLACK
6
CONTINUOUS
10
0.7025470078740157
20
0.7303832283464566
11
0.702344842519685
21
0.7308411417322834
0
LINE
8
BLACK
6
CONTINUOUS
10
0.702344842519685
20
0.7308411417322834
11
0.7021893307086614
21
0.7321814173228346
0
LINE
8
BLACK
6
CONTINUOUS
10
0.7021893307086614
20
0.7321814173228346
11
0.7021259842519685
21
0.7324999999999999
0
LINE
8
BLACK
6
CONTINUOUS
10
0.7021259842519685
20
0.7324999999999999
11
0.7021259842519685
21
0.7875
0
LINE
8
BLACK
6
CONTINUOUS
10
0.7021259842519685
20
0.7875
11
0.7021893700787402
21
0.7878187007874016
0
LINE
8
BLACK
6
CONTINUOUS
10
0.7021893700787402
20
0.7878187007874016
11
0.702344842519685
21
0.7891588188976377
0
LINE
8
BLACK
6
CONTINUOUS
10
0.702344842519685
20
0.7891588188976377
11
0.7025470078740157
21
0.7896166929133858
0
LINE
8
BLACK
6
CONTINUOUS
10
0.7025470078740157
20
0.7896166929133858
11
0.7027253543307086
21
0.7905132677165354
0
LINE
8
BLACK
6
CONTINUOUS
10
0.7027253543307086
20
0.7905132677165354
11
0.7033666929133858
21
0.7914731102362205
0
LINE
8
BLACK
6
CONTINUOUS
10
0.7033666929133858
20
0.7914731102362205
11
0.7035601968503937
21
0.7919112992125984
0
LINE
8
BLACK
6
CONTINUOUS
10
0.7035601968503937
20
0.7919112992125984
11
0.7038594881889764
21
0.792210590551181
0
LINE
8
BLACK
6
CONTINUOUS
10
0.7038594881889764
20
0.792210590551181
11
0.7044322440944881
21
0.7930677559055118
0
LINE
8
BLACK
6
CONTINUOUS
10
0.7044322440944881
20
0.7930677559055118
11
0.7052893700787402
21
0.7936404724409448
0
LINE
8
BLACK
6
CONTINUOUS
10
0.7052893700787402
20
0.7936404724409448
11
0.7055886614173228
21
0.7939397637795276
0
LINE
8
BLACK
6
CONTINUOUS
10
0.7055886614173228
20
0.7939397637795276
11
0.7060267716535433
21
0.794133188976378
0
LINE
8
BLACK
6
CONTINUOUS
10
0.7060267716535433
20
0.794133188976378
11
0.7069867322834645
21
0.7947746456692913
0
LINE
8
BLACK
6
CONTINUOUS
10
0.7069867322834645
20
0.7947746456692913
11
0.7078833858267717
21
0.7949529921259842
0
LINE
8
BLACK
6
CONTINUOUS
10
0.7078833858267717
20
0.7949529921259842
11
0.7083411417322835
21
0.7951551181102362
0
LINE
8
BLACK
6
CONTINUOUS
10
0.7083411417322835
20
0.7951551181102362
11
0.7096809448818897
21
0.7953105511811024
0
LINE
8
BLACK
6
CONTINUOUS
10
0.7096809448818897
20
0.7953105511811024
11
0.71
21
0.7953740157480315
0
LINE
8
BLACK
6
CONTINUOUS
10
0.71
20
0.7953740157480315
11
0.745
21
0.7953740157480315
0
LINE
8
BLACK
6
CONTINUOUS
10
0.745
20
0.7953740157480315
11
0.7453191732283464
21
0.7953105118110236
0
LINE
8
BLACK
6
CONTINUOUS
10
0.8753191732283464
20
0.7953105118110236
11
0.8766588188976377
21
0.7951551181102362
0
LINE
8
BLACK
6
CONTINUOUS
10
0.8766588188976377
20
0.7951551181102362
11
0.8771164960629921
21
0.7949529921259842
0
LINE
8
BLACK
6
CONTINUOUS
10
0.8771164960629921
20
0.7949529921259842
11
0.8780132677165354
21
0.7947746456692913
0
LINE
8
BLACK
6
CONTINUOUS
10
0.8780132677165354
20
0.7947746456692913
11
0.8789732677165354
21
0.7941331496062992
0
LINE
8
BLACK
6
CONTINUOUS
10
0.8789732677165354
20
0.7941331496062992
11
0.8794112992125984
21
0.7939397637795276
0
LINE
8
BLACK
6
CONTINUOUS
10
0.8794112992125984
20
0.7939397637795276
11
0.8797104724409449
21
0.7936405511811023
0
LINE
8
BLACK
6
CONTINUOUS
10
0.8797104724409449
20
0.7936405511811023
11
0.8805677559055118
21
0.7930677559055118
0
LINE
8
BLACK
6
CONTINUOUS
10
0.8805677559055118
20
0.7930677559055118
11
0.8811405511811023
21
0.7922104724409449
0
LINE
8
BLACK
6
CONTINUOUS
10
0.8811405511811023
20
0.7922104724409449
11
0.8814397637795275
21
0.7919112992125984
0
LINE
8
BLACK
6
CONTINUOUS
10
0.8814397637795275
20
0.7919112992125984
11
0.8816331496062992
21
0.7914732677165354
0
LINE
8
BLACK
6
CONTINUOUS
10
0.8816331496062992
20
0.7914732677165354
11
0.8822746456692914
21
0.7905132677165354
0
LINE
8
BLACK
6
CONTINUOUS
10
0.8822746456692914
20
0.7905132677165354
11
0.8824529921259843
21
0.7896164960629921
0
LINE
8
BLACK
6
CONTINUOUS
10
0.8824529921259843
20
0.7896164960629921
11
0.8826551181102362
21
0.7891588188976377
0
LINE
8
BLACK
6
CONTINUOUS
10
0.8826551181102362
20
0.7891588188976377
11
0.8828105118110237
21
0.787819094488189
0
LINE
8
BLACK
6
CONTINUOUS
10
0.8828105118110237
20
0.787819094488189
11
0.8828740157480315
21
0.7875
0
LINE
8
BLACK
6
CONTINUOUS
10
0.8828740157480315
20
0.7875
11
0.8828740157480315
21
0.7324999999999999
0
LINE
8
BLACK
6
CONTINUOUS
10
0.8828740157480315
20
0.7324999999999999
11
0.8828105118110237
21
0.7321808661417323
0
LINE
8
BLACK
6
CONTINUOUS
10
0.8828105118110237
20
0.7321808661417323
11
0.8826551181102362
21
0.7308411417322834
0
LINE
8
BLACK
6
CONTINUOUS
10
0.8826551181102362
20
0.7308411417322834
11
0.8824529921259843
21
0.7303833858267716
0
LINE
8
BLACK
6
CONTINUOUS
10
0.8824529921259843
20
0.7303833858267716
11
0.8822746456692914
21
0.7294867322834645
0
LINE
8
BLACK
6
CONTINUOUS
10
0.8822746456692914
20
0.7294867322834645
11
0.8816331889763779
21
0.7285267716535433
0
LINE
8
BLACK
6
CONTINUOUS
10
0.8816331889763779
20
0.7285267716535433
11
0.8814397637795275
21
0.7280886614173229
0
LINE
8
BLACK
6
CONTINUOUS
10
0.8814397637795275
20
0.7280886614173229
11
0.8811404724409448
21
0.7277893700787401
0
LINE
8
BLACK
6
CONTINUOUS
10
0.8811404724409448
20
0.7277893700787401
11
0.8805677559055118
21
0.7269322440944882
0
LINE
8
BLACK
6
CONTINUOUS
10
0.8805677559055118
20
0.7269322440944882
11
0.8797105905511811
21
0.7263594881889763
0
LINE
8
BLACK
6
CONTINUOUS
10
0.8797105905511811
20
0.7263594881889763
11
0.8794112992125984
21
0.7260601968503937
0
LINE
8
BLACK
6
CONTINUOUS
10
0.8794112992125984
20
0.7260601968503937
11
0.8789731102362205
21
0.7258666929133858
0
LINE
8
BLACK
6
CONTINUOUS
10
0.8789731102362205
20
0.7258666929133858
11
0.8780132677165354
21
0.7252253543307087
0
LINE
8
BLACK
6
CONTINUOUS
10
0.8780132677165354
20
0.7252253543307087
11
0.8771166929133858
21
0.7250470078740158
0
LINE
8
BLACK
6
CONTINUOUS
10
0.8771166929133858
20
0.7250470078740158
11
0.8766588188976377
21
0.7248448425196851
0
LINE
8
BLACK
6
CONTINUOUS
10
0.8766588188976377
20
0.7248448425196851
11
0.8753186220472441
21
0.7246893307086614
0
LINE
8
BLACK
6
CONTINUOUS
10
0.8753186220472441
20
0.7246893307086614
11
0.875
21
0.7246259842519684
0
LINE
8
BLACK
6
CONTINUOUS
10
0.875
20
0.7246259842519684
11
0.8747723228346457
21
0.7246259842519684
0
LINE
8
BLACK
6
CONTINUOUS
10
0.8747723228346457
20
0.7246259842519684
11
0.840227716535433
21
0.7246259842519684
0
LINE
8
BLACK
6
CONTINUOUS
10
0.840227716535433
20
0.7246259842519684
11
0.84
21
0.7246259842519684
0
LINE
8
BLACK
6
CONTINUOUS
10
0.84
20
0.7246259842519684
11
0.8396813385826771
21
0.7246893307086614
0
LINE
8
BLACK
6
CONTINUOUS
10
0.8396813385826771
20
0.7246893307086614
11
0.8383411417322835
21
0.7248448425196851
0
LINE
8
BLACK
6
CONTINUOUS
10
0.8383411417322835
20
0.7248448425196851
11
0.8378832283464567
21
0.7250470078740158
0
LINE
8
BLACK
6
CONTINUOUS
10
0.8378832283464567
20
0.7250470078740158
11
0.8369867322834645
21
0.7252253543307087
0
LINE
8
BLACK
6
CONTINUOUS
10
0.8369867322834645
20
0.7252253543307087
11
0.8360269291338582
21
0.725866653543307
0
LINE
8
BLACK
6
CONTINUOUS
10
0.8360269291338582
20
0.725866653543307
11
0.8355886614173228
21
0.7260601968503937
0
LINE
8
BLACK
6
CONTINUOUS
10
0.8355886614173228
20
0.7260601968503937
11
0.8352892519685039
21
0.7263595669291338
0
LINE
8
BLACK
6
CONTINUOUS
10
0.8352892519685039
20
0.7263595669291338
11
0.8344322440944881
21
0.7269322440944882
0
LINE
8
BLACK
6
CONTINUOUS
10
0.8344322440944881
20
0.7269322440944882
11
0.8338595669291339
21
0.727789251968504
0
LINE
8
BLACK
6
CONTINUOUS
10
0.8338595669291339
20
0.727789251968504
11
0.8335601968503937
21
0.7280886614173229
0
LINE
8
BLACK
6
CONTINUOUS
10
0.8335601968503937
20
0.7280886614173229
11
0.8333666535433071
21
0.7285269291338583
0
LINE
8
BLACK
6
CONTINUOUS
10
0.8333666535433071
20
0.7285269291338583
11
0.8327253543307086
21
0.7294867322834645
0
LINE
8
BLACK
6
CONTINUOUS
10
0.8327253543307086
20
0.7294867322834645
11
0.8325470078740157
21
0.7303832283464566
0
LINE
8
BLACK
6
CONTINUOUS
10
0.8325470078740157
20
0.7303832283464566
11
0.832344842519685
21
0.7308411417322834
0
LINE
8
BLACK
6
CONTINUOUS
10
0.832344842519685
20
0.7308411417322834
11
0.8321893307086614
21
0.7321814173228346
0
LINE
8
BLACK
6
CONTINUOUS
10
0.8321893307086614
20
0.7321814173228346
11
0.8321259842519685
21
0.7324999999999999
0
LINE
8
BLACK
6
CONTINUOUS
10
0.8321259842519685
20
0.7324999999999999
11
0.8321259842519685
21
0.7875
0
LINE
8
BLACK
6
CONTINUOUS
10
0.8321259842519685
20
0.7875
11
0.8321893700787402
21
0.7878187007874016
0
LINE
8
BLACK
6
CONTINUOUS
10
0.8321893700787402
20
0.7878187007874016
11
0.832344842519685
21
0.7891588188976377
0
LINE
8
BLACK
6
CONTINUOUS
10
0.832344842519685
20
0.7891588188976377
11
0.8325470078740157
21
0.7896166929133858
0
LINE
8
BLACK
6
CONTINUOUS
10
0.8325470078740157
20
0.7896166929133858
11
0.8327253543307086
21
0.7905132677165354
0
LINE
8
BLACK
6
CONTINUOUS
10
0.8327253543307086
20
0.7905132677165354
11
0.8333666929133858
21
0.7914731102362205
0
LINE
8
BLACK
6
CONTINUOUS
10
0.8333666929133858
20
0.7914731102362205
11
0.8335601968503937
21
0.7919112992125984
0
LINE
8
BLACK
6
CONTINUOUS
10
0.8335601968503937
20
0.7919112992125984
11
0.8338594881889764
21
0.792210590551181
0
LINE
8
BLACK
6
CONTINUOUS
10
0.8338594881889764
20
0.792210590551181
11
0.8344322440944881
21
0.7930677559055118
0
LINE
8
BLACK
6
CONTINUOUS
10
0.8344322440944881
20
0.7930677559055118
11
0.8352893700787402
21
0.7936404724409448
0
LINE
8
BLACK
6
CONTINUOUS
10
0.8352893700787402
20
0.7936404724409448
11
0.8355886614173228
21
0.7939397637795276
0
LINE
8
BLACK
6
CONTINUOUS
10
0.8355886614173228
20
0.7939397637795276
11
0.8360267716535433
21
0.794133188976378
0
LINE
8
BLACK
6
CONTINUOUS
10
0.8360267716535433
20
0.794133188976378
11
0.8369867322834645
21
0.7947746456692913
0
LINE
8
BLACK
6
CONTINUOUS
10
0.8369867322834645
20
0.7947746456692913
11
0.8378833858267717
21
0.7949529921259842
0
LINE
8
BLACK
6
CONTINUOUS
10
0.8378833858267717
20
0.7949529921259842
11
0.8383411417322835
21
0.7951551181102362
0
LINE
8
BLACK
6
CONTINUOUS
10
0.8383411417322835
20
0.7951551181102362
11
0.8396809448818897
21
0.7953105511811024
0
LINE
8
BLACK
6
CONTINUOUS
10
0.8396809448818897
20
0.7953105511811024
11
0.84
21
0.7953740157480315
0
LINE
8
BLACK
6
CONTINUOUS
10
0.84
20
0.7953740157480315
11
0.875
21
0.7953740157480315
0
LINE
8
BLACK
6
CONTINUOUS
10
0.875
20
0.7953740157480315
11
0.8753191732283464
21
0.7953105118110236
0
LINE
8
BLACK
6
CONTINUOUS
10
0.8378191732283464
20
0.8753105118110236
11
0.8391588188976378
21
0.8751551181102362
0
LINE
8
BLACK
6
CONTINUOUS
10
0.8391588188976378
20
0.8751551181102362
11
0.8396164960629922
21
0.8749529921259842
0
LINE
8
BLACK
6
CONTINUOUS
10
0.8396164960629922
20
0.8749529921259842
11
0.8405132677165355
21
0.8747746456692913
0
LINE
8
BLACK
6
CONTINUOUS
10
0.8405132677165355
20
0.8747746456692913
11
0.8414732677165354
21
0.8741331496062992
0
LINE
8
BLACK
6
CONTINUOUS
10
0.8414732677165354
20
0.8741331496062992
11
0.8419112992125984
21
0.8739397637795275
0
LINE
8
BLACK
6
CONTINUOUS
10
0.8419112992125984
20
0.8739397637795275
11
0.8422104724409448
21
0.8736405511811023
0
LINE
8
BLACK
6
CONTINUOUS
10
0.8422104724409448
20
0.8736405511811023
11
0.8430677559055118
21
0.8730677559055118
0
LINE
8
BLACK
6
CONTINUOUS
10
0.8430677559055118
20
0.8730677559055118
11
0.8436405511811024
21
0.8722104724409449
0
LINE
8
BLACK
6
CONTINUOUS
10
0.8436405511811024
20
0.8722104724409449
11
0.8439397637795275
21
0.8719112992125984
0
LINE
8
BLACK
6
CONTINUOUS
10
0.8439397637795275
20
0.8719112992125984
11
0.8441331496062991
21
0.8714732677165354
0
LINE
8
BLACK
6
CONTINUOUS
10
0.8441331496062991
20
0.8714732677165354
11
0.8447746456692913
21
0.8705132677165354
0
LINE
8
BLACK
6
CONTINUOUS
10
0.8447746456692913
20
0.8705132677165354
11
0.8449529921259842
21
0.8696164960629921
0
LINE
8
BLACK
6
CONTINUOUS
10
0.8449529921259842
20
0.8696164960629921
11
0.8451551181102362
21
0.8691588188976378
0
LINE
8
BLACK
6
CONTINUOUS
10
0.8451551181102362
20
0.8691588188976378
11
0.8453105118110236
21
0.8678190944881889
0
LINE
8
BLACK
6
CONTINUOUS
10
0.8453105118110236
20
0.8678190944881889
11
0.8453740157480315
21
0.8674999999999999
0
LINE
8
BLACK
6
CONTINUOUS
10
0.8453740157480315
20
0.8674999999999999
11
0.8453740157480315
21
0.8125
0
LINE
8
BLACK
6
CONTINUOUS
10
0.8453740157480315
20
0.8125
11
0.8453105118110236
21
0.8121808661417322
0
LINE
8
BLACK
6
CONTINUOUS
10
0.8453105118110236
20
0.8121808661417322
11
0.8451551181102362
21
0.8108411417322835
0
LINE
8
BLACK
6
CONTINUOUS
10
0.8451551181102362
20
0.8108411417322835
11
0.8449529921259842
21
0.8103833858267716
0
LINE
8
BLACK
6
CONTINUOUS
10
0.8449529921259842
20
0.8103833858267716
11
0.8447746456692913
21
0.8094867322834646
0
LINE
8
BLACK
6
CONTINUOUS
10
0.8447746456692913
20
0.8094867322834646
11
0.8441331889763779
21
0.8085267716535433
0
LINE
8
BLACK
6
CONTINUOUS
10
0.8441331889763779
20
0.8085267716535433
11
0.8439397637795275
21
0.8080886614173228
0
LINE
8
BLACK
6
CONTINUOUS
10
0.8439397637795275
20
0.8080886614173228
11
0.8436404724409449
21
0.8077893700787402
0
LINE
8
BLACK
6
CONTINUOUS
10
0.8436404724409449
20
0.8077893700787402
11
0.8430677559055118
21
0.8069322440944882
0
LINE
8
BLACK
6
CONTINUOUS
10
0.8430677559055118
20
0.8069322440944882
11
0.8422105905511811
21
0.8063594881889764
0
LINE
8
BLACK
6
CONTINUOUS
10
0.8422105905511811
20
0.8063594881889764
11
0.8419112992125984
21
0.8060601968503937
0
LINE
8
BLACK
6
CONTINUOUS
10
0.8419112992125984
20
0.8060601968503937
11
0.8414731102362204
21
0.8058666929133859
0
LINE
8
BLACK
6
CONTINUOUS
10
0.8414731102362204
20
0.8058666929133859
11
0.8405132677165355
21
0.8052253543307086
0
LINE
8
BLACK
6
CONTINUOUS
10
0.8405132677165355
20
0.8052253543307086
11
0.8396166929133858
21
0.8050470078740157
0
LINE
8
BLACK
6
CONTINUOUS
10
0.8396166929133858
20
0.8050470078740157
11
0.8391588188976378
21
0.804844842519685
0
LINE
8
BLACK
6
CONTINUOUS
10
0.8391588188976378
20
0.804844842519685
11
0.8378186220472441
21
0.8046893307086614
0
LINE
8
BLACK
6
CONTINUOUS
10
0.8378186220472441
20
0.8046893307086614
11
0.8375
21
0.8046259842519685
0
LINE
8
BLACK
6
CONTINUOUS
10
0.8375
20
0.8046259842519685
11
0.8372723228346457
21
0.8046259842519685
0
LINE
8
BLACK
6
CONTINUOUS
10
0.8372723228346457
20
0.8046259842519685
11
0.8027277165354331
21
0.8046259842519685
0
LINE
8
BLACK
6
CONTINUOUS
10
0.8027277165354331
20
0.8046259842519685
11
0.8025
21
0.8046259842519685
0
LINE
8
BLACK
6
CONTINUOUS
10
0.8025
20
0.8046259842519685
11
0.8021813385826772
21
0.8046893307086614
0
LINE
8
BLACK
6
CONTINUOUS
10
0.8021813385826772
20
0.8046893307086614
11
0.8008411417322835
21
0.804844842519685
0
LINE
8
BLACK
6
CONTINUOUS
10
0.8008411417322835
20
0.804844842519685
11
0.8003832283464567
21
0.8050470078740157
0
LINE
8
BLACK
6
CONTINUOUS
10
0.8003832283464567
20
0.8050470078740157
11
0.7994867322834646
21
0.8052253543307086
0
LINE
8
BLACK
6
CONTINUOUS
10
0.7994867322834646
20
0.8052253543307086
11
0.7985269291338583
21
0.8058666535433071
0
LINE
8
BLACK
6
CONTINUOUS
10
0.7985269291338583
20
0.8058666535433071
11
0.7980886614173228
21
0.8060601968503937
0
LINE
8
BLACK
6
CONTINUOUS
10
0.7980886614173228
20
0.8060601968503937
11
0.7977892519685039
21
0.8063595669291338
0
LINE
8
BLACK
6
CONTINUOUS
10
0.7977892519685039
20
0.8063595669291338
11
0.7969322440944882
21
0.8069322440944882
0
LINE
8
BLACK
6
CONTINUOUS
10
0.7969322440944882
20
0.8069322440944882
11
0.7963595669291338
21
0.8077892519685039
0
LINE
8
BLACK
6
CONTINUOUS
10
0.7963595669291338
20
0.8077892519685039
11
0.7960601968503936
21
0.8080886614173228
0
LINE
8
BLACK
6
CONTINUOUS
10
0.7960601968503936
20
0.8080886614173228
11
0.7958666535433071
21
0.8085269291338583
0
LINE
8
BLACK
6
CONTINUOUS
10
0.7958666535433071
20
0.8085269291338583
11
0.7952253543307086
21
0.8094867322834646
0
LINE
8
BLACK
6
CONTINUOUS
10
0.7952253543307086
20
0.8094867322834646
11
0.7950470078740157
21
0.8103832283464567
0
LINE
8
BLACK
6
CONTINUOUS
10
0.7950470078740157
20
0.8103832283464567
11
0.794844842519685
21
0.8108411417322835
0
LINE
8
BLACK
6
CONTINUOUS
10
0.794844842519685
20
0.8108411417322835
11
0.7946893307086614
21
0.8121814173228347
0
LINE
8
BLACK
6
CONTINUOUS
10
0.7946893307086614
20
0.8121814173228347
11
0.7946259842519685
21
0.8125
0
LINE
8
BLACK
6
CONTINUOUS
10
0.7946259842519685
20
0.8125
11
0.7946259842519685
21
0.8674999999999999
0
LINE
8
BLACK
6
CONTINUOUS
10
0.7946259842519685
20
0.8674999999999999
11
0.7946893700787402
21
0.8678187007874015
0
LINE
8
BLACK
6
CONTINUOUS
10
0.7946893700787402
20
0.8678187007874015
11
0.794844842519685
21
0.8691588188976378
0
LINE
8
BLACK
6
CONTINUOUS
10
0.794844842519685
20
0.8691588188976378
11
0.7950470078740157
21
0.8696166929133858
0
LINE
8
BLACK
6
CONTINUOUS
10
0.7950470078740157
20
0.8696166929133858
11
0.7952253543307086
21
0.8705132677165354
0
LINE
8
BLACK
6
CONTINUOUS
10
0.7952253543307086
20
0.8705132677165354
11
0.7958666929133859
21
0.8714731102362204
0
LINE
8
BLACK
6
CONTINUOUS
10
0.7958666929133859
20
0.8714731102362204
11
0.7960601968503936
21
0.8719112992125984
0
LINE
8
BLACK
6
CONTINUOUS
10
0.7960601968503936
20
0.8719112992125984
11
0.7963594881889764
21
0.8722105905511811
0
LINE
8
BLACK
6
CONTINUOUS
10
0.7963594881889764
20
0.8722105905511811
11
0.7969322440944882
21
0.8730677559055118
0
LINE
8
BLACK
6
CONTINUOUS
10
0.7969322440944882
20
0.8730677559055118
11
0.7977893700787402
21
0.8736404724409449
0
LINE
8
BLACK
6
CONTINUOUS
10
0.7977893700787402
20
0.8736404724409449
11
0.7980886614173228
21
0.8739397637795275
0
LINE
8
BLACK
6
CONTINUOUS
10
0.7980886614173228
20
0.8739397637795275
11
0.7985267716535432
21
0.8741331889763779
0
LINE
8
BLACK
6
CONTINUOUS
10
0.7985267716535432
20
0.8741331889763779
11
0.7994867322834646
21
0.8747746456692913
0
LINE
8
BLACK
6
CONTINUOUS
10
0.7994867322834646
20
0.8747746456692913
11
0.8003833858267716
21
0.8749529921259842
0
LINE
8
BLACK
6
CONTINUOUS
10
0.8003833858267716
20
0.8749529921259842
11
0.8008411417322835
21
0.8751551181102362
0
LINE
8
BLACK
6
CONTINUOUS
10
0.8008411417322835
20
0.8751551181102362
11
0.8021809448818897
21
0.8753105511811023
0
LINE
8
BLACK
6
CONTINUOUS
10
0.8021809448818897
20
0.8753105511811023
11
0.8025
21
0.8753740157480315
0
LINE
8
BLACK
6
CONTINUOUS
10
0.8025
20
0.8753740157480315
11
0.8375
21
0.8753740157480315
0
LINE
8
BLACK
6
CONTINUOUS
10
0.8375
20
0.8753740157480315
11
0.8378191732283464
21
0.8753105118110236
0
LINE
8
BLACK
6
CONTINUOUS
10
0.9128191732283464
20
0.8753105118110236
11
0.9141588188976377
21
0.8751551181102362
0
LINE
8
BLACK
6
CONTINUOUS
10
0.9141588188976377
20
0.8751551181102362
11
0.9146164960629921
21
0.8749529921259842
0
LINE
8
BLACK
6
CONTINUOUS
10
0.9146164960629921
20
0.8749529921259842
11
0.9155132677165354
21
0.8747746456692913
0
LINE
8
BLACK
6
CONTINUOUS
10
0.9155132677165354
20
0.8747746456692913
11
0.9164732677165354
21
0.8741331496062992
0
LINE
8
BLACK
6
CONTINUOUS
10
0.9164732677165354
20
0.8741331496062992
11
0.9169112992125984
21
0.8739397637795275
0
LINE
8
BLACK
6
CONTINUOUS
10
0.9169112992125984
20
0.8739397637795275
11
0.9172104724409449
21
0.8736405511811023
0
LINE
8
BLACK
6
CONTINUOUS
10
0.9172104724409449
20
0.8736405511811023
11
0.9180677559055118
21
0.8730677559055118
0
LINE
8
BLACK
6
CONTINUOUS
10
0.9180677559055118
20
0.8730677559055118
11
0.9186405511811023
21
0.8722104724409449
0
LINE
8
BLACK
6
CONTINUOUS
10
0.9186405511811023
20
0.8722104724409449
11
0.9189397637795276
21
0.8719112992125984
0
LINE
8
BLACK
6
CONTINUOUS
10
0.9189397637795276
20
0.8719112992125984
11
0.9191331496062992
21
0.8714732677165354
0
LINE
8
BLACK
6
CONTINUOUS
10
0.9191331496062992
20
0.8714732677165354
11
0.9197746456692913
21
0.8705132677165354
0
LINE
8
BLACK
6
CONTINUOUS
10
0.9197746456692913
20
0.8705132677165354
11
0.9199529921259842
21
0.8696164960629921
0
LINE
8
BLACK
6
CONTINUOUS
10
0.9199529921259842
20
0.8696164960629921
11
0.9201551181102362
21
0.8691588188976378
0
LINE
8
BLACK
6
CONTINUOUS
10
0.9201551181102362
20
0.8691588188976378
11
0.9203105118110236
21
0.8678190944881889
0
LINE
8
BLACK
6
CONTINUOUS
10
0.9203105118110236
20
0.8678190944881889
11
0.9203740157480315
21
0.8674999999999999
0
LINE
8
BLACK
6
CONTINUOUS
10
0.9203740157480315
20
0.8674999999999999
11
0.9203740157480315
21
0.8125
0
LINE
8
BLACK
6
CONTINUOUS
10
0.9203740157480315
20
0.8125
11
0.9203105118110236
21
0.8121808661417322
0
LINE
8
BLACK
6
CONTINUOUS
10
0.9203105118110236
20
0.8121808661417322
11
0.9201551181102362
21
0.8108411417322835
0
LINE
8
BLACK
6
CONTINUOUS
10
0.9201551181102362
20
0.8108411417322835
11
0.9199529921259842
21
0.8103833858267716
0
LINE
8
BLACK
6
CONTINUOUS
10
0.9199529921259842
20
0.8103833858267716
11
0.9197746456692913
21
0.8094867322834646
0
LINE
8
BLACK
6
CONTINUOUS
10
0.9197746456692913
20
0.8094867322834646
11
0.919133188976378
21
0.8085267716535433
0
LINE
8
BLACK
6
CONTINUOUS
10
0.919133188976378
20
0.8085267716535433
11
0.9189397637795276
21
0.8080886614173228
0
LINE
8
BLACK
6
CONTINUOUS
10
0.9189397637795276
20
0.8080886614173228
11
0.9186404724409448
21
0.8077893700787402
0
LINE
8
BLACK
6
CONTINUOUS
10
0.9186404724409448
20
0.8077893700787402
11
0.9180677559055118
21
0.8069322440944882
0
LINE
8
BLACK
6
CONTINUOUS
10
0.9180677559055118
20
0.8069322440944882
11
0.917210590551181
21
0.8063594881889764
0
LINE
8
BLACK
6
CONTINUOUS
10
0.917210590551181
20
0.8063594881889764
11
0.9169112992125984
21
0.8060601968503937
0
LINE
8
BLACK
6
CONTINUOUS
10
0.9169112992125984
20
0.8060601968503937
11
0.9164731102362205
21
0.8058666929133859
0
LINE
8
BLACK
6
CONTINUOUS
10
0.9164731102362205
20
0.8058666929133859
11
0.9155132677165354
21
0.8052253543307086
0
LINE
8
BLACK
6
CONTINUOUS
10
0.9155132677165354
20
0.8052253543307086
11
0.9146166929133858
21
0.8050470078740157
0
LINE
8
BLACK
6
CONTINUOUS
10
0.9146166929133858
20
0.8050470078740157
11
0.9141588188976377
21
0.804844842519685
0
LINE
8
BLACK
6
CONTINUOUS
10
0.9141588188976377
20
0.804844842519685
11
0.9128186220472441
21
0.8046893307086614
0
LINE
8
BLACK
6
CONTINUOUS
10
0.9128186220472441
20
0.8046893307086614
11
0.9125
21
0.8046259842519685
0
LINE
8
BLACK
6
CONTINUOUS
10
0.9125
20
0.8046259842519685
11
0.9122723228346457
21
0.8046259842519685
0
LINE
8
BLACK
6
CONTINUOUS
10
0.9122723228346457
20
0.8046259842519685
11
0.877727716535433
21
0.8046259842519685
0
LINE
8
BLACK
6
CONTINUOUS
10
0.877727716535433
20
0.8046259842519685
11
0.8774999999999999
21
0.8046259842519685
0
LINE
8
BLACK
6
CONTINUOUS
10
0.8774999999999999
20
0.8046259842519685
11
0.8771813385826771
21
0.8046893307086614
0
LINE
8
BLACK
6
CONTINUOUS
10
0.8771813385826771
20
0.8046893307086614
11
0.8758411417322834
21
0.804844842519685
0
LINE
8
BLACK
6
CONTINUOUS
10
0.8758411417322834
20
0.804844842519685
11
0.8753832283464567
21
0.8050470078740157
0
LINE
8
BLACK
6
CONTINUOUS
10
0.8753832283464567
20
0.8050470078740157
11
0.8744867322834645
21
0.8052253543307086
0
LINE
8
BLACK
6
CONTINUOUS
10
0.8744867322834645
20
0.8052253543307086
11
0.8735269291338582
21
0.8058666535433071
0
LINE
8
BLACK
6
CONTINUOUS
10
0.8735269291338582
20
0.8058666535433071
11
0.8730886614173228
21
0.8060601968503937
0
LINE
8
BLACK
6
CONTINUOUS
10
0.8730886614173228
20
0.8060601968503937
11
0.8727892519685039
21
0.8063595669291338
0
LINE
8
BLACK
6
CONTINUOUS
10
0.8727892519685039
20
0.8063595669291338
11
0.8719322440944882
21
0.8069322440944882
0
LINE
8
BLACK
6
CONTINUOUS
10
0.8719322440944882
20
0.8069322440944882
11
0.8713595669291339
21
0.8077892519685039
0
LINE
8
BLACK
6
CONTINUOUS
10
0.8713595669291339
20
0.8077892519685039
11
0.8710601968503937
21
0.8080886614173228
0
LINE
8
BLACK
6
CONTINUOUS
10
0.8710601968503937
20
0.8080886614173228
11
0.8708666535433071
21
0.8085269291338583
0
LINE
8
BLACK
6
CONTINUOUS
10
0.8708666535433071
20
0.8085269291338583
11
0.8702253543307087
21
0.8094867322834646
0
LINE
8
BLACK
6
CONTINUOUS
10
0.8702253543307087
20
0.8094867322834646
11
0.8700470078740157
21
0.8103832283464567
0
LINE
8
BLACK
6
CONTINUOUS
10
0.8700470078740157
20
0.8103832283464567
11
0.869844842519685
21
0.8108411417322835
0
LINE
8
BLACK
6
CONTINUOUS
10
0.869844842519685
20
0.8108411417322835
11
0.8696893307086614
21
0.8121814173228347
0
LINE
8
BLACK
6
CONTINUOUS
10
0.8696893307086614
20
0.8121814173228347
11
0.8696259842519685
21
0.8125
0
LINE
8
BLACK
6
CONTINUOUS
10
0.8696259842519685
20
0.8125
11
0.8696259842519685
21
0.8674999999999999
0
LINE
8
BLACK
6
CONTINUOUS
10
0.8696259842519685
20
0.8674999999999999
11
0.8696893700787401
21
0.8678187007874015
0
LINE
8
BLACK
6
CONTINUOUS
10
0.8696893700787401
20
0.8678187007874015
11
0.869844842519685
21
0.8691588188976378
0
LINE
8
BLACK
6
CONTINUOUS
10
0.869844842519685
20
0.8691588188976378
11
0.8700470078740157
21
0.8696166929133858
0
LINE
8
BLACK
6
CONTINUOUS
10
0.8700470078740157
20
0.8696166929133858
11
0.8702253543307087
21
0.8705132677165354
0
LINE
8
BLACK
6
CONTINUOUS
10
0.8702253543307087
20
0.8705132677165354
11
0.8708666929133858
21
0.8714731102362204
0
LINE
8
BLACK
6
CONTINUOUS
10
0.8708666929133858
20
0.8714731102362204
11
0.8710601968503937
21
0.8719112992125984
0
LINE
8
BLACK
6
CONTINUOUS
10
0.8710601968503937
20
0.8719112992125984
11
0.8713594881889763
21
0.8722105905511811
0
LINE
8
BLACK
6
CONTINUOUS
10
0.8713594881889763
20
0.8722105905511811
11
0.8719322440944882
21
0.8730677559055118
0
LINE
8
BLACK
6
CONTINUOUS
10
0.8719322440944882
20
0.8730677559055118
11
0.8727893700787401
21
0.8736404724409449
0
LINE
8
BLACK
6
CONTINUOUS
10
0.8727893700787401
20
0.8736404724409449
11
0.8730886614173228
21
0.8739397637795275
0
LINE
8
BLACK
6
CONTINUOUS
10
0.8730886614173228
20
0.8739397637795275
11
0.8735267716535433
21
0.8741331889763779
0
LINE
8
BLACK
6
CONTINUOUS
10
0.8735267716535433
20
0.8741331889763779
11
0.8744867322834645
21
0.8747746456692913
0
LINE
8
BLACK
6
CONTINUOUS
10
0.8744867322834645
20
0.8747746456692913
11
0.8753833858267717
21
0.8749529921259842
0
LINE
8
BLACK
6
CONTINUOUS
10
0.8753833858267717
20
0.8749529921259842
11
0.8758411417322834
21
0.8751551181102362
0
LINE
8
BLACK
6
CONTINUOUS
10
0.8758411417322834
20
0.8751551181102362
11
0.8771809448818897
21
0.8753105511811023
0
LINE
8
BLACK
6
CONTINUOUS
10
0.8771809448818897
20
0.8753105511811023
11
0.8774999999999999
21
0.8753740157480315
0
LINE
8
BLACK
6
CONTINUOUS
10
0.8774999999999999
20
0.8753740157480315
11
0.9125
21
0.8753740157480315
0
LINE
8
BLACK
6
CONTINUOUS
10
0.9125
20
0.8753740157480315
11
0.9128191732283464
21
0.8753105118110236
0
LINE
8
BLACK
6
CONTINUOUS
10
0.4803191732283464
20
0.8878105118110236
11
0.4816588188976378
21
0.8876551181102362
0
LINE
8
BLACK
6
CONTINUOUS
10
0.4816588188976378
20
0.8876551181102362
11
0.4821164960629921
21
0.8874529921259843
0
LINE
8
BLACK
6
CONTINUOUS
10
0.4821164960629921
20
0.8874529921259843
11
0.4830132677165354
21
0.8872746456692914
0
LINE
8
BLACK
6
CONTINUOUS
10
0.4830132677165354
20
0.8872746456692914
11
0.4839732677165354
21
0.8866331496062992
0
LINE
8
BLACK
6
CONTINUOUS
10
0.4839732677165354
20
0.8866331496062992
11
0.4844112992125984
21
0.8864397637795275
0
LINE
8
BLACK
6
CONTINUOUS
10
0.4844112992125984
20
0.8864397637795275
11
0.4847104724409449
21
0.8861405511811024
0
LINE
8
BLACK
6
CONTINUOUS
10
0.4847104724409449
20
0.8861405511811024
11
0.4855677559055118
21
0.8855677559055118
0
LINE
8
BLACK
6
CONTINUOUS
10
0.4855677559055118
20
0.8855677559055118
11
0.4861405511811023
21
0.8847104724409449
0
LINE
8
BLACK
6
CONTINUOUS
10
0.4861405511811023
20
0.8847104724409449
11
0.4864397637795275
21
0.8844112992125984
0
LINE
8
BLACK
6
CONTINUOUS
10
0.4864397637795275
20
0.8844112992125984
11
0.4866331496062992
21
0.8839732677165354
0
LINE
8
BLACK
6
CONTINUOUS
10
0.4866331496062992
20
0.8839732677165354
11
0.4872746456692914
21
0.8830132677165354
0
LINE
8
BLACK
6
CONTINUOUS
10
0.4872746456692914
20
0.8830132677165354
11
0.4874529921259843
21
0.8821164960629921
0
LINE
8
BLACK
6
CONTINUOUS
10
0.4874529921259843
20
0.8821164960629921
11
0.4876551181102362
21
0.8816588188976378
0
LINE
8
BLACK
6
CONTINUOUS
10
0.4876551181102362
20
0.8816588188976378
11
0.4878105118110236
21
0.8803190944881889
0
LINE
8
BLACK
6
CONTINUOUS
10
0.4878105118110236
20
0.8803190944881889
11
0.4878740157480315
21
0.88
0
LINE
8
BLACK
6
CONTINUOUS
10
0.4878740157480315
20
0.88
11
0.4878740157480315
21
0.82
0
LINE
8
BLACK
6
CONTINUOUS
10
0.4878740157480315
20
0.82
11
0.4878105118110236
21
0.8196808661417323
0
LINE
8
BLACK
6
CONTINUOUS
10
0.4878105118110236
20
0.8196808661417323
11
0.4876551181102362
21
0.8183411417322835
0
LINE
8
BLACK
6
CONTINUOUS
10
0.4876551181102362
20
0.8183411417322835
11
0.4874529921259843
21
0.8178833858267717
0
LINE
8
BLACK
6
CONTINUOUS
10
0.4874529921259843
20
0.8178833858267717
11
0.4872746456692914
21
0.8169867322834645
0
LINE
8
BLACK
6
CONTINUOUS
10
0.4872746456692914
20
0.8169867322834645
11
0.4866331889763779
21
0.8160267716535433
0
LINE
8
BLACK
6
CONTINUOUS
10
0.4866331889763779
20
0.8160267716535433
11
0.4864397637795275
21
0.8155886614173228
0
LINE
8
BLACK
6
CONTINUOUS
10
0.4864397637795275
20
0.8155886614173228
11
0.4861404724409449
21
0.8152893700787401
0
LINE
8
BLACK
6
CONTINUOUS
10
0.4861404724409449
20
0.8152893700787401
11
0.4855677559055118
21
0.8144322440944882
0
LINE
8
BLACK
6
CONTINUOUS
10
0.4855677559055118
20
0.8144322440944882
11
0.4847105905511811
21
0.8138594881889764
0
LINE
8
BLACK
6
CONTINUOUS
10
0.4847105905511811
20
0.8138594881889764
11
0.4844112992125984
21
0.8135601968503937
0
LINE
8
BLACK
6
CONTINUOUS
10
0.4844112992125984
20
0.8135601968503937
11
0.4839731102362205
21
0.8133666929133858
0
LINE
8
BLACK
6
CONTINUOUS
10
0.4839731102362205
20
0.8133666929133858
11
0.4830132677165354
21
0.8127253543307087
0
LINE
8
BLACK
6
CONTINUOUS
10
0.4830132677165354
20
0.8127253543307087
11
0.4821166929133858
21
0.8125470078740157
0
LINE
8
BLACK
6
CONTINUOUS
10
0.4821166929133858
20
0.8125470078740157
11
0.4816588188976378
21
0.812344842519685
0
LINE
8
BLACK
6
CONTINUOUS
10
0.4816588188976378
20
0.812344842519685
11
0.4803186220472441
21
0.8121893307086614
0
LINE
8
BLACK
6
CONTINUOUS
10
0.4803186220472441
20
0.8121893307086614
11
0.48
21
0.8121259842519685
0
LINE
8
BLACK
6
CONTINUOUS
10
0.48
20
0.8121259842519685
11
0.4797723228346457
21
0.8121259842519685
0
LINE
8
BLACK
6
CONTINUOUS
10
0.4797723228346457
20
0.8121259842519685
11
0.4202277165354331
21
0.8121259842519685
0
LINE
8
BLACK
6
CONTINUOUS
10
0.4202277165354331
20
0.8121259842519685
11
0.42
21
0.8121259842519685
0
LINE
8
BLACK
6
CONTINUOUS
10
0.42
20
0.8121259842519685
11
0.4196813385826771
21
0.8121893307086614
0
LINE
8
BLACK
6
CONTINUOUS
10
0.4196813385826771
20
0.8121893307086614
11
0.4183411417322834
21
0.812344842519685
0
LINE
8
BLACK
6
CONTINUOUS
10
0.4183411417322834
20
0.812344842519685
11
0.4178832283464567
21
0.8125470078740157
0
LINE
8
BLACK
6
CONTINUOUS
10
0.4178832283464567
20
0.8125470078740157
11
0.4169867322834646
21
0.8127253543307087
0
LINE
8
BLACK
6
CONTINUOUS
10
0.4169867322834646
20
0.8127253543307087
11
0.4160269291338582
21
0.8133666535433071
0
LINE
8
BLACK
6
CONTINUOUS
10
0.4160269291338582
20
0.8133666535433071
11
0.4155886614173228
21
0.8135601968503937
0
LINE
8
BLACK
6
CONTINUOUS
10
0.4155886614173228
20
0.8135601968503937
11
0.4152892519685039
21
0.8138595669291339
0
LINE
8
BLACK
6
CONTINUOUS
10
0.4152892519685039
20
0.8138595669291339
11
0.4144322440944882
21
0.8144322440944882
0
LINE
8
BLACK
6
CONTINUOUS
10
0.4144322440944882
20
0.8144322440944882
11
0.4138595669291338
21
0.8152892519685039
0
LINE
8
BLACK
6
CONTINUOUS
10
0.4138595669291338
20
0.8152892519685039
11
0.4135601968503937
21
0.8155886614173228
0
LINE
8
BLACK
6
CONTINUOUS
10
0.4135601968503937
20
0.8155886614173228
11
0.4133666535433071
21
0.8160269291338582
0
LINE
8
BLACK
6
CONTINUOUS
10
0.4133666535433071
20
0.8160269291338582
11
0.4127253543307087
21
0.8169867322834645
0
LINE
8
BLACK
6
CONTINUOUS
10
0.4127253543307087
20
0.8169867322834645
11
0.4125470078740157
21
0.8178832283464567
0
LINE
8
BLACK
6
CONTINUOUS
10
0.4125470078740157
20
0.8178832283464567
11
0.412344842519685
21
0.8183411417322835
0
LINE
8
BLACK
6
CONTINUOUS
10
0.412344842519685
20
0.8183411417322835
11
0.4121893307086614
21
0.8196814173228346
0
LINE
8
BLACK
6
CONTINUOUS
10
0.4121893307086614
20
0.8196814173228346
11
0.4121259842519685
21
0.82
0
LINE
8
BLACK
6
CONTINUOUS
10
0.4121259842519685
20
0.82
11
0.4121259842519685
21
0.88
0
LINE
8
BLACK
6
CONTINUOUS
10
0.4121259842519685
20
0.88
11
0.4121893700787401
21
0.8803187007874016
0
LINE
8
BLACK
6
CONTINUOUS
10
0.4121893700787401
20
0.8803187007874016
11
0.412344842519685
21
0.8816588188976378
0
LINE
8
BLACK
6
CONTINUOUS
10
0.412344842519685
20
0.8816588188976378
11
0.4125470078740157
21
0.8821166929133858
0
LINE
8
BLACK
6
CONTINUOUS
10
0.4125470078740157
20
0.8821166929133858
11
0.4127253543307087
21
0.8830132677165354
0
LINE
8
BLACK
6
CONTINUOUS
10
0.4127253543307087
20
0.8830132677165354
11
0.4133666929133858
21
0.8839731102362205
0
LINE
8
BLACK
6
CONTINUOUS
10
0.4133666929133858
20
0.8839731102362205
11
0.4135601968503937
21
0.8844112992125984
0
LINE
8
BLACK
6
CONTINUOUS
10
0.4135601968503937
20
0.8844112992125984
11
0.4138594881889764
21
0.8847105905511811
0
LINE
8
BLACK
6
CONTINUOUS
10
0.4138594881889764
20
0.8847105905511811
11
0.4144322440944882
21
0.8855677559055118
0
LINE
8
BLACK
6
CONTINUOUS
10
0.4144322440944882
20
0.8855677559055118
11
0.4152893700787402
21
0.8861404724409448
0
LINE
8
BLACK
6
CONTINUOUS
10
0.4152893700787402
20
0.8861404724409448
11
0.4155886614173228
21
0.8864397637795275
0
LINE
8
BLACK
6
CONTINUOUS
10
0.4155886614173228
20
0.8864397637795275
11
0.4160267716535433
21
0.8866331889763779
0
LINE
8
BLACK
6
CONTINUOUS
10
0.4160267716535433
20
0.8866331889763779
11
0.4169867322834646
21
0.8872746456692914
0
LINE
8
BLACK
6
CONTINUOUS
10
0.4169867322834646
20
0.8872746456692914
11
0.4178833858267716
21
0.8874529921259843
0
LINE
8
BLACK
6
CONTINUOUS
10
0.4178833858267716
20
0.8874529921259843
11
0.4183411417322834
21
0.8876551181102362
0
LINE
8
BLACK
6
CONTINUOUS
10
0.4183411417322834
20
0.8876551181102362
11
0.4196809448818897
21
0.8878105511811023
0
LINE
8
BLACK
6
CONTINUOUS
10
0.4196809448818897
20
0.8878105511811023
11
0.42
21
0.8878740157480315
0
LINE
8
BLACK
6
CONTINUOUS
10
0.42
20
0.8878740157480315
11
0.48
21
0.8878740157480315
0
LINE
8
BLACK
6
CONTINUOUS
10
0.48
20
0.8878740157480315
11
0.4803191732283464
21
0.8878105118110236
0
LINE
8
BLACK
6
CONTINUOUS
10
0.5803191732283465
20
0.8878105118110236
11
0.5816588188976378
21
0.8876551181102362
0
LINE
8
BLACK
6
CONTINUOUS
10
0.5816588188976378
20
0.8876551181102362
11
0.5821164960629921
21
0.8874529921259843
0
LINE
8
BLACK
6
CONTINUOUS
10
0.5821164960629921
20
0.8874529921259843
11
0.5830132677165354
21
0.8872746456692914
0
LINE
8
BLACK
6
CONTINUOUS
10
0.5830132677165354
20
0.8872746456692914
11
0.5839732677165355
21
0.8866331496062992
0
LINE
8
BLACK
6
CONTINUOUS
10
0.5839732677165355
20
0.8866331496062992
11
0.5844112992125984
21
0.8864397637795275
0
LINE
8
BLACK
6
CONTINUOUS
10
0.5844112992125984
20
0.8864397637795275
11
0.5847104724409449
21
0.8861405511811024
0
LINE
8
BLACK
6
CONTINUOUS
10
0.5847104724409449
20
0.8861405511811024
11
0.5855677559055118
21
0.8855677559055118
0
LINE
8
BLACK
6
CONTINUOUS
10
0.5855677559055118
20
0.8855677559055118
11
0.5861405511811023
21
0.8847104724409449
0
LINE
8
BLACK
6
CONTINUOUS
10
0.5861405511811023
20
0.8847104724409449
11
0.5864397637795276
21
0.8844112992125984
0
LINE
8
BLACK
6
CONTINUOUS
10
0.5864397637795276
20
0.8844112992125984
11
0.5866331496062992
21
0.8839732677165354
0
LINE
8
BLACK
6
CONTINUOUS
10
0.5866331496062992
20
0.8839732677165354
11
0.5872746456692913
21
0.8830132677165354
0
LINE
8
BLACK
6
CONTINUOUS
10
0.5872746456692913
20
0.8830132677165354
11
0.5874529921259842
21
0.8821164960629921
0
LINE
8
BLACK
6
CONTINUOUS
10
0.5874529921259842
20
0.8821164960629921
11
0.5876551181102362
21
0.8816588188976378
0
LINE
8
BLACK
6
CONTINUOUS
10
0.5876551181102362
20
0.8816588188976378
11
0.5878105118110236
21
0.8803190944881889
0
LINE
8
BLACK
6
CONTINUOUS
10
0.5878105118110236
20
0.8803190944881889
11
0.5878740157480314
21
0.88
0
LINE
8
BLACK
6
CONTINUOUS
10
0.5878740157480314
20
0.88
11
0.5878740157480314
21
0.82
0
LINE
8
BLACK
6
CONTINUOUS
10
0.5878740157480314
20
0.82
11
0.5878105118110236
21
0.8196808661417323
0
LINE
8
BLACK
6
CONTINUOUS
10
0.5878105118110236
20
0.8196808661417323
11
0.5876551181102362
21
0.8183411417322835
0
LINE
8
BLACK
6
CONTINUOUS
10
0.5876551181102362
20
0.8183411417322835
11
0.5874529921259842
21
0.8178833858267717
0
LINE
8
BLACK
6
CONTINUOUS
10
0.5874529921259842
20
0.8178833858267717
11
0.5872746456692913
21
0.8169867322834645
0
LINE
8
BLACK
6
CONTINUOUS
10
0.5872746456692913
20
0.8169867322834645
11
0.586633188976378
21
0.8160267716535433
0
LINE
8
BLACK
6
CONTINUOUS
10
0.586633188976378
20
0.8160267716535433
11
0.5864397637795276
21
0.8155886614173228
0
LINE
8
BLACK
6
CONTINUOUS
10
0.5864397637795276
20
0.8155886614173228
11
0.5861404724409449
21
0.8152893700787401
0
LINE
8
BLACK
6
CONTINUOUS
10
0.5861404724409449
20
0.8152893700787401
11
0.5855677559055118
21
0.8144322440944882
0
LINE
8
BLACK
6
CONTINUOUS
10
0.5855677559055118
20
0.8144322440944882
11
0.5847105905511811
21
0.8138594881889764
0
LINE
8
BLACK
6
CONTINUOUS
10
0.5847105905511811
20
0.8138594881889764
11
0.5844112992125984
21
0.8135601968503937
0
LINE
8
BLACK
6
CONTINUOUS
10
0.5844112992125984
20
0.8135601968503937
11
0.5839731102362204
21
0.8133666929133858
0
LINE
8
BLACK
6
CONTINUOUS
10
0.5839731102362204
20
0.8133666929133858
11
0.5830132677165354
21
0.8127253543307087
0
LINE
8
BLACK
6
CONTINUOUS
10
0.5830132677165354
20
0.8127253543307087
11
0.5821166929133859
21
0.8125470078740157
0
LINE
8
BLACK
6
CONTINUOUS
10
0.5821166929133859
20
0.8125470078740157
11
0.5816588188976378
21
0.812344842519685
0
LINE
8
BLACK
6
CONTINUOUS
10
0.5816588188976378
20
0.812344842519685
11
0.580318622047244
21
0.8121893307086614
0
LINE
8
BLACK
6
CONTINUOUS
10
0.580318622047244
20
0.8121893307086614
11
0.58
21
0.8121259842519685
0
LINE
8
BLACK
6
CONTINUOUS
10
0.58
20
0.8121259842519685
11
0.5797723228346456
21
0.8121259842519685
0
LINE
8
BLACK
6
CONTINUOUS
10
0.5797723228346456
20
0.8121259842519685
11
0.5202277165354331
21
0.8121259842519685
0
LINE
8
BLACK
6
CONTINUOUS
10
0.5202277165354331
20
0.8121259842519685
11
0.52
21
0.8121259842519685
0
LINE
8
BLACK
6
CONTINUOUS
10
0.52
20
0.8121259842519685
11
0.5196813385826772
21
0.8121893307086614
0
LINE
8
BLACK
6
CONTINUOUS
10
0.5196813385826772
20
0.8121893307086614
11
0.5183411417322834
21
0.812344842519685
0
LINE
8
BLACK
6
CONTINUOUS
10
0.5183411417322834
20
0.812344842519685
11
0.5178832283464567
21
0.8125470078740157
0
LINE
8
BLACK
6
CONTINUOUS
10
0.5178832283464567
20
0.8125470078740157
11
0.5169867322834646
21
0.8127253543307087
0
LINE
8
BLACK
6
CONTINUOUS
10
0.5169867322834646
20
0.8127253543307087
11
0.5160269291338583
21
0.8133666535433071
0
LINE
8
BLACK
6
CONTINUOUS
10
0.5160269291338583
20
0.8133666535433071
11
0.5155886614173228
21
0.8135601968503937
0
LINE
8
BLACK
6
CONTINUOUS
10
0.5155886614173228
20
0.8135601968503937
11
0.5152892519685039
21
0.8138595669291339
0
LINE
8
BLACK
6
CONTINUOUS
10
0.5152892519685039
20
0.8138595669291339
11
0.5144322440944882
21
0.8144322440944882
0
LINE
8
BLACK
6
CONTINUOUS
10
0.5144322440944882
20
0.8144322440944882
11
0.5138595669291338
21
0.8152892519685039
0
LINE
8
BLACK
6
CONTINUOUS
10
0.5138595669291338
20
0.8152892519685039
11
0.5135601968503937
21
0.8155886614173228
0
LINE
8
BLACK
6
CONTINUOUS
10
0.5135601968503937
20
0.8155886614173228
11
0.5133666535433071
21
0.8160269291338582
0
LINE
8
BLACK
6
CONTINUOUS
10
0.5133666535433071
20
0.8160269291338582
11
0.5127253543307086
21
0.8169867322834645
0
LINE
8
BLACK
6
CONTINUOUS
10
0.5127253543307086
20
0.8169867322834645
11
0.5125470078740157
21
0.8178832283464567
0
LINE
8
BLACK
6
CONTINUOUS
10
0.5125470078740157
20
0.8178832283464567
11
0.512344842519685
21
0.8183411417322835
0
LINE
8
BLACK
6
CONTINUOUS
10
0.512344842519685
20
0.8183411417322835
11
0.5121893307086615
21
0.8196814173228346
0
LINE
8
BLACK
6
CONTINUOUS
10
0.5121893307086615
20
0.8196814173228346
11
0.5121259842519685
21
0.82
0
LINE
8
BLACK
6
CONTINUOUS
10
0.5121259842519685
20
0.82
11
0.5121259842519685
21
0.88
0
LINE
8
BLACK
6
CONTINUOUS
10
0.5121259842519685
20
0.88
11
0.5121893700787401
21
0.8803187007874016
0
LINE
8
BLACK
6
CONTINUOUS
10
0.5121893700787401
20
0.8803187007874016
11
0.512344842519685
21
0.8816588188976378
0
LINE
8
BLACK
6
CONTINUOUS
10
0.512344842519685
20
0.8816588188976378
11
0.5125470078740157
21
0.8821166929133858
0
LINE
8
BLACK
6
CONTINUOUS
10
0.5125470078740157
20
0.8821166929133858
11
0.5127253543307086
21
0.8830132677165354
0
LINE
8
BLACK
6
CONTINUOUS
10
0.5127253543307086
20
0.8830132677165354
11
0.5133666929133858
21
0.8839731102362205
0
LINE
8
BLACK
6
CONTINUOUS
10
0.5133666929133858
20
0.8839731102362205
11
0.5135601968503937
21
0.8844112992125984
0
LINE
8
BLACK
6
CONTINUOUS
10
0.5135601968503937
20
0.8844112992125984
11
0.5138594881889764
21
0.8847105905511811
0
LINE
8
BLACK
6
CONTINUOUS
10
0.5138594881889764
20
0.8847105905511811
11
0.5144322440944882
21
0.8855677559055118
0
LINE
8
BLACK
6
CONTINUOUS
10
0.5144322440944882
20
0.8855677559055118
11
0.5152893700787401
21
0.8861404724409448
0
LINE
8
BLACK
6
CONTINUOUS
10
0.5152893700787401
20
0.8861404724409448
11
0.5155886614173228
21
0.8864397637795275
0
LINE
8
BLACK
6
CONTINUOUS
10
0.5155886614173228
20
0.8864397637795275
11
0.5160267716535433
21
0.8866331889763779
0
LINE
8
BLACK
6
CONTINUOUS
10
0.5160267716535433
20
0.8866331889763779
11
0.5169867322834646
21
0.8872746456692914
0
LINE
8
BLACK
6
CONTINUOUS
10
0.5169867322834646
20
0.8872746456692914
11
0.5178833858267716
21
0.8874529921259843
0
LINE
8
BLACK
6
CONTINUOUS
10
0.5178833858267716
20
0.8874529921259843
11
0.5183411417322834
21
0.8876551181102362
0
LINE
8
BLACK
6
CONTINUOUS
10
0.5183411417322834
20
0.8876551181102362
11
0.5196809448818898
21
0.8878105511811023
0
LINE
8
BLACK
6
CONTINUOUS
10
0.5196809448818898
20
0.8878105511811023
11
0.52
21
0.8878740157480315
0
LINE
8
BLACK
6
CONTINUOUS
10
0.52
20
0.8878740157480315
11
0.58
21
0.8878740157480315
0
LINE
8
BLACK
6
CONTINUOUS
10
0.58
20
0.8878740157480315
11
0.5803191732283465
21
0.8878105118110236
0
LINE
8
BLACK
6
CONTINUOUS
10
0.2033930708661417
20
1.1257937007874015
11
0.2068202362204724
21
1.1257937007874015
0
LINE
8
BLACK
6
CONTINUOUS
10
0.2068202362204724
20
1.1257937007874015
11
0.2104794094488189
21
1.1253957086614172
0
LINE
8
BLACK
6
CONTINUOUS
10
0.2104794094488189
20
1.1253957086614172
11
0.2141057480314961
21
1.1251920866141731
0
LINE
8
BLACK
6
CONTINUOUS
10
0.2141057480314961
20
1.1251920866141731
11
0.2172249212598425
21
1.1246620866141732
0
LINE
8
BLACK
6
CONTINUOUS
10
0.2172249212598425
20
1.1246620866141732
11
0.2203811023622047
21
1.1243188582677166
0
LINE
8
BLACK
6
CONTINUOUS
10
0.2203811023622047
20
1.1243188582677166
11
0.2242248818897638
21
1.1234727559055118
0
LINE
8
BLACK
6
CONTINUOUS
10
0.2242248818897638
20
1.1234727559055118
11
0.2280341338582677
21
1.1228255511811023
0
LINE
8
BLACK
6
CONTINUOUS
10
0.2280341338582677
20
1.1228255511811023
11
0.2308478346456693
21
1.1220149212598425
0
LINE
8
BLACK
6
CONTINUOUS
10
0.2308478346456693
20
1.1220149212598425
11
0.233702874015748
21
1.121386496062992
0
LINE
8
BLACK
6
CONTINUOUS
10
0.233702874015748
20
1.121386496062992
11
0.2376761023622047
21
1.1200477559055118
0
LINE
8
BLACK
6
CONTINUOUS
10
0.2376761023622047
20
1.1200477559055118
11
0.2416099606299213
21
1.1189144488188976
0
LINE
8
BLACK
6
CONTINUOUS
10
0.2416099606299213
20
1.1189144488188976
11
0.2440963779527559
21
1.117884527559055
0
LINE
8
BLACK
6
CONTINUOUS
10
0.2440963779527559
20
1.117884527559055
11
0.2466292913385827
21
1.1170311023622046
0
LINE
8
BLACK
6
CONTINUOUS
10
0.2466292913385827
20
1.1170311023622046
11
0.2506707874015748
21
1.1151612992125983
0
LINE
8
BLACK
6
CONTINUOUS
10
0.2506707874015748
20
1.1151612992125983
11
0.2546625196850394
21
1.113507874015748
0
LINE
8
BLACK
6
CONTINUOUS
10
0.2546625196850394
20
1.113507874015748
11
0.2568098031496063
21
1.1123210629921259
0
LINE
8
BLACK
6
CONTINUOUS
10
0.2568098031496063
20
1.1123210629921259
11
0.2590093307086614
21
1.1113035039370078
0
LINE
8
BLACK
6
CONTINUOUS
10
0.2590093307086614
20
1.1113035039370078
11
0.2630505511811024
21
1.108871968503937
0
LINE
8
BLACK
6
CONTINUOUS
10
0.2630505511811024
20
1.108871968503937
11
0.2670276771653543
21
1.1066738976377952
0
LINE
8
BLACK
6
CONTINUOUS
10
0.2670276771653543
20
1.1066738976377952
11
0.2688345669291339
21
1.1053918110236221
0
LINE
8
BLACK
6
CONTINUOUS
10
0.2688345669291339
20
1.1053918110236221
11
0.2706976377952756
21
1.1042708661417322
0
LINE
8
BLACK
6
CONTINUOUS
10
0.2706976377952756
20
1.1042708661417322
11
0.2746654724409449
21
1.1012545669291338
0
LINE
8
BLACK
6
CONTINUOUS
10
0.2746654724409449
20
1.1012545669291338
11
0.2785498818897638
21
1.0984984645669291
0
LINE
8
BLACK
6
CONTINUOUS
10
0.2785498818897638
20
1.0984984645669291
11
0.2800237007874016
21
1.0971813779527559
0
LINE
8
BLACK
6
CONTINUOUS
10
0.2800237007874016
20
1.0971813779527559
11
0.2815566535433071
21
1.0960160629921261
0
LINE
8
BLACK
6
CONTINUOUS
10
0.2815566535433071
20
1.0960160629921261
11
0.285373937007874
21
1.0924000787401575
0
LINE
8
BLACK
6
CONTINUOUS
10
0.285373937007874
20
1.0924000787401575
11
0.2890843307086614
21
1.0890843307086613
0
LINE
8
BLACK
6
CONTINUOUS
10
0.2890843307086614
20
1.0890843307086613
11
0.2902422440944882
21
1.0877885826771654
0
LINE
8
BLACK
6
CONTINUOUS
10
0.2902422440944882
20
1.0877885826771654
11
0.2914596456692913
21
1.0866354330708661
0
LINE
8
BLACK
6
CONTINUOUS
10
0.2914596456692913
20
1.0866354330708661
11
0.2950464960629921
21
1.0824126377952756
0
LINE
8
BLACK
6
CONTINUOUS
10
0.2950464960629921
20
1.0824126377952756
11
0.2984984645669291
21
1.0785498818897639
0
LINE
8
BLACK
6
CONTINUOUS
10
0.2984984645669291
20
1.0785498818897639
11
0.2993655118110236
21
1.0773278346456692
0
LINE
8
BLACK
6
CONTINUOUS
10
0.2993655118110236
20
1.0773278346456692
11
0.3002906692913386
21
1.0762387007874015
0
LINE
8
BLACK
6
CONTINUOUS
10
0.3002906692913386
20
1.0762387007874015
11
0.303567874015748
21
1.071405157480315
0
LINE
8
BLACK
6
CONTINUOUS
10
0.303567874015748
20
1.071405157480315
11
0.3066738976377953
21
1.0670276771653544
0
LINE
8
BLACK
6
CONTINUOUS
10
0.3066738976377953
20
1.0670276771653544
11
0.3072822047244094
21
1.0659269291338582
0
LINE
8
BLACK
6
CONTINUOUS
10
0.3072822047244094
20
1.0659269291338582
11
0.3079456299212598
21
1.0649485433070867
0
LINE
8
BLACK
6
CONTINUOUS
10
0.3079456299212598
20
1.0649485433070867
11
0.3108335433070866
21
1.059501338582677
0
LINE
8
BLACK
6
CONTINUOUS
10
0.3108335433070866
20
1.059501338582677
11
0.313507874015748
21
1.0546625196850394
0
LINE
8
BLACK
6
CONTINUOUS
10
0.313507874015748
20
1.0546625196850394
11
0.3138970078740158
21
1.0537229527559056
0
LINE
8
BLACK
6
CONTINUOUS
10
0.3138970078740158
20
1.0537229527559056
11
0.3143348031496063
21
1.0528972834645669
0
LINE
8
BLACK
6
CONTINUOUS
10
0.3143348031496063
20
1.0528972834645669
11
0.3167526377952756
21
1.0468289763779528
0
LINE
8
BLACK
6
CONTINUOUS
10
0.3167526377952756
20
1.0468289763779528
11
0.3189144488188976
21
1.0416099606299212
0
LINE
8
BLACK
6
CONTINUOUS
10
0.3189144488188976
20
1.0416099606299212
11
0.3191294094488189
21
1.0408637401574803
0
LINE
8
BLACK
6
CONTINUOUS
10
0.3191294094488189
20
1.0408637401574803
11
0.3193839763779527
21
1.0402248818897637
0
LINE
8
BLACK
6
CONTINUOUS
10
0.3193839763779527
20
1.0402248818897637
11
0.3212576771653543
21
1.0334763385826771
0
LINE
8
BLACK
6
CONTINUOUS
10
0.3212576771653543
20
1.0334763385826771
11
0.3228255511811023
21
1.0280341338582677
0
LINE
8
BLACK
6
CONTINUOUS
10
0.3228255511811023
20
1.0280341338582677
11
0.3229151968503937
21
1.0275064566929133
0
LINE
8
BLACK
6
CONTINUOUS
10
0.3229151968503937
20
1.0275064566929133
11
0.3230331102362204
21
1.0270818110236219
0
LINE
8
BLACK
6
CONTINUOUS
10
0.3230331102362204
20
1.0270818110236219
11
0.3242899212598425
21
1.0194154724409448
0
LINE
8
BLACK
6
CONTINUOUS
10
0.3242899212598425
20
1.0194154724409448
11
0.3251920866141732
21
1.0141057480314961
0
LINE
8
BLACK
6
CONTINUOUS
10
0.3251920866141732
20
1.0141057480314961
11
0.3252085826771653
21
1.0138117322834646
0
LINE
8
BLACK
6
CONTINUOUS
10
0.3252085826771653
20
1.0138117322834646
11
0.3252399606299213
21
1.013620433070866
0
LINE
8
BLACK
6
CONTINUOUS
10
0.3252399606299213
20
1.013620433070866
11
0.3258165748031496
21
1.0029851181102363
0
LINE
8
BLACK
6
CONTINUOUS
10
0.3258165748031496
20
1.0029851181102363
11
0.3259842519685039
21
1.
0
LINE
8
BLACK
6
CONTINUOUS
10
0.3259842519685039
20
1.
11
0.3258166141732283
21
0.9970151181102362
0
LINE
8
BLACK
6
CONTINUOUS
10
0.3258166141732283
20
0.9970151181102362
11
0.3252399606299213
21
0.9863795275590551
0
LINE
8
BLACK
6
CONTINUOUS
10
0.3252399606299213
20
0.9863795275590551
11
0.3252085826771653
21
0.9861881889763779
0
LINE
8
BLACK
6
CONTINUOUS
10
0.3252085826771653
20
0.9861881889763779
11
0.3251920866141732
21
0.9858942519685039
0
LINE
8
BLACK
6
CONTINUOUS
10
0.3251920866141732
20
0.9858942519685039
11
0.3242900787401575
21
0.9805855905511811
0
LINE
8
BLACK
6
CONTINUOUS
10
0.3242900787401575
20
0.9805855905511811
11
0.3230331102362204
21
0.9729181496062992
0
LINE
8
BLACK
6
CONTINUOUS
10
0.3230331102362204
20
0.9729181496062992
11
0.322915157480315
21
0.9724934251968503
0
LINE
8
BLACK
6
CONTINUOUS
10
0.322915157480315
20
0.9724934251968503
11
0.3228255511811023
21
0.9719658661417323
0
LINE
8
BLACK
6
CONTINUOUS
10
0.3228255511811023
20
0.9719658661417323
11
0.3212579527559055
21
0.9665246456692913
0
LINE
8
BLACK
6
CONTINUOUS
10
0.3212579527559055
20
0.9665246456692913
11
0.3193839763779527
21
0.9597750787401574
0
LINE
8
BLACK
6
CONTINUOUS
10
0.3193839763779527
20
0.9597750787401574
11
0.3191293700787401
21
0.9591361023622047
0
LINE
8
BLACK
6
CONTINUOUS
10
0.3191293700787401
20
0.9591361023622047
11
0.3189144488188976
21
0.9583900393700787
0
LINE
8
BLACK
6
CONTINUOUS
10
0.3189144488188976
20
0.9583900393700787
11
0.316753031496063
21
0.9531720078740157
0
LINE
8
BLACK
6
CONTINUOUS
10
0.316753031496063
20
0.9531720078740157
11
0.3143348031496063
21
0.9471026771653543
0
LINE
8
BLACK
6
CONTINUOUS
10
0.3143348031496063
20
0.9471026771653543
11
0.313896968503937
21
0.946276811023622
0
LINE
8
BLACK
6
CONTINUOUS
10
0.313896968503937
20
0.946276811023622
11
0.313507874015748
21
0.9453374803149606
0
LINE
8
BLACK
6
CONTINUOUS
10
0.313507874015748
20
0.9453374803149606
11
0.3108340551181102
21
0.9404995669291338
0
LINE
8
BLACK
6
CONTINUOUS
10
0.3108340551181102
20
0.9404995669291338
11
0.3079456299212598
21
0.9350514173228346
0
LINE
8
BLACK
6
CONTINUOUS
10
0.3079456299212598
20
0.9350514173228346
11
0.3072820866141732
21
0.9340727952755905
0
LINE
8
BLACK
6
CONTINUOUS
10
0.3072820866141732
20
0.9340727952755905
11
0.3066738976377953
21
0.9329723228346456
0
LINE
8
BLACK
6
CONTINUOUS
10
0.3066738976377953
20
0.9329723228346456
11
0.3035684645669292
21
0.9285956299212598
0
LINE
8
BLACK
6
CONTINUOUS
10
0.3035684645669292
20
0.9285956299212598
11
0.3002906692913386
21
0.9237612598425197
0
LINE
8
BLACK
6
CONTINUOUS
10
0.3002906692913386
20
0.9237612598425197
11
0.2993653543307087
21
0.9226718897637795
0
LINE
8
BLACK
6
CONTINUOUS
10
0.2993653543307087
20
0.9226718897637795
11
0.2984984645669291
21
0.9214501181102362
0
LINE
8
BLACK
6
CONTINUOUS
10
0.2984984645669291
20
0.9214501181102362
11
0.2950471653543307
21
0.9175881102362204
0
LINE
8
BLACK
6
CONTINUOUS
10
0.2950471653543307
20
0.9175881102362204
11
0.2914596456692913
21
0.9133645275590551
0
LINE
8
BLACK
6
CONTINUOUS
10
0.2914596456692913
20
0.9133645275590551
11
0.2902420078740157
21
0.9122111023622047
0
LINE
8
BLACK
6
CONTINUOUS
10
0.2902420078740157
20
0.9122111023622047
11
0.2890843307086614
21
0.9109156692913386
0
LINE
8
BLACK
6
CONTINUOUS
10
0.2890843307086614
20
0.9109156692913386
11
0.2853746850393701
21
0.9076005118110236
0
LINE
8
BLACK
6
CONTINUOUS
10
0.2853746850393701
20
0.9076005118110236
11
0.2815566535433071
21
0.9039838976377953
0
LINE
8
BLACK
6
CONTINUOUS
10
0.2815566535433071
20
0.9039838976377953
11
0.2800233858267717
21
0.9028183464566929
0
LINE
8
BLACK
6
CONTINUOUS
10
0.2800233858267717
20
0.9028183464566929
11
0.2785498818897638
21
0.9015015354330709
0
LINE
8
BLACK
6
CONTINUOUS
10
0.2785498818897638
20
0.9015015354330709
11
0.2746662598425197
21
0.8987459448818897
0
LINE
8
BLACK
6
CONTINUOUS
10
0.2746662598425197
20
0.8987459448818897
11
0.2706976377952756
21
0.8957290944881889
0
LINE
8
BLACK
6
CONTINUOUS
10
0.2706976377952756
20
0.8957290944881889
11
0.2688341732283465
21
0.894607874015748
0
LINE
8
BLACK
6
CONTINUOUS
10
0.2688341732283465
20
0.894607874015748
11
0.2670276771653543
21
0.8933261023622047
0
LINE
8
BLACK
6
CONTINUOUS
10
0.2670276771653543
20
0.8933261023622047
11
0.2630513385826772
21
0.8911284645669291
0
LINE
8
BLACK
6
CONTINUOUS
10
0.2630513385826772
20
0.8911284645669291
11
0.2590093307086614
21
0.8886964566929134
0
LINE
8
BLACK
6
CONTINUOUS
10
0.2590093307086614
20
0.8886964566929134
11
0.2568093700787402
21
0.8876786220472441
0
LINE
8
BLACK
6
CONTINUOUS
10
0.2568093700787402
20
0.8876786220472441
11
0.2546625196850394
21
0.886492125984252
0
LINE
8
BLACK
6
CONTINUOUS
10
0.2546625196850394
20
0.886492125984252
11
0.2506716141732284
21
0.8848390157480315
0
LINE
8
BLACK
6
CONTINUOUS
10
0.2506716141732284
20
0.8848390157480315
11
0.2466292913385827
21
0.8829688582677165
0
LINE
8
BLACK
6
CONTINUOUS
10
0.2466292913385827
20
0.8829688582677165
11
0.2440958661417323
21
0.8821152362204724
0
LINE
8
BLACK
6
CONTINUOUS
10
0.2440958661417323
20
0.8821152362204724
11
0.2416099606299213
21
0.8810855511811023
0
LINE
8
BLACK
6
CONTINUOUS
10
0.2416099606299213
20
0.8810855511811023
11
0.2376768897637795
21
0.8799524409448819
0
LINE
8
BLACK
6
CONTINUOUS
10
0.2376768897637795
20
0.8799524409448819
11
0.233702874015748
21
0.8786134645669291
0
LINE
8
BLACK
6
CONTINUOUS
10
0.233702874015748
20
0.8786134645669291
11
0.2308472440944882
21
0.8779848818897638
0
LINE
8
BLACK
6
CONTINUOUS
10
0.2308472440944882
20
0.8779848818897638
11
0.2280341338582677
21
0.8771744488188976
0
LINE
8
BLACK
6
CONTINUOUS
10
0.2280341338582677
20
0.8771744488188976
11
0.2242256692913386
21
0.8765273622047244
0
LINE
8
BLACK
6
CONTINUOUS
10
0.2242256692913386
20
0.8765273622047244
11
0.2203811023622047
21
0.8756811023622048
0
LINE
8
BLACK
6
CONTINUOUS
10
0.2203811023622047
20
0.8756811023622048
11
0.2172244094488189
21
0.8753377952755905
0
LINE
8
BLACK
6
CONTINUOUS
10
0.2172244094488189
20
0.8753377952755905
11
0.2141057480314961
21
0.8748079133858268
0
LINE
8
BLACK
6
CONTINUOUS
10
0.2141057480314961
20
0.8748079133858268
11
0.2104796062992126
21
0.8746042519685039
0
LINE
8
BLACK
6
CONTINUOUS
10
0.2104796062992126
20
0.8746042519685039
11
0.2068202362204724
21
0.8742062992125984
0
LINE
8
BLACK
6
CONTINUOUS
10
0.2068202362204724
20
0.8742062992125984
11
0.2033930708661417
21
0.8742062992125984
0
LINE
8
BLACK
6
CONTINUOUS
10
0.2033930708661417
20
0.8742062992125984
11
0.2
21
0.8740157480314961
0
LINE
8
BLACK
6
CONTINUOUS
10
0.2
20
0.8740157480314961
11
0.1966069291338583
21
0.8742062992125984
0
LINE
8
BLACK
6
CONTINUOUS
10
0.1966069291338583
20
0.8742062992125984
11
0.1931797637795276
21
0.8742062992125984
0
LINE
8
BLACK
6
CONTINUOUS
10
0.1931797637795276
20
0.8742062992125984
11
0.1895203149606299
21
0.8746042519685039
0
LINE
8
BLACK
6
CONTINUOUS
10
0.1895203149606299
20
0.8746042519685039
11
0.1858942519685039
21
0.8748079133858268
0
LINE
8
BLACK
6
CONTINUOUS
10
0.1858942519685039
20
0.8748079133858268
11
0.1827755905511811
21
0.8753377559055118
0
LINE
8
BLACK
6
CONTINUOUS
10
0.1827755905511811
20
0.8753377559055118
11
0.1796188582677165
21
0.8756811023622048
0
LINE
8
BLACK
6
CONTINUOUS
10
0.1796188582677165
20
0.8756811023622048
11
0.175774094488189
21
0.8765273622047244
0
LINE
8
BLACK
6
CONTINUOUS
10
0.175774094488189
20
0.8765273622047244
11
0.1719658661417323
21
0.8771744488188976
0
LINE
8
BLACK
6
CONTINUOUS
10
0.1719658661417323
20
0.8771744488188976
11
0.1691528346456693
21
0.877984842519685
0
LINE
8
BLACK
6
CONTINUOUS
10
0.1691528346456693
20
0.877984842519685
11
0.1662970866141732
21
0.8786134645669291
0
LINE
8
BLACK
6
CONTINUOUS
10
0.1662970866141732
20
0.8786134645669291
11
0.1623227952755905
21
0.8799525196850394
0
LINE
8
BLACK
6
CONTINUOUS
10
0.1623227952755905
20
0.8799525196850394
11
0.1583900393700787
21
0.8810855511811023
0
LINE
8
BLACK
6
CONTINUOUS
10
0.1583900393700787
20
0.8810855511811023
11
0.1559042913385827
21
0.882115157480315
0
LINE
8
BLACK
6
CONTINUOUS
10
0.1559042913385827
20
0.882115157480315
11
0.1533706692913386
21
0.8829688582677165
0
LINE
8
BLACK
6
CONTINUOUS
10
0.1533706692913386
20
0.8829688582677165
11
0.1493279921259842
21
0.8848391732283465
0
LINE
8
BLACK
6
CONTINUOUS
10
0.1493279921259842
20
0.8848391732283465
11
0.1453374803149606
21
0.886492125984252
0
LINE
8
BLACK
6
CONTINUOUS
10
0.1453374803149606
20
0.886492125984252
11
0.1431907874015748
21
0.8876785433070866
0
LINE
8
BLACK
6
CONTINUOUS
10
0.1431907874015748
20
0.8876785433070866
11
0.1409906299212599
21
0.8886964566929134
0
LINE
8
BLACK
6
CONTINUOUS
10
0.1409906299212599
20
0.8886964566929134
11
0.1369481496062992
21
0.8911287401574803
0
LINE
8
BLACK
6
CONTINUOUS
10
0.1369481496062992
20
0.8911287401574803
11
0.1329723228346457
21
0.8933261023622047
0
LINE
8
BLACK
6
CONTINUOUS
10
0.1329723228346457
20
0.8933261023622047
11
0.1311659842519685
21
0.894607716535433
0
LINE
8
BLACK
6
CONTINUOUS
10
0.1311659842519685
20
0.894607716535433
11
0.1293023228346457
21
0.8957290944881889
0
LINE
8
BLACK
6
CONTINUOUS
10
0.1293023228346457
20
0.8957290944881889
11
0.1253331102362205
21
0.8987463779527559
0
LINE
8
BLACK
6
CONTINUOUS
10
0.1253331102362205
20
0.8987463779527559
11
0.1214501181102362
21
0.9015015354330709
0
LINE
8
BLACK
6
CONTINUOUS
10
0.1214501181102362
20
0.9015015354330709
11
0.1199768110236221
21
0.9028181496062992
0
LINE
8
BLACK
6
CONTINUOUS
10
0.1199768110236221
20
0.9028181496062992
11
0.1184433070866142
21
0.9039838976377953
0
LINE
8
BLACK
6
CONTINUOUS
10
0.1184433070866142
20
0.9039838976377953
11
0.1146246062992126
21
0.9076011417322835
0
LINE
8
BLACK
6
CONTINUOUS
10
0.1146246062992126
20
0.9076011417322835
11
0.1109156692913386
21
0.9109156692913386
0
LINE
8
BLACK
6
CONTINUOUS
10
0.1109156692913386
20
0.9109156692913386
11
0.1097581496062992
21
0.9122108661417323
0
LINE
8
BLACK
6
CONTINUOUS
10
0.1097581496062992
20
0.9122108661417323
11
0.1085403149606299
21
0.9133645275590551
0
LINE
8
BLACK
6
CONTINUOUS
10
0.1085403149606299
20
0.9133645275590551
11
0.1049520078740157
21
0.9175889763779528
0
LINE
8
BLACK
6
CONTINUOUS
10
0.1049520078740157
20
0.9175889763779528
11
0.1015015354330709
21
0.9214501181102362
0
LINE
8
BLACK
6
CONTINUOUS
10
0.1015015354330709
20
0.9214501181102362
11
0.1006348031496063
21
0.9226716141732283
0
LINE
8
BLACK
6
CONTINUOUS
10
0.1006348031496063
20
0.9226716141732283
11
0.0997092913385827
21
0.9237612598425197
0
LINE
8
BLACK
6
CONTINUOUS
10
0.0997092913385827
20
0.9237612598425197
11
0.0964305905511811
21
0.9285968897637795
0
LINE
8
BLACK
6
CONTINUOUS
10
0.0964305905511811
20
0.9285968897637795
11
0.0933261023622047
21
0.9329723228346456
0
LINE
8
BLACK
6
CONTINUOUS
10
0.0933261023622047
20
0.9329723228346456
11
0.092718031496063
21
0.9340724803149606
0
LINE
8
BLACK
6
CONTINUOUS
10
0.092718031496063
20
0.9340724803149606
11
0.0920543307086614
21
0.9350514173228346
0
LINE
8
BLACK
6
CONTINUOUS
10
0.0920543307086614
20
0.9350514173228346
11
0.0891649606299213
21
0.9405012992125984
0
LINE
8
BLACK
6
CONTINUOUS
10
0.0891649606299213
20
0.9405012992125984
11
0.086492125984252
21
0.9453374803149606
0
LINE
8
BLACK
6
CONTINUOUS
10
0.086492125984252
20
0.9453374803149606
11
0.0861031496062992
21
0.9462764960629921
0
LINE
8
BLACK
6
CONTINUOUS
10
0.0861031496062992
20
0.9462764960629921
11
0.085665157480315
21
0.9471026771653543
0
LINE
8
BLACK
6
CONTINUOUS
10
0.085665157480315
20
0.9471026771653543
11
0.0832458661417323
21
0.9531744881889763
0
LINE
8
BLACK
6
CONTINUOUS
10
0.0832458661417323
20
0.9531744881889763
11
0.0810855511811024
21
0.9583900393700787
0
LINE
8
BLACK
6
CONTINUOUS
10
0.0810855511811024
20
0.9583900393700787
11
0.0808707086614173
21
0.959135748031496
0
LINE
8
BLACK
6
CONTINUOUS
10
0.0808707086614173
20
0.959135748031496
11
0.0806159842519685
21
0.9597750787401574
0
LINE
8
BLACK
6
CONTINUOUS
10
0.0806159842519685
20
0.9597750787401574
11
0.078740905511811
21
0.9665284251968503
0
LINE
8
BLACK
6
CONTINUOUS
10
0.078740905511811
20
0.9665284251968503
11
0.0771744488188976
21
0.9719658661417323
0
LINE
8
BLACK
6
CONTINUOUS
10
0.0771744488188976
20
0.9719658661417323
11
0.077084842519685
21
0.9724930314960629
0
LINE
8
BLACK
6
CONTINUOUS
10
0.077084842519685
20
0.9724930314960629
11
0.0769668503937008
21
0.9729181496062992
0
LINE
8
BLACK
6
CONTINUOUS
10
0.0769668503937008
20
0.9729181496062992
11
0.0757087401574803
21
0.9805921653543307
0
LINE
8
BLACK
6
CONTINUOUS
10
0.0757087401574803
20
0.9805921653543307
11
0.0748079133858268
21
0.9858942519685039
0
LINE
8
BLACK
6
CONTINUOUS
10
0.0748079133858268
20
0.9858942519685039
11
0.0747914173228346
21
0.9861877952755905
0
LINE
8
BLACK
6
CONTINUOUS
10
0.0747914173228346
20
0.9861877952755905
11
0.07476
21
0.9863795275590551
0
LINE
8
BLACK
6
CONTINUOUS
10
0.07476
20
0.9863795275590551
11
0.0741822047244095
21
0.9970353937007874
0
LINE
8
BLACK
6
CONTINUOUS
10
0.0741822047244095
20
0.9970353937007874
11
0.0740157480314961
21
1.
0
LINE
8
BLACK
6
CONTINUOUS
10
0.0740157480314961
20
1.
11
0.0741822440944882
21
1.0029648031496063
0
LINE
8
BLACK
6
CONTINUOUS
10
0.0741822440944882
20
1.0029648031496063
11
0.07476
21
1.013620433070866
0
LINE
8
BLACK
6
CONTINUOUS
10
0.07476
20
1.013620433070866
11
0.0747914173228346
21
1.0138120866141731
0
LINE
8
BLACK
6
CONTINUOUS
10
0.0747914173228346
20
1.0138120866141731
11
0.0748079133858268
21
1.0141057480314961
0
LINE
8
BLACK
6
CONTINUOUS
10
0.0748079133858268
20
1.0141057480314961
11
0.075708937007874
21
1.0194088582677165
0
LINE
8
BLACK
6
CONTINUOUS
10
0.075708937007874
20
1.0194088582677165
11
0.0769668503937008
21
1.0270818110236219
0
LINE
8
BLACK
6
CONTINUOUS
10
0.0769668503937008
20
1.0270818110236219
11
0.077084842519685
21
1.0275068110236221
0
LINE
8
BLACK
6
CONTINUOUS
10
0.077084842519685
20
1.0275068110236221
11
0.0771744488188976
21
1.0280341338582677
0
LINE
8
BLACK
6
CONTINUOUS
10
0.0771744488188976
20
1.0280341338582677
11
0.0787412204724409
21
1.0334725984251969
0
LINE
8
BLACK
6
CONTINUOUS
10
0.0787412204724409
20
1.0334725984251969
11
0.0806159842519685
21
1.0402248818897637
0
LINE
8
BLACK
6
CONTINUOUS
10
0.0806159842519685
20
1.0402248818897637
11
0.0808706692913386
21
1.0408640944881891
0
LINE
8
BLACK
6
CONTINUOUS
10
0.0808706692913386
20
1.0408640944881891
11
0.0810855511811024
21
1.0416099606299212
0
LINE
8
BLACK
6
CONTINUOUS
10
0.0810855511811024
20
1.0416099606299212
11
0.0832462992125984
21
1.0468264566929133
0
LINE
8
BLACK
6
CONTINUOUS
10
0.0832462992125984
20
1.0468264566929133
11
0.085665157480315
21
1.0528972834645669
0
LINE
8
BLACK
6
CONTINUOUS
10
0.085665157480315
20
1.0528972834645669
11
0.0861030708661417
21
1.0537233070866141
0
LINE
8
BLACK
6
CONTINUOUS
10
0.0861030708661417
20
1.0537233070866141
11
0.086492125984252
21
1.0546625196850394
0
LINE
8
BLACK
6
CONTINUOUS
10
0.086492125984252
20
1.0546625196850394
11
0.0891654724409449
21
1.0594995669291338
0
LINE
8
BLACK
6
CONTINUOUS
10
0.0891654724409449
20
1.0594995669291338
11
0.0920543307086614
21
1.0649485433070867
0
LINE
8
BLACK
6
CONTINUOUS
10
0.0920543307086614
20
1.0649485433070867
11
0.0927179133858268
21
1.0659272440944882
0
LINE
8
BLACK
6
CONTINUOUS
10
0.0927179133858268
20
1.0659272440944882
11
0.0933261023622047
21
1.0670276771653544
0
LINE
8
BLACK
6
CONTINUOUS
10
0.0933261023622047
20
1.0670276771653544
11
0.0964311811023622
21
1.0714038976377953
0
LINE
8
BLACK
6
CONTINUOUS
10
0.0964311811023622
20
1.0714038976377953
11
0.0997092913385827
21
1.0762387007874015
0
LINE
8
BLACK
6
CONTINUOUS
10
0.0997092913385827
20
1.0762387007874015
11
0.1006346456692913
21
1.0773281102362204
0
LINE
8
BLACK
6
CONTINUOUS
10
0.1006346456692913
20
1.0773281102362204
11
0.1015015354330709
21
1.0785498818897639
0
LINE
8
BLACK
6
CONTINUOUS
10
0.1015015354330709
20
1.0785498818897639
11
0.1049526771653543
21
1.0824117322834645
0
LINE
8
BLACK
6
CONTINUOUS
10
0.1049526771653543
20
1.0824117322834645
11
0.1085403149606299
21
1.0866354330708661
0
LINE
8
BLACK
6
CONTINUOUS
10
0.1085403149606299
20
1.0866354330708661
11
0.1097579527559055
21
1.0877888188976377
0
LINE
8
BLACK
6
CONTINUOUS
10
0.1097579527559055
20
1.0877888188976377
11
0.1109156692913386
21
1.0890843307086613
0
LINE
8
BLACK
6
CONTINUOUS
10
0.1109156692913386
20
1.0890843307086613
11
0.1146253149606299
21
1.0923994881889763
0
LINE
8
BLACK
6
CONTINUOUS
10
0.1146253149606299
20
1.0923994881889763
11
0.1184433070866142
21
1.0960160629921261
0
LINE
8
BLACK
6
CONTINUOUS
10
0.1184433070866142
20
1.0960160629921261
11
0.1199764960629921
21
1.0971815748031495
0
LINE
8
BLACK
6
CONTINUOUS
10
0.1199764960629921
20
1.0971815748031495
11
0.1214501181102362
21
1.0984984645669291
0
LINE
8
BLACK
6
CONTINUOUS
10
0.1214501181102362
20
1.0984984645669291
11
0.1253338976377953
21
1.1012541338582678
0
LINE
8
BLACK
6
CONTINUOUS
10
0.1253338976377953
20
1.1012541338582678
11
0.1293023228346457
21
1.1042708661417322
0
LINE
8
BLACK
6
CONTINUOUS
10
0.1293023228346457
20
1.1042708661417322
11
0.1311656299212599
21
1.1053919685039371
0
LINE
8
BLACK
6
CONTINUOUS
10
0.1311656299212599
20
1.1053919685039371
11
0.1329723228346457
21
1.1066738976377952
0
LINE
8
BLACK
6
CONTINUOUS
10
0.1329723228346457
20
1.1066738976377952
11
0.136948937007874
21
1.1088716929133857
0
LINE
8
BLACK
6
CONTINUOUS
10
0.136948937007874
20
1.1088716929133857
11
0.1409906299212599
21
1.1113035039370078
0
LINE
8
BLACK
6
CONTINUOUS
10
0.1409906299212599
20
1.1113035039370078
11
0.1431903543307086
21
1.1123211811023621
0
LINE
8
BLACK
6
CONTINUOUS
10
0.1431903543307086
20
1.1123211811023621
11
0.1453374803149606
21
1.113507874015748
0
LINE
8
BLACK
6
CONTINUOUS
10
0.1453374803149606
20
1.113507874015748
11
0.1493288188976378
21
1.1151611417322835
0
LINE
8
BLACK
6
CONTINUOUS
10
0.1493288188976378
20
1.1151611417322835
11
0.1533706692913386
21
1.1170311023622046
0
LINE
8
BLACK
6
CONTINUOUS
10
0.1533706692913386
20
1.1170311023622046
11
0.155903779527559
21
1.1178846062992125
0
LINE
8
BLACK
6
CONTINUOUS
10
0.155903779527559
20
1.1178846062992125
11
0.1583900393700787
21
1.1189144488188976
0
LINE
8
BLACK
6
CONTINUOUS
10
0.1583900393700787
20
1.1189144488188976
11
0.1623235826771653
21
1.1200476771653542
0
LINE
8
BLACK
6
CONTINUOUS
10
0.1623235826771653
20
1.1200476771653542
11
0.1662970866141732
21
1.121386496062992
0
LINE
8
BLACK
6
CONTINUOUS
10
0.1662970866141732
20
1.121386496062992
11
0.1691522440944882
21
1.1220149606299212
0
LINE
8
BLACK
6
CONTINUOUS
10
0.1691522440944882
20
1.1220149606299212
11
0.1719658661417323
21
1.1228255511811023
0
LINE
8
BLACK
6
CONTINUOUS
10
0.1719658661417323
20
1.1228255511811023
11
0.1757748818897638
21
1.123472716535433
0
LINE
8
BLACK
6
CONTINUOUS
10
0.1757748818897638
20
1.123472716535433
11
0.1796188582677165
21
1.1243188582677166
0
LINE
8
BLACK
6
CONTINUOUS
10
0.1796188582677165
20
1.1243188582677166
11
0.1827751181102362
21
1.1246620866141732
0
LINE
8
BLACK
6
CONTINUOUS
10
0.1827751181102362
20
1.1246620866141732
11
0.1858942519685039
21
1.1251920866141731
0
LINE
8
BLACK
6
CONTINUOUS
10
0.1858942519685039
20
1.1251920866141731
11
0.1895205511811024
21
1.1253957086614172
0
LINE
8
BLACK
6
CONTINUOUS
10
0.1895205511811024
20
1.1253957086614172
11
0.1931797637795276
21
1.1257937007874015
0
LINE
8
BLACK
6
CONTINUOUS
10
0.1931797637795276
20
1.1257937007874015
11
0.1966069291338583
21
1.1257937007874015
0
LINE
8
BLACK
6
CONTINUOUS
10
0.1966069291338583
20
1.1257937007874015
11
0.2
21
1.1259842519685039
0
LINE
8
BLACK
6
CONTINUOUS
10
0.2
20
1.1259842519685039
11
0.2033930708661417
21
1.1257937007874015
0
LINE
8
BLACK
6
CONTINUOUS
10
1.8033930708661416
20
1.1257937007874015
11
1.8068202362204724
21
1.1257937007874015
0
LINE
8
BLACK
6
CONTINUOUS
10
1.8068202362204724
20
1.1257937007874015
11
1.8104794094488188
21
1.1253957086614172
0
LINE
8
BLACK
6
CONTINUOUS
10
1.8104794094488188
20
1.1253957086614172
11
1.8141057480314959
21
1.1251920866141731
0
LINE
8
BLACK
6
CONTINUOUS
10
1.8141057480314959
20
1.1251920866141731
11
1.8172249212598426
21
1.1246620866141732
0
LINE
8
BLACK
6
CONTINUOUS
10
1.8172249212598426
20
1.1246620866141732
11
1.8203811023622047
21
1.1243188582677166
0
LINE
8
BLACK
6
CONTINUOUS
10
1.8203811023622047
20
1.1243188582677166
11
1.8242248818897637
21
1.1234727559055118
0
LINE
8
BLACK
6
CONTINUOUS
10
1.8242248818897637
20
1.1234727559055118
11
1.8280341338582677
21
1.1228255511811023
0
LINE
8
BLACK
6
CONTINUOUS
10
1.8280341338582677
20
1.1228255511811023
11
1.8308478346456694
21
1.1220149212598425
0
LINE
8
BLACK
6
CONTINUOUS
10
1.8308478346456694
20
1.1220149212598425
11
1.8337028740157479
21
1.121386496062992
0
LINE
8
BLACK
6
CONTINUOUS
10
1.8337028740157479
20
1.121386496062992
11
1.8376761023622046
21
1.1200477559055118
0
LINE
8
BLACK
6
CONTINUOUS
10
1.8376761023622046
20
1.1200477559055118
11
1.8416099606299212
21
1.1189144488188976
0
LINE
8
BLACK
6
CONTINUOUS
10
1.8416099606299212
20
1.1189144488188976
11
1.8440963779527559
21
1.117884527559055
0
LINE
8
BLACK
6
CONTINUOUS
10
1.8440963779527559
20
1.117884527559055
11
1.8466292913385827
21
1.1170311023622046
0
LINE
8
BLACK
6
CONTINUOUS
10
1.8466292913385827
20
1.1170311023622046
11
1.8506707874015749
21
1.1151612992125983
0
LINE
8
BLACK
6
CONTINUOUS
10
1.8506707874015749
20
1.1151612992125983
11
1.8546625196850393
21
1.113507874015748
0
LINE
8
BLACK
6
CONTINUOUS
10
1.8546625196850393
20
1.113507874015748
11
1.8568098031496063
21
1.1123210629921259
0
LINE
8
BLACK
6
CONTINUOUS
10
1.8568098031496063
20
1.1123210629921259
11
1.8590093307086615
21
1.1113035039370078
0
LINE
8
BLACK
6
CONTINUOUS
10
1.8590093307086615
20
1.1113035039370078
11
1.8630505511811024
21
1.108871968503937
0
LINE
8
BLACK
6
CONTINUOUS
10
1.8630505511811024
20
1.108871968503937
11
1.8670276771653542
21
1.1066738976377952
0
LINE
8
BLACK
6
CONTINUOUS
10
1.8670276771653542
20
1.1066738976377952
11
1.8688345669291337
21
1.1053918110236221
0
LINE
8
BLACK
6
CONTINUOUS
10
1.8688345669291337
20
1.1053918110236221
11
1.8706976377952755
21
1.1042708661417322
0
LINE
8
BLACK
6
CONTINUOUS
10
1.8706976377952755
20
1.1042708661417322
11
1.8746654724409448
21
1.1012545669291338
0
LINE
8
BLACK
6
CONTINUOUS
10
1.8746654724409448
20
1.1012545669291338
11
1.8785498818897637
21
1.0984984645669291
0
LINE
8
BLACK
6
CONTINUOUS
10
1.8785498818897637
20
1.0984984645669291
11
1.8800237007874014
21
1.0971813779527559
0
LINE
8
BLACK
6
CONTINUOUS
10
1.8800237007874014
20
1.0971813779527559
11
1.881556653543307
21
1.0960160629921261
0
LINE
8
BLACK
6
CONTINUOUS
10
1.881556653543307
20
1.0960160629921261
11
1.8853739370078739
21
1.0924000787401575
0
LINE
8
BLACK
6
CONTINUOUS
10
1.8853739370078739
20
1.0924000787401575
11
1.8890843307086613
21
1.0890843307086613
0
LINE
8
BLACK
6
CONTINUOUS
10
1.8890843307086613
20
1.0890843307086613
11
1.8902422440944882
21
1.0877885826771654
0
LINE
8
BLACK
6
CONTINUOUS
10
1.8902422440944882
20
1.0877885826771654
11
1.8914596456692914
21
1.0866354330708661
0
LINE
8
BLACK
6
CONTINUOUS
10
1.8914596456692914
20
1.0866354330708661
11
1.895046496062992
21
1.0824126377952756
0
LINE
8
BLACK
6
CONTINUOUS
10
1.895046496062992
20
1.0824126377952756
11
1.8984984645669292
21
1.0785498818897639
0
LINE
8
BLACK
6
CONTINUOUS
10
1.8984984645669292
20
1.0785498818897639
11
1.8993655118110235
21
1.0773278346456692
0
LINE
8
BLACK
6
CONTINUOUS
10
1.8993655118110235
20
1.0773278346456692
11
1.9002906692913386
21
1.0762387007874015
0
LINE
8
BLACK
6
CONTINUOUS
10
1.9002906692913386
20
1.0762387007874015
11
1.903567874015748
21
1.071405157480315
0
LINE
8
BLACK
6
CONTINUOUS
10
1.903567874015748
20
1.071405157480315
11
1.9066738976377953
21
1.0670276771653544
0
LINE
8
BLACK
6
CONTINUOUS
10
1.9066738976377953
20
1.0670276771653544
11
1.9072822047244093
21
1.0659269291338582
0
LINE
8
BLACK
6
CONTINUOUS
10
1.9072822047244093
20
1.0659269291338582
11
1.9079456299212598
21
1.0649485433070867
0
LINE
8
BLACK
6
CONTINUOUS
10
1.9079456299212598
20
1.0649485433070867
11
1.9108335433070867
21
1.059501338582677
0
LINE
8
BLACK
6
CONTINUOUS
10
1.9108335433070867
20
1.059501338582677
11
1.9135078740157481
21
1.0546625196850394
0
LINE
8
BLACK
6
CONTINUOUS
10
1.9135078740157481
20
1.0546625196850394
11
1.9138970078740156
21
1.0537229527559056
0
LINE
8
BLACK
6
CONTINUOUS
10
1.9138970078740156
20
1.0537229527559056
11
1.9143348031496064
21
1.0528972834645669
0
LINE
8
BLACK
6
CONTINUOUS
10
1.9143348031496064
20
1.0528972834645669
11
1.9167526377952755
21
1.0468289763779528
0
LINE
8
BLACK
6
CONTINUOUS
10
1.9167526377952755
20
1.0468289763779528
11
1.9189144488188976
21
1.0416099606299212
0
LINE
8
BLACK
6
CONTINUOUS
10
1.9189144488188976
20
1.0416099606299212
11
1.9191294094488189
21
1.0408637401574803
0
LINE
8
BLACK
6
CONTINUOUS
10
1.9191294094488189
20
1.0408637401574803
11
1.9193839763779528
21
1.0402248818897637
0
LINE
8
BLACK
6
CONTINUOUS
10
1.9193839763779528
20
1.0402248818897637
11
1.9212576771653542
21
1.0334763385826771
0
LINE
8
BLACK
6
CONTINUOUS
10
1.9212576771653542
20
1.0334763385826771
11
1.9228255511811023
21
1.0280341338582677
0
LINE
8
BLACK
6
CONTINUOUS
10
1.9228255511811023
20
1.0280341338582677
11
1.9229151968503937
21
1.0275064566929133
0
LINE
8
BLACK
6
CONTINUOUS
10
1.9229151968503937
20
1.0275064566929133
11
1.9230331102362204
21
1.0270818110236219
0
LINE
8
BLACK
6
CONTINUOUS
10
1.9230331102362204
20
1.0270818110236219
11
1.9242899212598426
21
1.0194154724409448
0
LINE
8
BLACK
6
CONTINUOUS
10
1.9242899212598426
20
1.0194154724409448
11
1.9251920866141732
21
1.0141057480314961
0
LINE
8
BLACK
6
CONTINUOUS
10
1.9251920866141732
20
1.0141057480314961
11
1.9252085826771652
21
1.0138117322834646
0
LINE
8
BLACK
6
CONTINUOUS
10
1.9252085826771652
20
1.0138117322834646
11
1.9252399606299213
21
1.013620433070866
0
LINE
8
BLACK
6
CONTINUOUS
10
1.9252399606299213
20
1.013620433070866
11
1.9258165748031495
21
1.0029851181102363
0
LINE
8
BLACK
6
CONTINUOUS
10
1.9258165748031495
20
1.0029851181102363
11
1.925984251968504
21
1.
0
LINE
8
BLACK
6
CONTINUOUS
10
1.925984251968504
20
1.
11
1.9258166141732282
21
0.9970151181102362
0
LINE
8
BLACK
6
CONTINUOUS
10
1.9258166141732282
20
0.9970151181102362
11
1.9252399606299213
21
0.9863795275590551
0
LINE
8
BLACK
6
CONTINUOUS
10
1.9252399606299213
20
0.9863795275590551
11
1.9252085826771652
21
0.9861881889763779
0
LINE
8
BLACK
6
CONTINUOUS
10
1.9252085826771652
20
0.9861881889763779
11
1.9251920866141732
21
0.9858942519685039
0
LINE
8
BLACK
6
CONTINUOUS
10
1.9251920866141732
20
0.9858942519685039
11
1.9242900787401573
21
0.9805855905511811
0
LINE
8
BLACK
6
CONTINUOUS
10
1.9242900787401573
20
0.9805855905511811
11
1.9230331102362204
21
0.9729181496062992
0
LINE
8
BLACK
6
CONTINUOUS
10
1.9230331102362204
20
0.9729181496062992
11
1.9229151574803149
21
0.9724934251968503
0
LINE
8
BLACK
6
CONTINUOUS
10
1.9229151574803149
20
0.9724934251968503
11
1.9228255511811023
21
0.9719658661417323
0
LINE
8
BLACK
6
CONTINUOUS
10
1.9228255511811023
20
0.9719658661417323
11
1.9212579527559055
21
0.9665246456692913
0
LINE
8
BLACK
6
CONTINUOUS
10
1.9212579527559055
20
0.9665246456692913
11
1.9193839763779528
21
0.9597750787401574
0
LINE
8
BLACK
6
CONTINUOUS
10
1.9193839763779528
20
0.9597750787401574
11
1.9191293700787402
21
0.9591361023622047
0
LINE
8
BLACK
6
CONTINUOUS
10
1.9191293700787402
20
0.9591361023622047
11
1.9189144488188976
21
0.9583900393700787
0
LINE
8
BLACK
6
CONTINUOUS
10
1.9189144488188976
20
0.9583900393700787
11
1.916753031496063
21
0.9531720078740157
0
LINE
8
BLACK
6
CONTINUOUS
10
1.916753031496063
20
0.9531720078740157
11
1.9143348031496064
21
0.9471026771653543
0
LINE
8
BLACK
6
CONTINUOUS
10
1.9143348031496064
20
0.9471026771653543
11
1.9138969685039369
21
0.946276811023622
0
LINE
8
BLACK
6
CONTINUOUS
10
1.9138969685039369
20
0.946276811023622
11
1.9135078740157481
21
0.9453374803149606
0
LINE
8
BLACK
6
CONTINUOUS
10
1.9135078740157481
20
0.9453374803149606
11
1.9108340551181102
21
0.9404995669291338
0
LINE
8
BLACK
6
CONTINUOUS
10
1.9108340551181102
20
0.9404995669291338
11
1.9079456299212598
21
0.9350514173228346
0
LINE
8
BLACK
6
CONTINUOUS
10
1.9079456299212598
20
0.9350514173228346
11
1.9072820866141731
21
0.9340727952755905
0
LINE
8
BLACK
6
CONTINUOUS
10
1.9072820866141731
20
0.9340727952755905
11
1.9066738976377953
21
0.9329723228346456
0
LINE
8
BLACK
6
CONTINUOUS
10
1.9066738976377953
20
0.9329723228346456
11
1.9035684645669291
21
0.9285956299212598
0
LINE
8
BLACK
6
CONTINUOUS
10
1.9035684645669291
20
0.9285956299212598
11
1.9002906692913386
21
0.9237612598425197
0
LINE
8
BLACK
6
CONTINUOUS
10
1.9002906692913386
20
0.9237612598425197
11
1.8993653543307085
21
0.9226718897637795
0
LINE
8
BLACK
6
CONTINUOUS
10
1.8993653543307085
20
0.9226718897637795
11
1.8984984645669292
21
0.9214501181102362
0
LINE
8
BLACK
6
CONTINUOUS
10
1.8984984645669292
20
0.9214501181102362
11
1.8950471653543306
21
0.9175881102362204
0
LINE
8
BLACK
6
CONTINUOUS
10
1.8950471653543306
20
0.9175881102362204
11
1.8914596456692914
21
0.9133645275590551
0
LINE
8
BLACK
6
CONTINUOUS
10
1.8914596456692914
20
0.9133645275590551
11
1.8902420078740156
21
0.9122111023622047
0
LINE
8
BLACK
6
CONTINUOUS
10
1.8902420078740156
20
0.9122111023622047
11
1.8890843307086613
21
0.9109156692913386
0
LINE
8
BLACK
6
CONTINUOUS
10
1.8890843307086613
20
0.9109156692913386
11
1.88537468503937
21
0.9076005118110236
0
LINE
8
BLACK
6
CONTINUOUS
10
1.88537468503937
20
0.9076005118110236
11
1.881556653543307
21
0.9039838976377953
0
LINE
8
BLACK
6
CONTINUOUS
10
1.881556653543307
20
0.9039838976377953
11
1.8800233858267716
21
0.9028183464566929
0
LINE
8
BLACK
6
CONTINUOUS
10
1.8800233858267716
20
0.9028183464566929
11
1.8785498818897637
21
0.9015015354330709
0
LINE
8
BLACK
6
CONTINUOUS
10
1.8785498818897637
20
0.9015015354330709
11
1.8746662598425197
21
0.8987459448818897
0
LINE
8
BLACK
6
CONTINUOUS
10
1.8746662598425197
20
0.8987459448818897
11
1.8706976377952755
21
0.8957290944881889
0
LINE
8
BLACK
6
CONTINUOUS
10
1.8706976377952755
20
0.8957290944881889
11
1.8688341732283464
21
0.894607874015748
0
LINE
8
BLACK
6
CONTINUOUS
10
1.8688341732283464
20
0.894607874015748
11
1.8670276771653542
21
0.8933261023622047
0
LINE
8
BLACK
6
CONTINUOUS
10
1.8670276771653542
20
0.8933261023622047
11
1.863051338582677
21
0.8911284645669291
0
LINE
8
BLACK
6
CONTINUOUS
10
1.863051338582677
20
0.8911284645669291
11
1.8590093307086615
21
0.8886964566929134
0
LINE
8
BLACK
6
CONTINUOUS
10
1.8590093307086615
20
0.8886964566929134
11
1.85680937007874
21
0.8876786220472441
0
LINE
8
BLACK
6
CONTINUOUS
10
1.85680937007874
20
0.8876786220472441
11
1.8546625196850393
21
0.886492125984252
0
LINE
8
BLACK
6
CONTINUOUS
10
1.8546625196850393
20
0.886492125984252
11
1.8506716141732282
21
0.8848390157480315
0
LINE
8
BLACK
6
CONTINUOUS
10
1.8506716141732282
20
0.8848390157480315
11
1.8466292913385827
21
0.8829688582677165
0
LINE
8
BLACK
6
CONTINUOUS
10
1.8466292913385827
20
0.8829688582677165
11
1.8440958661417322
21
0.8821152362204724
0
LINE
8
BLACK
6
CONTINUOUS
10
1.8440958661417322
20
0.8821152362204724
11
1.8416099606299212
21
0.8810855511811023
0
LINE
8
BLACK
6
CONTINUOUS
10
1.8416099606299212
20
0.8810855511811023
11
1.8376768897637794
21
0.8799524409448819
0
LINE
8
BLACK
6
CONTINUOUS
10
1.8376768897637794
20
0.8799524409448819
11
1.8337028740157479
21
0.8786134645669291
0
LINE
8
BLACK
6
CONTINUOUS
10
1.8337028740157479
20
0.8786134645669291
11
1.8308472440944881
21
0.8779848818897638
0
LINE
8
BLACK
6
CONTINUOUS
10
1.8308472440944881
20
0.8779848818897638
11
1.8280341338582677
21
0.8771744488188976
0
LINE
8
BLACK
6
CONTINUOUS
10
1.8280341338582677
20
0.8771744488188976
11
1.8242256692913386
21
0.8765273622047244
0
LINE
8
BLACK
6
CONTINUOUS
10
1.8242256692913386
20
0.8765273622047244
11
1.8203811023622047
21
0.8756811023622048
0
LINE
8
BLACK
6
CONTINUOUS
10
1.8203811023622047
20
0.8756811023622048
11
1.8172244094488188
21
0.8753377952755905
0
LINE
8
BLACK
6
CONTINUOUS
10
1.8172244094488188
20
0.8753377952755905
11
1.8141057480314959
21
0.8748079133858268
0
LINE
8
BLACK
6
CONTINUOUS
10
1.8141057480314959
20
0.8748079133858268
11
1.8104796062992126
21
0.8746042519685039
0
LINE
8
BLACK
6
CONTINUOUS
10
1.8104796062992126
20
0.8746042519685039
11
1.8068202362204724
21
0.8742062992125984
0
LINE
8
BLACK
6
CONTINUOUS
10
1.8068202362204724
20
0.8742062992125984
11
1.8033930708661416
21
0.8742062992125984
0
LINE
8
BLACK
6
CONTINUOUS
10
1.8033930708661416
20
0.8742062992125984
11
1.8
21
0.8740157480314961
0
LINE
8
BLACK
6
CONTINUOUS
10
1.8
20
0.8740157480314961
11
1.7966069291338582
21
0.8742062992125984
0
LINE
8
BLACK
6
CONTINUOUS
10
1.7966069291338582
20
0.8742062992125984
11
1.7931797637795275
21
0.8742062992125984
0
LINE
8
BLACK
6
CONTINUOUS
10
1.7931797637795275
20
0.8742062992125984
11
1.7895203149606298
21
0.8746042519685039
0
LINE
8
BLACK
6
CONTINUOUS
10
1.7895203149606298
20
0.8746042519685039
11
1.7858942519685039
21
0.8748079133858268
0
LINE
8
BLACK
6
CONTINUOUS
10
1.7858942519685039
20
0.8748079133858268
11
1.7827755905511811
21
0.8753377559055118
0
LINE
8
BLACK
6
CONTINUOUS
10
1.7827755905511811
20
0.8753377559055118
11
1.7796188582677166
21
0.8756811023622048
0
LINE
8
BLACK
6
CONTINUOUS
10
1.7796188582677166
20
0.8756811023622048
11
1.775774094488189
21
0.8765273622047244
0
LINE
8
BLACK
6
CONTINUOUS
10
1.775774094488189
20
0.8765273622047244
11
1.7719658661417323
21
0.8771744488188976
0
LINE
8
BLACK
6
CONTINUOUS
10
1.7719658661417323
20
0.8771744488188976
11
1.7691528346456693
21
0.877984842519685
0
LINE
8
BLACK
6
CONTINUOUS
10
1.7691528346456693
20
0.877984842519685
11
1.7662970866141732
21
0.8786134645669291
0
LINE
8
BLACK
6
CONTINUOUS
10
1.7662970866141732
20
0.8786134645669291
11
1.7623227952755904
21
0.8799525196850394
0
LINE
8
BLACK
6
CONTINUOUS
10
1.7623227952755904
20
0.8799525196850394
11
1.7583900393700787
21
0.8810855511811023
0
LINE
8
BLACK
6
CONTINUOUS
10
1.7583900393700787
20
0.8810855511811023
11
1.7559042913385827
21
0.882115157480315
0
LINE
8
BLACK
6
CONTINUOUS
10
1.7559042913385827
20
0.882115157480315
11
1.7533706692913384
21
0.8829688582677165
0
LINE
8
BLACK
6
CONTINUOUS
10
1.7533706692913384
20
0.8829688582677165
11
1.7493279921259841
21
0.8848391732283465
0
LINE
8
BLACK
6
CONTINUOUS
10
1.7493279921259841
20
0.8848391732283465
11
1.7453374803149606
21
0.886492125984252
0
LINE
8
BLACK
6
CONTINUOUS
10
1.7453374803149606
20
0.886492125984252
11
1.7431907874015748
21
0.8876785433070866
0
LINE
8
BLACK
6
CONTINUOUS
10
1.7431907874015748
20
0.8876785433070866
11
1.7409906299212599
21
0.8886964566929134
0
LINE
8
BLACK
6
CONTINUOUS
10
1.7409906299212599
20
0.8886964566929134
11
1.7369481496062991
21
0.8911287401574803
0
LINE
8
BLACK
6
CONTINUOUS
10
1.7369481496062991
20
0.8911287401574803
11
1.7329723228346456
21
0.8933261023622047
0
LINE
8
BLACK
6
CONTINUOUS
10
1.7329723228346456
20
0.8933261023622047
11
1.7311659842519684
21
0.894607716535433
0
LINE
8
BLACK
6
CONTINUOUS
10
1.7311659842519684
20
0.894607716535433
11
1.7293023228346456
21
0.8957290944881889
0
LINE
8
BLACK
6
CONTINUOUS
10
1.7293023228346456
20
0.8957290944881889
11
1.7253331102362204
21
0.8987463779527559
0
LINE
8
BLACK
6
CONTINUOUS
10
1.7253331102362204
20
0.8987463779527559
11
1.7214501181102362
21
0.9015015354330709
0
LINE
8
BLACK
6
CONTINUOUS
10
1.7214501181102362
20
0.9015015354330709
11
1.719976811023622
21
0.9028181496062992
0
LINE
8
BLACK
6
CONTINUOUS
10
1.719976811023622
20
0.9028181496062992
11
1.7184433070866141
21
0.9039838976377953
0
LINE
8
BLACK
6
CONTINUOUS
10
1.7184433070866141
20
0.9039838976377953
11
1.7146246062992125
21
0.9076011417322835
0
LINE
8
BLACK
6
CONTINUOUS
10
1.7146246062992125
20
0.9076011417322835
11
1.7109156692913385
21
0.9109156692913386
0
LINE
8
BLACK
6
CONTINUOUS
10
1.7109156692913385
20
0.9109156692913386
11
1.7097581496062992
21
0.9122108661417323
0
LINE
8
BLACK
6
CONTINUOUS
10
1.7097581496062992
20
0.9122108661417323
11
1.70854031496063
21
0.9133645275590551
0
LINE
8
BLACK
6
CONTINUOUS
10
1.70854031496063
20
0.9133645275590551
11
1.7049520078740157
21
0.9175889763779528
0
LINE
8
BLACK
6
CONTINUOUS
10
1.7049520078740157
20
0.9175889763779528
11
1.7015015354330709
21
0.9214501181102362
0
LINE
8
BLACK
6
CONTINUOUS
10
1.7015015354330709
20
0.9214501181102362
11
1.7006348031496064
21
0.9226716141732283
0
LINE
8
BLACK
6
CONTINUOUS
10
1.7006348031496064
20
0.9226716141732283
11
1.6997092913385827
21
0.9237612598425197
0
LINE
8
BLACK
6
CONTINUOUS
10
1.6997092913385827
20
0.9237612598425197
11
1.6964305905511812
21
0.9285968897637795
0
LINE
8
BLACK
6
CONTINUOUS
10
1.6964305905511812
20
0.9285968897637795
11
1.6933261023622046
21
0.9329723228346456
0
LINE
8
BLACK
6
CONTINUOUS
10
1.6933261023622046
20
0.9329723228346456
11
1.692718031496063
21
0.9340724803149606
0
LINE
8
BLACK
6
CONTINUOUS
10
1.692718031496063
20
0.9340724803149606
11
1.6920543307086613
21
0.9350514173228346
0
LINE
8
BLACK
6
CONTINUOUS
10
1.6920543307086613
20
0.9350514173228346
11
1.6891649606299213
21
0.9405012992125984
0
LINE
8
BLACK
6
CONTINUOUS
10
1.6891649606299213
20
0.9405012992125984
11
1.686492125984252
21
0.9453374803149606
0
LINE
8
BLACK
6
CONTINUOUS
10
1.686492125984252
20
0.9453374803149606
11
1.6861031496062993
21
0.9462764960629921
0
LINE
8
BLACK
6
CONTINUOUS
10
1.6861031496062993
20
0.9462764960629921
11
1.685665157480315
21
0.9471026771653543
0
LINE
8
BLACK
6
CONTINUOUS
10
1.685665157480315
20
0.9471026771653543
11
1.6832458661417322
21
0.9531744881889763
0
LINE
8
BLACK
6
CONTINUOUS
10
1.6832458661417322
20
0.9531744881889763
11
1.6810855511811023
21
0.9583900393700787
0
LINE
8
BLACK
6
CONTINUOUS
10
1.6810855511811023
20
0.9583900393700787
11
1.6808707086614172
21
0.959135748031496
0
LINE
8
BLACK
6
CONTINUOUS
10
1.6808707086614172
20
0.959135748031496
11
1.6806159842519686
21
0.9597750787401574
0
LINE
8
BLACK
6
CONTINUOUS
10
1.6806159842519686
20
0.9597750787401574
11
1.678740905511811
21
0.9665284251968503
0
LINE
8
BLACK
6
CONTINUOUS
10
1.678740905511811
20
0.9665284251968503
11
1.6771744488188975
21
0.9719658661417323
0
LINE
8
BLACK
6
CONTINUOUS
10
1.6771744488188975
20
0.9719658661417323
11
1.6770848425196849
21
0.9724930314960629
0
LINE
8
BLACK
6
CONTINUOUS
10
1.6770848425196849
20
0.9724930314960629
11
1.6769668503937007
21
0.9729181496062992
0
LINE
8
BLACK
6
CONTINUOUS
10
1.6769668503937007
20
0.9729181496062992
11
1.6757087401574802
21
0.9805921653543307
0
LINE
8
BLACK
6
CONTINUOUS
10
1.6757087401574802
20
0.9805921653543307
11
1.6748079133858267
21
0.9858942519685039
0
LINE
8
BLACK
6
CONTINUOUS
10
1.6748079133858267
20
0.9858942519685039
11
1.6747914173228347
21
0.9861877952755905
0
LINE
8
BLACK
6
CONTINUOUS
10
1.6747914173228347
20
0.9861877952755905
11
1.67476
21
0.9863795275590551
0
LINE
8
BLACK
6
CONTINUOUS
10
1.67476
20
0.9863795275590551
11
1.6741822047244095
21
0.9970353937007874
0
LINE
8
BLACK
6
CONTINUOUS
10
1.6741822047244095
20
0.9970353937007874
11
1.6740157480314961
21
1.
0
LINE
8
BLACK
6
CONTINUOUS
10
1.6740157480314961
20
1.
11
1.6741822440944882
21
1.0029648031496063
0
LINE
8
BLACK
6
CONTINUOUS
10
1.6741822440944882
20
1.0029648031496063
11
1.67476
21
1.013620433070866
0
LINE
8
BLACK
6
CONTINUOUS
10
1.67476
20
1.013620433070866
11
1.6747914173228347
21
1.0138120866141731
0
LINE
8
BLACK
6
CONTINUOUS
10
1.6747914173228347
20
1.0138120866141731
11
1.6748079133858267
21
1.0141057480314961
0
LINE
8
BLACK
6
CONTINUOUS
10
1.6748079133858267
20
1.0141057480314961
11
1.6757089370078739
21
1.0194088582677165
0
LINE
8
BLACK
6
CONTINUOUS
10
1.6757089370078739
20
1.0194088582677165
11
1.6769668503937007
21
1.0270818110236219
0
LINE
8
BLACK
6
CONTINUOUS
10
1.6769668503937007
20
1.0270818110236219
11
1.6770848425196849
21
1.0275068110236221
0
LINE
8
BLACK
6
CONTINUOUS
10
1.6770848425196849
20
1.0275068110236221
11
1.6771744488188975
21
1.0280341338582677
0
LINE
8
BLACK
6
CONTINUOUS
10
1.6771744488188975
20
1.0280341338582677
11
1.678741220472441
21
1.0334725984251969
0
LINE
8
BLACK
6
CONTINUOUS
10
1.678741220472441
20
1.0334725984251969
11
1.6806159842519686
21
1.0402248818897637
0
LINE
8
BLACK
6
CONTINUOUS
10
1.6806159842519686
20
1.0402248818897637
11
1.6808706692913384
21
1.0408640944881891
0
LINE
8
BLACK
6
CONTINUOUS
10
1.6808706692913384
20
1.0408640944881891
11
1.6810855511811023
21
1.0416099606299212
0
LINE
8
BLACK
6
CONTINUOUS
10
1.6810855511811023
20
1.0416099606299212
11
1.6832462992125985
21
1.0468264566929133
0
LINE
8
BLACK
6
CONTINUOUS
10
1.6832462992125985
20
1.0468264566929133
11
1.685665157480315
21
1.0528972834645669
0
LINE
8
BLACK
6
CONTINUOUS
10
1.685665157480315
20
1.0528972834645669
11
1.6861030708661418
21
1.0537233070866141
0
LINE
8
BLACK
6
CONTINUOUS
10
1.6861030708661418
20
1.0537233070866141
11
1.686492125984252
21
1.0546625196850394
0
LINE
8
BLACK
6
CONTINUOUS
10
1.686492125984252
20
1.0546625196850394
11
1.6891654724409448
21
1.0594995669291338
0
LINE
8
BLACK
6
CONTINUOUS
10
1.6891654724409448
20
1.0594995669291338
11
1.6920543307086613
21
1.0649485433070867
0
LINE
8
BLACK
6
CONTINUOUS
10
1.6920543307086613
20
1.0649485433070867
11
1.6927179133858268
21
1.0659272440944882
0
LINE
8
BLACK
6
CONTINUOUS
10
1.6927179133858268
20
1.0659272440944882
11
1.6933261023622046
21
1.0670276771653544
0
LINE
8
BLACK
6
CONTINUOUS
10
1.6933261023622046
20
1.0670276771653544
11
1.6964311811023622
21
1.0714038976377953
0
LINE
8
BLACK
6
CONTINUOUS
10
1.6964311811023622
20
1.0714038976377953
11
1.6997092913385827
21
1.0762387007874015
0
LINE
8
BLACK
6
CONTINUOUS
10
1.6997092913385827
20
1.0762387007874015
11
1.7006346456692913
21
1.0773281102362204
0
LINE
8
BLACK
6
CONTINUOUS
10
1.7006346456692913
20
1.0773281102362204
11
1.7015015354330709
21
1.0785498818897639
0
LINE
8
BLACK
6
CONTINUOUS
10
1.7015015354330709
20
1.0785498818897639
11
1.7049526771653543
21
1.0824117322834645
0
LINE
8
BLACK
6
CONTINUOUS
10
1.7049526771653543
20
1.0824117322834645
11
1.70854031496063
21
1.0866354330708661
0
LINE
8
BLACK
6
CONTINUOUS
10
1.70854031496063
20
1.0866354330708661
11
1.7097579527559055
21
1.0877888188976377
0
LINE
8
BLACK
6
CONTINUOUS
10
1.7097579527559055
20
1.0877888188976377
11
1.7109156692913385
21
1.0890843307086613
0
LINE
8
BLACK
6
CONTINUOUS
10
1.7109156692913385
20
1.0890843307086613
11
1.7146253149606299
21
1.0923994881889763
0
LINE
8
BLACK
6
CONTINUOUS
10
1.7146253149606299
20
1.0923994881889763
11
1.7184433070866141
21
1.0960160629921261
0
LINE
8
BLACK
6
CONTINUOUS
10
1.7184433070866141
20
1.0960160629921261
11
1.7199764960629922
21
1.0971815748031495
0
LINE
8
BLACK
6
CONTINUOUS
10
1.7199764960629922
20
1.0971815748031495
11
1.7214501181102362
21
1.0984984645669291
0
LINE
8
BLACK
6
CONTINUOUS
10
1.7214501181102362
20
1.0984984645669291
11
1.7253338976377952
21
1.1012541338582678
0
LINE
8
BLACK
6
CONTINUOUS
10
1.7253338976377952
20
1.1012541338582678
11
1.7293023228346456
21
1.1042708661417322
0
LINE
8
BLACK
6
CONTINUOUS
10
1.7293023228346456
20
1.1042708661417322
11
1.7311656299212599
21
1.1053919685039371
0
LINE
8
BLACK
6
CONTINUOUS
10
1.7311656299212599
20
1.1053919685039371
11
1.7329723228346456
21
1.1066738976377952
0
LINE
8
BLACK
6
CONTINUOUS
10
1.7329723228346456
20
1.1066738976377952
11
1.7369489370078739
21
1.1088716929133857
0
LINE
8
BLACK
6
CONTINUOUS
10
1.7369489370078739
20
1.1088716929133857
11
1.7409906299212599
21
1.1113035039370078
0
LINE
8
BLACK
6
CONTINUOUS
10
1.7409906299212599
20
1.1113035039370078
11
1.7431903543307086
21
1.1123211811023621
0
LINE
8
BLACK
6
CONTINUOUS
10
1.7431903543307086
20
1.1123211811023621
11
1.7453374803149606
21
1.113507874015748
0
LINE
8
BLACK
6
CONTINUOUS
10
1.7453374803149606
20
1.113507874015748
11
1.7493288188976377
21
1.1151611417322835
0
LINE
8
BLACK
6
CONTINUOUS
10
1.7493288188976377
20
1.1151611417322835
11
1.7533706692913384
21
1.1170311023622046
0
LINE
8
BLACK
6
CONTINUOUS
10
1.7533706692913384
20
1.1170311023622046
11
1.7559037795275589
21
1.1178846062992125
0
LINE
8
BLACK
6
CONTINUOUS
10
1.7559037795275589
20
1.1178846062992125
11
1.7583900393700787
21
1.1189144488188976
0
LINE
8
BLACK
6
CONTINUOUS
10
1.7583900393700787
20
1.1189144488188976
11
1.7623235826771653
21
1.1200476771653542
0
LINE
8
BLACK
6
CONTINUOUS
10
1.7623235826771653
20
1.1200476771653542
11
1.7662970866141732
21
1.121386496062992
0
LINE
8
BLACK
6
CONTINUOUS
10
1.7662970866141732
20
1.121386496062992
11
1.7691522440944882
21
1.1220149606299212
0
LINE
8
BLACK
6
CONTINUOUS
10
1.7691522440944882
20
1.1220149606299212
11
1.7719658661417323
21
1.1228255511811023
0
LINE
8
BLACK
6
CONTINUOUS
10
1.7719658661417323
20
1.1228255511811023
11
1.7757748818897638
21
1.123472716535433
0
LINE
8
BLACK
6
CONTINUOUS
10
1.7757748818897638
20
1.123472716535433
11
1.7796188582677166
21
1.1243188582677166
0
LINE
8
BLACK
6
CONTINUOUS
10
1.7796188582677166
20
1.1243188582677166
11
1.7827751181102363
21
1.1246620866141732
0
LINE
8
BLACK
6
CONTINUOUS
10
1.7827751181102363
20
1.1246620866141732
11
1.7858942519685039
21
1.1251920866141731
0
LINE
8
BLACK
6
CONTINUOUS
10
1.7858942519685039
20
1.1251920866141731
11
1.7895205511811023
21
1.1253957086614172
0
LINE
8
BLACK
6
CONTINUOUS
10
1.7895205511811023
20
1.1253957086614172
11
1.7931797637795275
21
1.1257937007874015
0
LINE
8
BLACK
6
CONTINUOUS
10
1.7931797637795275
20
1.1257937007874015
11
1.7966069291338582
21
1.1257937007874015
0
LINE
8
BLACK
6
CONTINUOUS
10
1.7966069291338582
20
1.1257937007874015
11
1.8
21
1.1259842519685039
0
LINE
8
BLACK
6
CONTINUOUS
10
1.8
20
1.1259842519685039
11
1.8033930708661416
21
1.1257937007874015
0
LINE
8
BLACK
6
CONTINUOUS
10
0.5803191732283465
20
0.9878105118110236
11
0.5816588188976378
21
0.9876551181102362
0
LINE
8
BLACK
6
CONTINUOUS
10
0.5816588188976378
20
0.9876551181102362
11
0.5821164960629921
21
0.9874529921259843
0
LINE
8
BLACK
6
CONTINUOUS
10
0.5821164960629921
20
0.9874529921259843
11
0.5830132677165354
21
0.9872746456692914
0
LINE
8
BLACK
6
CONTINUOUS
10
0.5830132677165354
20
0.9872746456692914
11
0.5839732677165355
21
0.9866331496062992
0
LINE
8
BLACK
6
CONTINUOUS
10
0.5839732677165355
20
0.9866331496062992
11
0.5844112992125984
21
0.9864397637795276
0
LINE
8
BLACK
6
CONTINUOUS
10
0.5844112992125984
20
0.9864397637795276
11
0.5847104724409449
21
0.9861405511811023
0
LINE
8
BLACK
6
CONTINUOUS
10
0.5847104724409449
20
0.9861405511811023
11
0.5855677559055118
21
0.9855677559055118
0
LINE
8
BLACK
6
CONTINUOUS
10
0.5855677559055118
20
0.9855677559055118
11
0.5861405511811023
21
0.9847104724409449
0
LINE
8
BLACK
6
CONTINUOUS
10
0.5861405511811023
20
0.9847104724409449
11
0.5864397637795276
21
0.9844112992125984
0
LINE
8
BLACK
6
CONTINUOUS
10
0.5864397637795276
20
0.9844112992125984
11
0.5866331496062992
21
0.9839732677165354
0
LINE
8
BLACK
6
CONTINUOUS
10
0.5866331496062992
20
0.9839732677165354
11
0.5872746456692913
21
0.9830132677165354
0
LINE
8
BLACK
6
CONTINUOUS
10
0.5872746456692913
20
0.9830132677165354
11
0.5874529921259842
21
0.9821164960629921
0
LINE
8
BLACK
6
CONTINUOUS
10
0.5874529921259842
20
0.9821164960629921
11
0.5876551181102362
21
0.9816588188976377
0
LINE
8
BLACK
6
CONTINUOUS
10
0.5876551181102362
20
0.9816588188976377
11
0.5878105118110236
21
0.980319094488189
0
LINE
8
BLACK
6
CONTINUOUS
10
0.5878105118110236
20
0.980319094488189
11
0.5878740157480314
21
0.98
0
LINE
8
BLACK
6
CONTINUOUS
10
0.5878740157480314
20
0.98
11
0.5878740157480314
21
0.9199999999999999
0
LINE
8
BLACK
6
CONTINUOUS
10
0.5878740157480314
20
0.9199999999999999
11
0.5878105118110236
21
0.9196808661417323
0
LINE
8
BLACK
6
CONTINUOUS
10
0.5878105118110236
20
0.9196808661417323
11
0.5876551181102362
21
0.9183411417322834
0
LINE
8
BLACK
6
CONTINUOUS
10
0.5876551181102362
20
0.9183411417322834
11
0.5874529921259842
21
0.9178833858267716
0
LINE
8
BLACK
6
CONTINUOUS
10
0.5874529921259842
20
0.9178833858267716
11
0.5872746456692913
21
0.9169867322834645
0
LINE
8
BLACK
6
CONTINUOUS
10
0.5872746456692913
20
0.9169867322834645
11
0.586633188976378
21
0.9160267716535433
0
LINE
8
BLACK
6
CONTINUOUS
10
0.586633188976378
20
0.9160267716535433
11
0.5864397637795276
21
0.9155886614173229
0
LINE
8
BLACK
6
CONTINUOUS
10
0.5864397637795276
20
0.9155886614173229
11
0.5861404724409449
21
0.9152893700787401
0
LINE
8
BLACK
6
CONTINUOUS
10
0.5861404724409449
20
0.9152893700787401
11
0.5855677559055118
21
0.9144322440944882
0
LINE
8
BLACK
6
CONTINUOUS
10
0.5855677559055118
20
0.9144322440944882
11
0.5847105905511811
21
0.9138594881889763
0
LINE
8
BLACK
6
CONTINUOUS
10
0.5847105905511811
20
0.9138594881889763
11
0.5844112992125984
21
0.9135601968503937
0
LINE
8
BLACK
6
CONTINUOUS
10
0.5844112992125984
20
0.9135601968503937
11
0.5839731102362204
21
0.9133666929133858
0
LINE
8
BLACK
6
CONTINUOUS
10
0.5839731102362204
20
0.9133666929133858
11
0.5830132677165354
21
0.9127253543307087
0
LINE
8
BLACK
6
CONTINUOUS
10
0.5830132677165354
20
0.9127253543307087
11
0.5821166929133859
21
0.9125470078740158
0
LINE
8
BLACK
6
CONTINUOUS
10
0.5821166929133859
20
0.9125470078740158
11
0.5816588188976378
21
0.9123448425196851
0
LINE
8
BLACK
6
CONTINUOUS
10
0.5816588188976378
20
0.9123448425196851
11
0.580318622047244
21
0.9121893307086614
0
LINE
8
BLACK
6
CONTINUOUS
10
0.580318622047244
20
0.9121893307086614
11
0.58
21
0.9121259842519684
0
LINE
8
BLACK
6
CONTINUOUS
10
0.58
20
0.9121259842519684
11
0.5797723228346456
21
0.9121259842519684
0
LINE
8
BLACK
6
CONTINUOUS
10
0.5797723228346456
20
0.9121259842519684
11
0.5202277165354331
21
0.9121259842519684
0
LINE
8
BLACK
6
CONTINUOUS
10
0.5202277165354331
20
0.9121259842519684
11
0.52
21
0.9121259842519684
0
LINE
8
BLACK
6
CONTINUOUS
10
0.52
20
0.9121259842519684
11
0.5196813385826772
21
0.9121893307086614
0
LINE
8
BLACK
6
CONTINUOUS
10
0.5196813385826772
20
0.9121893307086614
11
0.5183411417322834
21
0.9123448425196851
0
LINE
8
BLACK
6
CONTINUOUS
10
0.5183411417322834
20
0.9123448425196851
11
0.5178832283464567
21
0.9125470078740158
0
LINE
8
BLACK
6
CONTINUOUS
10
0.5178832283464567
20
0.9125470078740158
11
0.5169867322834646
21
0.9127253543307087
0
LINE
8
BLACK
6
CONTINUOUS
10
0.5169867322834646
20
0.9127253543307087
11
0.5160269291338583
21
0.913366653543307
0
LINE
8
BLACK
6
CONTINUOUS
10
0.5160269291338583
20
0.913366653543307
11
0.5155886614173228
21
0.9135601968503937
0
LINE
8
BLACK
6
CONTINUOUS
10
0.5155886614173228
20
0.9135601968503937
11
0.5152892519685039
21
0.9138595669291338
0
LINE
8
BLACK
6
CONTINUOUS
10
0.5152892519685039
20
0.9138595669291338
11
0.5144322440944882
21
0.9144322440944882
0
LINE
8
BLACK
6
CONTINUOUS
10
0.5144322440944882
20
0.9144322440944882
11
0.5138595669291338
21
0.915289251968504
0
LINE
8
BLACK
6
CONTINUOUS
10
0.5138595669291338
20
0.915289251968504
11
0.5135601968503937
21
0.9155886614173229
0
LINE
8
BLACK
6
CONTINUOUS
10
0.5135601968503937
20
0.9155886614173229
11
0.5133666535433071
21
0.9160269291338582
0
LINE
8
BLACK
6
CONTINUOUS
10
0.5133666535433071
20
0.9160269291338582
11
0.5127253543307086
21
0.9169867322834645
0
LINE
8
BLACK
6
CONTINUOUS
10
0.5127253543307086
20
0.9169867322834645
11
0.5125470078740157
21
0.9178832283464566
0
LINE
8
BLACK
6
CONTINUOUS
10
0.5125470078740157
20
0.9178832283464566
11
0.512344842519685
21
0.9183411417322834
0
LINE
8
BLACK
6
CONTINUOUS
10
0.512344842519685
20
0.9183411417322834
11
0.5121893307086615
21
0.9196814173228346
0
LINE
8
BLACK
6
CONTINUOUS
10
0.5121893307086615
20
0.9196814173228346
11
0.5121259842519685
21
0.9199999999999999
0
LINE
8
BLACK
6
CONTINUOUS
10
0.5121259842519685
20
0.9199999999999999
11
0.5121259842519685
21
0.98
0
LINE
8
BLACK
6
CONTINUOUS
10
0.5121259842519685
20
0.98
11
0.5121893700787401
21
0.9803187007874016
0
LINE
8
BLACK
6
CONTINUOUS
10
0.5121893700787401
20
0.9803187007874016
11
0.512344842519685
21
0.9816588188976377
0
LINE
8
BLACK
6
CONTINUOUS
10
0.512344842519685
20
0.9816588188976377
11
0.5125470078740157
21
0.9821166929133858
0
LINE
8
BLACK
6
CONTINUOUS
10
0.5125470078740157
20
0.9821166929133858
11
0.5127253543307086
21
0.9830132677165354
0
LINE
8
BLACK
6
CONTINUOUS
10
0.5127253543307086
20
0.9830132677165354
11
0.5133666929133858
21
0.9839731102362205
0
LINE
8
BLACK
6
CONTINUOUS
10
0.5133666929133858
20
0.9839731102362205
11
0.5135601968503937
21
0.9844112992125984
0
LINE
8
BLACK
6
CONTINUOUS
10
0.5135601968503937
20
0.9844112992125984
11
0.5138594881889764
21
0.984710590551181
0
LINE
8
BLACK
6
CONTINUOUS
10
0.5138594881889764
20
0.984710590551181
11
0.5144322440944882
21
0.9855677559055118
0
LINE
8
BLACK
6
CONTINUOUS
10
0.5144322440944882
20
0.9855677559055118
11
0.5152893700787401
21
0.9861404724409448
0
LINE
8
BLACK
6
CONTINUOUS
10
0.5152893700787401
20
0.9861404724409448
11
0.5155886614173228
21
0.9864397637795276
0
LINE
8
BLACK
6
CONTINUOUS
10
0.5155886614173228
20
0.9864397637795276
11
0.5160267716535433
21
0.986633188976378
0
LINE
8
BLACK
6
CONTINUOUS
10
0.5160267716535433
20
0.986633188976378
11
0.5169867322834646
21
0.9872746456692914
0
LINE
8
BLACK
6
CONTINUOUS
10
0.5169867322834646
20
0.9872746456692914
11
0.5178833858267716
21
0.9874529921259843
0
LINE
8
BLACK
6
CONTINUOUS
10
0.5178833858267716
20
0.9874529921259843
11
0.5183411417322834
21
0.9876551181102362
0
LINE
8
BLACK
6
CONTINUOUS
10
0.5183411417322834
20
0.9876551181102362
11
0.5196809448818898
21
0.9878105511811024
0
LINE
8
BLACK
6
CONTINUOUS
10
0.5196809448818898
20
0.9878105511811024
11
0.52
21
0.9878740157480315
0
LINE
8
BLACK
6
CONTINUOUS
10
0.52
20
0.9878740157480315
11
0.58
21
0.9878740157480315
0
LINE
8
BLACK
6
CONTINUOUS
10
0.58
20
0.9878740157480315
11
0.5803191732283465
21
0.9878105118110236
0
LINE
8
BLACK
6
CONTINUOUS
10
0.6803191732283465
20
0.9878105118110236
11
0.6816588188976378
21
0.9876551181102362
0
LINE
8
BLACK
6
CONTINUOUS
10
0.6816588188976378
20
0.9876551181102362
11
0.6821164960629921
21
0.9874529921259843
0
LINE
8
BLACK
6
CONTINUOUS
10
0.6821164960629921
20
0.9874529921259843
11
0.6830132677165354
21
0.9872746456692914
0
LINE
8
BLACK
6
CONTINUOUS
10
0.6830132677165354
20
0.9872746456692914
11
0.6839732677165354
21
0.9866331496062992
0
LINE
8
BLACK
6
CONTINUOUS
10
0.6839732677165354
20
0.9866331496062992
11
0.6844112992125984
21
0.9864397637795276
0
LINE
8
BLACK
6
CONTINUOUS
10
0.6844112992125984
20
0.9864397637795276
11
0.6847104724409449
21
0.9861405511811023
0
LINE
8
BLACK
6
CONTINUOUS
10
0.6847104724409449
20
0.9861405511811023
11
0.6855677559055118
21
0.9855677559055118
0
LINE
8
BLACK
6
CONTINUOUS
10
0.6855677559055118
20
0.9855677559055118
11
0.6861405511811024
21
0.9847104724409449
0
LINE
8
BLACK
6
CONTINUOUS
10
0.6861405511811024
20
0.9847104724409449
11
0.6864397637795275
21
0.9844112992125984
0
LINE
8
BLACK
6
CONTINUOUS
10
0.6864397637795275
20
0.9844112992125984
11
0.6866331496062992
21
0.9839732677165354
0
LINE
8
BLACK
6
CONTINUOUS
10
0.6866331496062992
20
0.9839732677165354
11
0.6872746456692913
21
0.9830132677165354
0
LINE
8
BLACK
6
CONTINUOUS
10
0.6872746456692913
20
0.9830132677165354
11
0.6874529921259842
21
0.9821164960629921
0
LINE
8
BLACK
6
CONTINUOUS
10
0.6874529921259842
20
0.9821164960629921
11
0.6876551181102362
21
0.9816588188976377
0
LINE
8
BLACK
6
CONTINUOUS
10
0.6876551181102362
20
0.9816588188976377
11
0.6878105118110236
21
0.980319094488189
0
LINE
8
BLACK
6
CONTINUOUS
10
0.6878105118110236
20
0.980319094488189
11
0.6878740157480315
21
0.98
0
LINE
8
BLACK
6
CONTINUOUS
10
0.6878740157480315
20
0.98
11
0.6878740157480315
21
0.9199999999999999
0
LINE
8
BLACK
6
CONTINUOUS
10
0.6878740157480315
20
0.9199999999999999
11
0.6878105118110236
21
0.9196808661417323
0
LINE
8
BLACK
6
CONTINUOUS
10
0.6878105118110236
20
0.9196808661417323
11
0.6876551181102362
21
0.9183411417322834
0
LINE
8
BLACK
6
CONTINUOUS
10
0.6876551181102362
20
0.9183411417322834
11
0.6874529921259842
21
0.9178833858267716
0
LINE
8
BLACK
6
CONTINUOUS
10
0.6874529921259842
20
0.9178833858267716
11
0.6872746456692913
21
0.9169867322834645
0
LINE
8
BLACK
6
CONTINUOUS
10
0.6872746456692913
20
0.9169867322834645
11
0.6866331889763779
21
0.9160267716535433
0
LINE
8
BLACK
6
CONTINUOUS
10
0.6866331889763779
20
0.9160267716535433
11
0.6864397637795275
21
0.9155886614173229
0
LINE
8
BLACK
6
CONTINUOUS
10
0.6864397637795275
20
0.9155886614173229
11
0.6861404724409449
21
0.9152893700787401
0
LINE
8
BLACK
6
CONTINUOUS
10
0.6861404724409449
20
0.9152893700787401
11
0.6855677559055118
21
0.9144322440944882
0
LINE
8
BLACK
6
CONTINUOUS
10
0.6855677559055118
20
0.9144322440944882
11
0.6847105905511811
21
0.9138594881889763
0
LINE
8
BLACK
6
CONTINUOUS
10
0.6847105905511811
20
0.9138594881889763
11
0.6844112992125984
21
0.9135601968503937
0
LINE
8
BLACK
6
CONTINUOUS
10
0.6844112992125984
20
0.9135601968503937
11
0.6839731102362204
21
0.9133666929133858
0
LINE
8
BLACK
6
CONTINUOUS
10
0.6839731102362204
20
0.9133666929133858
11
0.6830132677165354
21
0.9127253543307087
0
LINE
8
BLACK
6
CONTINUOUS
10
0.6830132677165354
20
0.9127253543307087
11
0.6821166929133858
21
0.9125470078740158
0
LINE
8
BLACK
6
CONTINUOUS
10
0.6821166929133858
20
0.9125470078740158
11
0.6816588188976378
21
0.9123448425196851
0
LINE
8
BLACK
6
CONTINUOUS
10
0.6816588188976378
20
0.9123448425196851
11
0.680318622047244
21
0.9121893307086614
0
LINE
8
BLACK
6
CONTINUOUS
10
0.680318622047244
20
0.9121893307086614
11
0.6799999999999999
21
0.9121259842519684
0
LINE
8
BLACK
6
CONTINUOUS
10
0.6799999999999999
20
0.9121259842519684
11
0.6797723228346456
21
0.9121259842519684
0
LINE
8
BLACK
6
CONTINUOUS
10
0.6797723228346456
20
0.9121259842519684
11
0.6202277165354331
21
0.9121259842519684
0
LINE
8
BLACK
6
CONTINUOUS
10
0.6202277165354331
20
0.9121259842519684
11
0.62
21
0.9121259842519684
0
LINE
8
BLACK
6
CONTINUOUS
10
0.62
20
0.9121259842519684
11
0.6196813385826772
21
0.9121893307086614
0
LINE
8
BLACK
6
CONTINUOUS
10
0.6196813385826772
20
0.9121893307086614
11
0.6183411417322835
21
0.9123448425196851
0
LINE
8
BLACK
6
CONTINUOUS
10
0.6183411417322835
20
0.9123448425196851
11
0.6178832283464567
21
0.9125470078740158
0
LINE
8
BLACK
6
CONTINUOUS
10
0.6178832283464567
20
0.9125470078740158
11
0.6169867322834646
21
0.9127253543307087
0
LINE
8
BLACK
6
CONTINUOUS
10
0.6169867322834646
20
0.9127253543307087
11
0.6160269291338583
21
0.913366653543307
0
LINE
8
BLACK
6
CONTINUOUS
10
0.6160269291338583
20
0.913366653543307
11
0.6155886614173228
21
0.9135601968503937
0
LINE
8
BLACK
6
CONTINUOUS
10
0.6155886614173228
20
0.9135601968503937
11
0.6152892519685039
21
0.9138595669291338
0
LINE
8
BLACK
6
CONTINUOUS
10
0.6152892519685039
20
0.9138595669291338
11
0.6144322440944882
21
0.9144322440944882
0
LINE
8
BLACK
6
CONTINUOUS
10
0.6144322440944882
20
0.9144322440944882
11
0.6138595669291338
21
0.915289251968504
0
LINE
8
BLACK
6
CONTINUOUS
10
0.6138595669291338
20
0.915289251968504
11
0.6135601968503936
21
0.9155886614173229
0
LINE
8
BLACK
6
CONTINUOUS
10
0.6135601968503936
20
0.9155886614173229
11
0.6133666535433071
21
0.9160269291338582
0
LINE
8
BLACK
6
CONTINUOUS
10
0.6133666535433071
20
0.9160269291338582
11
0.6127253543307086
21
0.9169867322834645
0
LINE
8
BLACK
6
CONTINUOUS
10
0.6127253543307086
20
0.9169867322834645
11
0.6125470078740157
21
0.9178832283464566
0
LINE
8
BLACK
6
CONTINUOUS
10
0.6125470078740157
20
0.9178832283464566
11
0.612344842519685
21
0.9183411417322834
0
LINE
8
BLACK
6
CONTINUOUS
10
0.612344842519685
20
0.9183411417322834
11
0.6121893307086614
21
0.9196814173228346
0
LINE
8
BLACK
6
CONTINUOUS
10
0.6121893307086614
20
0.9196814173228346
11
0.6121259842519685
21
0.9199999999999999
0
LINE
8
BLACK
6
CONTINUOUS
10
0.6121259842519685
20
0.9199999999999999
11
0.6121259842519685
21
0.98
0
LINE
8
BLACK
6
CONTINUOUS
10
0.6121259842519685
20
0.98
11
0.6121893700787402
21
0.9803187007874016
0
LINE
8
BLACK
6
CONTINUOUS
10
0.6121893700787402
20
0.9803187007874016
11
0.612344842519685
21
0.9816588188976377
0
LINE
8
BLACK
6
CONTINUOUS
10
0.612344842519685
20
0.9816588188976377
11
0.6125470078740157
21
0.9821166929133858
0
LINE
8
BLACK
6
CONTINUOUS
10
0.6125470078740157
20
0.9821166929133858
11
0.6127253543307086
21
0.9830132677165354
0
LINE
8
BLACK
6
CONTINUOUS
10
0.6127253543307086
20
0.9830132677165354
11
0.6133666929133859
21
0.9839731102362205
0
LINE
8
BLACK
6
CONTINUOUS
10
0.6133666929133859
20
0.9839731102362205
11
0.6135601968503936
21
0.9844112992125984
0
LINE
8
BLACK
6
CONTINUOUS
10
0.6135601968503936
20
0.9844112992125984
11
0.6138594881889764
21
0.984710590551181
0
LINE
8
BLACK
6
CONTINUOUS
10
0.6138594881889764
20
0.984710590551181
11
0.6144322440944882
21
0.9855677559055118
0
LINE
8
BLACK
6
CONTINUOUS
10
0.6144322440944882
20
0.9855677559055118
11
0.6152893700787402
21
0.9861404724409448
0
LINE
8
BLACK
6
CONTINUOUS
10
0.6152893700787402
20
0.9861404724409448
11
0.6155886614173228
21
0.9864397637795276
0
LINE
8
BLACK
6
CONTINUOUS
10
0.6155886614173228
20
0.9864397637795276
11
0.6160267716535432
21
0.986633188976378
0
LINE
8
BLACK
6
CONTINUOUS
10
0.6160267716535432
20
0.986633188976378
11
0.6169867322834646
21
0.9872746456692914
0
LINE
8
BLACK
6
CONTINUOUS
10
0.6169867322834646
20
0.9872746456692914
11
0.6178833858267716
21
0.9874529921259843
0
LINE
8
BLACK
6
CONTINUOUS
10
0.6178833858267716
20
0.9874529921259843
11
0.6183411417322835
21
0.9876551181102362
0
LINE
8
BLACK
6
CONTINUOUS
10
0.6183411417322835
20
0.9876551181102362
11
0.6196809448818897
21
0.9878105511811024
0
LINE
8
BLACK
6
CONTINUOUS
10
0.6196809448818897
20
0.9878105511811024
11
0.62
21
0.9878740157480315
0
LINE
8
BLACK
6
CONTINUOUS
10
0.62
20
0.9878740157480315
11
0.6799999999999999
21
0.9878740157480315
0
LINE
8
BLACK
6
CONTINUOUS
10
0.6799999999999999
20
0.9878740157480315
11
0.6803191732283465
21
0.9878105118110236
0
LINE
8
BLACK
6
CONTINUOUS
10
0.7803191732283464
20
0.9878105118110236
11
0.7816588188976378
21
0.9876551181102362
0
LINE
8
BLACK
6
CONTINUOUS
10
0.7816588188976378
20
0.9876551181102362
11
0.7821164960629922
21
0.9874529921259843
0
LINE
8
BLACK
6
CONTINUOUS
10
0.7821164960629922
20
0.9874529921259843
11
0.7830132677165355
21
0.9872746456692914
0
LINE
8
BLACK
6
CONTINUOUS
10
0.7830132677165355
20
0.9872746456692914
11
0.7839732677165354
21
0.9866331496062992
0
LINE
8
BLACK
6
CONTINUOUS
10
0.7839732677165354
20
0.9866331496062992
11
0.7844112992125984
21
0.9864397637795276
0
LINE
8
BLACK
6
CONTINUOUS
10
0.7844112992125984
20
0.9864397637795276
11
0.7847104724409448
21
0.9861405511811023
0
LINE
8
BLACK
6
CONTINUOUS
10
0.7847104724409448
20
0.9861405511811023
11
0.7855677559055118
21
0.9855677559055118
0
LINE
8
BLACK
6
CONTINUOUS
10
0.7855677559055118
20
0.9855677559055118
11
0.7861405511811024
21
0.9847104724409449
0
LINE
8
BLACK
6
CONTINUOUS
10
0.7861405511811024
20
0.9847104724409449
11
0.7864397637795275
21
0.9844112992125984
0
LINE
8
BLACK
6
CONTINUOUS
10
0.7864397637795275
20
0.9844112992125984
11
0.7866331496062992
21
0.9839732677165354
0
LINE
8
BLACK
6
CONTINUOUS
10
0.7866331496062992
20
0.9839732677165354
11
0.7872746456692913
21
0.9830132677165354
0
LINE
8
BLACK
6
CONTINUOUS
10
0.7872746456692913
20
0.9830132677165354
11
0.7874529921259842
21
0.9821164960629921
0
LINE
8
BLACK
6
CONTINUOUS
10
0.7874529921259842
20
0.9821164960629921
11
0.7876551181102363
21
0.9816588188976377
0
LINE
8
BLACK
6
CONTINUOUS
10
0.7876551181102363
20
0.9816588188976377
11
0.7878105118110236
21
0.980319094488189
0
LINE
8
BLACK
6
CONTINUOUS
10
0.7878105118110236
20
0.980319094488189
11
0.7878740157480315
21
0.98
0
LINE
8
BLACK
6
CONTINUOUS
10
0.7878740157480315
20
0.98
11
0.7878740157480315
21
0.9199999999999999
0
LINE
8
BLACK
6
CONTINUOUS
10
0.7878740157480315
20
0.9199999999999999
11
0.7878105118110236
21
0.9196808661417323
0
LINE
8
BLACK
6
CONTINUOUS
10
0.7878105118110236
20
0.9196808661417323
11
0.7876551181102363
21
0.9183411417322834
0
LINE
8
BLACK
6
CONTINUOUS
10
0.7876551181102363
20
0.9183411417322834
11
0.7874529921259842
21
0.9178833858267716
0
LINE
8
BLACK
6
CONTINUOUS
10
0.7874529921259842
20
0.9178833858267716
11
0.7872746456692913
21
0.9169867322834645
0
LINE
8
BLACK
6
CONTINUOUS
10
0.7872746456692913
20
0.9169867322834645
11
0.7866331889763779
21
0.9160267716535433
0
LINE
8
BLACK
6
CONTINUOUS
10
0.7866331889763779
20
0.9160267716535433
11
0.7864397637795275
21
0.9155886614173229
0
LINE
8
BLACK
6
CONTINUOUS
10
0.7864397637795275
20
0.9155886614173229
11
0.7861404724409449
21
0.9152893700787401
0
LINE
8
BLACK
6
CONTINUOUS
10
0.7861404724409449
20
0.9152893700787401
11
0.7855677559055118
21
0.9144322440944882
0
LINE
8
BLACK
6
CONTINUOUS
10
0.7855677559055118
20
0.9144322440944882
11
0.7847105905511811
21
0.9138594881889763
0
LINE
8
BLACK
6
CONTINUOUS
10
0.7847105905511811
20
0.9138594881889763
11
0.7844112992125984
21
0.9135601968503937
0
LINE
8
BLACK
6
CONTINUOUS
10
0.7844112992125984
20
0.9135601968503937
11
0.7839731102362204
21
0.9133666929133858
0
LINE
8
BLACK
6
CONTINUOUS
10
0.7839731102362204
20
0.9133666929133858
11
0.7830132677165355
21
0.9127253543307087
0
LINE
8
BLACK
6
CONTINUOUS
10
0.7830132677165355
20
0.9127253543307087
11
0.7821166929133858
21
0.9125470078740158
0
LINE
8
BLACK
6
CONTINUOUS
10
0.7821166929133858
20
0.9125470078740158
11
0.7816588188976378
21
0.9123448425196851
0
LINE
8
BLACK
6
CONTINUOUS
10
0.7816588188976378
20
0.9123448425196851
11
0.7803186220472441
21
0.9121893307086614
0
LINE
8
BLACK
6
CONTINUOUS
10
0.7803186220472441
20
0.9121893307086614
11
0.78
21
0.9121259842519684
0
LINE
8
BLACK
6
CONTINUOUS
10
0.78
20
0.9121259842519684
11
0.7797723228346457
21
0.9121259842519684
0
LINE
8
BLACK
6
CONTINUOUS
10
0.7797723228346457
20
0.9121259842519684
11
0.720227716535433
21
0.9121259842519684
0
LINE
8
BLACK
6
CONTINUOUS
10
0.720227716535433
20
0.9121259842519684
11
0.72
21
0.9121259842519684
0
LINE
8
BLACK
6
CONTINUOUS
10
0.72
20
0.9121259842519684
11
0.7196813385826771
21
0.9121893307086614
0
LINE
8
BLACK
6
CONTINUOUS
10
0.7196813385826771
20
0.9121893307086614
11
0.7183411417322835
21
0.9123448425196851
0
LINE
8
BLACK
6
CONTINUOUS
10
0.7183411417322835
20
0.9123448425196851
11
0.7178832283464567
21
0.9125470078740158
0
LINE
8
BLACK
6
CONTINUOUS
10
0.7178832283464567
20
0.9125470078740158
11
0.7169867322834645
21
0.9127253543307087
0
LINE
8
BLACK
6
CONTINUOUS
10
0.7169867322834645
20
0.9127253543307087
11
0.7160269291338582
21
0.913366653543307
0
LINE
8
BLACK
6
CONTINUOUS
10
0.7160269291338582
20
0.913366653543307
11
0.7155886614173228
21
0.9135601968503937
0
LINE
8
BLACK
6
CONTINUOUS
10
0.7155886614173228
20
0.9135601968503937
11
0.7152892519685039
21
0.9138595669291338
0
LINE
8
BLACK
6
CONTINUOUS
10
0.7152892519685039
20
0.9138595669291338
11
0.7144322440944881
21
0.9144322440944882
0
LINE
8
BLACK
6
CONTINUOUS
10
0.7144322440944881
20
0.9144322440944882
11
0.7138595669291339
21
0.915289251968504
0
LINE
8
BLACK
6
CONTINUOUS
10
0.7138595669291339
20
0.915289251968504
11
0.7135601968503937
21
0.9155886614173229
0
LINE
8
BLACK
6
CONTINUOUS
10
0.7135601968503937
20
0.9155886614173229
11
0.7133666535433071
21
0.9160269291338582
0
LINE
8
BLACK
6
CONTINUOUS
10
0.7133666535433071
20
0.9160269291338582
11
0.7127253543307086
21
0.9169867322834645
0
LINE
8
BLACK
6
CONTINUOUS
10
0.7127253543307086
20
0.9169867322834645
11
0.7125470078740157
21
0.9178832283464566
0
LINE
8
BLACK
6
CONTINUOUS
10
0.7125470078740157
20
0.9178832283464566
11
0.712344842519685
21
0.9183411417322834
0
LINE
8
BLACK
6
CONTINUOUS
10
0.712344842519685
20
0.9183411417322834
11
0.7121893307086614
21
0.9196814173228346
0
LINE
8
BLACK
6
CONTINUOUS
10
0.7121893307086614
20
0.9196814173228346
11
0.7121259842519685
21
0.9199999999999999
0
LINE
8
BLACK
6
CONTINUOUS
10
0.7121259842519685
20
0.9199999999999999
11
0.7121259842519685
21
0.98
0
LINE
8
BLACK
6
CONTINUOUS
10
0.7121259842519685
20
0.98
11
0.7121893700787402
21
0.9803187007874016
0
LINE
8
BLACK
6
CONTINUOUS
10
0.7121893700787402
20
0.9803187007874016
11
0.712344842519685
21
0.9816588188976377
0
LINE
8
BLACK
6
CONTINUOUS
10
0.712344842519685
20
0.9816588188976377
11
0.7125470078740157
21
0.9821166929133858
0
LINE
8
BLACK
6
CONTINUOUS
10
0.7125470078740157
20
0.9821166929133858
11
0.7127253543307086
21
0.9830132677165354
0
LINE
8
BLACK
6
CONTINUOUS
10
0.7127253543307086
20
0.9830132677165354
11
0.7133666929133858
21
0.9839731102362205
0
LINE
8
BLACK
6
CONTINUOUS
10
0.7133666929133858
20
0.9839731102362205
11
0.7135601968503937
21
0.9844112992125984
0
LINE
8
BLACK
6
CONTINUOUS
10
0.7135601968503937
20
0.9844112992125984
11
0.7138594881889764
21
0.984710590551181
0
LINE
8
BLACK
6
CONTINUOUS
10
0.7138594881889764
20
0.984710590551181
11
0.7144322440944881
21
0.9855677559055118
0
LINE
8
BLACK
6
CONTINUOUS
10
0.7144322440944881
20
0.9855677559055118
11
0.7152893700787402
21
0.9861404724409448
0
LINE
8
BLACK
6
CONTINUOUS
10
0.7152893700787402
20
0.9861404724409448
11
0.7155886614173228
21
0.9864397637795276
0
LINE
8
BLACK
6
CONTINUOUS
10
0.7155886614173228
20
0.9864397637795276
11
0.7160267716535433
21
0.986633188976378
0
LINE
8
BLACK
6
CONTINUOUS
10
0.7160267716535433
20
0.986633188976378
11
0.7169867322834645
21
0.9872746456692914
0
LINE
8
BLACK
6
CONTINUOUS
10
0.7169867322834645
20
0.9872746456692914
11
0.7178833858267717
21
0.9874529921259843
0
LINE
8
BLACK
6
CONTINUOUS
10
0.7178833858267717
20
0.9874529921259843
11
0.7183411417322835
21
0.9876551181102362
0
LINE
8
BLACK
6
CONTINUOUS
10
0.7183411417322835
20
0.9876551181102362
11
0.7196809448818897
21
0.9878105511811024
0
LINE
8
BLACK
6
CONTINUOUS
10
0.7196809448818897
20
0.9878105511811024
11
0.72
21
0.9878740157480315
0
LINE
8
BLACK
6
CONTINUOUS
10
0.72
20
0.9878740157480315
11
0.78
21
0.9878740157480315
0
LINE
8
BLACK
6
CONTINUOUS
10
0.78
20
0.9878740157480315
11
0.7803191732283464
21
0.9878105118110236
0
LINE
8
BLACK
6
CONTINUOUS
10
0.8803191732283464
20
0.9878105118110236
11
0.8816588188976378
21
0.9876551181102362
0
LINE
8
BLACK
6
CONTINUOUS
10
0.8816588188976378
20
0.9876551181102362
11
0.8821164960629921
21
0.9874529921259843
0
LINE
8
BLACK
6
CONTINUOUS
10
0.8821164960629921
20
0.9874529921259843
11
0.8830132677165354
21
0.9872746456692914
0
LINE
8
BLACK
6
CONTINUOUS
10
0.8830132677165354
20
0.9872746456692914
11
0.8839732677165354
21
0.9866331496062992
0
LINE
8
BLACK
6
CONTINUOUS
10
0.8839732677165354
20
0.9866331496062992
11
0.8844112992125984
21
0.9864397637795276
0
LINE
8
BLACK
6
CONTINUOUS
10
0.8844112992125984
20
0.9864397637795276
11
0.8847104724409449
21
0.9861405511811023
0
LINE
8
BLACK
6
CONTINUOUS
10
0.8847104724409449
20
0.9861405511811023
11
0.8855677559055118
21
0.9855677559055118
0
LINE
8
BLACK
6
CONTINUOUS
10
0.8855677559055118
20
0.9855677559055118
11
0.8861405511811024
21
0.9847104724409449
0
LINE
8
BLACK
6
CONTINUOUS
10
0.8861405511811024
20
0.9847104724409449
11
0.8864397637795275
21
0.9844112992125984
0
LINE
8
BLACK
6
CONTINUOUS
10
0.8864397637795275
20
0.9844112992125984
11
0.8866331496062992
21
0.9839732677165354
0
LINE
8
BLACK
6
CONTINUOUS
10
0.8866331496062992
20
0.9839732677165354
11
0.8872746456692914
21
0.9830132677165354
0
LINE
8
BLACK
6
CONTINUOUS
10
0.8872746456692914
20
0.9830132677165354
11
0.8874529921259843
21
0.9821164960629921
0
LINE
8
BLACK
6
CONTINUOUS
10
0.8874529921259843
20
0.9821164960629921
11
0.8876551181102362
21
0.9816588188976377
0
LINE
8
BLACK
6
CONTINUOUS
10
0.8876551181102362
20
0.9816588188976377
11
0.8878105118110236
21
0.980319094488189
0
LINE
8
BLACK
6
CONTINUOUS
10
0.8878105118110236
20
0.980319094488189
11
0.8878740157480315
21
0.98
0
LINE
8
BLACK
6
CONTINUOUS
10
0.8878740157480315
20
0.98
11
0.8878740157480315
21
0.9199999999999999
0
LINE
8
BLACK
6
CONTINUOUS
10
0.8878740157480315
20
0.9199999999999999
11
0.8878105118110236
21
0.9196808661417323
0
LINE
8
BLACK
6
CONTINUOUS
10
0.8878105118110236
20
0.9196808661417323
11
0.8876551181102362
21
0.9183411417322834
0
LINE
8
BLACK
6
CONTINUOUS
10
0.8876551181102362
20
0.9183411417322834
11
0.8874529921259843
21
0.9178833858267716
0
LINE
8
BLACK
6
CONTINUOUS
10
0.8874529921259843
20
0.9178833858267716
11
0.8872746456692914
21
0.9169867322834645
0
LINE
8
BLACK
6
CONTINUOUS
10
0.8872746456692914
20
0.9169867322834645
11
0.8866331889763779
21
0.9160267716535433
0
LINE
8
BLACK
6
CONTINUOUS
10
0.8866331889763779
20
0.9160267716535433
11
0.8864397637795275
21
0.9155886614173229
0
LINE
8
BLACK
6
CONTINUOUS
10
0.8864397637795275
20
0.9155886614173229
11
0.8861404724409448
21
0.9152893700787401
0
LINE
8
BLACK
6
CONTINUOUS
10
0.8861404724409448
20
0.9152893700787401
11
0.8855677559055118
21
0.9144322440944882
0
LINE
8
BLACK
6
CONTINUOUS
10
0.8855677559055118
20
0.9144322440944882
11
0.8847105905511811
21
0.9138594881889763
0
LINE
8
BLACK
6
CONTINUOUS
10
0.8847105905511811
20
0.9138594881889763
11
0.8844112992125984
21
0.9135601968503937
0
LINE
8
BLACK
6
CONTINUOUS
10
0.8844112992125984
20
0.9135601968503937
11
0.8839731102362205
21
0.9133666929133858
0
LINE
8
BLACK
6
CONTINUOUS
10
0.8839731102362205
20
0.9133666929133858
11
0.8830132677165354
21
0.9127253543307087
0
LINE
8
BLACK
6
CONTINUOUS
10
0.8830132677165354
20
0.9127253543307087
11
0.8821166929133858
21
0.9125470078740158
0
LINE
8
BLACK
6
CONTINUOUS
10
0.8821166929133858
20
0.9125470078740158
11
0.8816588188976378
21
0.9123448425196851
0
LINE
8
BLACK
6
CONTINUOUS
10
0.8816588188976378
20
0.9123448425196851
11
0.8803186220472441
21
0.9121893307086614
0
LINE
8
BLACK
6
CONTINUOUS
10
0.8803186220472441
20
0.9121893307086614
11
0.88
21
0.9121259842519684
0
LINE
8
BLACK
6
CONTINUOUS
10
0.88
20
0.9121259842519684
11
0.8797723228346457
21
0.9121259842519684
0
LINE
8
BLACK
6
CONTINUOUS
10
0.8797723228346457
20
0.9121259842519684
11
0.820227716535433
21
0.9121259842519684
0
LINE
8
BLACK
6
CONTINUOUS
10
0.820227716535433
20
0.9121259842519684
11
0.82
21
0.9121259842519684
0
LINE
8
BLACK
6
CONTINUOUS
10
0.82
20
0.9121259842519684
11
0.8196813385826771
21
0.9121893307086614
0
LINE
8
BLACK
6
CONTINUOUS
10
0.8196813385826771
20
0.9121893307086614
11
0.8183411417322835
21
0.9123448425196851
0
LINE
8
BLACK
6
CONTINUOUS
10
0.8183411417322835
20
0.9123448425196851
11
0.8178832283464567
21
0.9125470078740158
0
LINE
8
BLACK
6
CONTINUOUS
10
0.8178832283464567
20
0.9125470078740158
11
0.8169867322834645
21
0.9127253543307087
0
LINE
8
BLACK
6
CONTINUOUS
10
0.8169867322834645
20
0.9127253543307087
11
0.8160269291338582
21
0.913366653543307
0
LINE
8
BLACK
6
CONTINUOUS
10
0.8160269291338582
20
0.913366653543307
11
0.8155886614173228
21
0.9135601968503937
0
LINE
8
BLACK
6
CONTINUOUS
10
0.8155886614173228
20
0.9135601968503937
11
0.8152892519685039
21
0.9138595669291338
0
LINE
8
BLACK
6
CONTINUOUS
10
0.8152892519685039
20
0.9138595669291338
11
0.8144322440944882
21
0.9144322440944882
0
LINE
8
BLACK
6
CONTINUOUS
10
0.8144322440944882
20
0.9144322440944882
11
0.8138595669291339
21
0.915289251968504
0
LINE
8
BLACK
6
CONTINUOUS
10
0.8138595669291339
20
0.915289251968504
11
0.8135601968503937
21
0.9155886614173229
0
LINE
8
BLACK
6
CONTINUOUS
10
0.8135601968503937
20
0.9155886614173229
11
0.8133666535433071
21
0.9160269291338582
0
LINE
8
BLACK
6
CONTINUOUS
10
0.8133666535433071
20
0.9160269291338582
11
0.8127253543307087
21
0.9169867322834645
0
LINE
8
BLACK
6
CONTINUOUS
10
0.8127253543307087
20
0.9169867322834645
11
0.8125470078740157
21
0.9178832283464566
0
LINE
8
BLACK
6
CONTINUOUS
10
0.8125470078740157
20
0.9178832283464566
11
0.812344842519685
21
0.9183411417322834
0
LINE
8
BLACK
6
CONTINUOUS
10
0.812344842519685
20
0.9183411417322834
11
0.8121893307086614
21
0.9196814173228346
0
LINE
8
BLACK
6
CONTINUOUS
10
0.8121893307086614
20
0.9196814173228346
11
0.8121259842519685
21
0.9199999999999999
0
LINE
8
BLACK
6
CONTINUOUS
10
0.8121259842519685
20
0.9199999999999999
11
0.8121259842519685
21
0.98
0
LINE
8
BLACK
6
CONTINUOUS
10
0.8121259842519685
20
0.98
11
0.8121893700787401
21
0.9803187007874016
0
LINE
8
BLACK
6
CONTINUOUS
10
0.8121893700787401
20
0.9803187007874016
11
0.812344842519685
21
0.9816588188976377
0
LINE
8
BLACK
6
CONTINUOUS
10
0.812344842519685
20
0.9816588188976377
11
0.8125470078740157
21
0.9821166929133858
0
LINE
8
BLACK
6
CONTINUOUS
10
0.8125470078740157
20
0.9821166929133858
11
0.8127253543307087
21
0.9830132677165354
0
LINE
8
BLACK
6
CONTINUOUS
10
0.8127253543307087
20
0.9830132677165354
11
0.8133666929133858
21
0.9839731102362205
0
LINE
8
BLACK
6
CONTINUOUS
10
0.8133666929133858
20
0.9839731102362205
11
0.8135601968503937
21
0.9844112992125984
0
LINE
8
BLACK
6
CONTINUOUS
10
0.8135601968503937
20
0.9844112992125984
11
0.8138594881889764
21
0.984710590551181
0
LINE
8
BLACK
6
CONTINUOUS
10
0.8138594881889764
20
0.984710590551181
11
0.8144322440944882
21
0.9855677559055118
0
LINE
8
BLACK
6
CONTINUOUS
10
0.8144322440944882
20
0.9855677559055118
11
0.8152893700787401
21
0.9861404724409448
0
LINE
8
BLACK
6
CONTINUOUS
10
0.8152893700787401
20
0.9861404724409448
11
0.8155886614173228
21
0.9864397637795276
0
LINE
8
BLACK
6
CONTINUOUS
10
0.8155886614173228
20
0.9864397637795276
11
0.8160267716535433
21
0.986633188976378
0
LINE
8
BLACK
6
CONTINUOUS
10
0.8160267716535433
20
0.986633188976378
11
0.8169867322834645
21
0.9872746456692914
0
LINE
8
BLACK
6
CONTINUOUS
10
0.8169867322834645
20
0.9872746456692914
11
0.8178833858267717
21
0.9874529921259843
0
LINE
8
BLACK
6
CONTINUOUS
10
0.8178833858267717
20
0.9874529921259843
11
0.8183411417322835
21
0.9876551181102362
0
LINE
8
BLACK
6
CONTINUOUS
10
0.8183411417322835
20
0.9876551181102362
11
0.8196809448818897
21
0.9878105511811024
0
LINE
8
BLACK
6
CONTINUOUS
10
0.8196809448818897
20
0.9878105511811024
11
0.82
21
0.9878740157480315
0
LINE
8
BLACK
6
CONTINUOUS
10
0.82
20
0.9878740157480315
11
0.88
21
0.9878740157480315
0
LINE
8
BLACK
6
CONTINUOUS
10
0.88
20
0.9878740157480315
11
0.8803191732283464
21
0.9878105118110236
0
LINE
8
BLACK
6
CONTINUOUS
10
0.9803191732283464
20
0.9878105118110236
11
0.9816588188976377
21
0.9876551181102362
0
LINE
8
BLACK
6
CONTINUOUS
10
0.9816588188976377
20
0.9876551181102362
11
0.9821164960629921
21
0.9874529921259843
0
LINE
8
BLACK
6
CONTINUOUS
10
0.9821164960629921
20
0.9874529921259843
11
0.9830132677165354
21
0.9872746456692914
0
LINE
8
BLACK
6
CONTINUOUS
10
0.9830132677165354
20
0.9872746456692914
11
0.9839732677165354
21
0.9866331496062992
0
LINE
8
BLACK
6
CONTINUOUS
10
0.9839732677165354
20
0.9866331496062992
11
0.9844112992125984
21
0.9864397637795276
0
LINE
8
BLACK
6
CONTINUOUS
10
0.9844112992125984
20
0.9864397637795276
11
0.9847104724409449
21
0.9861405511811023
0
LINE
8
BLACK
6
CONTINUOUS
10
0.9847104724409449
20
0.9861405511811023
11
0.9855677559055118
21
0.9855677559055118
0
LINE
8
BLACK
6
CONTINUOUS
10
0.9855677559055118
20
0.9855677559055118
11
0.9861405511811023
21
0.9847104724409449
0
LINE
8
BLACK
6
CONTINUOUS
10
0.9861405511811023
20
0.9847104724409449
11
0.9864397637795276
21
0.9844112992125984
0
LINE
8
BLACK
6
CONTINUOUS
10
0.9864397637795276
20
0.9844112992125984
11
0.9866331496062992
21
0.9839732677165354
0
LINE
8
BLACK
6
CONTINUOUS
10
0.9866331496062992
20
0.9839732677165354
11
0.9872746456692914
21
0.9830132677165354
0
LINE
8
BLACK
6
CONTINUOUS
10
0.9872746456692914
20
0.9830132677165354
11
0.9874529921259843
21
0.9821164960629921
0
LINE
8
BLACK
6
CONTINUOUS
10
0.9874529921259843
20
0.9821164960629921
11
0.9876551181102362
21
0.9816588188976377
0
LINE
8
BLACK
6
CONTINUOUS
10
0.9876551181102362
20
0.9816588188976377
11
0.9878105118110236
21
0.980319094488189
0
LINE
8
BLACK
6
CONTINUOUS
10
0.9878105118110236
20
0.980319094488189
11
0.9878740157480315
21
0.98
0
LINE
8
BLACK
6
CONTINUOUS
10
0.9878740157480315
20
0.98
11
0.9878740157480315
21
0.9199999999999999
0
LINE
8
BLACK
6
CONTINUOUS
10
0.9878740157480315
20
0.9199999999999999
11
0.9878105118110236
21
0.9196808661417323
0
LINE
8
BLACK
6
CONTINUOUS
10
0.9878105118110236
20
0.9196808661417323
11
0.9876551181102362
21
0.9183411417322834
0
LINE
8
BLACK
6
CONTINUOUS
10
0.9876551181102362
20
0.9183411417322834
11
0.9874529921259843
21
0.9178833858267716
0
LINE
8
BLACK
6
CONTINUOUS
10
0.9874529921259843
20
0.9178833858267716
11
0.9872746456692914
21
0.9169867322834645
0
LINE
8
BLACK
6
CONTINUOUS
10
0.9872746456692914
20
0.9169867322834645
11
0.986633188976378
21
0.9160267716535433
0
LINE
8
BLACK
6
CONTINUOUS
10
0.986633188976378
20
0.9160267716535433
11
0.9864397637795276
21
0.9155886614173229
0
LINE
8
BLACK
6
CONTINUOUS
10
0.9864397637795276
20
0.9155886614173229
11
0.9861404724409448
21
0.9152893700787401
0
LINE
8
BLACK
6
CONTINUOUS
10
0.9861404724409448
20
0.9152893700787401
11
0.9855677559055118
21
0.9144322440944882
0
LINE
8
BLACK
6
CONTINUOUS
10
0.9855677559055118
20
0.9144322440944882
11
0.984710590551181
21
0.9138594881889763
0
LINE
8
BLACK
6
CONTINUOUS
10
0.984710590551181
20
0.9138594881889763
11
0.9844112992125984
21
0.9135601968503937
0
LINE
8
BLACK
6
CONTINUOUS
10
0.9844112992125984
20
0.9135601968503937
11
0.9839731102362205
21
0.9133666929133858
0
LINE
8
BLACK
6
CONTINUOUS
10
0.9839731102362205
20
0.9133666929133858
11
0.9830132677165354
21
0.9127253543307087
0
LINE
8
BLACK
6
CONTINUOUS
10
0.9830132677165354
20
0.9127253543307087
11
0.9821166929133858
21
0.9125470078740158
0
LINE
8
BLACK
6
CONTINUOUS
10
0.9821166929133858
20
0.9125470078740158
11
0.9816588188976377
21
0.9123448425196851
0
LINE
8
BLACK
6
CONTINUOUS
10
0.9816588188976377
20
0.9123448425196851
11
0.9803186220472441
21
0.9121893307086614
0
LINE
8
BLACK
6
CONTINUOUS
10
0.9803186220472441
20
0.9121893307086614
11
0.98
21
0.9121259842519684
0
LINE
8
BLACK
6
CONTINUOUS
10
0.98
20
0.9121259842519684
11
0.9797723228346457
21
0.9121259842519684
0
LINE
8
BLACK
6
CONTINUOUS
10
0.9797723228346457
20
0.9121259842519684
11
0.920227716535433
21
0.9121259842519684
0
LINE
8
BLACK
6
CONTINUOUS
10
0.920227716535433
20
0.9121259842519684
11
0.9199999999999999
21
0.9121259842519684
0
LINE
8
BLACK
6
CONTINUOUS
10
0.9199999999999999
20
0.9121259842519684
11
0.9196813385826772
21
0.9121893307086614
0
LINE
8
BLACK
6
CONTINUOUS
10
0.9196813385826772
20
0.9121893307086614
11
0.9183411417322834
21
0.9123448425196851
0
LINE
8
BLACK
6
CONTINUOUS
10
0.9183411417322834
20
0.9123448425196851
11
0.9178832283464566
21
0.9125470078740158
0
LINE
8
BLACK
6
CONTINUOUS
10
0.9178832283464566
20
0.9125470078740158
11
0.9169867322834645
21
0.9127253543307087
0
LINE
8
BLACK
6
CONTINUOUS
10
0.9169867322834645
20
0.9127253543307087
11
0.9160269291338582
21
0.913366653543307
0
LINE
8
BLACK
6
CONTINUOUS
10
0.9160269291338582
20
0.913366653543307
11
0.9155886614173229
21
0.9135601968503937
0
LINE
8
BLACK
6
CONTINUOUS
10
0.9155886614173229
20
0.9135601968503937
11
0.915289251968504
21
0.9138595669291338
0
LINE
8
BLACK
6
CONTINUOUS
10
0.915289251968504
20
0.9138595669291338
11
0.9144322440944882
21
0.9144322440944882
0
LINE
8
BLACK
6
CONTINUOUS
10
0.9144322440944882
20
0.9144322440944882
11
0.9138595669291338
21
0.915289251968504
0
LINE
8
BLACK
6
CONTINUOUS
10
0.9138595669291338
20
0.915289251968504
11
0.9135601968503937
21
0.9155886614173229
0
LINE
8
BLACK
6
CONTINUOUS
10
0.9135601968503937
20
0.9155886614173229
11
0.913366653543307
21
0.9160269291338582
0
LINE
8
BLACK
6
CONTINUOUS
10
0.913366653543307
20
0.9160269291338582
11
0.9127253543307087
21
0.9169867322834645
0
LINE
8
BLACK
6
CONTINUOUS
10
0.9127253543307087
20
0.9169867322834645
11
0.9125470078740158
21
0.9178832283464566
0
LINE
8
BLACK
6
CONTINUOUS
10
0.9125470078740158
20
0.9178832283464566
11
0.9123448425196851
21
0.9183411417322834
0
LINE
8
BLACK
6
CONTINUOUS
10
0.9123448425196851
20
0.9183411417322834
11
0.9121893307086614
21
0.9196814173228346
0
LINE
8
BLACK
6
CONTINUOUS
10
0.9121893307086614
20
0.9196814173228346
11
0.9121259842519684
21
0.9199999999999999
0
LINE
8
BLACK
6
CONTINUOUS
10
0.9121259842519684
20
0.9199999999999999
11
0.9121259842519684
21
0.98
0
LINE
8
BLACK
6
CONTINUOUS
10
0.9121259842519684
20
0.98
11
0.9121893700787401
21
0.9803187007874016
0
LINE
8
BLACK
6
CONTINUOUS
10
0.9121893700787401
20
0.9803187007874016
11
0.9123448425196851
21
0.9816588188976377
0
LINE
8
BLACK
6
CONTINUOUS
10
0.9123448425196851
20
0.9816588188976377
11
0.9125470078740158
21
0.9821166929133858
0
LINE
8
BLACK
6
CONTINUOUS
10
0.9125470078740158
20
0.9821166929133858
11
0.9127253543307087
21
0.9830132677165354
0
LINE
8
BLACK
6
CONTINUOUS
10
0.9127253543307087
20
0.9830132677165354
11
0.9133666929133858
21
0.9839731102362205
0
LINE
8
BLACK
6
CONTINUOUS
10
0.9133666929133858
20
0.9839731102362205
11
0.9135601968503937
21
0.9844112992125984
0
LINE
8
BLACK
6
CONTINUOUS
10
0.9135601968503937
20
0.9844112992125984
11
0.9138594881889763
21
0.984710590551181
0
LINE
8
BLACK
6
CONTINUOUS
10
0.9138594881889763
20
0.984710590551181
11
0.9144322440944882
21
0.9855677559055118
0
LINE
8
BLACK
6
CONTINUOUS
10
0.9144322440944882
20
0.9855677559055118
11
0.9152893700787401
21
0.9861404724409448
0
LINE
8
BLACK
6
CONTINUOUS
10
0.9152893700787401
20
0.9861404724409448
11
0.9155886614173229
21
0.9864397637795276
0
LINE
8
BLACK
6
CONTINUOUS
10
0.9155886614173229
20
0.9864397637795276
11
0.9160267716535433
21
0.986633188976378
0
LINE
8
BLACK
6
CONTINUOUS
10
0.9160267716535433
20
0.986633188976378
11
0.9169867322834645
21
0.9872746456692914
0
LINE
8
BLACK
6
CONTINUOUS
10
0.9169867322834645
20
0.9872746456692914
11
0.9178833858267716
21
0.9874529921259843
0
LINE
8
BLACK
6
CONTINUOUS
10
0.9178833858267716
20
0.9874529921259843
11
0.9183411417322834
21
0.9876551181102362
0
LINE
8
BLACK
6
CONTINUOUS
10
0.9183411417322834
20
0.9876551181102362
11
0.9196809448818898
21
0.9878105511811024
0
LINE
8
BLACK
6
CONTINUOUS
10
0.9196809448818898
20
0.9878105511811024
11
0.9199999999999999
21
0.9878740157480315
0
LINE
8
BLACK
6
CONTINUOUS
10
0.9199999999999999
20
0.9878740157480315
11
0.98
21
0.9878740157480315
0
LINE
8
BLACK
6
CONTINUOUS
10
0.98
20
0.9878740157480315
11
0.9803191732283464
21
0.9878105118110236
0
LINE
8
BLACK
6
CONTINUOUS
10
1.3803191732283464
20
0.9878105118110236
11
1.3816588188976378
21
0.9876551181102362
0
LINE
8
BLACK
6
CONTINUOUS
10
1.3816588188976378
20
0.9876551181102362
11
1.3821164960629921
21
0.9874529921259843
0
LINE
8
BLACK
6
CONTINUOUS
10
1.3821164960629921
20
0.9874529921259843
11
1.3830132677165354
21
0.9872746456692914
0
LINE
8
BLACK
6
CONTINUOUS
10
1.3830132677165354
20
0.9872746456692914
11
1.3839732677165355
21
0.9866331496062992
0
LINE
8
BLACK
6
CONTINUOUS
10
1.3839732677165355
20
0.9866331496062992
11
1.3844112992125983
21
0.9864397637795276
0
LINE
8
BLACK
6
CONTINUOUS
10
1.3844112992125983
20
0.9864397637795276
11
1.3847104724409449
21
0.9861405511811023
0
LINE
8
BLACK
6
CONTINUOUS
10
1.3847104724409449
20
0.9861405511811023
11
1.3855677559055117
21
0.9855677559055118
0
LINE
8
BLACK
6
CONTINUOUS
10
1.3855677559055117
20
0.9855677559055118
11
1.3861405511811022
21
0.9847104724409449
0
LINE
8
BLACK
6
CONTINUOUS
10
1.3861405511811022
20
0.9847104724409449
11
1.3864397637795276
21
0.9844112992125984
0
LINE
8
BLACK
6
CONTINUOUS
10
1.3864397637795276
20
0.9844112992125984
11
1.3866331496062991
21
0.9839732677165354
0
LINE
8
BLACK
6
CONTINUOUS
10
1.3866331496062991
20
0.9839732677165354
11
1.3872746456692913
21
0.9830132677165354
0
LINE
8
BLACK
6
CONTINUOUS
10
1.3872746456692913
20
0.9830132677165354
11
1.3874529921259842
21
0.9821164960629921
0
LINE
8
BLACK
6
CONTINUOUS
10
1.3874529921259842
20
0.9821164960629921
11
1.3876551181102361
21
0.9816588188976377
0
LINE
8
BLACK
6
CONTINUOUS
10
1.3876551181102361
20
0.9816588188976377
11
1.3878105118110236
21
0.980319094488189
0
LINE
8
BLACK
6
CONTINUOUS
10
1.3878105118110236
20
0.980319094488189
11
1.3878740157480314
21
0.98
0
LINE
8
BLACK
6
CONTINUOUS
10
1.3878740157480314
20
0.98
11
1.3878740157480314
21
0.9199999999999999
0
LINE
8
BLACK
6
CONTINUOUS
10
1.3878740157480314
20
0.9199999999999999
11
1.3878105118110236
21
0.9196808661417323
0
LINE
8
BLACK
6
CONTINUOUS
10
1.3878105118110236
20
0.9196808661417323
11
1.3876551181102361
21
0.9183411417322834
0
LINE
8
BLACK
6
CONTINUOUS
10
1.3876551181102361
20
0.9183411417322834
11
1.3874529921259842
21
0.9178833858267716
0
LINE
8
BLACK
6
CONTINUOUS
10
1.3874529921259842
20
0.9178833858267716
11
1.3872746456692913
21
0.9169867322834645
0
LINE
8
BLACK
6
CONTINUOUS
10
1.3872746456692913
20
0.9169867322834645
11
1.3866331889763779
21
0.9160267716535433
0
LINE
8
BLACK
6
CONTINUOUS
10
1.3866331889763779
20
0.9160267716535433
11
1.3864397637795276
21
0.9155886614173229
0
LINE
8
BLACK
6
CONTINUOUS
10
1.3864397637795276
20
0.9155886614173229
11
1.386140472440945
21
0.9152893700787401
0
LINE
8
BLACK
6
CONTINUOUS
10
1.386140472440945
20
0.9152893700787401
11
1.3855677559055117
21
0.9144322440944882
0
LINE
8
BLACK
6
CONTINUOUS
10
1.3855677559055117
20
0.9144322440944882
11
1.3847105905511812
21
0.9138594881889763
0
LINE
8
BLACK
6
CONTINUOUS
10
1.3847105905511812
20
0.9138594881889763
11
1.3844112992125983
21
0.9135601968503937
0
LINE
8
BLACK
6
CONTINUOUS
10
1.3844112992125983
20
0.9135601968503937
11
1.3839731102362205
21
0.9133666929133858
0
LINE
8
BLACK
6
CONTINUOUS
10
1.3839731102362205
20
0.9133666929133858
11
1.3830132677165354
21
0.9127253543307087
0
LINE
8
BLACK
6
CONTINUOUS
10
1.3830132677165354
20
0.9127253543307087
11
1.3821166929133859
21
0.9125470078740158
0
LINE
8
BLACK
6
CONTINUOUS
10
1.3821166929133859
20
0.9125470078740158
11
1.3816588188976378
21
0.9123448425196851
0
LINE
8
BLACK
6
CONTINUOUS
10
1.3816588188976378
20
0.9123448425196851
11
1.3803186220472441
21
0.9121893307086614
0
LINE
8
BLACK
6
CONTINUOUS
10
1.3803186220472441
20
0.9121893307086614
11
1.3799999999999999
21
0.9121259842519684
0
LINE
8
BLACK
6
CONTINUOUS
10
1.3799999999999999
20
0.9121259842519684
11
1.3797723228346457
21
0.9121259842519684
0
LINE
8
BLACK
6
CONTINUOUS
10
1.3797723228346457
20
0.9121259842519684
11
1.320227716535433
21
0.9121259842519684
0
LINE
8
BLACK
6
CONTINUOUS
10
1.320227716535433
20
0.9121259842519684
11
1.3200000000000001
21
0.9121259842519684
0
LINE
8
BLACK
6
CONTINUOUS
10
1.3200000000000001
20
0.9121259842519684
11
1.3196813385826771
21
0.9121893307086614
0
LINE
8
BLACK
6
CONTINUOUS
10
1.3196813385826771
20
0.9121893307086614
11
1.3183411417322835
21
0.9123448425196851
0
LINE
8
BLACK
6
CONTINUOUS
10
1.3183411417322835
20
0.9123448425196851
11
1.3178832283464568
21
0.9125470078740158
0
LINE
8
BLACK
6
CONTINUOUS
10
1.3178832283464568
20
0.9125470078740158
11
1.3169867322834645
21
0.9127253543307087
0
LINE
8
BLACK
6
CONTINUOUS
10
1.3169867322834645
20
0.9127253543307087
11
1.3160269291338582
21
0.913366653543307
0
LINE
8
BLACK
6
CONTINUOUS
10
1.3160269291338582
20
0.913366653543307
11
1.3155886614173229
21
0.9135601968503937
0
LINE
8
BLACK
6
CONTINUOUS
10
1.3155886614173229
20
0.9135601968503937
11
1.315289251968504
21
0.9138595669291338
0
LINE
8
BLACK
6
CONTINUOUS
10
1.315289251968504
20
0.9138595669291338
11
1.3144322440944882
21
0.9144322440944882
0
LINE
8
BLACK
6
CONTINUOUS
10
1.3144322440944882
20
0.9144322440944882
11
1.3138595669291337
21
0.915289251968504
0
LINE
8
BLACK
6
CONTINUOUS
10
1.3138595669291337
20
0.915289251968504
11
1.3135601968503936
21
0.9155886614173229
0
LINE
8
BLACK
6
CONTINUOUS
10
1.3135601968503936
20
0.9155886614173229
11
1.3133666535433071
21
0.9160269291338582
0
LINE
8
BLACK
6
CONTINUOUS
10
1.3133666535433071
20
0.9160269291338582
11
1.3127253543307087
21
0.9169867322834645
0
LINE
8
BLACK
6
CONTINUOUS
10
1.3127253543307087
20
0.9169867322834645
11
1.3125470078740158
21
0.9178832283464566
0
LINE
8
BLACK
6
CONTINUOUS
10
1.3125470078740158
20
0.9178832283464566
11
1.3123448425196851
21
0.9183411417322834
0
LINE
8
BLACK
6
CONTINUOUS
10
1.3123448425196851
20
0.9183411417322834
11
1.3121893307086614
21
0.9196814173228346
0
LINE
8
BLACK
6
CONTINUOUS
10
1.3121893307086614
20
0.9196814173228346
11
1.3121259842519686
21
0.9199999999999999
0
LINE
8
BLACK
6
CONTINUOUS
10
1.3121259842519686
20
0.9199999999999999
11
1.3121259842519686
21
0.98
0
LINE
8
BLACK
6
CONTINUOUS
10
1.3121259842519686
20
0.98
11
1.3121893700787401
21
0.9803187007874016
0
LINE
8
BLACK
6
CONTINUOUS
10
1.3121893700787401
20
0.9803187007874016
11
1.3123448425196851
21
0.9816588188976377
0
LINE
8
BLACK
6
CONTINUOUS
10
1.3123448425196851
20
0.9816588188976377
11
1.3125470078740158
21
0.9821166929133858
0
LINE
8
BLACK
6
CONTINUOUS
10
1.3125470078740158
20
0.9821166929133858
11
1.3127253543307087
21
0.9830132677165354
0
LINE
8
BLACK
6
CONTINUOUS
10
1.3127253543307087
20
0.9830132677165354
11
1.3133666929133858
21
0.9839731102362205
0
LINE
8
BLACK
6
CONTINUOUS
10
1.3133666929133858
20
0.9839731102362205
11
1.3135601968503936
21
0.9844112992125984
0
LINE
8
BLACK
6
CONTINUOUS
10
1.3135601968503936
20
0.9844112992125984
11
1.3138594881889762
21
0.984710590551181
0
LINE
8
BLACK
6
CONTINUOUS
10
1.3138594881889762
20
0.984710590551181
11
1.3144322440944882
21
0.9855677559055118
0
LINE
8
BLACK
6
CONTINUOUS
10
1.3144322440944882
20
0.9855677559055118
11
1.31528937007874
21
0.9861404724409448
0
LINE
8
BLACK
6
CONTINUOUS
10
1.31528937007874
20
0.9861404724409448
11
1.3155886614173229
21
0.9864397637795276
0
LINE
8
BLACK
6
CONTINUOUS
10
1.3155886614173229
20
0.9864397637795276
11
1.3160267716535432
21
0.986633188976378
0
LINE
8
BLACK
6
CONTINUOUS
10
1.3160267716535432
20
0.986633188976378
11
1.3169867322834645
21
0.9872746456692914
0
LINE
8
BLACK
6
CONTINUOUS
10
1.3169867322834645
20
0.9872746456692914
11
1.3178833858267716
21
0.9874529921259843
0
LINE
8
BLACK
6
CONTINUOUS
10
1.3178833858267716
20
0.9874529921259843
11
1.3183411417322835
21
0.9876551181102362
0
LINE
8
BLACK
6
CONTINUOUS
10
1.3183411417322835
20
0.9876551181102362
11
1.3196809448818898
21
0.9878105511811024
0
LINE
8
BLACK
6
CONTINUOUS
10
1.3196809448818898
20
0.9878105511811024
11
1.3200000000000001
21
0.9878740157480315
0
LINE
8
BLACK
6
CONTINUOUS
10
1.3200000000000001
20
0.9878740157480315
11
1.3799999999999999
21
0.9878740157480315
0
LINE
8
BLACK
6
CONTINUOUS
10
1.3799999999999999
20
0.9878740157480315
11
1.3803191732283464
21
0.9878105118110236
0
LINE
8
BLACK
6
CONTINUOUS
10
1.4803191732283465
20
0.9878105118110236
11
1.4816588188976378
21
0.9876551181102362
0
LINE
8
BLACK
6
CONTINUOUS
10
1.4816588188976378
20
0.9876551181102362
11
1.482116496062992
21
0.9874529921259843
0
LINE
8
BLACK
6
CONTINUOUS
10
1.482116496062992
20
0.9874529921259843
11
1.4830132677165353
21
0.9872746456692914
0
LINE
8
BLACK
6
CONTINUOUS
10
1.4830132677165353
20
0.9872746456692914
11
1.4839732677165354
21
0.9866331496062992
0
LINE
8
BLACK
6
CONTINUOUS
10
1.4839732677165354
20
0.9866331496062992
11
1.4844112992125984
21
0.9864397637795276
0
LINE
8
BLACK
6
CONTINUOUS
10
1.4844112992125984
20
0.9864397637795276
11
1.4847104724409448
21
0.9861405511811023
0
LINE
8
BLACK
6
CONTINUOUS
10
1.4847104724409448
20
0.9861405511811023
11
1.4855677559055118
21
0.9855677559055118
0
LINE
8
BLACK
6
CONTINUOUS
10
1.4855677559055118
20
0.9855677559055118
11
1.4861405511811023
21
0.9847104724409449
0
LINE
8
BLACK
6
CONTINUOUS
10
1.4861405511811023
20
0.9847104724409449
11
1.4864397637795275
21
0.9844112992125984
0
LINE
8
BLACK
6
CONTINUOUS
10
1.4864397637795275
20
0.9844112992125984
11
1.4866331496062992
21
0.9839732677165354
0
LINE
8
BLACK
6
CONTINUOUS
10
1.4866331496062992
20
0.9839732677165354
11
1.4872746456692914
21
0.9830132677165354
0
LINE
8
BLACK
6
CONTINUOUS
10
1.4872746456692914
20
0.9830132677165354
11
1.4874529921259843
21
0.9821164960629921
0
LINE
8
BLACK
6
CONTINUOUS
10
1.4874529921259843
20
0.9821164960629921
11
1.4876551181102362
21
0.9816588188976377
0
LINE
8
BLACK
6
CONTINUOUS
10
1.4876551181102362
20
0.9816588188976377
11
1.4878105118110236
21
0.980319094488189
0
LINE
8
BLACK
6
CONTINUOUS
10
1.4878105118110236
20
0.980319094488189
11
1.4878740157480315
21
0.98
0
LINE
8
BLACK
6
CONTINUOUS
10
1.4878740157480315
20
0.98
11
1.4878740157480315
21
0.9199999999999999
0
LINE
8
BLACK
6
CONTINUOUS
10
1.4878740157480315
20
0.9199999999999999
11
1.4878105118110236
21
0.9196808661417323
0
LINE
8
BLACK
6
CONTINUOUS
10
1.4878105118110236
20
0.9196808661417323
11
1.4876551181102362
21
0.9183411417322834
0
LINE
8
BLACK
6
CONTINUOUS
10
1.4876551181102362
20
0.9183411417322834
11
1.4874529921259843
21
0.9178833858267716
0
LINE
8
BLACK
6
CONTINUOUS
10
1.4874529921259843
20
0.9178833858267716
11
1.4872746456692914
21
0.9169867322834645
0
LINE
8
BLACK
6
CONTINUOUS
10
1.4872746456692914
20
0.9169867322834645
11
1.486633188976378
21
0.9160267716535433
0
LINE
8
BLACK
6
CONTINUOUS
10
1.486633188976378
20
0.9160267716535433
11
1.4864397637795275
21
0.9155886614173229
0
LINE
8
BLACK
6
CONTINUOUS
10
1.4864397637795275
20
0.9155886614173229
11
1.4861404724409448
21
0.9152893700787401
0
LINE
8
BLACK
6
CONTINUOUS
10
1.4861404724409448
20
0.9152893700787401
11
1.4855677559055118
21
0.9144322440944882
0
LINE
8
BLACK
6
CONTINUOUS
10
1.4855677559055118
20
0.9144322440944882
11
1.484710590551181
21
0.9138594881889763
0
LINE
8
BLACK
6
CONTINUOUS
10
1.484710590551181
20
0.9138594881889763
11
1.4844112992125984
21
0.9135601968503937
0
LINE
8
BLACK
6
CONTINUOUS
10
1.4844112992125984
20
0.9135601968503937
11
1.4839731102362204
21
0.9133666929133858
0
LINE
8
BLACK
6
CONTINUOUS
10
1.4839731102362204
20
0.9133666929133858
11
1.4830132677165353
21
0.9127253543307087
0
LINE
8
BLACK
6
CONTINUOUS
10
1.4830132677165353
20
0.9127253543307087
11
1.4821166929133858
21
0.9125470078740158
0
LINE
8
BLACK
6
CONTINUOUS
10
1.4821166929133858
20
0.9125470078740158
11
1.4816588188976378
21
0.9123448425196851
0
LINE
8
BLACK
6
CONTINUOUS
10
1.4816588188976378
20
0.9123448425196851
11
1.480318622047244
21
0.9121893307086614
0
LINE
8
BLACK
6
CONTINUOUS
10
1.480318622047244
20
0.9121893307086614
11
1.48
21
0.9121259842519684
0
LINE
8
BLACK
6
CONTINUOUS
10
1.48
20
0.9121259842519684
11
1.4797723228346455
21
0.9121259842519684
0
LINE
8
BLACK
6
CONTINUOUS
10
1.4797723228346455
20
0.9121259842519684
11
1.4202277165354331
21
0.9121259842519684
0
LINE
8
BLACK
6
CONTINUOUS
10
1.4202277165354331
20
0.9121259842519684
11
1.4199999999999999
21
0.9121259842519684
0
LINE
8
BLACK
6
CONTINUOUS
10
1.4199999999999999
20
0.9121259842519684
11
1.4196813385826772
21
0.9121893307086614
0
LINE
8
BLACK
6
CONTINUOUS
10
1.4196813385826772
20
0.9121893307086614
11
1.4183411417322835
21
0.9123448425196851
0
LINE
8
BLACK
6
CONTINUOUS
10
1.4183411417322835
20
0.9123448425196851
11
1.4178832283464566
21
0.9125470078740158
0
LINE
8
BLACK
6
CONTINUOUS
10
1.4178832283464566
20
0.9125470078740158
11
1.4169867322834646
21
0.9127253543307087
0
LINE
8
BLACK
6
CONTINUOUS
10
1.4169867322834646
20
0.9127253543307087
11
1.4160269291338583
21
0.913366653543307
0
LINE
8
BLACK
6
CONTINUOUS
10
1.4160269291338583
20
0.913366653543307
11
1.4155886614173228
21
0.9135601968503937
0
LINE
8
BLACK
6
CONTINUOUS
10
1.4155886614173228
20
0.9135601968503937
11
1.4152892519685039
21
0.9138595669291338
0
LINE
8
BLACK
6
CONTINUOUS
10
1.4152892519685039
20
0.9138595669291338
11
1.4144322440944881
21
0.9144322440944882
0
LINE
8
BLACK
6
CONTINUOUS
10
1.4144322440944881
20
0.9144322440944882
11
1.4138595669291338
21
0.915289251968504
0
LINE
8
BLACK
6
CONTINUOUS
10
1.4138595669291338
20
0.915289251968504
11
1.4135601968503937
21
0.9155886614173229
0
LINE
8
BLACK
6
CONTINUOUS
10
1.4135601968503937
20
0.9155886614173229
11
1.4133666535433071
21
0.9160269291338582
0
LINE
8
BLACK
6
CONTINUOUS
10
1.4133666535433071
20
0.9160269291338582
11
1.4127253543307086
21
0.9169867322834645
0
LINE
8
BLACK
6
CONTINUOUS
10
1.4127253543307086
20
0.9169867322834645
11
1.4125470078740157
21
0.9178832283464566
0
LINE
8
BLACK
6
CONTINUOUS
10
1.4125470078740157
20
0.9178832283464566
11
1.412344842519685
21
0.9183411417322834
0
LINE
8
BLACK
6
CONTINUOUS
10
1.412344842519685
20
0.9183411417322834
11
1.4121893307086615
21
0.9196814173228346
0
LINE
8
BLACK
6
CONTINUOUS
10
1.4121893307086615
20
0.9196814173228346
11
1.4121259842519684
21
0.9199999999999999
0
LINE
8
BLACK
6
CONTINUOUS
10
1.4121259842519684
20
0.9199999999999999
11
1.4121259842519684
21
0.98
0
LINE
8
BLACK
6
CONTINUOUS
10
1.4121259842519684
20
0.98
11
1.4121893700787402
21
0.9803187007874016
0
LINE
8
BLACK
6
CONTINUOUS
10
1.4121893700787402
20
0.9803187007874016
11
1.412344842519685
21
0.9816588188976377
0
LINE
8
BLACK
6
CONTINUOUS
10
1.412344842519685
20
0.9816588188976377
11
1.4125470078740157
21
0.9821166929133858
0
LINE
8
BLACK
6
CONTINUOUS
10
1.4125470078740157
20
0.9821166929133858
11
1.4127253543307086
21
0.9830132677165354
0
LINE
8
BLACK
6
CONTINUOUS
10
1.4127253543307086
20
0.9830132677165354
11
1.4133666929133859
21
0.9839731102362205
0
LINE
8
BLACK
6
CONTINUOUS
10
1.4133666929133859
20
0.9839731102362205
11
1.4135601968503937
21
0.9844112992125984
0
LINE
8
BLACK
6
CONTINUOUS
10
1.4135601968503937
20
0.9844112992125984
11
1.4138594881889763
21
0.984710590551181
0
LINE
8
BLACK
6
CONTINUOUS
10
1.4138594881889763
20
0.984710590551181
11
1.4144322440944881
21
0.9855677559055118
0
LINE
8
BLACK
6
CONTINUOUS
10
1.4144322440944881
20
0.9855677559055118
11
1.4152893700787401
21
0.9861404724409448
0
LINE
8
BLACK
6
CONTINUOUS
10
1.4152893700787401
20
0.9861404724409448
11
1.4155886614173228
21
0.9864397637795276
0
LINE
8
BLACK
6
CONTINUOUS
10
1.4155886614173228
20
0.9864397637795276
11
1.4160267716535433
21
0.986633188976378
0
LINE
8
BLACK
6
CONTINUOUS
10
1.4160267716535433
20
0.986633188976378
11
1.4169867322834646
21
0.9872746456692914
0
LINE
8
BLACK
6
CONTINUOUS
10
1.4169867322834646
20
0.9872746456692914
11
1.4178833858267716
21
0.9874529921259843
0
LINE
8
BLACK
6
CONTINUOUS
10
1.4178833858267716
20
0.9874529921259843
11
1.4183411417322835
21
0.9876551181102362
0
LINE
8
BLACK
6
CONTINUOUS
10
1.4183411417322835
20
0.9876551181102362
11
1.4196809448818897
21
0.9878105511811024
0
LINE
8
BLACK
6
CONTINUOUS
10
1.4196809448818897
20
0.9878105511811024
11
1.4199999999999999
21
0.9878740157480315
0
LINE
8
BLACK
6
CONTINUOUS
10
1.4199999999999999
20
0.9878740157480315
11
1.48
21
0.9878740157480315
0
LINE
8
BLACK
6
CONTINUOUS
10
1.48
20
0.9878740157480315
11
1.4803191732283465
21
0.9878105118110236
0
LINE
8
BLACK
6
CONTINUOUS
10
0.5803191732283465
20
1.0878105118110235
11
0.5816588188976378
21
1.0876551181102363
0
LINE
8
BLACK
6
CONTINUOUS
10
0.5816588188976378
20
1.0876551181102363
11
0.5821164960629921
21
1.0874529921259841
0
LINE
8
BLACK
6
CONTINUOUS
10
0.5821164960629921
20
1.0874529921259841
11
0.5830132677165354
21
1.0872746456692912
0
LINE
8
BLACK
6
CONTINUOUS
10
0.5830132677165354
20
1.0872746456692912
11
0.5839732677165355
21
1.0866331496062991
0
LINE
8
BLACK
6
CONTINUOUS
10
0.5839732677165355
20
1.0866331496062991
11
0.5844112992125984
21
1.0864397637795276
0
LINE
8
BLACK
6
CONTINUOUS
10
0.5844112992125984
20
1.0864397637795276
11
0.5847104724409449
21
1.0861405511811024
0
LINE
8
BLACK
6
CONTINUOUS
10
0.5847104724409449
20
1.0861405511811024
11
0.5855677559055118
21
1.0855677559055117
0
LINE
8
BLACK
6
CONTINUOUS
10
0.5855677559055118
20
1.0855677559055117
11
0.5861405511811023
21
1.0847104724409449
0
LINE
8
BLACK
6
CONTINUOUS
10
0.5861405511811023
20
1.0847104724409449
11
0.5864397637795276
21
1.0844112992125985
0
LINE
8
BLACK
6
CONTINUOUS
10
0.5864397637795276
20
1.0844112992125985
11
0.5866331496062992
21
1.0839732677165355
0
LINE
8
BLACK
6
CONTINUOUS
10
0.5866331496062992
20
1.0839732677165355
11
0.5872746456692913
21
1.0830132677165354
0
LINE
8
BLACK
6
CONTINUOUS
10
0.5872746456692913
20
1.0830132677165354
11
0.5874529921259842
21
1.0821164960629921
0
LINE
8
BLACK
6
CONTINUOUS
10
0.5874529921259842
20
1.0821164960629921
11
0.5876551181102362
21
1.0816588188976377
0
LINE
8
BLACK
6
CONTINUOUS
10
0.5876551181102362
20
1.0816588188976377
11
0.5878105118110236
21
1.0803190944881889
0
LINE
8
BLACK
6
CONTINUOUS
10
0.5878105118110236
20
1.0803190944881889
11
0.5878740157480314
21
1.0800000000000001
0
LINE
8
BLACK
6
CONTINUOUS
10
0.5878740157480314
20
1.0800000000000001
11
0.5878740157480314
21
1.02
0
LINE
8
BLACK
6
CONTINUOUS
10
0.5878740157480314
20
1.02
11
0.5878105118110236
21
1.0196808661417323
0
LINE
8
BLACK
6
CONTINUOUS
10
0.5878105118110236
20
1.0196808661417323
11
0.5876551181102362
21
1.0183411417322834
0
LINE
8
BLACK
6
CONTINUOUS
10
0.5876551181102362
20
1.0183411417322834
11
0.5874529921259842
21
1.0178833858267717
0
LINE
8
BLACK
6
CONTINUOUS
10
0.5874529921259842
20
1.0178833858267717
11
0.5872746456692913
21
1.0169867322834645
0
LINE
8
BLACK
6
CONTINUOUS
10
0.5872746456692913
20
1.0169867322834645
11
0.586633188976378
21
1.0160267716535434
0
LINE
8
BLACK
6
CONTINUOUS
10
0.586633188976378
20
1.0160267716535434
11
0.5864397637795276
21
1.0155886614173228
0
LINE
8
BLACK
6
CONTINUOUS
10
0.5864397637795276
20
1.0155886614173228
11
0.5861404724409449
21
1.0152893700787402
0
LINE
8
BLACK
6
CONTINUOUS
10
0.5861404724409449
20
1.0152893700787402
11
0.5855677559055118
21
1.0144322440944882
0
LINE
8
BLACK
6
CONTINUOUS
10
0.5855677559055118
20
1.0144322440944882
11
0.5847105905511811
21
1.0138594881889764
0
LINE
8
BLACK
6
CONTINUOUS
10
0.5847105905511811
20
1.0138594881889764
11
0.5844112992125984
21
1.0135601968503938
0
LINE
8
BLACK
6
CONTINUOUS
10
0.5844112992125984
20
1.0135601968503938
11
0.5839731102362204
21
1.0133666929133858
0
LINE
8
BLACK
6
CONTINUOUS
10
0.5839731102362204
20
1.0133666929133858
11
0.5830132677165354
21
1.0127253543307086
0
LINE
8
BLACK
6
CONTINUOUS
10
0.5830132677165354
20
1.0127253543307086
11
0.5821166929133859
21
1.0125470078740157
0
LINE
8
BLACK
6
CONTINUOUS
10
0.5821166929133859
20
1.0125470078740157
11
0.5816588188976378
21
1.012344842519685
0
LINE
8
BLACK
6
CONTINUOUS
10
0.5816588188976378
20
1.012344842519685
11
0.580318622047244
21
1.0121893307086614
0
LINE
8
BLACK
6
CONTINUOUS
10
0.580318622047244
20
1.0121893307086614
11
0.58
21
1.0121259842519685
0
LINE
8
BLACK
6
CONTINUOUS
10
0.58
20
1.0121259842519685
11
0.5797723228346456
21
1.0121259842519685
0
LINE
8
BLACK
6
CONTINUOUS
10
0.5797723228346456
20
1.0121259842519685
11
0.5202277165354331
21
1.0121259842519685
0
LINE
8
BLACK
6
CONTINUOUS
10
0.5202277165354331
20
1.0121259842519685
11
0.52
21
1.0121259842519685
0
LINE
8
BLACK
6
CONTINUOUS
10
0.52
20
1.0121259842519685
11
0.5196813385826772
21
1.0121893307086614
0
LINE
8
BLACK
6
CONTINUOUS
10
0.5196813385826772
20
1.0121893307086614
11
0.5183411417322834
21
1.012344842519685
0
LINE
8
BLACK
6
CONTINUOUS
10
0.5183411417322834
20
1.012344842519685
11
0.5178832283464567
21
1.0125470078740157
0
LINE
8
BLACK
6
CONTINUOUS
10
0.5178832283464567
20
1.0125470078740157
11
0.5169867322834646
21
1.0127253543307086
0
LINE
8
BLACK
6
CONTINUOUS
10
0.5169867322834646
20
1.0127253543307086
11
0.5160269291338583
21
1.013366653543307
0
LINE
8
BLACK
6
CONTINUOUS
10
0.5160269291338583
20
1.013366653543307
11
0.5155886614173228
21
1.0135601968503938
0
LINE
8
BLACK
6
CONTINUOUS
10
0.5155886614173228
20
1.0135601968503938
11
0.5152892519685039
21
1.0138595669291339
0
LINE
8
BLACK
6
CONTINUOUS
10
0.5152892519685039
20
1.0138595669291339
11
0.5144322440944882
21
1.0144322440944882
0
LINE
8
BLACK
6
CONTINUOUS
10
0.5144322440944882
20
1.0144322440944882
11
0.5138595669291338
21
1.0152892519685039
0
LINE
8
BLACK
6
CONTINUOUS
10
0.5138595669291338
20
1.0152892519685039
11
0.5135601968503937
21
1.0155886614173228
0
LINE
8
BLACK
6
CONTINUOUS
10
0.5135601968503937
20
1.0155886614173228
11
0.5133666535433071
21
1.0160269291338582
0
LINE
8
BLACK
6
CONTINUOUS
10
0.5133666535433071
20
1.0160269291338582
11
0.5127253543307086
21
1.0169867322834645
0
LINE
8
BLACK
6
CONTINUOUS
10
0.5127253543307086
20
1.0169867322834645
11
0.5125470078740157
21
1.0178832283464567
0
LINE
8
BLACK
6
CONTINUOUS
10
0.5125470078740157
20
1.0178832283464567
11
0.512344842519685
21
1.0183411417322834
0
LINE
8
BLACK
6
CONTINUOUS
10
0.512344842519685
20
1.0183411417322834
11
0.5121893307086615
21
1.0196814173228346
0
LINE
8
BLACK
6
CONTINUOUS
10
0.5121893307086615
20
1.0196814173228346
11
0.5121259842519685
21
1.02
0
LINE
8
BLACK
6
CONTINUOUS
10
0.5121259842519685
20
1.02
11
0.5121259842519685
21
1.0800000000000001
0
LINE
8
BLACK
6
CONTINUOUS
10
0.5121259842519685
20
1.0800000000000001
11
0.5121893700787401
21
1.0803187007874016
0
LINE
8
BLACK
6
CONTINUOUS
10
0.5121893700787401
20
1.0803187007874016
11
0.512344842519685
21
1.0816588188976377
0
LINE
8
BLACK
6
CONTINUOUS
10
0.512344842519685
20
1.0816588188976377
11
0.5125470078740157
21
1.0821166929133859
0
LINE
8
BLACK
6
CONTINUOUS
10
0.5125470078740157
20
1.0821166929133859
11
0.5127253543307086
21
1.0830132677165354
0
LINE
8
BLACK
6
CONTINUOUS
10
0.5127253543307086
20
1.0830132677165354
11
0.5133666929133858
21
1.0839731102362204
0
LINE
8
BLACK
6
CONTINUOUS
10
0.5133666929133858
20
1.0839731102362204
11
0.5135601968503937
21
1.0844112992125985
0
LINE
8
BLACK
6
CONTINUOUS
10
0.5135601968503937
20
1.0844112992125985
11
0.5138594881889764
21
1.0847105905511811
0
LINE
8
BLACK
6
CONTINUOUS
10
0.5138594881889764
20
1.0847105905511811
11
0.5144322440944882
21
1.0855677559055117
0
LINE
8
BLACK
6
CONTINUOUS
10
0.5144322440944882
20
1.0855677559055117
11
0.5152893700787401
21
1.0861404724409449
0
LINE
8
BLACK
6
CONTINUOUS
10
0.5152893700787401
20
1.0861404724409449
11
0.5155886614173228
21
1.0864397637795276
0
LINE
8
BLACK
6
CONTINUOUS
10
0.5155886614173228
20
1.0864397637795276
11
0.5160267716535433
21
1.0866331889763778
0
LINE
8
BLACK
6
CONTINUOUS
10
0.5160267716535433
20
1.0866331889763778
11
0.5169867322834646
21
1.0872746456692912
0
LINE
8
BLACK
6
CONTINUOUS
10
0.5169867322834646
20
1.0872746456692912
11
0.5178833858267716
21
1.0874529921259841
0
LINE
8
BLACK
6
CONTINUOUS
10
0.5178833858267716
20
1.0874529921259841
11
0.5183411417322834
21
1.0876551181102363
0
LINE
8
BLACK
6
CONTINUOUS
10
0.5183411417322834
20
1.0876551181102363
11
0.5196809448818898
21
1.0878105511811023
0
LINE
8
BLACK
6
CONTINUOUS
10
0.5196809448818898
20
1.0878105511811023
11
0.52
21
1.0878740157480316
0
LINE
8
BLACK
6
CONTINUOUS
10
0.52
20
1.0878740157480316
11
0.58
21
1.0878740157480316
0
LINE
8
BLACK
6
CONTINUOUS
10
0.58
20
1.0878740157480316
11
0.5803191732283465
21
1.0878105118110235
0
LINE
8
BLACK
6
CONTINUOUS
10
0.6803191732283465
20
1.0878105118110235
11
0.6816588188976378
21
1.0876551181102363
0
LINE
8
BLACK
6
CONTINUOUS
10
0.6816588188976378
20
1.0876551181102363
11
0.6821164960629921
21
1.0874529921259841
0
LINE
8
BLACK
6
CONTINUOUS
10
0.6821164960629921
20
1.0874529921259841
11
0.6830132677165354
21
1.0872746456692912
0
LINE
8
BLACK
6
CONTINUOUS
10
0.6830132677165354
20
1.0872746456692912
11
0.6839732677165354
21
1.0866331496062991
0
LINE
8
BLACK
6
CONTINUOUS
10
0.6839732677165354
20
1.0866331496062991
11
0.6844112992125984
21
1.0864397637795276
0
LINE
8
BLACK
6
CONTINUOUS
10
0.6844112992125984
20
1.0864397637795276
11
0.6847104724409449
21
1.0861405511811024
0
LINE
8
BLACK
6
CONTINUOUS
10
0.6847104724409449
20
1.0861405511811024
11
0.6855677559055118
21
1.0855677559055117
0
LINE
8
BLACK
6
CONTINUOUS
10
0.6855677559055118
20
1.0855677559055117
11
0.6861405511811024
21
1.0847104724409449
0
LINE
8
BLACK
6
CONTINUOUS
10
0.6861405511811024
20
1.0847104724409449
11
0.6864397637795275
21
1.0844112992125985
0
LINE
8
BLACK
6
CONTINUOUS
10
0.6864397637795275
20
1.0844112992125985
11
0.6866331496062992
21
1.0839732677165355
0
LINE
8
BLACK
6
CONTINUOUS
10
0.6866331496062992
20
1.0839732677165355
11
0.6872746456692913
21
1.0830132677165354
0
LINE
8
BLACK
6
CONTINUOUS
10
0.6872746456692913
20
1.0830132677165354
11
0.6874529921259842
21
1.0821164960629921
0
LINE
8
BLACK
6
CONTINUOUS
10
0.6874529921259842
20
1.0821164960629921
11
0.6876551181102362
21
1.0816588188976377
0
LINE
8
BLACK
6
CONTINUOUS
10
0.6876551181102362
20
1.0816588188976377
11
0.6878105118110236
21
1.0803190944881889
0
LINE
8
BLACK
6
CONTINUOUS
10
0.6878105118110236
20
1.0803190944881889
11
0.6878740157480315
21
1.0800000000000001
0
LINE
8
BLACK
6
CONTINUOUS
10
0.6878740157480315
20
1.0800000000000001
11
0.6878740157480315
21
1.02
0
LINE
8
BLACK
6
CONTINUOUS
10
0.6878740157480315
20
1.02
11
0.6878105118110236
21
1.0196808661417323
0
LINE
8
BLACK
6
CONTINUOUS
10
0.6878105118110236
20
1.0196808661417323
11
0.6876551181102362
21
1.0183411417322834
0
LINE
8
BLACK
6
CONTINUOUS
10
0.6876551181102362
20
1.0183411417322834
11
0.6874529921259842
21
1.0178833858267717
0
LINE
8
BLACK
6
CONTINUOUS
10
0.6874529921259842
20
1.0178833858267717
11
0.6872746456692913
21
1.0169867322834645
0
LINE
8
BLACK
6
CONTINUOUS
10
0.6872746456692913
20
1.0169867322834645
11
0.6866331889763779
21
1.0160267716535434
0
LINE
8
BLACK
6
CONTINUOUS
10
0.6866331889763779
20
1.0160267716535434
11
0.6864397637795275
21
1.0155886614173228
0
LINE
8
BLACK
6
CONTINUOUS
10
0.6864397637795275
20
1.0155886614173228
11
0.6861404724409449
21
1.0152893700787402
0
LINE
8
BLACK
6
CONTINUOUS
10
0.6861404724409449
20
1.0152893700787402
11
0.6855677559055118
21
1.0144322440944882
0
LINE
8
BLACK
6
CONTINUOUS
10
0.6855677559055118
20
1.0144322440944882
11
0.6847105905511811
21
1.0138594881889764
0
LINE
8
BLACK
6
CONTINUOUS
10
0.6847105905511811
20
1.0138594881889764
11
0.6844112992125984
21
1.0135601968503938
0
LINE
8
BLACK
6
CONTINUOUS
10
0.6844112992125984
20
1.0135601968503938
11
0.6839731102362204
21
1.0133666929133858
0
LINE
8
BLACK
6
CONTINUOUS
10
0.6839731102362204
20
1.0133666929133858
11
0.6830132677165354
21
1.0127253543307086
0
LINE
8
BLACK
6
CONTINUOUS
10
0.6830132677165354
20
1.0127253543307086
11
0.6821166929133858
21
1.0125470078740157
0
LINE
8
BLACK
6
CONTINUOUS
10
0.6821166929133858
20
1.0125470078740157
11
0.6816588188976378
21
1.012344842519685
0
LINE
8
BLACK
6
CONTINUOUS
10
0.6816588188976378
20
1.012344842519685
11
0.680318622047244
21
1.0121893307086614
0
LINE
8
BLACK
6
CONTINUOUS
10
0.680318622047244
20
1.0121893307086614
11
0.6799999999999999
21
1.0121259842519685
0
LINE
8
BLACK
6
CONTINUOUS
10
0.6799999999999999
20
1.0121259842519685
11
0.6797723228346456
21
1.0121259842519685
0
LINE
8
BLACK
6
CONTINUOUS
10
0.6797723228346456
20
1.0121259842519685
11
0.6202277165354331
21
1.0121259842519685
0
LINE
8
BLACK
6
CONTINUOUS
10
0.6202277165354331
20
1.0121259842519685
11
0.62
21
1.0121259842519685
0
LINE
8
BLACK
6
CONTINUOUS
10
0.62
20
1.0121259842519685
11
0.6196813385826772
21
1.0121893307086614
0
LINE
8
BLACK
6
CONTINUOUS
10
0.6196813385826772
20
1.0121893307086614
11
0.6183411417322835
21
1.012344842519685
0
LINE
8
BLACK
6
CONTINUOUS
10
0.6183411417322835
20
1.012344842519685
11
0.6178832283464567
21
1.0125470078740157
0
LINE
8
BLACK
6
CONTINUOUS
10
0.6178832283464567
20
1.0125470078740157
11
0.6169867322834646
21
1.0127253543307086
0
LINE
8
BLACK
6
CONTINUOUS
10
0.6169867322834646
20
1.0127253543307086
11
0.6160269291338583
21
1.013366653543307
0
LINE
8
BLACK
6
CONTINUOUS
10
0.6160269291338583
20
1.013366653543307
11
0.6155886614173228
21
1.0135601968503938
0
LINE
8
BLACK
6
CONTINUOUS
10
0.6155886614173228
20
1.0135601968503938
11
0.6152892519685039
21
1.0138595669291339
0
LINE
8
BLACK
6
CONTINUOUS
10
0.6152892519685039
20
1.0138595669291339
11
0.6144322440944882
21
1.0144322440944882
0
LINE
8
BLACK
6
CONTINUOUS
10
0.6144322440944882
20
1.0144322440944882
11
0.6138595669291338
21
1.0152892519685039
0
LINE
8
BLACK
6
CONTINUOUS
10
0.6138595669291338
20
1.0152892519685039
11
0.6135601968503936
21
1.0155886614173228
0
LINE
8
BLACK
6
CONTINUOUS
10
0.6135601968503936
20
1.0155886614173228
11
0.6133666535433071
21
1.0160269291338582
0
LINE
8
BLACK
6
CONTINUOUS
10
0.6133666535433071
20
1.0160269291338582
11
0.6127253543307086
21
1.0169867322834645
0
LINE
8
BLACK
6
CONTINUOUS
10
0.6127253543307086
20
1.0169867322834645
11
0.6125470078740157
21
1.0178832283464567
0
LINE
8
BLACK
6
CONTINUOUS
10
0.6125470078740157
20
1.0178832283464567
11
0.612344842519685
21
1.0183411417322834
0
LINE
8
BLACK
6
CONTINUOUS
10
0.612344842519685
20
1.0183411417322834
11
0.6121893307086614
21
1.0196814173228346
0
LINE
8
BLACK
6
CONTINUOUS
10
0.6121893307086614
20
1.0196814173228346
11
0.6121259842519685
21
1.02
0
LINE
8
BLACK
6
CONTINUOUS
10
0.6121259842519685
20
1.02
11
0.6121259842519685
21
1.0800000000000001
0
LINE
8
BLACK
6
CONTINUOUS
10
0.6121259842519685
20
1.0800000000000001
11
0.6121893700787402
21
1.0803187007874016
0
LINE
8
BLACK
6
CONTINUOUS
10
0.6121893700787402
20
1.0803187007874016
11
0.612344842519685
21
1.0816588188976377
0
LINE
8
BLACK
6
CONTINUOUS
10
0.612344842519685
20
1.0816588188976377
11
0.6125470078740157
21
1.0821166929133859
0
LINE
8
BLACK
6
CONTINUOUS
10
0.6125470078740157
20
1.0821166929133859
11
0.6127253543307086
21
1.0830132677165354
0
LINE
8
BLACK
6
CONTINUOUS
10
0.6127253543307086
20
1.0830132677165354
11
0.6133666929133859
21
1.0839731102362204
0
LINE
8
BLACK
6
CONTINUOUS
10
0.6133666929133859
20
1.0839731102362204
11
0.6135601968503936
21
1.0844112992125985
0
LINE
8
BLACK
6
CONTINUOUS
10
0.6135601968503936
20
1.0844112992125985
11
0.6138594881889764
21
1.0847105905511811
0
LINE
8
BLACK
6
CONTINUOUS
10
0.6138594881889764
20
1.0847105905511811
11
0.6144322440944882
21
1.0855677559055117
0
LINE
8
BLACK
6
CONTINUOUS
10
0.6144322440944882
20
1.0855677559055117
11
0.6152893700787402
21
1.0861404724409449
0
LINE
8
BLACK
6
CONTINUOUS
10
0.6152893700787402
20
1.0861404724409449
11
0.6155886614173228
21
1.0864397637795276
0
LINE
8
BLACK
6
CONTINUOUS
10
0.6155886614173228
20
1.0864397637795276
11
0.6160267716535432
21
1.0866331889763778
0
LINE
8
BLACK
6
CONTINUOUS
10
0.6160267716535432
20
1.0866331889763778
11
0.6169867322834646
21
1.0872746456692912
0
LINE
8
BLACK
6
CONTINUOUS
10
0.6169867322834646
20
1.0872746456692912
11
0.6178833858267716
21
1.0874529921259841
0
LINE
8
BLACK
6
CONTINUOUS
10
0.6178833858267716
20
1.0874529921259841
11
0.6183411417322835
21
1.0876551181102363
0
LINE
8
BLACK
6
CONTINUOUS
10
0.6183411417322835
20
1.0876551181102363
11
0.6196809448818897
21
1.0878105511811023
0
LINE
8
BLACK
6
CONTINUOUS
10
0.6196809448818897
20
1.0878105511811023
11
0.62
21
1.0878740157480316
0
LINE
8
BLACK
6
CONTINUOUS
10
0.62
20
1.0878740157480316
11
0.6799999999999999
21
1.0878740157480316
0
LINE
8
BLACK
6
CONTINUOUS
10
0.6799999999999999
20
1.0878740157480316
11
0.6803191732283465
21
1.0878105118110235
0
LINE
8
BLACK
6
CONTINUOUS
10
0.7803191732283464
20
1.0878105118110235
11
0.7816588188976378
21
1.0876551181102363
0
LINE
8
BLACK
6
CONTINUOUS
10
0.7816588188976378
20
1.0876551181102363
11
0.7821164960629922
21
1.0874529921259841
0
LINE
8
BLACK
6
CONTINUOUS
10
0.7821164960629922
20
1.0874529921259841
11
0.7830132677165355
21
1.0872746456692912
0
LINE
8
BLACK
6
CONTINUOUS
10
0.7830132677165355
20
1.0872746456692912
11
0.7839732677165354
21
1.0866331496062991
0
LINE
8
BLACK
6
CONTINUOUS
10
0.7839732677165354
20
1.0866331496062991
11
0.7844112992125984
21
1.0864397637795276
0
LINE
8
BLACK
6
CONTINUOUS
10
0.7844112992125984
20
1.0864397637795276
11
0.7847104724409448
21
1.0861405511811024
0
LINE
8
BLACK
6
CONTINUOUS
10
0.7847104724409448
20
1.0861405511811024
11
0.7855677559055118
21
1.0855677559055117
0
LINE
8
BLACK
6
CONTINUOUS
10
0.7855677559055118
20
1.0855677559055117
11
0.7861405511811024
21
1.0847104724409449
0
LINE
8
BLACK
6
CONTINUOUS
10
0.7861405511811024
20
1.0847104724409449
11
0.7864397637795275
21
1.0844112992125985
0
LINE
8
BLACK
6
CONTINUOUS
10
0.7864397637795275
20
1.0844112992125985
11
0.7866331496062992
21
1.0839732677165355
0
LINE
8
BLACK
6
CONTINUOUS
10
0.7866331496062992
20
1.0839732677165355
11
0.7872746456692913
21
1.0830132677165354
0
LINE
8
BLACK
6
CONTINUOUS
10
0.7872746456692913
20
1.0830132677165354
11
0.7874529921259842
21
1.0821164960629921
0
LINE
8
BLACK
6
CONTINUOUS
10
0.7874529921259842
20
1.0821164960629921
11
0.7876551181102363
21
1.0816588188976377
0
LINE
8
BLACK
6
CONTINUOUS
10
0.7876551181102363
20
1.0816588188976377
11
0.7878105118110236
21
1.0803190944881889
0
LINE
8
BLACK
6
CONTINUOUS
10
0.7878105118110236
20
1.0803190944881889
11
0.7878740157480315
21
1.0800000000000001
0
LINE
8
BLACK
6
CONTINUOUS
10
0.7878740157480315
20
1.0800000000000001
11
0.7878740157480315
21
1.02
0
LINE
8
BLACK
6
CONTINUOUS
10
0.7878740157480315
20
1.02
11
0.7878105118110236
21
1.0196808661417323
0
LINE
8
BLACK
6
CONTINUOUS
10
0.7878105118110236
20
1.0196808661417323
11
0.7876551181102363
21
1.0183411417322834
0
LINE
8
BLACK
6
CONTINUOUS
10
0.7876551181102363
20
1.0183411417322834
11
0.7874529921259842
21
1.0178833858267717
0
LINE
8
BLACK
6
CONTINUOUS
10
0.7874529921259842
20
1.0178833858267717
11
0.7872746456692913
21
1.0169867322834645
0
LINE
8
BLACK
6
CONTINUOUS
10
0.7872746456692913
20
1.0169867322834645
11
0.7866331889763779
21
1.0160267716535434
0
LINE
8
BLACK
6
CONTINUOUS
10
0.7866331889763779
20
1.0160267716535434
11
0.7864397637795275
21
1.0155886614173228
0
LINE
8
BLACK
6
CONTINUOUS
10
0.7864397637795275
20
1.0155886614173228
11
0.7861404724409449
21
1.0152893700787402
0
LINE
8
BLACK
6
CONTINUOUS
10
0.7861404724409449
20
1.0152893700787402
11
0.7855677559055118
21
1.0144322440944882
0
LINE
8
BLACK
6
CONTINUOUS
10
0.7855677559055118
20
1.0144322440944882
11
0.7847105905511811
21
1.0138594881889764
0
LINE
8
BLACK
6
CONTINUOUS
10
0.7847105905511811
20
1.0138594881889764
11
0.7844112992125984
21
1.0135601968503938
0
LINE
8
BLACK
6
CONTINUOUS
10
0.7844112992125984
20
1.0135601968503938
11
0.7839731102362204
21
1.0133666929133858
0
LINE
8
BLACK
6
CONTINUOUS
10
0.7839731102362204
20
1.0133666929133858
11
0.7830132677165355
21
1.0127253543307086
0
LINE
8
BLACK
6
CONTINUOUS
10
0.7830132677165355
20
1.0127253543307086
11
0.7821166929133858
21
1.0125470078740157
0
LINE
8
BLACK
6
CONTINUOUS
10
0.7821166929133858
20
1.0125470078740157
11
0.7816588188976378
21
1.012344842519685
0
LINE
8
BLACK
6
CONTINUOUS
10
0.7816588188976378
20
1.012344842519685
11
0.7803186220472441
21
1.0121893307086614
0
LINE
8
BLACK
6
CONTINUOUS
10
0.7803186220472441
20
1.0121893307086614
11
0.78
21
1.0121259842519685
0
LINE
8
BLACK
6
CONTINUOUS
10
0.78
20
1.0121259842519685
11
0.7797723228346457
21
1.0121259842519685
0
LINE
8
BLACK
6
CONTINUOUS
10
0.7797723228346457
20
1.0121259842519685
11
0.720227716535433
21
1.0121259842519685
0
LINE
8
BLACK
6
CONTINUOUS
10
0.720227716535433
20
1.0121259842519685
11
0.72
21
1.0121259842519685
0
LINE
8
BLACK
6
CONTINUOUS
10
0.72
20
1.0121259842519685
11
0.7196813385826771
21
1.0121893307086614
0
LINE
8
BLACK
6
CONTINUOUS
10
0.7196813385826771
20
1.0121893307086614
11
0.7183411417322835
21
1.012344842519685
0
LINE
8
BLACK
6
CONTINUOUS
10
0.7183411417322835
20
1.012344842519685
11
0.7178832283464567
21
1.0125470078740157
0
LINE
8
BLACK
6
CONTINUOUS
10
0.7178832283464567
20
1.0125470078740157
11
0.7169867322834645
21
1.0127253543307086
0
LINE
8
BLACK
6
CONTINUOUS
10
0.7169867322834645
20
1.0127253543307086
11
0.7160269291338582
21
1.013366653543307
0
LINE
8
BLACK
6
CONTINUOUS
10
0.7160269291338582
20
1.013366653543307
11
0.7155886614173228
21
1.0135601968503938
0
LINE
8
BLACK
6
CONTINUOUS
10
0.7155886614173228
20
1.0135601968503938
11
0.7152892519685039
21
1.0138595669291339
0
LINE
8
BLACK
6
CONTINUOUS
10
0.7152892519685039
20
1.0138595669291339
11
0.7144322440944881
21
1.0144322440944882
0
LINE
8
BLACK
6
CONTINUOUS
10
0.7144322440944881
20
1.0144322440944882
11
0.7138595669291339
21
1.0152892519685039
0
LINE
8
BLACK
6
CONTINUOUS
10
0.7138595669291339
20
1.0152892519685039
11
0.7135601968503937
21
1.0155886614173228
0
LINE
8
BLACK
6
CONTINUOUS
10
0.7135601968503937
20
1.0155886614173228
11
0.7133666535433071
21
1.0160269291338582
0
LINE
8
BLACK
6
CONTINUOUS
10
0.7133666535433071
20
1.0160269291338582
11
0.7127253543307086
21
1.0169867322834645
0
LINE
8
BLACK
6
CONTINUOUS
10
0.7127253543307086
20
1.0169867322834645
11
0.7125470078740157
21
1.0178832283464567
0
LINE
8
BLACK
6
CONTINUOUS
10
0.7125470078740157
20
1.0178832283464567
11
0.712344842519685
21
1.0183411417322834
0
LINE
8
BLACK
6
CONTINUOUS
10
0.712344842519685
20
1.0183411417322834
11
0.7121893307086614
21
1.0196814173228346
0
LINE
8
BLACK
6
CONTINUOUS
10
0.7121893307086614
20
1.0196814173228346
11
0.7121259842519685
21
1.02
0
LINE
8
BLACK
6
CONTINUOUS
10
0.7121259842519685
20
1.02
11
0.7121259842519685
21
1.0800000000000001
0
LINE
8
BLACK
6
CONTINUOUS
10
0.7121259842519685
20
1.0800000000000001
11
0.7121893700787402
21
1.0803187007874016
0
LINE
8
BLACK
6
CONTINUOUS
10
0.7121893700787402
20
1.0803187007874016
11
0.712344842519685
21
1.0816588188976377
0
LINE
8
BLACK
6
CONTINUOUS
10
0.712344842519685
20
1.0816588188976377
11
0.7125470078740157
21
1.0821166929133859
0
LINE
8
BLACK
6
CONTINUOUS
10
0.7125470078740157
20
1.0821166929133859
11
0.7127253543307086
21
1.0830132677165354
0
LINE
8
BLACK
6
CONTINUOUS
10
0.7127253543307086
20
1.0830132677165354
11
0.7133666929133858
21
1.0839731102362204
0
LINE
8
BLACK
6
CONTINUOUS
10
0.7133666929133858
20
1.0839731102362204
11
0.7135601968503937
21
1.0844112992125985
0
LINE
8
BLACK
6
CONTINUOUS
10
0.7135601968503937
20
1.0844112992125985
11
0.7138594881889764
21
1.0847105905511811
0
LINE
8
BLACK
6
CONTINUOUS
10
0.7138594881889764
20
1.0847105905511811
11
0.7144322440944881
21
1.0855677559055117
0
LINE
8
BLACK
6
CONTINUOUS
10
0.7144322440944881
20
1.0855677559055117
11
0.7152893700787402
21
1.0861404724409449
0
LINE
8
BLACK
6
CONTINUOUS
10
0.7152893700787402
20
1.0861404724409449
11
0.7155886614173228
21
1.0864397637795276
0
LINE
8
BLACK
6
CONTINUOUS
10
0.7155886614173228
20
1.0864397637795276
11
0.7160267716535433
21
1.0866331889763778
0
LINE
8
BLACK
6
CONTINUOUS
10
0.7160267716535433
20
1.0866331889763778
11
0.7169867322834645
21
1.0872746456692912
0
LINE
8
BLACK
6
CONTINUOUS
10
0.7169867322834645
20
1.0872746456692912
11
0.7178833858267717
21
1.0874529921259841
0
LINE
8
BLACK
6
CONTINUOUS
10
0.7178833858267717
20
1.0874529921259841
11
0.7183411417322835
21
1.0876551181102363
0
LINE
8
BLACK
6
CONTINUOUS
10
0.7183411417322835
20
1.0876551181102363
11
0.7196809448818897
21
1.0878105511811023
0
LINE
8
BLACK
6
CONTINUOUS
10
0.7196809448818897
20
1.0878105511811023
11
0.72
21
1.0878740157480316
0
LINE
8
BLACK
6
CONTINUOUS
10
0.72
20
1.0878740157480316
11
0.78
21
1.0878740157480316
0
LINE
8
BLACK
6
CONTINUOUS
10
0.78
20
1.0878740157480316
11
0.7803191732283464
21
1.0878105118110235
0
LINE
8
BLACK
6
CONTINUOUS
10
0.8803191732283464
20
1.0878105118110235
11
0.8816588188976378
21
1.0876551181102363
0
LINE
8
BLACK
6
CONTINUOUS
10
0.8816588188976378
20
1.0876551181102363
11
0.8821164960629921
21
1.0874529921259841
0
LINE
8
BLACK
6
CONTINUOUS
10
0.8821164960629921
20
1.0874529921259841
11
0.8830132677165354
21
1.0872746456692912
0
LINE
8
BLACK
6
CONTINUOUS
10
0.8830132677165354
20
1.0872746456692912
11
0.8839732677165354
21
1.0866331496062991
0
LINE
8
BLACK
6
CONTINUOUS
10
0.8839732677165354
20
1.0866331496062991
11
0.8844112992125984
21
1.0864397637795276
0
LINE
8
BLACK
6
CONTINUOUS
10
0.8844112992125984
20
1.0864397637795276
11
0.8847104724409449
21
1.0861405511811024
0
LINE
8
BLACK
6
CONTINUOUS
10
0.8847104724409449
20
1.0861405511811024
11
0.8855677559055118
21
1.0855677559055117
0
LINE
8
BLACK
6
CONTINUOUS
10
0.8855677559055118
20
1.0855677559055117
11
0.8861405511811024
21
1.0847104724409449
0
LINE
8
BLACK
6
CONTINUOUS
10
0.8861405511811024
20
1.0847104724409449
11
0.8864397637795275
21
1.0844112992125985
0
LINE
8
BLACK
6
CONTINUOUS
10
0.8864397637795275
20
1.0844112992125985
11
0.8866331496062992
21
1.0839732677165355
0
LINE
8
BLACK
6
CONTINUOUS
10
0.8866331496062992
20
1.0839732677165355
11
0.8872746456692914
21
1.0830132677165354
0
LINE
8
BLACK
6
CONTINUOUS
10
0.8872746456692914
20
1.0830132677165354
11
0.8874529921259843
21
1.0821164960629921
0
LINE
8
BLACK
6
CONTINUOUS
10
0.8874529921259843
20
1.0821164960629921
11
0.8876551181102362
21
1.0816588188976377
0
LINE
8
BLACK
6
CONTINUOUS
10
0.8876551181102362
20
1.0816588188976377
11
0.8878105118110236
21
1.0803190944881889
0
LINE
8
BLACK
6
CONTINUOUS
10
0.8878105118110236
20
1.0803190944881889
11
0.8878740157480315
21
1.0800000000000001
0
LINE
8
BLACK
6
CONTINUOUS
10
0.8878740157480315
20
1.0800000000000001
11
0.8878740157480315
21
1.02
0
LINE
8
BLACK
6
CONTINUOUS
10
0.8878740157480315
20
1.02
11
0.8878105118110236
21
1.0196808661417323
0
LINE
8
BLACK
6
CONTINUOUS
10
0.8878105118110236
20
1.0196808661417323
11
0.8876551181102362
21
1.0183411417322834
0
LINE
8
BLACK
6
CONTINUOUS
10
0.8876551181102362
20
1.0183411417322834
11
0.8874529921259843
21
1.0178833858267717
0
LINE
8
BLACK
6
CONTINUOUS
10
0.8874529921259843
20
1.0178833858267717
11
0.8872746456692914
21
1.0169867322834645
0
LINE
8
BLACK
6
CONTINUOUS
10
0.8872746456692914
20
1.0169867322834645
11
0.8866331889763779
21
1.0160267716535434
0
LINE
8
BLACK
6
CONTINUOUS
10
0.8866331889763779
20
1.0160267716535434
11
0.8864397637795275
21
1.0155886614173228
0
LINE
8
BLACK
6
CONTINUOUS
10
0.8864397637795275
20
1.0155886614173228
11
0.8861404724409448
21
1.0152893700787402
0
LINE
8
BLACK
6
CONTINUOUS
10
0.8861404724409448
20
1.0152893700787402
11
0.8855677559055118
21
1.0144322440944882
0
LINE
8
BLACK
6
CONTINUOUS
10
0.8855677559055118
20
1.0144322440944882
11
0.8847105905511811
21
1.0138594881889764
0
LINE
8
BLACK
6
CONTINUOUS
10
0.8847105905511811
20
1.0138594881889764
11
0.8844112992125984
21
1.0135601968503938
0
LINE
8
BLACK
6
CONTINUOUS
10
0.8844112992125984
20
1.0135601968503938
11
0.8839731102362205
21
1.0133666929133858
0
LINE
8
BLACK
6
CONTINUOUS
10
0.8839731102362205
20
1.0133666929133858
11
0.8830132677165354
21
1.0127253543307086
0
LINE
8
BLACK
6
CONTINUOUS
10
0.8830132677165354
20
1.0127253543307086
11
0.8821166929133858
21
1.0125470078740157
0
LINE
8
BLACK
6
CONTINUOUS
10
0.8821166929133858
20
1.0125470078740157
11
0.8816588188976378
21
1.012344842519685
0
LINE
8
BLACK
6
CONTINUOUS
10
0.8816588188976378
20
1.012344842519685
11
0.8803186220472441
21
1.0121893307086614
0
LINE
8
BLACK
6
CONTINUOUS
10
0.8803186220472441
20
1.0121893307086614
11
0.88
21
1.0121259842519685
0
LINE
8
BLACK
6
CONTINUOUS
10
0.88
20
1.0121259842519685
11
0.8797723228346457
21
1.0121259842519685
0
LINE
8
BLACK
6
CONTINUOUS
10
0.8797723228346457
20
1.0121259842519685
11
0.820227716535433
21
1.0121259842519685
0
LINE
8
BLACK
6
CONTINUOUS
10
0.820227716535433
20
1.0121259842519685
11
0.82
21
1.0121259842519685
0
LINE
8
BLACK
6
CONTINUOUS
10
0.82
20
1.0121259842519685
11
0.8196813385826771
21
1.0121893307086614
0
LINE
8
BLACK
6
CONTINUOUS
10
0.8196813385826771
20
1.0121893307086614
11
0.8183411417322835
21
1.012344842519685
0
LINE
8
BLACK
6
CONTINUOUS
10
0.8183411417322835
20
1.012344842519685
11
0.8178832283464567
21
1.0125470078740157
0
LINE
8
BLACK
6
CONTINUOUS
10
0.8178832283464567
20
1.0125470078740157
11
0.8169867322834645
21
1.0127253543307086
0
LINE
8
BLACK
6
CONTINUOUS
10
0.8169867322834645
20
1.0127253543307086
11
0.8160269291338582
21
1.013366653543307
0
LINE
8
BLACK
6
CONTINUOUS
10
0.8160269291338582
20
1.013366653543307
11
0.8155886614173228
21
1.0135601968503938
0
LINE
8
BLACK
6
CONTINUOUS
10
0.8155886614173228
20
1.0135601968503938
11
0.8152892519685039
21
1.0138595669291339
0
LINE
8
BLACK
6
CONTINUOUS
10
0.8152892519685039
20
1.0138595669291339
11
0.8144322440944882
21
1.0144322440944882
0
LINE
8
BLACK
6
CONTINUOUS
10
0.8144322440944882
20
1.0144322440944882
11
0.8138595669291339
21
1.0152892519685039
0
LINE
8
BLACK
6
CONTINUOUS
10
0.8138595669291339
20
1.0152892519685039
11
0.8135601968503937
21
1.0155886614173228
0
LINE
8
BLACK
6
CONTINUOUS
10
0.8135601968503937
20
1.0155886614173228
11
0.8133666535433071
21
1.0160269291338582
0
LINE
8
BLACK
6
CONTINUOUS
10
0.8133666535433071
20
1.0160269291338582
11
0.8127253543307087
21
1.0169867322834645
0
LINE
8
BLACK
6
CONTINUOUS
10
0.8127253543307087
20
1.0169867322834645
11
0.8125470078740157
21
1.0178832283464567
0
LINE
8
BLACK
6
CONTINUOUS
10
0.8125470078740157
20
1.0178832283464567
11
0.812344842519685
21
1.0183411417322834
0
LINE
8
BLACK
6
CONTINUOUS
10
0.812344842519685
20
1.0183411417322834
11
0.8121893307086614
21
1.0196814173228346
0
LINE
8
BLACK
6
CONTINUOUS
10
0.8121893307086614
20
1.0196814173228346
11
0.8121259842519685
21
1.02
0
LINE
8
BLACK
6
CONTINUOUS
10
0.8121259842519685
20
1.02
11
0.8121259842519685
21
1.0800000000000001
0
LINE
8
BLACK
6
CONTINUOUS
10
0.8121259842519685
20
1.0800000000000001
11
0.8121893700787401
21
1.0803187007874016
0
LINE
8
BLACK
6
CONTINUOUS
10
0.8121893700787401
20
1.0803187007874016
11
0.812344842519685
21
1.0816588188976377
0
LINE
8
BLACK
6
CONTINUOUS
10
0.812344842519685
20
1.0816588188976377
11
0.8125470078740157
21
1.0821166929133859
0
LINE
8
BLACK
6
CONTINUOUS
10
0.8125470078740157
20
1.0821166929133859
11
0.8127253543307087
21
1.0830132677165354
0
LINE
8
BLACK
6
CONTINUOUS
10
0.8127253543307087
20
1.0830132677165354
11
0.8133666929133858
21
1.0839731102362204
0
LINE
8
BLACK
6
CONTINUOUS
10
0.8133666929133858
20
1.0839731102362204
11
0.8135601968503937
21
1.0844112992125985
0
LINE
8
BLACK
6
CONTINUOUS
10
0.8135601968503937
20
1.0844112992125985
11
0.8138594881889764
21
1.0847105905511811
0
LINE
8
BLACK
6
CONTINUOUS
10
0.8138594881889764
20
1.0847105905511811
11
0.8144322440944882
21
1.0855677559055117
0
LINE
8
BLACK
6
CONTINUOUS
10
0.8144322440944882
20
1.0855677559055117
11
0.8152893700787401
21
1.0861404724409449
0
LINE
8
BLACK
6
CONTINUOUS
10
0.8152893700787401
20
1.0861404724409449
11
0.8155886614173228
21
1.0864397637795276
0
LINE
8
BLACK
6
CONTINUOUS
10
0.8155886614173228
20
1.0864397637795276
11
0.8160267716535433
21
1.0866331889763778
0
LINE
8
BLACK
6
CONTINUOUS
10
0.8160267716535433
20
1.0866331889763778
11
0.8169867322834645
21
1.0872746456692912
0
LINE
8
BLACK
6
CONTINUOUS
10
0.8169867322834645
20
1.0872746456692912
11
0.8178833858267717
21
1.0874529921259841
0
LINE
8
BLACK
6
CONTINUOUS
10
0.8178833858267717
20
1.0874529921259841
11
0.8183411417322835
21
1.0876551181102363
0
LINE
8
BLACK
6
CONTINUOUS
10
0.8183411417322835
20
1.0876551181102363
11
0.8196809448818897
21
1.0878105511811023
0
LINE
8
BLACK
6
CONTINUOUS
10
0.8196809448818897
20
1.0878105511811023
11
0.82
21
1.0878740157480316
0
LINE
8
BLACK
6
CONTINUOUS
10
0.82
20
1.0878740157480316
11
0.88
21
1.0878740157480316
0
LINE
8
BLACK
6
CONTINUOUS
10
0.88
20
1.0878740157480316
11
0.8803191732283464
21
1.0878105118110235
0
LINE
8
BLACK
6
CONTINUOUS
10
0.9803191732283464
20
1.0878105118110235
11
0.9816588188976377
21
1.0876551181102363
0
LINE
8
BLACK
6
CONTINUOUS
10
0.9816588188976377
20
1.0876551181102363
11
0.9821164960629921
21
1.0874529921259841
0
LINE
8
BLACK
6
CONTINUOUS
10
0.9821164960629921
20
1.0874529921259841
11
0.9830132677165354
21
1.0872746456692912
0
LINE
8
BLACK
6
CONTINUOUS
10
0.9830132677165354
20
1.0872746456692912
11
0.9839732677165354
21
1.0866331496062991
0
LINE
8
BLACK
6
CONTINUOUS
10
0.9839732677165354
20
1.0866331496062991
11
0.9844112992125984
21
1.0864397637795276
0
LINE
8
BLACK
6
CONTINUOUS
10
0.9844112992125984
20
1.0864397637795276
11
0.9847104724409449
21
1.0861405511811024
0
LINE
8
BLACK
6
CONTINUOUS
10
0.9847104724409449
20
1.0861405511811024
11
0.9855677559055118
21
1.0855677559055117
0
LINE
8
BLACK
6
CONTINUOUS
10
0.9855677559055118
20
1.0855677559055117
11
0.9861405511811023
21
1.0847104724409449
0
LINE
8
BLACK
6
CONTINUOUS
10
0.9861405511811023
20
1.0847104724409449
11
0.9864397637795276
21
1.0844112992125985
0
LINE
8
BLACK
6
CONTINUOUS
10
0.9864397637795276
20
1.0844112992125985
11
0.9866331496062992
21
1.0839732677165355
0
LINE
8
BLACK
6
CONTINUOUS
10
0.9866331496062992
20
1.0839732677165355
11
0.9872746456692914
21
1.0830132677165354
0
LINE
8
BLACK
6
CONTINUOUS
10
0.9872746456692914
20
1.0830132677165354
11
0.9874529921259843
21
1.0821164960629921
0
LINE
8
BLACK
6
CONTINUOUS
10
0.9874529921259843
20
1.0821164960629921
11
0.9876551181102362
21
1.0816588188976377
0
LINE
8
BLACK
6
CONTINUOUS
10
0.9876551181102362
20
1.0816588188976377
11
0.9878105118110236
21
1.0803190944881889
0
LINE
8
BLACK
6
CONTINUOUS
10
0.9878105118110236
20
1.0803190944881889
11
0.9878740157480315
21
1.0800000000000001
0
LINE
8
BLACK
6
CONTINUOUS
10
0.9878740157480315
20
1.0800000000000001
11
0.9878740157480315
21
1.02
0
LINE
8
BLACK
6
CONTINUOUS
10
0.9878740157480315
20
1.02
11
0.9878105118110236
21
1.0196808661417323
0
LINE
8
BLACK
6
CONTINUOUS
10
0.9878105118110236
20
1.0196808661417323
11
0.9876551181102362
21
1.0183411417322834
0
LINE
8
BLACK
6
CONTINUOUS
10
0.9876551181102362
20
1.0183411417322834
11
0.9874529921259843
21
1.0178833858267717
0
LINE
8
BLACK
6
CONTINUOUS
10
0.9874529921259843
20
1.0178833858267717
11
0.9872746456692914
21
1.0169867322834645
0
LINE
8
BLACK
6
CONTINUOUS
10
0.9872746456692914
20
1.0169867322834645
11
0.986633188976378
21
1.0160267716535434
0
LINE
8
BLACK
6
CONTINUOUS
10
0.986633188976378
20
1.0160267716535434
11
0.9864397637795276
21
1.0155886614173228
0
LINE
8
BLACK
6
CONTINUOUS
10
0.9864397637795276
20
1.0155886614173228
11
0.9861404724409448
21
1.0152893700787402
0
LINE
8
BLACK
6
CONTINUOUS
10
0.9861404724409448
20
1.0152893700787402
11
0.9855677559055118
21
1.0144322440944882
0
LINE
8
BLACK
6
CONTINUOUS
10
0.9855677559055118
20
1.0144322440944882
11
0.984710590551181
21
1.0138594881889764
0
LINE
8
BLACK
6
CONTINUOUS
10
0.984710590551181
20
1.0138594881889764
11
0.9844112992125984
21
1.0135601968503938
0
LINE
8
BLACK
6
CONTINUOUS
10
0.9844112992125984
20
1.0135601968503938
11
0.9839731102362205
21
1.0133666929133858
0
LINE
8
BLACK
6
CONTINUOUS
10
0.9839731102362205
20
1.0133666929133858
11
0.9830132677165354
21
1.0127253543307086
0
LINE
8
BLACK
6
CONTINUOUS
10
0.9830132677165354
20
1.0127253543307086
11
0.9821166929133858
21
1.0125470078740157
0
LINE
8
BLACK
6
CONTINUOUS
10
0.9821166929133858
20
1.0125470078740157
11
0.9816588188976377
21
1.012344842519685
0
LINE
8
BLACK
6
CONTINUOUS
10
0.9816588188976377
20
1.012344842519685
11
0.9803186220472441
21
1.0121893307086614
0
LINE
8
BLACK
6
CONTINUOUS
10
0.9803186220472441
20
1.0121893307086614
11
0.98
21
1.0121259842519685
0
LINE
8
BLACK
6
CONTINUOUS
10
0.98
20
1.0121259842519685
11
0.9797723228346457
21
1.0121259842519685
0
LINE
8
BLACK
6
CONTINUOUS
10
0.9797723228346457
20
1.0121259842519685
11
0.920227716535433
21
1.0121259842519685
0
LINE
8
BLACK
6
CONTINUOUS
10
0.920227716535433
20
1.0121259842519685
11
0.9199999999999999
21
1.0121259842519685
0
LINE
8
BLACK
6
CONTINUOUS
10
0.9199999999999999
20
1.0121259842519685
11
0.9196813385826772
21
1.0121893307086614
0
LINE
8
BLACK
6
CONTINUOUS
10
0.9196813385826772
20
1.0121893307086614
11
0.9183411417322834
21
1.012344842519685
0
LINE
8
BLACK
6
CONTINUOUS
10
0.9183411417322834
20
1.012344842519685
11
0.9178832283464566
21
1.0125470078740157
0
LINE
8
BLACK
6
CONTINUOUS
10
0.9178832283464566
20
1.0125470078740157
11
0.9169867322834645
21
1.0127253543307086
0
LINE
8
BLACK
6
CONTINUOUS
10
0.9169867322834645
20
1.0127253543307086
11
0.9160269291338582
21
1.013366653543307
0
LINE
8
BLACK
6
CONTINUOUS
10
0.9160269291338582
20
1.013366653543307
11
0.9155886614173229
21
1.0135601968503938
0
LINE
8
BLACK
6
CONTINUOUS
10
0.9155886614173229
20
1.0135601968503938
11
0.915289251968504
21
1.0138595669291339
0
LINE
8
BLACK
6
CONTINUOUS
10
0.915289251968504
20
1.0138595669291339
11
0.9144322440944882
21
1.0144322440944882
0
LINE
8
BLACK
6
CONTINUOUS
10
0.9144322440944882
20
1.0144322440944882
11
0.9138595669291338
21
1.0152892519685039
0
LINE
8
BLACK
6
CONTINUOUS
10
0.9138595669291338
20
1.0152892519685039
11
0.9135601968503937
21
1.0155886614173228
0
LINE
8
BLACK
6
CONTINUOUS
10
0.9135601968503937
20
1.0155886614173228
11
0.913366653543307
21
1.0160269291338582
0
LINE
8
BLACK
6
CONTINUOUS
10
0.913366653543307
20
1.0160269291338582
11
0.9127253543307087
21
1.0169867322834645
0
LINE
8
BLACK
6
CONTINUOUS
10
0.9127253543307087
20
1.0169867322834645
11
0.9125470078740158
21
1.0178832283464567
0
LINE
8
BLACK
6
CONTINUOUS
10
0.9125470078740158
20
1.0178832283464567
11
0.9123448425196851
21
1.0183411417322834
0
LINE
8
BLACK
6
CONTINUOUS
10
0.9123448425196851
20
1.0183411417322834
11
0.9121893307086614
21
1.0196814173228346
0
LINE
8
BLACK
6
CONTINUOUS
10
0.9121893307086614
20
1.0196814173228346
11
0.9121259842519684
21
1.02
0
LINE
8
BLACK
6
CONTINUOUS
10
0.9121259842519684
20
1.02
11
0.9121259842519684
21
1.0800000000000001
0
LINE
8
BLACK
6
CONTINUOUS
10
0.9121259842519684
20
1.0800000000000001
11
0.9121893700787401
21
1.0803187007874016
0
LINE
8
BLACK
6
CONTINUOUS
10
0.9121893700787401
20
1.0803187007874016
11
0.9123448425196851
21
1.0816588188976377
0
LINE
8
BLACK
6
CONTINUOUS
10
0.9123448425196851
20
1.0816588188976377
11
0.9125470078740158
21
1.0821166929133859
0
LINE
8
BLACK
6
CONTINUOUS
10
0.9125470078740158
20
1.0821166929133859
11
0.9127253543307087
21
1.0830132677165354
0
LINE
8
BLACK
6
CONTINUOUS
10
0.9127253543307087
20
1.0830132677165354
11
0.9133666929133858
21
1.0839731102362204
0
LINE
8
BLACK
6
CONTINUOUS
10
0.9133666929133858
20
1.0839731102362204
11
0.9135601968503937
21
1.0844112992125985
0
LINE
8
BLACK
6
CONTINUOUS
10
0.9135601968503937
20
1.0844112992125985
11
0.9138594881889763
21
1.0847105905511811
0
LINE
8
BLACK
6
CONTINUOUS
10
0.9138594881889763
20
1.0847105905511811
11
0.9144322440944882
21
1.0855677559055117
0
LINE
8
BLACK
6
CONTINUOUS
10
0.9144322440944882
20
1.0855677559055117
11
0.9152893700787401
21
1.0861404724409449
0
LINE
8
BLACK
6
CONTINUOUS
10
0.9152893700787401
20
1.0861404724409449
11
0.9155886614173229
21
1.0864397637795276
0
LINE
8
BLACK
6
CONTINUOUS
10
0.9155886614173229
20
1.0864397637795276
11
0.9160267716535433
21
1.0866331889763778
0
LINE
8
BLACK
6
CONTINUOUS
10
0.9160267716535433
20
1.0866331889763778
11
0.9169867322834645
21
1.0872746456692912
0
LINE
8
BLACK
6
CONTINUOUS
10
0.9169867322834645
20
1.0872746456692912
11
0.9178833858267716
21
1.0874529921259841
0
LINE
8
BLACK
6
CONTINUOUS
10
0.9178833858267716
20
1.0874529921259841
11
0.9183411417322834
21
1.0876551181102363
0
LINE
8
BLACK
6
CONTINUOUS
10
0.9183411417322834
20
1.0876551181102363
11
0.9196809448818898
21
1.0878105511811023
0
LINE
8
BLACK
6
CONTINUOUS
10
0.9196809448818898
20
1.0878105511811023
11
0.9199999999999999
21
1.0878740157480316
0
LINE
8
BLACK
6
CONTINUOUS
10
0.9199999999999999
20
1.0878740157480316
11
0.98
21
1.0878740157480316
0
LINE
8
BLACK
6
CONTINUOUS
10
0.98
20
1.0878740157480316
11
0.9803191732283464
21
1.0878105118110235
0
LINE
8
BLACK
6
CONTINUOUS
10
1.3803191732283464
20
1.0878105118110235
11
1.3816588188976378
21
1.0876551181102363
0
LINE
8
BLACK
6
CONTINUOUS
10
1.3816588188976378
20
1.0876551181102363
11
1.3821164960629921
21
1.0874529921259841
0
LINE
8
BLACK
6
CONTINUOUS
10
1.3821164960629921
20
1.0874529921259841
11
1.3830132677165354
21
1.0872746456692912
0
LINE
8
BLACK
6
CONTINUOUS
10
1.3830132677165354
20
1.0872746456692912
11
1.3839732677165355
21
1.0866331496062991
0
LINE
8
BLACK
6
CONTINUOUS
10
1.3839732677165355
20
1.0866331496062991
11
1.3844112992125983
21
1.0864397637795276
0
LINE
8
BLACK
6
CONTINUOUS
10
1.3844112992125983
20
1.0864397637795276
11
1.3847104724409449
21
1.0861405511811024
0
LINE
8
BLACK
6
CONTINUOUS
10
1.3847104724409449
20
1.0861405511811024
11
1.3855677559055117
21
1.0855677559055117
0
LINE
8
BLACK
6
CONTINUOUS
10
1.3855677559055117
20
1.0855677559055117
11
1.3861405511811022
21
1.0847104724409449
0
LINE
8
BLACK
6
CONTINUOUS
10
1.3861405511811022
20
1.0847104724409449
11
1.3864397637795276
21
1.0844112992125985
0
LINE
8
BLACK
6
CONTINUOUS
10
1.3864397637795276
20
1.0844112992125985
11
1.3866331496062991
21
1.0839732677165355
0
LINE
8
BLACK
6
CONTINUOUS
10
1.3866331496062991
20
1.0839732677165355
11
1.3872746456692913
21
1.0830132677165354
0
LINE
8
BLACK
6
CONTINUOUS
10
1.3872746456692913
20
1.0830132677165354
11
1.3874529921259842
21
1.0821164960629921
0
LINE
8
BLACK
6
CONTINUOUS
10
1.3874529921259842
20
1.0821164960629921
11
1.3876551181102361
21
1.0816588188976377
0
LINE
8
BLACK
6
CONTINUOUS
10
1.3876551181102361
20
1.0816588188976377
11
1.3878105118110236
21
1.0803190944881889
0
LINE
8
BLACK
6
CONTINUOUS
10
1.3878105118110236
20
1.0803190944881889
11
1.3878740157480314
21
1.0800000000000001
0
LINE
8
BLACK
6
CONTINUOUS
10
1.3878740157480314
20
1.0800000000000001
11
1.3878740157480314
21
1.02
0
LINE
8
BLACK
6
CONTINUOUS
10
1.3878740157480314
20
1.02
11
1.3878105118110236
21
1.0196808661417323
0
LINE
8
BLACK
6
CONTINUOUS
10
1.3878105118110236
20
1.0196808661417323
11
1.3876551181102361
21
1.0183411417322834
0
LINE
8
BLACK
6
CONTINUOUS
10
1.3876551181102361
20
1.0183411417322834
11
1.3874529921259842
21
1.0178833858267717
0
LINE
8
BLACK
6
CONTINUOUS
10
1.3874529921259842
20
1.0178833858267717
11
1.3872746456692913
21
1.0169867322834645
0
LINE
8
BLACK
6
CONTINUOUS
10
1.3872746456692913
20
1.0169867322834645
11
1.3866331889763779
21
1.0160267716535434
0
LINE
8
BLACK
6
CONTINUOUS
10
1.3866331889763779
20
1.0160267716535434
11
1.3864397637795276
21
1.0155886614173228
0
LINE
8
BLACK
6
CONTINUOUS
10
1.3864397637795276
20
1.0155886614173228
11
1.386140472440945
21
1.0152893700787402
0
LINE
8
BLACK
6
CONTINUOUS
10
1.386140472440945
20
1.0152893700787402
11
1.3855677559055117
21
1.0144322440944882
0
LINE
8
BLACK
6
CONTINUOUS
10
1.3855677559055117
20
1.0144322440944882
11
1.3847105905511812
21
1.0138594881889764
0
LINE
8
BLACK
6
CONTINUOUS
10
1.3847105905511812
20
1.0138594881889764
11
1.3844112992125983
21
1.0135601968503938
0
LINE
8
BLACK
6
CONTINUOUS
10
1.3844112992125983
20
1.0135601968503938
11
1.3839731102362205
21
1.0133666929133858
0
LINE
8
BLACK
6
CONTINUOUS
10
1.3839731102362205
20
1.0133666929133858
11
1.3830132677165354
21
1.0127253543307086
0
LINE
8
BLACK
6
CONTINUOUS
10
1.3830132677165354
20
1.0127253543307086
11
1.3821166929133859
21
1.0125470078740157
0
LINE
8
BLACK
6
CONTINUOUS
10
1.3821166929133859
20
1.0125470078740157
11
1.3816588188976378
21
1.012344842519685
0
LINE
8
BLACK
6
CONTINUOUS
10
1.3816588188976378
20
1.012344842519685
11
1.3803186220472441
21
1.0121893307086614
0
LINE
8
BLACK
6
CONTINUOUS
10
1.3803186220472441
20
1.0121893307086614
11
1.3799999999999999
21
1.0121259842519685
0
LINE
8
BLACK
6
CONTINUOUS
10
1.3799999999999999
20
1.0121259842519685
11
1.3797723228346457
21
1.0121259842519685
0
LINE
8
BLACK
6
CONTINUOUS
10
1.3797723228346457
20
1.0121259842519685
11
1.320227716535433
21
1.0121259842519685
0
LINE
8
BLACK
6
CONTINUOUS
10
1.320227716535433
20
1.0121259842519685
11
1.3200000000000001
21
1.0121259842519685
0
LINE
8
BLACK
6
CONTINUOUS
10
1.3200000000000001
20
1.0121259842519685
11
1.3196813385826771
21
1.0121893307086614
0
LINE
8
BLACK
6
CONTINUOUS
10
1.3196813385826771
20
1.0121893307086614
11
1.3183411417322835
21
1.012344842519685
0
LINE
8
BLACK
6
CONTINUOUS
10
1.3183411417322835
20
1.012344842519685
11
1.3178832283464568
21
1.0125470078740157
0
LINE
8
BLACK
6
CONTINUOUS
10
1.3178832283464568
20
1.0125470078740157
11
1.3169867322834645
21
1.0127253543307086
0
LINE
8
BLACK
6
CONTINUOUS
10
1.3169867322834645
20
1.0127253543307086
11
1.3160269291338582
21
1.013366653543307
0
LINE
8
BLACK
6
CONTINUOUS
10
1.3160269291338582
20
1.013366653543307
11
1.3155886614173229
21
1.0135601968503938
0
LINE
8
BLACK
6
CONTINUOUS
10
1.3155886614173229
20
1.0135601968503938
11
1.315289251968504
21
1.0138595669291339
0
LINE
8
BLACK
6
CONTINUOUS
10
1.315289251968504
20
1.0138595669291339
11
1.3144322440944882
21
1.0144322440944882
0
LINE
8
BLACK
6
CONTINUOUS
10
1.3144322440944882
20
1.0144322440944882
11
1.3138595669291337
21
1.0152892519685039
0
LINE
8
BLACK
6
CONTINUOUS
10
1.3138595669291337
20
1.0152892519685039
11
1.3135601968503936
21
1.0155886614173228
0
LINE
8
BLACK
6
CONTINUOUS
10
1.3135601968503936
20
1.0155886614173228
11
1.3133666535433071
21
1.0160269291338582
0
LINE
8
BLACK
6
CONTINUOUS
10
1.3133666535433071
20
1.0160269291338582
11
1.3127253543307087
21
1.0169867322834645
0
LINE
8
BLACK
6
CONTINUOUS
10
1.3127253543307087
20
1.0169867322834645
11
1.3125470078740158
21
1.0178832283464567
0
LINE
8
BLACK
6
CONTINUOUS
10
1.3125470078740158
20
1.0178832283464567
11
1.3123448425196851
21
1.0183411417322834
0
LINE
8
BLACK
6
CONTINUOUS
10
1.3123448425196851
20
1.0183411417322834
11
1.3121893307086614
21
1.0196814173228346
0
LINE
8
BLACK
6
CONTINUOUS
10
1.3121893307086614
20
1.0196814173228346
11
1.3121259842519686
21
1.02
0
LINE
8
BLACK
6
CONTINUOUS
10
1.3121259842519686
20
1.02
11
1.3121259842519686
21
1.0800000000000001
0
LINE
8
BLACK
6
CONTINUOUS
10
1.3121259842519686
20
1.0800000000000001
11
1.3121893700787401
21
1.0803187007874016
0
LINE
8
BLACK
6
CONTINUOUS
10
1.3121893700787401
20
1.0803187007874016
11
1.3123448425196851
21
1.0816588188976377
0
LINE
8
BLACK
6
CONTINUOUS
10
1.3123448425196851
20
1.0816588188976377
11
1.3125470078740158
21
1.0821166929133859
0
LINE
8
BLACK
6
CONTINUOUS
10
1.3125470078740158
20
1.0821166929133859
11
1.3127253543307087
21
1.0830132677165354
0
LINE
8
BLACK
6
CONTINUOUS
10
1.3127253543307087
20
1.0830132677165354
11
1.3133666929133858
21
1.0839731102362204
0
LINE
8
BLACK
6
CONTINUOUS
10
1.3133666929133858
20
1.0839731102362204
11
1.3135601968503936
21
1.0844112992125985
0
LINE
8
BLACK
6
CONTINUOUS
10
1.3135601968503936
20
1.0844112992125985
11
1.3138594881889762
21
1.0847105905511811
0
LINE
8
BLACK
6
CONTINUOUS
10
1.3138594881889762
20
1.0847105905511811
11
1.3144322440944882
21
1.0855677559055117
0
LINE
8
BLACK
6
CONTINUOUS
10
1.3144322440944882
20
1.0855677559055117
11
1.31528937007874
21
1.0861404724409449
0
LINE
8
BLACK
6
CONTINUOUS
10
1.31528937007874
20
1.0861404724409449
11
1.3155886614173229
21
1.0864397637795276
0
LINE
8
BLACK
6
CONTINUOUS
10
1.3155886614173229
20
1.0864397637795276
11
1.3160267716535432
21
1.0866331889763778
0
LINE
8
BLACK
6
CONTINUOUS
10
1.3160267716535432
20
1.0866331889763778
11
1.3169867322834645
21
1.0872746456692912
0
LINE
8
BLACK
6
CONTINUOUS
10
1.3169867322834645
20
1.0872746456692912
11
1.3178833858267716
21
1.0874529921259841
0
LINE
8
BLACK
6
CONTINUOUS
10
1.3178833858267716
20
1.0874529921259841
11
1.3183411417322835
21
1.0876551181102363
0
LINE
8
BLACK
6
CONTINUOUS
10
1.3183411417322835
20
1.0876551181102363
11
1.3196809448818898
21
1.0878105511811023
0
LINE
8
BLACK
6
CONTINUOUS
10
1.3196809448818898
20
1.0878105511811023
11
1.3200000000000001
21
1.0878740157480316
0
LINE
8
BLACK
6
CONTINUOUS
10
1.3200000000000001
20
1.0878740157480316
11
1.3799999999999999
21
1.0878740157480316
0
LINE
8
BLACK
6
CONTINUOUS
10
1.3799999999999999
20
1.0878740157480316
11
1.3803191732283464
21
1.0878105118110235
0
LINE
8
BLACK
6
CONTINUOUS
10
1.4803191732283465
20
1.0878105118110235
11
1.4816588188976378
21
1.0876551181102363
0
LINE
8
BLACK
6
CONTINUOUS
10
1.4816588188976378
20
1.0876551181102363
11
1.482116496062992
21
1.0874529921259841
0
LINE
8
BLACK
6
CONTINUOUS
10
1.482116496062992
20
1.0874529921259841
11
1.4830132677165353
21
1.0872746456692912
0
LINE
8
BLACK
6
CONTINUOUS
10
1.4830132677165353
20
1.0872746456692912
11
1.4839732677165354
21
1.0866331496062991
0
LINE
8
BLACK
6
CONTINUOUS
10
1.4839732677165354
20
1.0866331496062991
11
1.4844112992125984
21
1.0864397637795276
0
LINE
8
BLACK
6
CONTINUOUS
10
1.4844112992125984
20
1.0864397637795276
11
1.4847104724409448
21
1.0861405511811024
0
LINE
8
BLACK
6
CONTINUOUS
10
1.4847104724409448
20
1.0861405511811024
11
1.4855677559055118
21
1.0855677559055117
0
LINE
8
BLACK
6
CONTINUOUS
10
1.4855677559055118
20
1.0855677559055117
11
1.4861405511811023
21
1.0847104724409449
0
LINE
8
BLACK
6
CONTINUOUS
10
1.4861405511811023
20
1.0847104724409449
11
1.4864397637795275
21
1.0844112992125985
0
LINE
8
BLACK
6
CONTINUOUS
10
1.4864397637795275
20
1.0844112992125985
11
1.4866331496062992
21
1.0839732677165355
0
LINE
8
BLACK
6
CONTINUOUS
10
1.4866331496062992
20
1.0839732677165355
11
1.4872746456692914
21
1.0830132677165354
0
LINE
8
BLACK
6
CONTINUOUS
10
1.4872746456692914
20
1.0830132677165354
11
1.4874529921259843
21
1.0821164960629921
0
LINE
8
BLACK
6
CONTINUOUS
10
1.4874529921259843
20
1.0821164960629921
11
1.4876551181102362
21
1.0816588188976377
0
LINE
8
BLACK
6
CONTINUOUS
10
1.4876551181102362
20
1.0816588188976377
11
1.4878105118110236
21
1.0803190944881889
0
LINE
8
BLACK
6
CONTINUOUS
10
1.4878105118110236
20
1.0803190944881889
11
1.4878740157480315
21
1.0800000000000001
0
LINE
8
BLACK
6
CONTINUOUS
10
1.4878740157480315
20
1.0800000000000001
11
1.4878740157480315
21
1.02
0
LINE
8
BLACK
6
CONTINUOUS
10
1.4878740157480315
20
1.02
11
1.4878105118110236
21
1.0196808661417323
0
LINE
8
BLACK
6
CONTINUOUS
10
1.4878105118110236
20
1.0196808661417323
11
1.4876551181102362
21
1.0183411417322834
0
LINE
8
BLACK
6
CONTINUOUS
10
1.4876551181102362
20
1.0183411417322834
11
1.4874529921259843
21
1.0178833858267717
0
LINE
8
BLACK
6
CONTINUOUS
10
1.4874529921259843
20
1.0178833858267717
11
1.4872746456692914
21
1.0169867322834645
0
LINE
8
BLACK
6
CONTINUOUS
10
1.4872746456692914
20
1.0169867322834645
11
1.486633188976378
21
1.0160267716535434
0
LINE
8
BLACK
6
CONTINUOUS
10
1.486633188976378
20
1.0160267716535434
11
1.4864397637795275
21
1.0155886614173228
0
LINE
8
BLACK
6
CONTINUOUS
10
1.4864397637795275
20
1.0155886614173228
11
1.4861404724409448
21
1.0152893700787402
0
LINE
8
BLACK
6
CONTINUOUS
10
1.4861404724409448
20
1.0152893700787402
11
1.4855677559055118
21
1.0144322440944882
0
LINE
8
BLACK
6
CONTINUOUS
10
1.4855677559055118
20
1.0144322440944882
11
1.484710590551181
21
1.0138594881889764
0
LINE
8
BLACK
6
CONTINUOUS
10
1.484710590551181
20
1.0138594881889764
11
1.4844112992125984
21
1.0135601968503938
0
LINE
8
BLACK
6
CONTINUOUS
10
1.4844112992125984
20
1.0135601968503938
11
1.4839731102362204
21
1.0133666929133858
0
LINE
8
BLACK
6
CONTINUOUS
10
1.4839731102362204
20
1.0133666929133858
11
1.4830132677165353
21
1.0127253543307086
0
LINE
8
BLACK
6
CONTINUOUS
10
1.4830132677165353
20
1.0127253543307086
11
1.4821166929133858
21
1.0125470078740157
0
LINE
8
BLACK
6
CONTINUOUS
10
1.4821166929133858
20
1.0125470078740157
11
1.4816588188976378
21
1.012344842519685
0
LINE
8
BLACK
6
CONTINUOUS
10
1.4816588188976378
20
1.012344842519685
11
1.480318622047244
21
1.0121893307086614
0
LINE
8
BLACK
6
CONTINUOUS
10
1.480318622047244
20
1.0121893307086614
11
1.48
21
1.0121259842519685
0
LINE
8
BLACK
6
CONTINUOUS
10
1.48
20
1.0121259842519685
11
1.4797723228346455
21
1.0121259842519685
0
LINE
8
BLACK
6
CONTINUOUS
10
1.4797723228346455
20
1.0121259842519685
11
1.4202277165354331
21
1.0121259842519685
0
LINE
8
BLACK
6
CONTINUOUS
10
1.4202277165354331
20
1.0121259842519685
11
1.4199999999999999
21
1.0121259842519685
0
LINE
8
BLACK
6
CONTINUOUS
10
1.4199999999999999
20
1.0121259842519685
11
1.4196813385826772
21
1.0121893307086614
0
LINE
8
BLACK
6
CONTINUOUS
10
1.4196813385826772
20
1.0121893307086614
11
1.4183411417322835
21
1.012344842519685
0
LINE
8
BLACK
6
CONTINUOUS
10
1.4183411417322835
20
1.012344842519685
11
1.4178832283464566
21
1.0125470078740157
0
LINE
8
BLACK
6
CONTINUOUS
10
1.4178832283464566
20
1.0125470078740157
11
1.4169867322834646
21
1.0127253543307086
0
LINE
8
BLACK
6
CONTINUOUS
10
1.4169867322834646
20
1.0127253543307086
11
1.4160269291338583
21
1.013366653543307
0
LINE
8
BLACK
6
CONTINUOUS
10
1.4160269291338583
20
1.013366653543307
11
1.4155886614173228
21
1.0135601968503938
0
LINE
8
BLACK
6
CONTINUOUS
10
1.4155886614173228
20
1.0135601968503938
11
1.4152892519685039
21
1.0138595669291339
0
LINE
8
BLACK
6
CONTINUOUS
10
1.4152892519685039
20
1.0138595669291339
11
1.4144322440944881
21
1.0144322440944882
0
LINE
8
BLACK
6
CONTINUOUS
10
1.4144322440944881
20
1.0144322440944882
11
1.4138595669291338
21
1.0152892519685039
0
LINE
8
BLACK
6
CONTINUOUS
10
1.4138595669291338
20
1.0152892519685039
11
1.4135601968503937
21
1.0155886614173228
0
LINE
8
BLACK
6
CONTINUOUS
10
1.4135601968503937
20
1.0155886614173228
11
1.4133666535433071
21
1.0160269291338582
0
LINE
8
BLACK
6
CONTINUOUS
10
1.4133666535433071
20
1.0160269291338582
11
1.4127253543307086
21
1.0169867322834645
0
LINE
8
BLACK
6
CONTINUOUS
10
1.4127253543307086
20
1.0169867322834645
11
1.4125470078740157
21
1.0178832283464567
0
LINE
8
BLACK
6
CONTINUOUS
10
1.4125470078740157
20
1.0178832283464567
11
1.412344842519685
21
1.0183411417322834
0
LINE
8
BLACK
6
CONTINUOUS
10
1.412344842519685
20
1.0183411417322834
11
1.4121893307086615
21
1.0196814173228346
0
LINE
8
BLACK
6
CONTINUOUS
10
1.4121893307086615
20
1.0196814173228346
11
1.4121259842519684
21
1.02
0
LINE
8
BLACK
6
CONTINUOUS
10
1.4121259842519684
20
1.02
11
1.4121259842519684
21
1.0800000000000001
0
LINE
8
BLACK
6
CONTINUOUS
10
1.4121259842519684
20
1.0800000000000001
11
1.4121893700787402
21
1.0803187007874016
0
LINE
8
BLACK
6
CONTINUOUS
10
1.4121893700787402
20
1.0803187007874016
11
1.412344842519685
21
1.0816588188976377
0
LINE
8
BLACK
6
CONTINUOUS
10
1.412344842519685
20
1.0816588188976377
11
1.4125470078740157
21
1.0821166929133859
0
LINE
8
BLACK
6
CONTINUOUS
10
1.4125470078740157
20
1.0821166929133859
11
1.4127253543307086
21
1.0830132677165354
0
LINE
8
BLACK
6
CONTINUOUS
10
1.4127253543307086
20
1.0830132677165354
11
1.4133666929133859
21
1.0839731102362204
0
LINE
8
BLACK
6
CONTINUOUS
10
1.4133666929133859
20
1.0839731102362204
11
1.4135601968503937
21
1.0844112992125985
0
LINE
8
BLACK
6
CONTINUOUS
10
1.4135601968503937
20
1.0844112992125985
11
1.4138594881889763
21
1.0847105905511811
0
LINE
8
BLACK
6
CONTINUOUS
10
1.4138594881889763
20
1.0847105905511811
11
1.4144322440944881
21
1.0855677559055117
0
LINE
8
BLACK
6
CONTINUOUS
10
1.4144322440944881
20
1.0855677559055117
11
1.4152893700787401
21
1.0861404724409449
0
LINE
8
BLACK
6
CONTINUOUS
10
1.4152893700787401
20
1.0861404724409449
11
1.4155886614173228
21
1.0864397637795276
0
LINE
8
BLACK
6
CONTINUOUS
10
1.4155886614173228
20
1.0864397637795276
11
1.4160267716535433
21
1.0866331889763778
0
LINE
8
BLACK
6
CONTINUOUS
10
1.4160267716535433
20
1.0866331889763778
11
1.4169867322834646
21
1.0872746456692912
0
LINE
8
BLACK
6
CONTINUOUS
10
1.4169867322834646
20
1.0872746456692912
11
1.4178833858267716
21
1.0874529921259841
0
LINE
8
BLACK
6
CONTINUOUS
10
1.4178833858267716
20
1.0874529921259841
11
1.4183411417322835
21
1.0876551181102363
0
LINE
8
BLACK
6
CONTINUOUS
10
1.4183411417322835
20
1.0876551181102363
11
1.4196809448818897
21
1.0878105511811023
0
LINE
8
BLACK
6
CONTINUOUS
10
1.4196809448818897
20
1.0878105511811023
11
1.4199999999999999
21
1.0878740157480316
0
LINE
8
BLACK
6
CONTINUOUS
10
1.4199999999999999
20
1.0878740157480316
11
1.48
21
1.0878740157480316
0
LINE
8
BLACK
6
CONTINUOUS
10
1.48
20
1.0878740157480316
11
1.4803191732283465
21
1.0878105118110235
  0
ENDSEC
  0
EOF
