  0
SECTION
  2
HEADER
  9
$ANGBASE
  50
0.0
  9
$ANGDIR
  70
1
  9
$MEASUREMENT
  70
0
  0
ENDSEC
  0
SECTION
  2
TABLES
  0
TABLE
  2
LTYPE
  70
4
  0
LTYPE
  5
40F
  2
CONTINUOUS
  70
0
  3
Solid line
  72
65
  73
0
  40
0.0
  0
LTYPE
  5
410
  2
DASHDOT
 70
0
  3
Dash Dot ____ _ ____ _
 72
65
 73
4
 40
2.0
 49
1.25
 49
-0.25
 49
0.25
 49
-0.25
  0
LTYPE
  5
411
  2
DASHED
 70
0
  3
Dashed __ __ __ __ __
 72
65
 73
2
 40
0.75
 49
0.5
 49
-0.25
  0
LTYPE
  5
43B
  2
DOTTED
 70
0
  3
Dotted .  .  .  .
 72
65
 73
2
 40
0.2
 49
0.0
 49
-0.2
  0
ENDTAB
  0
TABLE
  2
STYLE
  70
4
  0
STYLE
  2
KICAD
  70
0
  40
0
  41
1
  42
1
  50
0
  71
0
  3
isocp.shx
  0
STYLE
  2
KICADB
  70
0
  40
0
  41
1
  42
1
  50
0
  71
0
  3
isocp.shx
  0
STYLE
  2
KICADI
  70
0
  40
0
  41
1
  42
1
  50
15
  71
0
  3
isocp.shx
  0
STYLE
  2
KICADBI
  70
0
  40
0
  41
1
  42
1
  50
15
  71
0
  3
isocp.shx
  0
ENDTAB
  0
TABLE
  2
LAYER
  70
1
  0
LAYER
  2
BLACK
  70
0
  62
7
  6
CONTINUOUS
  0
ENDTAB
  0
ENDSEC
  0
SECTION
  2
ENTITIES
0
LINE
8
BLACK
6
CONTINUOUS
10
1.2769269685039371
20
0.1336753543307087
11
1.2782455511811024
21
0.1334116535433071
0
LINE
8
BLACK
6
CONTINUOUS
10
1.2782455511811024
20
0.1334116535433071
11
1.2783921653543306
21
0.1332827559055118
0
LINE
8
BLACK
6
CONTINUOUS
10
1.2783921653543306
20
0.1332827559055118
11
1.2785807874015749
21
0.1332322440944882
0
LINE
8
BLACK
6
CONTINUOUS
10
1.2785807874015749
20
0.1332322440944882
11
1.2795315354330707
21
0.1322814566929134
0
LINE
8
BLACK
6
CONTINUOUS
10
1.2795315354330707
20
0.1322814566929134
11
1.2805417322834645
21
0.1313937007874016
0
LINE
8
BLACK
6
CONTINUOUS
10
1.2805417322834645
20
0.1313937007874016
11
1.2850917716535433
21
0.1245685826771653
0
LINE
8
BLACK
6
CONTINUOUS
10
1.2850917716535433
20
0.1245685826771653
11
1.2888749606299212
21
0.1207853937007874
0
LINE
8
BLACK
6
CONTINUOUS
10
1.2888749606299212
20
0.1207853937007874
11
1.2928922440944881
21
0.1187767716535433
0
LINE
8
BLACK
6
CONTINUOUS
10
1.2928922440944881
20
0.1187767716535433
11
1.2951794094488189
21
0.1167485826771654
0
LINE
8
BLACK
6
CONTINUOUS
10
1.2951794094488189
20
0.1167485826771654
11
1.2961461023622047
21
0.1138485433070866
0
LINE
8
BLACK
6
CONTINUOUS
10
1.2961461023622047
20
0.1138485433070866
11
1.2955332283464567
21
0.1108536614173228
0
LINE
8
BLACK
6
CONTINUOUS
10
1.2955332283464567
20
0.1108536614173228
11
1.2935050393700787
21
0.1085664960629921
0
LINE
8
BLACK
6
CONTINUOUS
10
1.2935050393700787
20
0.1085664960629921
11
1.290605
21
0.1075998031496063
0
LINE
8
BLACK
6
CONTINUOUS
10
1.290605
20
0.1075998031496063
11
1.2876101574803149
21
0.1082126771653543
0
LINE
8
BLACK
6
CONTINUOUS
10
1.2876101574803149
20
0.1082126771653543
11
1.2827357874015748
21
0.1106498818897638
0
LINE
8
BLACK
6
CONTINUOUS
10
1.2827357874015748
20
0.1106498818897638
11
1.2820243700787401
21
0.1112806692913386
0
LINE
8
BLACK
6
CONTINUOUS
10
1.2820243700787401
20
0.1112806692913386
11
1.2815335433070867
21
0.111564094488189
0
LINE
8
BLACK
6
CONTINUOUS
10
1.2815335433070867
20
0.111564094488189
11
1.2815335433070867
21
0.0828423228346457
0
LINE
8
BLACK
6
CONTINUOUS
10
1.2815335433070867
20
0.0828423228346457
11
1.2902511811023623
21
0.0828423228346457
0
LINE
8
BLACK
6
CONTINUOUS
10
1.2902511811023623
20
0.0828423228346457
11
1.2932039370078741
21
0.0820511417322835
0
LINE
8
BLACK
6
CONTINUOUS
10
1.2932039370078741
20
0.0820511417322835
11
1.2953655118110237
21
0.0798895669291339
0
LINE
8
BLACK
6
CONTINUOUS
10
1.2953655118110237
20
0.0798895669291339
11
1.2961566929133859
21
0.076936811023622
0
LINE
8
BLACK
6
CONTINUOUS
10
1.2961566929133859
20
0.076936811023622
11
1.2953655118110237
21
0.0739840551181102
0
LINE
8
BLACK
6
CONTINUOUS
10
1.2953655118110237
20
0.0739840551181102
11
1.2932039370078741
21
0.0718224803149606
0
LINE
8
BLACK
6
CONTINUOUS
10
1.2932039370078741
20
0.0718224803149606
11
1.2902511811023623
21
0.0710312992125984
0
LINE
8
BLACK
6
CONTINUOUS
10
1.2902511811023623
20
0.0710312992125984
11
1.2756280314960629
21
0.0710312992125984
0
LINE
8
BLACK
6
CONTINUOUS
10
1.2756280314960629
20
0.0710312992125984
11
1.2610048425196849
21
0.0710312992125984
0
LINE
8
BLACK
6
CONTINUOUS
10
1.2610048425196849
20
0.0710312992125984
11
1.2580520866141731
21
0.0718224803149606
0
LINE
8
BLACK
6
CONTINUOUS
10
1.2580520866141731
20
0.0718224803149606
11
1.2558905118110235
21
0.0739840551181102
0
LINE
8
BLACK
6
CONTINUOUS
10
1.2558905118110235
20
0.0739840551181102
11
1.2550993307086613
21
0.076936811023622
0
LINE
8
BLACK
6
CONTINUOUS
10
1.2550993307086613
20
0.076936811023622
11
1.2558905118110235
21
0.0798895669291339
0
LINE
8
BLACK
6
CONTINUOUS
10
1.2558905118110235
20
0.0798895669291339
11
1.2580520866141731
21
0.0820511417322835
0
LINE
8
BLACK
6
CONTINUOUS
10
1.2580520866141731
20
0.0820511417322835
11
1.2610048425196849
21
0.0828423228346457
0
LINE
8
BLACK
6
CONTINUOUS
10
1.2610048425196849
20
0.0828423228346457
11
1.2697225196850392
21
0.0828423228346457
0
LINE
8
BLACK
6
CONTINUOUS
10
1.2697225196850392
20
0.0828423228346457
11
1.2697225196850392
21
0.1281179133858268
0
LINE
8
BLACK
6
CONTINUOUS
10
1.2697225196850392
20
0.1281179133858268
11
1.2700705511811023
21
0.1294168503937008
0
LINE
8
BLACK
6
CONTINUOUS
10
1.2700705511811023
20
0.1294168503937008
11
1.2703342913385827
21
0.1307354330708661
0
LINE
8
BLACK
6
CONTINUOUS
10
1.2703342913385827
20
0.1307354330708661
11
1.2704631496062992
21
0.1308820472440945
0
LINE
8
BLACK
6
CONTINUOUS
10
1.2704631496062992
20
0.1308820472440945
11
1.2705137007874014
21
0.1310706692913386
0
LINE
8
BLACK
6
CONTINUOUS
10
1.2705137007874014
20
0.1310706692913386
11
1.2714644488188975
21
0.1320214173228346
0
LINE
8
BLACK
6
CONTINUOUS
10
1.2714644488188975
20
0.1320214173228346
11
1.2723522440944881
21
0.1330316141732283
0
LINE
8
BLACK
6
CONTINUOUS
10
1.2723522440944881
20
0.1330316141732283
11
1.2725372047244095
21
0.1330941732283465
0
LINE
8
BLACK
6
CONTINUOUS
10
1.2725372047244095
20
0.1330941732283465
11
1.272675275590551
21
0.1332322440944882
0
LINE
8
BLACK
6
CONTINUOUS
10
1.272675275590551
20
0.1332322440944882
11
1.2739742125984252
21
0.1335802755905512
0
LINE
8
BLACK
6
CONTINUOUS
10
1.2739742125984252
20
0.1335802755905512
11
1.2752479921259843
21
0.1340111811023622
0
LINE
8
BLACK
6
CONTINUOUS
10
1.2752479921259843
20
0.1340111811023622
11
1.2754394094488188
21
0.133972874015748
0
LINE
8
BLACK
6
CONTINUOUS
10
1.2754394094488188
20
0.133972874015748
11
1.2756280314960629
21
0.1340234251968504
0
LINE
8
BLACK
6
CONTINUOUS
10
1.2756280314960629
20
0.1340234251968504
11
1.2769269685039371
21
0.1336753543307087
0
LINE
8
BLACK
6
CONTINUOUS
10
1.3281201968503937
20
0.1336720866141732
11
1.329450157480315
21
0.1333999606299213
0
LINE
8
BLACK
6
CONTINUOUS
10
1.329450157480315
20
0.1333999606299213
11
1.3343245669291339
21
0.1309627559055118
0
LINE
8
BLACK
6
CONTINUOUS
10
1.3343245669291339
20
0.1309627559055118
11
1.3350359448818898
21
0.1303318897637795
0
LINE
8
BLACK
6
CONTINUOUS
10
1.3350359448818898
20
0.1303318897637795
11
1.3358593307086615
21
0.1298565354330709
0
LINE
8
BLACK
6
CONTINUOUS
10
1.3358593307086615
20
0.1298565354330709
11
1.3382965354330709
21
0.1274193307086614
0
LINE
8
BLACK
6
CONTINUOUS
10
1.3382965354330709
20
0.1274193307086614
11
1.3387719291338582
21
0.1265958661417323
0
LINE
8
BLACK
6
CONTINUOUS
10
1.3387719291338582
20
0.1265958661417323
11
1.3394027559055117
21
0.1258845275590551
0
LINE
8
BLACK
6
CONTINUOUS
10
1.3394027559055117
20
0.1258845275590551
11
1.3418399606299212
21
0.121010157480315
0
LINE
8
BLACK
6
CONTINUOUS
10
1.3418399606299212
20
0.121010157480315
11
1.3419706692913385
21
0.1203713779527559
0
LINE
8
BLACK
6
CONTINUOUS
10
1.3419706692913385
20
0.1203713779527559
11
1.3422870866141732
21
0.1198014173228346
0
LINE
8
BLACK
6
CONTINUOUS
10
1.3422870866141732
20
0.1198014173228346
11
1.3447242913385826
21
0.1100526377952756
0
LINE
8
BLACK
6
CONTINUOUS
10
1.3447242913385826
20
0.1100526377952756
11
1.3447120078740158
21
0.1093240551181102
0
LINE
8
BLACK
6
CONTINUOUS
10
1.3447120078740158
20
0.1093240551181102
11
1.3449005905511811
21
0.1086203543307087
0
LINE
8
BLACK
6
CONTINUOUS
10
1.3449005905511811
20
0.1086203543307087
11
1.3449005905511811
21
0.0964343700787402
0
LINE
8
BLACK
6
CONTINUOUS
10
1.3449005905511811
20
0.0964343700787402
11
1.3447120078740158
21
0.0957306299212598
0
LINE
8
BLACK
6
CONTINUOUS
10
1.3447120078740158
20
0.0957306299212598
11
1.3447242913385826
21
0.0950020866141732
0
LINE
8
BLACK
6
CONTINUOUS
10
1.3447242913385826
20
0.0950020866141732
11
1.3422870866141732
21
0.0852533070866142
0
LINE
8
BLACK
6
CONTINUOUS
10
1.3422870866141732
20
0.0852533070866142
11
1.3419706692913385
21
0.0846833070866142
0
LINE
8
BLACK
6
CONTINUOUS
10
1.3419706692913385
20
0.0846833070866142
11
1.3418399606299212
21
0.0840445669291339
0
LINE
8
BLACK
6
CONTINUOUS
10
1.3418399606299212
20
0.0840445669291339
11
1.3394027559055117
21
0.079170157480315
0
LINE
8
BLACK
6
CONTINUOUS
10
1.3394027559055117
20
0.079170157480315
11
1.3387718897637795
21
0.0784587401574803
0
LINE
8
BLACK
6
CONTINUOUS
10
1.3387718897637795
20
0.0784587401574803
11
1.3382964960629922
21
0.0776353149606299
0
LINE
8
BLACK
6
CONTINUOUS
10
1.3382964960629922
20
0.0776353149606299
11
1.3358592913385827
21
0.0751981496062992
0
LINE
8
BLACK
6
CONTINUOUS
10
1.3358592913385827
20
0.0751981496062992
11
1.3350359448818898
21
0.0747227952755905
0
LINE
8
BLACK
6
CONTINUOUS
10
1.3350359448818898
20
0.0747227952755905
11
1.3343245669291339
21
0.074091968503937
0
LINE
8
BLACK
6
CONTINUOUS
10
1.3343245669291339
20
0.074091968503937
11
1.329450157480315
21
0.0716547637795276
0
LINE
8
BLACK
6
CONTINUOUS
10
1.329450157480315
20
0.0716547637795276
11
1.3281201968503937
21
0.0713825984251969
0
LINE
8
BLACK
6
CONTINUOUS
10
1.3281201968503937
20
0.0713825984251969
11
1.3268091338582677
21
0.0710312992125984
0
LINE
8
BLACK
6
CONTINUOUS
10
1.3268091338582677
20
0.0710312992125984
11
1.3219347244094488
21
0.0710312992125984
0
LINE
8
BLACK
6
CONTINUOUS
10
1.3219347244094488
20
0.0710312992125984
11
1.320623622047244
21
0.0713825984251969
0
LINE
8
BLACK
6
CONTINUOUS
10
1.320623622047244
20
0.0713825984251969
11
1.3192937007874015
21
0.0716547637795276
0
LINE
8
BLACK
6
CONTINUOUS
10
1.3192937007874015
20
0.0716547637795276
11
1.3144193307086613
21
0.074091968503937
0
LINE
8
BLACK
6
CONTINUOUS
10
1.3144193307086613
20
0.074091968503937
11
1.3137079527559055
21
0.0747227559055118
0
LINE
8
BLACK
6
CONTINUOUS
10
1.3137079527559055
20
0.0747227559055118
11
1.3128845669291338
21
0.0751981496062992
0
LINE
8
BLACK
6
CONTINUOUS
10
1.3128845669291338
20
0.0751981496062992
11
1.3104473622047244
21
0.0776353149606299
0
LINE
8
BLACK
6
CONTINUOUS
10
1.3104473622047244
20
0.0776353149606299
11
1.3099719291338583
21
0.0784587401574803
0
LINE
8
BLACK
6
CONTINUOUS
10
1.3099719291338583
20
0.0784587401574803
11
1.3093411023622048
21
0.079170157480315
0
LINE
8
BLACK
6
CONTINUOUS
10
1.3093411023622048
20
0.079170157480315
11
1.3069038976377954
21
0.0840445669291339
0
LINE
8
BLACK
6
CONTINUOUS
10
1.3069038976377954
20
0.0840445669291339
11
1.3067731496062991
21
0.0846832677165354
0
LINE
8
BLACK
6
CONTINUOUS
10
1.3067731496062991
20
0.0846832677165354
11
1.3064567716535433
21
0.0852532677165354
0
LINE
8
BLACK
6
CONTINUOUS
10
1.3064567716535433
20
0.0852532677165354
11
1.3040195669291339
21
0.0950020866141732
0
LINE
8
BLACK
6
CONTINUOUS
10
1.3040195669291339
20
0.0950020866141732
11
1.304031811023622
21
0.0957305511811024
0
LINE
8
BLACK
6
CONTINUOUS
10
1.304031811023622
20
0.0957305511811024
11
1.3038432283464567
21
0.0964343700787402
0
LINE
8
BLACK
6
CONTINUOUS
10
1.3038432283464567
20
0.0964343700787402
11
1.3038432283464567
21
0.1086203543307087
0
LINE
8
BLACK
6
CONTINUOUS
10
1.3038432283464567
20
0.1086203543307087
11
1.304031811023622
21
0.1093241338582677
0
LINE
8
BLACK
6
CONTINUOUS
10
1.304031811023622
20
0.1093241338582677
11
1.3040195669291339
21
0.1100526377952756
0
LINE
8
BLACK
6
CONTINUOUS
10
1.3040195669291339
20
0.1100526377952756
11
1.3064567716535433
21
0.1198014566929134
0
LINE
8
BLACK
6
CONTINUOUS
10
1.3064567716535433
20
0.1198014566929134
11
1.3067731496062991
21
0.1203714173228346
0
LINE
8
BLACK
6
CONTINUOUS
10
1.3067731496062991
20
0.1203714173228346
11
1.3069038976377954
21
0.121010157480315
0
LINE
8
BLACK
6
CONTINUOUS
10
1.3069038976377954
20
0.121010157480315
11
1.3093411023622048
21
0.1258845669291339
0
LINE
8
BLACK
6
CONTINUOUS
10
1.3093411023622048
20
0.1258845669291339
11
1.3099719291338583
21
0.1265959448818898
0
LINE
8
BLACK
6
CONTINUOUS
10
1.3099719291338583
20
0.1265959448818898
11
1.3104473228346456
21
0.1274193307086614
0
LINE
8
BLACK
6
CONTINUOUS
10
1.3104473228346456
20
0.1274193307086614
11
1.312884527559055
21
0.1298565354330709
0
LINE
8
BLACK
6
CONTINUOUS
10
1.312884527559055
20
0.1298565354330709
11
1.3137079527559055
21
0.1303319291338583
0
LINE
8
BLACK
6
CONTINUOUS
10
1.3137079527559055
20
0.1303319291338583
11
1.3144193307086613
21
0.1309627559055118
0
LINE
8
BLACK
6
CONTINUOUS
10
1.3144193307086613
20
0.1309627559055118
11
1.3192937007874015
21
0.1333999606299213
0
LINE
8
BLACK
6
CONTINUOUS
10
1.3192937007874015
20
0.1333999606299213
11
1.320623622047244
21
0.1336720866141732
0
LINE
8
BLACK
6
CONTINUOUS
10
1.320623622047244
20
0.1336720866141732
11
1.3219347244094488
21
0.1340234251968504
0
LINE
8
BLACK
6
CONTINUOUS
10
1.3219347244094488
20
0.1340234251968504
11
1.3268091338582677
21
0.1340234251968504
0
LINE
8
BLACK
6
CONTINUOUS
10
1.3268091338582677
20
0.1340234251968504
11
1.3281201968503937
21
0.1336720866141732
0
LINE
8
BLACK
6
CONTINUOUS
10
1.3205585433070866
20
0.1208272440944882
11
1.3194765748031496
21
0.1197452755905512
0
LINE
8
BLACK
6
CONTINUOUS
10
1.3194765748031496
20
0.1197452755905512
11
1.3177578346456693
21
0.1163078346456693
0
LINE
8
BLACK
6
CONTINUOUS
10
1.3177578346456693
20
0.1163078346456693
11
1.3156542519685039
21
0.1078933858267716
0
LINE
8
BLACK
6
CONTINUOUS
10
1.3156542519685039
20
0.1078933858267716
11
1.3156542519685039
21
0.0971612992125984
0
LINE
8
BLACK
6
CONTINUOUS
10
1.3156542519685039
20
0.0971612992125984
11
1.3177578346456693
21
0.0887468503937008
0
LINE
8
BLACK
6
CONTINUOUS
10
1.3177578346456693
20
0.0887468503937008
11
1.3194765748031496
21
0.0853093700787401
0
LINE
8
BLACK
6
CONTINUOUS
10
1.3194765748031496
20
0.0853093700787401
11
1.3205585039370078
21
0.0842274803149606
0
LINE
8
BLACK
6
CONTINUOUS
10
1.3205585039370078
20
0.0842274803149606
11
1.3233288582677165
21
0.0828423228346457
0
LINE
8
BLACK
6
CONTINUOUS
10
1.3233288582677165
20
0.0828423228346457
11
1.3254150393700788
21
0.0828423228346457
0
LINE
8
BLACK
6
CONTINUOUS
10
1.3254150393700788
20
0.0828423228346457
11
1.32818531496063
21
0.0842274803149606
0
LINE
8
BLACK
6
CONTINUOUS
10
1.32818531496063
20
0.0842274803149606
11
1.3292672440944882
21
0.0853093700787401
0
LINE
8
BLACK
6
CONTINUOUS
10
1.3292672440944882
20
0.0853093700787401
11
1.3309859448818897
21
0.088746811023622
0
LINE
8
BLACK
6
CONTINUOUS
10
1.3309859448818897
20
0.088746811023622
11
1.3330895669291338
21
0.0971612598425197
0
LINE
8
BLACK
6
CONTINUOUS
10
1.3330895669291338
20
0.0971612598425197
11
1.3330895669291338
21
0.1078934251968504
0
LINE
8
BLACK
6
CONTINUOUS
10
1.3330895669291338
20
0.1078934251968504
11
1.3309859842519685
21
0.1163077952755905
0
LINE
8
BLACK
6
CONTINUOUS
10
1.3309859842519685
20
0.1163077952755905
11
1.3292672440944882
21
0.1197453149606299
0
LINE
8
BLACK
6
CONTINUOUS
10
1.3292672440944882
20
0.1197453149606299
11
1.3281852755905512
21
0.1208272440944882
0
LINE
8
BLACK
6
CONTINUOUS
10
1.3281852755905512
20
0.1208272440944882
11
1.3254150393700788
21
0.1222124015748031
0
LINE
8
BLACK
6
CONTINUOUS
10
1.3254150393700788
20
0.1222124015748031
11
1.3233288582677165
21
0.1222124015748031
0
LINE
8
BLACK
6
CONTINUOUS
10
1.3233288582677165
20
0.1222124015748031
11
1.3205585433070866
21
0.1208272440944882
0
LINE
8
BLACK
6
CONTINUOUS
10
1.3817384645669291
20
0.1336720866141732
11
1.3830684251968504
21
0.1333999606299213
0
LINE
8
BLACK
6
CONTINUOUS
10
1.3830684251968504
20
0.1333999606299213
11
1.3879428346456693
21
0.1309627559055118
0
LINE
8
BLACK
6
CONTINUOUS
10
1.3879428346456693
20
0.1309627559055118
11
1.3886542125984251
21
0.1303318897637795
0
LINE
8
BLACK
6
CONTINUOUS
10
1.3886542125984251
20
0.1303318897637795
11
1.3894776771653543
21
0.1298564960629921
0
LINE
8
BLACK
6
CONTINUOUS
10
1.3894776771653543
20
0.1298564960629921
11
1.391914842519685
21
0.1274192913385827
0
LINE
8
BLACK
6
CONTINUOUS
10
1.391914842519685
20
0.1274192913385827
11
1.3934432677165354
21
0.1247719291338583
0
LINE
8
BLACK
6
CONTINUOUS
10
1.3934432677165354
20
0.1247719291338583
11
1.3934432677165354
21
0.121715
0
LINE
8
BLACK
6
CONTINUOUS
10
1.3934432677165354
20
0.121715
11
1.3919147637795275
21
0.1190676377952756
0
LINE
8
BLACK
6
CONTINUOUS
10
1.3919147637795275
20
0.1190676377952756
11
1.3892674015748032
21
0.1175392125984252
0
LINE
8
BLACK
6
CONTINUOUS
10
1.3892674015748032
20
0.1175392125984252
11
1.3862104724409448
21
0.1175392125984252
0
LINE
8
BLACK
6
CONTINUOUS
10
1.3862104724409448
20
0.1175392125984252
11
1.3835631102362205
21
0.1190677165354331
0
LINE
8
BLACK
6
CONTINUOUS
10
1.3835631102362205
20
0.1190677165354331
11
1.3818035826771653
21
0.1208272440944882
0
LINE
8
BLACK
6
CONTINUOUS
10
1.3818035826771653
20
0.1208272440944882
11
1.3790333070866141
21
0.1222124015748031
0
LINE
8
BLACK
6
CONTINUOUS
10
1.3790333070866141
20
0.1222124015748031
11
1.3696355511811023
21
0.1222124015748031
0
LINE
8
BLACK
6
CONTINUOUS
10
1.3696355511811023
20
0.1222124015748031
11
1.3668652362204725
21
0.1208272440944882
0
LINE
8
BLACK
6
CONTINUOUS
10
1.3668652362204725
20
0.1208272440944882
11
1.3657832677165354
21
0.1197452755905512
0
LINE
8
BLACK
6
CONTINUOUS
10
1.3657832677165354
20
0.1197452755905512
11
1.3643981496062991
21
0.116975
0
LINE
8
BLACK
6
CONTINUOUS
10
1.3643981496062991
20
0.116975
11
1.3643981496062991
21
0.1144529921259843
0
LINE
8
BLACK
6
CONTINUOUS
10
1.3643981496062991
20
0.1144529921259843
11
1.3660913779527559
21
0.1093732283464567
0
LINE
8
BLACK
6
CONTINUOUS
10
1.3660913779527559
20
0.1093732283464567
11
1.3943520078740157
21
0.0811126377952756
0
LINE
8
BLACK
6
CONTINUOUS
10
1.3943520078740157
20
0.0811126377952756
11
1.3947407086614172
21
0.0804393307086614
0
LINE
8
BLACK
6
CONTINUOUS
10
1.3947407086614172
20
0.0804393307086614
11
1.3952905118110235
21
0.0798895669291339
0
LINE
8
BLACK
6
CONTINUOUS
10
1.3952905118110235
20
0.0798895669291339
11
1.3954917322834646
21
0.0791385826771654
0
LINE
8
BLACK
6
CONTINUOUS
10
1.3954917322834646
20
0.0791385826771654
11
1.3958804724409448
21
0.0784652755905512
0
LINE
8
BLACK
6
CONTINUOUS
10
1.3958804724409448
20
0.0784652755905512
11
1.3958804724409448
21
0.0776877559055118
0
LINE
8
BLACK
6
CONTINUOUS
10
1.3958804724409448
20
0.0776877559055118
11
1.3960816929133857
21
0.076936811023622
0
LINE
8
BLACK
6
CONTINUOUS
10
1.3960816929133857
20
0.076936811023622
11
1.3958804724409448
21
0.0761858267716535
0
LINE
8
BLACK
6
CONTINUOUS
10
1.3958804724409448
20
0.0761858267716535
11
1.3958804724409448
21
0.0754083464566929
0
LINE
8
BLACK
6
CONTINUOUS
10
1.3958804724409448
20
0.0754083464566929
11
1.3954917322834646
21
0.074735
0
LINE
8
BLACK
6
CONTINUOUS
10
1.3954917322834646
20
0.074735
11
1.3952905118110235
21
0.0739840551181102
0
LINE
8
BLACK
6
CONTINUOUS
10
1.3952905118110235
20
0.0739840551181102
11
1.3947407086614172
21
0.0734342519685039
0
LINE
8
BLACK
6
CONTINUOUS
10
1.3947407086614172
20
0.0734342519685039
11
1.3943520078740157
21
0.0727609842519685
0
LINE
8
BLACK
6
CONTINUOUS
10
1.3943520078740157
20
0.0727609842519685
11
1.3936787007874016
21
0.0723722440944882
0
LINE
8
BLACK
6
CONTINUOUS
10
1.3936787007874016
20
0.0723722440944882
11
1.3931289370078739
21
0.0718224803149606
0
LINE
8
BLACK
6
CONTINUOUS
10
1.3931289370078739
20
0.0718224803149606
11
1.3923779527559055
21
0.0716212204724409
0
LINE
8
BLACK
6
CONTINUOUS
10
1.3923779527559055
20
0.0716212204724409
11
1.3917046456692912
21
0.0712325196850394
0
LINE
8
BLACK
6
CONTINUOUS
10
1.3917046456692912
20
0.0712325196850394
11
1.3909271653543307
21
0.0712325196850394
0
LINE
8
BLACK
6
CONTINUOUS
10
1.3909271653543307
20
0.0712325196850394
11
1.3901761811023621
21
0.0710312992125984
0
LINE
8
BLACK
6
CONTINUOUS
10
1.3901761811023621
20
0.0710312992125984
11
1.3584926377952755
21
0.0710312992125984
0
LINE
8
BLACK
6
CONTINUOUS
10
1.3584926377952755
20
0.0710312992125984
11
1.3555398818897637
21
0.0718224803149606
0
LINE
8
BLACK
6
CONTINUOUS
10
1.3555398818897637
20
0.0718224803149606
11
1.3533783070866141
21
0.0739840551181102
0
LINE
8
BLACK
6
CONTINUOUS
10
1.3533783070866141
20
0.0739840551181102
11
1.3525871259842519
21
0.076936811023622
0
LINE
8
BLACK
6
CONTINUOUS
10
1.3525871259842519
20
0.076936811023622
11
1.3533783070866141
21
0.0798895669291339
0
LINE
8
BLACK
6
CONTINUOUS
10
1.3533783070866141
20
0.0798895669291339
11
1.3555398818897637
21
0.0820511417322835
0
LINE
8
BLACK
6
CONTINUOUS
10
1.3555398818897637
20
0.0820511417322835
11
1.3584926377952755
21
0.0828423228346457
0
LINE
8
BLACK
6
CONTINUOUS
10
1.3584926377952755
20
0.0828423228346457
11
1.3759190157480314
21
0.0828423228346457
0
LINE
8
BLACK
6
CONTINUOUS
10
1.3759190157480314
20
0.0828423228346457
11
1.3567540157480316
21
0.1020073228346457
0
LINE
8
BLACK
6
CONTINUOUS
10
1.3567540157480316
20
0.1020073228346457
11
1.3560752362204724
21
0.1031829133858268
0
LINE
8
BLACK
6
CONTINUOUS
10
1.3560752362204724
20
0.1031829133858268
11
1.3553274015748031
21
0.1043156299212598
0
LINE
8
BLACK
6
CONTINUOUS
10
1.3553274015748031
20
0.1043156299212598
11
1.3528901968503937
21
0.1116272440944882
0
LINE
8
BLACK
6
CONTINUOUS
10
1.3528901968503937
20
0.1116272440944882
11
1.3528331889763778
21
0.1125762598425197
0
LINE
8
BLACK
6
CONTINUOUS
10
1.3528331889763778
20
0.1125762598425197
11
1.3525871259842519
21
0.1134947244094488
0
LINE
8
BLACK
6
CONTINUOUS
10
1.3525871259842519
20
0.1134947244094488
11
1.3525871259842519
21
0.1183691338582677
0
LINE
8
BLACK
6
CONTINUOUS
10
1.3525871259842519
20
0.1183691338582677
11
1.3529384251968504
21
0.1196801968503937
0
LINE
8
BLACK
6
CONTINUOUS
10
1.3529384251968504
20
0.1196801968503937
11
1.3532105905511811
21
0.121010157480315
0
LINE
8
BLACK
6
CONTINUOUS
10
1.3532105905511811
20
0.121010157480315
11
1.3556477952755905
21
0.1258845669291339
0
LINE
8
BLACK
6
CONTINUOUS
10
1.3556477952755905
20
0.1258845669291339
11
1.356278622047244
21
0.1265959448818898
0
LINE
8
BLACK
6
CONTINUOUS
10
1.356278622047244
20
0.1265959448818898
11
1.3567540157480316
21
0.1274193307086614
0
LINE
8
BLACK
6
CONTINUOUS
10
1.3567540157480316
20
0.1274193307086614
11
1.359191220472441
21
0.1298565354330709
0
LINE
8
BLACK
6
CONTINUOUS
10
1.359191220472441
20
0.1298565354330709
11
1.3600146456692912
21
0.1303319291338583
0
LINE
8
BLACK
6
CONTINUOUS
10
1.3600146456692912
20
0.1303319291338583
11
1.3607260236220473
21
0.1309627559055118
0
LINE
8
BLACK
6
CONTINUOUS
10
1.3607260236220473
20
0.1309627559055118
11
1.3656003937007875
21
0.1333999606299213
0
LINE
8
BLACK
6
CONTINUOUS
10
1.3656003937007875
20
0.1333999606299213
11
1.36693031496063
21
0.1336720866141732
0
LINE
8
BLACK
6
CONTINUOUS
10
1.36693031496063
20
0.1336720866141732
11
1.3682414173228346
21
0.1340234251968504
0
LINE
8
BLACK
6
CONTINUOUS
10
1.3682414173228346
20
0.1340234251968504
11
1.380427401574803
21
0.1340234251968504
0
LINE
8
BLACK
6
CONTINUOUS
10
1.380427401574803
20
0.1340234251968504
11
1.3817384645669291
21
0.1336720866141732
0
LINE
8
BLACK
6
CONTINUOUS
10
1.2468972440944881
20
0.1332322440944882
11
1.2490588188976377
21
0.1310706692913386
0
LINE
8
BLACK
6
CONTINUOUS
10
1.2490588188976377
20
0.1310706692913386
11
1.2498499999999999
21
0.1281179133858268
0
LINE
8
BLACK
6
CONTINUOUS
10
1.2498499999999999
20
0.1281179133858268
11
1.2490588188976377
21
0.125165157480315
0
LINE
8
BLACK
6
CONTINUOUS
10
1.2490588188976377
20
0.125165157480315
11
1.2468972440944881
21
0.1230035826771654
0
LINE
8
BLACK
6
CONTINUOUS
10
1.2468972440944881
20
0.1230035826771654
11
1.2439444881889763
21
0.1222124015748031
0
LINE
8
BLACK
6
CONTINUOUS
10
1.2439444881889763
20
0.1222124015748031
11
1.2187797244094487
21
0.1222124015748031
0
LINE
8
BLACK
6
CONTINUOUS
10
1.2187797244094487
20
0.1222124015748031
11
1.2371865354330709
21
0.0792630708661417
0
LINE
8
BLACK
6
CONTINUOUS
10
1.2371865354330709
20
0.0792630708661417
11
1.2376224803149607
21
0.0762374015748031
0
LINE
8
BLACK
6
CONTINUOUS
10
1.2376224803149607
20
0.0762374015748031
11
1.2364871653543308
21
0.0733991338582677
0
LINE
8
BLACK
6
CONTINUOUS
10
1.2364871653543308
20
0.0733991338582677
11
1.2340848031496063
21
0.0715087795275591
0
LINE
8
BLACK
6
CONTINUOUS
10
1.2340848031496063
20
0.0715087795275591
11
1.2310591338582677
21
0.0710728346456693
0
LINE
8
BLACK
6
CONTINUOUS
10
1.2310591338582677
20
0.0710728346456693
11
1.2282208267716535
21
0.0722081496062992
0
LINE
8
BLACK
6
CONTINUOUS
10
1.2282208267716535
20
0.0722081496062992
11
1.226330472440945
21
0.0746105118110236
0
LINE
8
BLACK
6
CONTINUOUS
10
1.226330472440945
20
0.0746105118110236
11
1.204395748031496
21
0.1257916141732283
0
LINE
8
BLACK
6
CONTINUOUS
10
1.204395748031496
20
0.1257916141732283
11
1.204226062992126
21
0.1269690551181102
0
LINE
8
BLACK
6
CONTINUOUS
10
1.204226062992126
20
0.1269690551181102
11
1.2039182677165354
21
0.1281179133858268
0
LINE
8
BLACK
6
CONTINUOUS
10
1.2039182677165354
20
0.1281179133858268
11
1.2040107874015749
21
0.1284632677165354
0
LINE
8
BLACK
6
CONTINUOUS
10
1.2040107874015749
20
0.1284632677165354
11
1.2039598031496064
21
0.1288172834645669
0
LINE
8
BLACK
6
CONTINUOUS
10
1.2039598031496064
20
0.1288172834645669
11
1.2044016141732283
21
0.129921811023622
0
LINE
8
BLACK
6
CONTINUOUS
10
1.2044016141732283
20
0.129921811023622
11
1.2047094488188976
21
0.1310706692913386
0
LINE
8
BLACK
6
CONTINUOUS
10
1.2047094488188976
20
0.1310706692913386
11
1.2049622834645668
21
0.1313235039370079
0
LINE
8
BLACK
6
CONTINUOUS
10
1.2049622834645668
20
0.1313235039370079
11
1.2050951181102363
21
0.1316555905511811
0
LINE
8
BLACK
6
CONTINUOUS
10
1.2050951181102363
20
0.1316555905511811
11
1.2060299999999999
21
0.132391220472441
0
LINE
8
BLACK
6
CONTINUOUS
10
1.2060299999999999
20
0.132391220472441
11
1.2068710236220472
21
0.1332322440944882
0
LINE
8
BLACK
6
CONTINUOUS
10
1.2068710236220472
20
0.1332322440944882
11
1.2072164173228346
21
0.1333247637795276
0
LINE
8
BLACK
6
CONTINUOUS
10
1.2072164173228346
20
0.1333247637795276
11
1.2074974803149605
21
0.1335459448818898
0
LINE
8
BLACK
6
CONTINUOUS
10
1.2074974803149605
20
0.1335459448818898
11
1.2086749212598424
21
0.1337155905511811
0
LINE
8
BLACK
6
CONTINUOUS
10
1.2086749212598424
20
0.1337155905511811
11
1.209823779527559
21
0.1340234251968504
0
LINE
8
BLACK
6
CONTINUOUS
10
1.209823779527559
20
0.1340234251968504
11
1.2439444881889763
21
0.1340234251968504
0
LINE
8
BLACK
6
CONTINUOUS
10
1.2439444881889763
20
0.1340234251968504
11
1.2468972440944881
21
0.1332322440944882
0
LINE
8
BLACK
6
CONTINUOUS
10
1.2444600393700787
20
0.2132322440944882
11
1.2466216141732283
21
0.2110706692913386
0
LINE
8
BLACK
6
CONTINUOUS
10
1.2466216141732283
20
0.2110706692913386
11
1.2474127952755905
21
0.2081179133858268
0
LINE
8
BLACK
6
CONTINUOUS
10
1.2474127952755905
20
0.2081179133858268
11
1.2474127952755905
21
0.156936811023622
0
LINE
8
BLACK
6
CONTINUOUS
10
1.2474127952755905
20
0.156936811023622
11
1.2466216141732283
21
0.1539840551181102
0
LINE
8
BLACK
6
CONTINUOUS
10
1.2466216141732283
20
0.1539840551181102
11
1.2444600393700787
21
0.1518224803149606
0
LINE
8
BLACK
6
CONTINUOUS
10
1.2444600393700787
20
0.1518224803149606
11
1.2415072834645668
21
0.1510312992125984
0
LINE
8
BLACK
6
CONTINUOUS
10
1.2415072834645668
20
0.1510312992125984
11
1.2220097244094488
21
0.1510312992125984
0
LINE
8
BLACK
6
CONTINUOUS
10
1.2220097244094488
20
0.1510312992125984
11
1.220698622047244
21
0.1513825984251969
0
LINE
8
BLACK
6
CONTINUOUS
10
1.220698622047244
20
0.1513825984251969
11
1.2193687007874014
21
0.1516547637795276
0
LINE
8
BLACK
6
CONTINUOUS
10
1.2193687007874014
20
0.1516547637795276
11
1.2144942913385826
21
0.154091968503937
0
LINE
8
BLACK
6
CONTINUOUS
10
1.2144942913385826
20
0.154091968503937
11
1.2137828740157479
21
0.1547227559055118
0
LINE
8
BLACK
6
CONTINUOUS
10
1.2137828740157479
20
0.1547227559055118
11
1.212959527559055
21
0.1551981496062992
0
LINE
8
BLACK
6
CONTINUOUS
10
1.212959527559055
20
0.1551981496062992
11
1.2105223228346456
21
0.1576353149606299
0
LINE
8
BLACK
6
CONTINUOUS
10
1.2105223228346456
20
0.1576353149606299
11
1.2100468897637795
21
0.1584587007874016
0
LINE
8
BLACK
6
CONTINUOUS
10
1.2100468897637795
20
0.1584587007874016
11
1.2094160236220473
21
0.1591701968503937
0
LINE
8
BLACK
6
CONTINUOUS
10
1.2094160236220473
20
0.1591701968503937
11
1.2069788582677166
21
0.1640446062992126
0
LINE
8
BLACK
6
CONTINUOUS
10
1.2069788582677166
20
0.1640446062992126
11
1.2067066535433071
21
0.1653746850393701
0
LINE
8
BLACK
6
CONTINUOUS
10
1.2067066535433071
20
0.1653746850393701
11
1.2063554330708661
21
0.1666855905511811
0
LINE
8
BLACK
6
CONTINUOUS
10
1.2063554330708661
20
0.1666855905511811
11
1.2063554330708661
21
0.1739971653543307
0
LINE
8
BLACK
6
CONTINUOUS
10
1.2063554330708661
20
0.1739971653543307
11
1.2067066535433071
21
0.175308031496063
0
LINE
8
BLACK
6
CONTINUOUS
10
1.2067066535433071
20
0.175308031496063
11
1.2069788582677166
21
0.1766381496062992
0
LINE
8
BLACK
6
CONTINUOUS
10
1.2069788582677166
20
0.1766381496062992
11
1.2094160236220473
21
0.1815125590551181
0
LINE
8
BLACK
6
CONTINUOUS
10
1.2094160236220473
20
0.1815125590551181
11
1.2100468897637795
21
0.1822240157480315
0
LINE
8
BLACK
6
CONTINUOUS
10
1.2100468897637795
20
0.1822240157480315
11
1.2105223228346456
21
0.1830474409448819
0
LINE
8
BLACK
6
CONTINUOUS
10
1.2105223228346456
20
0.1830474409448819
11
1.2125787795275591
21
0.1851038582677165
0
LINE
8
BLACK
6
CONTINUOUS
10
1.2125787795275591
20
0.1851038582677165
11
1.2124840944881889
21
0.185267874015748
0
LINE
8
BLACK
6
CONTINUOUS
10
1.2124840944881889
20
0.185267874015748
11
1.2118532677165355
21
0.1859792913385827
0
LINE
8
BLACK
6
CONTINUOUS
10
1.2118532677165355
20
0.1859792913385827
11
1.209416062992126
21
0.1908537007874016
0
LINE
8
BLACK
6
CONTINUOUS
10
1.209416062992126
20
0.1908537007874016
11
1.2091438976377953
21
0.1921836220472441
0
LINE
8
BLACK
6
CONTINUOUS
10
1.2091438976377953
20
0.1921836220472441
11
1.2087925984251968
21
0.1934947244094488
0
LINE
8
BLACK
6
CONTINUOUS
10
1.2087925984251968
20
0.1934947244094488
11
1.2087925984251968
21
0.1983691338582677
0
LINE
8
BLACK
6
CONTINUOUS
10
1.2087925984251968
20
0.1983691338582677
11
1.2091438976377953
21
0.1996801968503937
0
LINE
8
BLACK
6
CONTINUOUS
10
1.2091438976377953
20
0.1996801968503937
11
1.209416062992126
21
0.2010101574803149
0
LINE
8
BLACK
6
CONTINUOUS
10
1.209416062992126
20
0.2010101574803149
11
1.2118532677165355
21
0.2058845669291338
0
LINE
8
BLACK
6
CONTINUOUS
10
1.2118532677165355
20
0.2058845669291338
11
1.2124840944881889
21
0.2065959448818898
0
LINE
8
BLACK
6
CONTINUOUS
10
1.2124840944881889
20
0.2065959448818898
11
1.2129594881889763
21
0.2074193307086614
0
LINE
8
BLACK
6
CONTINUOUS
10
1.2129594881889763
20
0.2074193307086614
11
1.2153966929133857
21
0.2098565354330709
0
LINE
8
BLACK
6
CONTINUOUS
10
1.2153966929133857
20
0.2098565354330709
11
1.2162201181102361
21
0.2103319291338583
0
LINE
8
BLACK
6
CONTINUOUS
10
1.2162201181102361
20
0.2103319291338583
11
1.216931496062992
21
0.2109627559055118
0
LINE
8
BLACK
6
CONTINUOUS
10
1.216931496062992
20
0.2109627559055118
11
1.2218058661417324
21
0.2133999606299213
0
LINE
8
BLACK
6
CONTINUOUS
10
1.2218058661417324
20
0.2133999606299213
11
1.2231357874015747
21
0.2136720866141732
0
LINE
8
BLACK
6
CONTINUOUS
10
1.2231357874015747
20
0.2136720866141732
11
1.2244468897637795
21
0.2140234251968504
0
LINE
8
BLACK
6
CONTINUOUS
10
1.2244468897637795
20
0.2140234251968504
11
1.2415072834645668
21
0.2140234251968504
0
LINE
8
BLACK
6
CONTINUOUS
10
1.2415072834645668
20
0.2140234251968504
11
1.2444600393700787
21
0.2132322440944882
0
LINE
8
BLACK
6
CONTINUOUS
10
1.2203253543307087
20
0.176147125984252
11
1.2195515354330708
21
0.1753733464566929
0
LINE
8
BLACK
6
CONTINUOUS
10
1.2195515354330708
20
0.1753733464566929
11
1.2181664566929133
21
0.1726030708661417
0
LINE
8
BLACK
6
CONTINUOUS
10
1.2181664566929133
20
0.1726030708661417
11
1.2181664566929133
21
0.1680796456692913
0
LINE
8
BLACK
6
CONTINUOUS
10
1.2181664566929133
20
0.1680796456692913
11
1.2195515354330708
21
0.1653093700787402
0
LINE
8
BLACK
6
CONTINUOUS
10
1.2195515354330708
20
0.1653093700787402
11
1.220633464566929
21
0.1642274803149606
0
LINE
8
BLACK
6
CONTINUOUS
10
1.220633464566929
20
0.1642274803149606
11
1.2234038188976377
21
0.1628423228346457
0
LINE
8
BLACK
6
CONTINUOUS
10
1.2234038188976377
20
0.1628423228346457
11
1.2356017716535432
21
0.1628423228346457
0
LINE
8
BLACK
6
CONTINUOUS
10
1.2356017716535432
20
0.1628423228346457
11
1.2356017716535432
21
0.1778404330708661
0
LINE
8
BLACK
6
CONTINUOUS
10
1.2356017716535432
20
0.1778404330708661
11
1.2254051968503936
21
0.1778404330708661
0
LINE
8
BLACK
6
CONTINUOUS
10
1.2254051968503936
20
0.1778404330708661
11
1.2203253543307087
21
0.176147125984252
0
LINE
8
BLACK
6
CONTINUOUS
10
1.2230707086614172
20
0.2008272440944882
11
1.2219887401574803
21
0.1997452755905512
0
LINE
8
BLACK
6
CONTINUOUS
10
1.2219887401574803
20
0.1997452755905512
11
1.220603622047244
21
0.196975
0
LINE
8
BLACK
6
CONTINUOUS
10
1.220603622047244
20
0.196975
11
1.220603622047244
21
0.1948888188976378
0
LINE
8
BLACK
6
CONTINUOUS
10
1.220603622047244
20
0.1948888188976378
11
1.2219887401574803
21
0.1921185433070866
0
LINE
8
BLACK
6
CONTINUOUS
10
1.2219887401574803
20
0.1921185433070866
11
1.2230707086614172
21
0.1910366141732283
0
LINE
8
BLACK
6
CONTINUOUS
10
1.2230707086614172
20
0.1910366141732283
11
1.2258410236220472
21
0.1896514566929134
0
LINE
8
BLACK
6
CONTINUOUS
10
1.2258410236220472
20
0.1896514566929134
11
1.2356017716535432
21
0.1896514566929134
0
LINE
8
BLACK
6
CONTINUOUS
10
1.2356017716535432
20
0.1896514566929134
11
1.2356017716535432
21
0.2022124015748031
0
LINE
8
BLACK
6
CONTINUOUS
10
1.2356017716535432
20
0.2022124015748031
11
1.2258410236220472
21
0.2022124015748031
0
LINE
8
BLACK
6
CONTINUOUS
10
1.2258410236220472
20
0.2022124015748031
11
1.2230707086614172
21
0.2008272440944882
0
LINE
8
BLACK
6
CONTINUOUS
10
1.3297618897637795
20
0.2132322440944882
11
1.3319234645669291
21
0.2110706692913386
0
LINE
8
BLACK
6
CONTINUOUS
10
1.3319234645669291
20
0.2110706692913386
11
1.3327146456692913
21
0.2081179133858268
0
LINE
8
BLACK
6
CONTINUOUS
10
1.3327146456692913
20
0.2081179133858268
11
1.3327146456692913
21
0.156936811023622
0
LINE
8
BLACK
6
CONTINUOUS
10
1.3327146456692913
20
0.156936811023622
11
1.3319234645669291
21
0.1539840551181102
0
LINE
8
BLACK
6
CONTINUOUS
10
1.3319234645669291
20
0.1539840551181102
11
1.3297618897637795
21
0.1518224803149606
0
LINE
8
BLACK
6
CONTINUOUS
10
1.3297618897637795
20
0.1518224803149606
11
1.3268091338582677
21
0.1510312992125984
0
LINE
8
BLACK
6
CONTINUOUS
10
1.3268091338582677
20
0.1510312992125984
11
1.3024371653543307
21
0.1510312992125984
0
LINE
8
BLACK
6
CONTINUOUS
10
1.3024371653543307
20
0.1510312992125984
11
1.2994844094488189
21
0.1518224803149606
0
LINE
8
BLACK
6
CONTINUOUS
10
1.2994844094488189
20
0.1518224803149606
11
1.2975006299212599
21
0.1538062204724409
0
LINE
8
BLACK
6
CONTINUOUS
10
1.2975006299212599
20
0.1538062204724409
11
1.2971068897637794
21
0.1530187007874016
0
LINE
8
BLACK
6
CONTINUOUS
10
1.2971068897637794
20
0.1530187007874016
11
1.2945558661417322
21
0.1513343700787401
0
LINE
8
BLACK
6
CONTINUOUS
10
1.2945558661417322
20
0.1513343700787401
11
1.2915044488188976
21
0.1511511811023622
0
LINE
8
BLACK
6
CONTINUOUS
10
1.2915044488188976
20
0.1511511811023622
11
1.2887702362204725
21
0.1525183070866142
0
LINE
8
BLACK
6
CONTINUOUS
10
1.2887702362204725
20
0.1525183070866142
11
1.2870859055118109
21
0.1550693307086614
0
LINE
8
BLACK
6
CONTINUOUS
10
1.2870859055118109
20
0.1550693307086614
11
1.2835575196850393
21
0.1656544488188976
0
LINE
8
BLACK
6
CONTINUOUS
10
1.2835575196850393
20
0.1656544488188976
11
1.2676984645669291
21
0.1656544488188976
0
LINE
8
BLACK
6
CONTINUOUS
10
1.2676984645669291
20
0.1656544488188976
11
1.2641700787401575
21
0.1550693307086614
0
LINE
8
BLACK
6
CONTINUOUS
10
1.2641700787401575
20
0.1550693307086614
11
1.2624857874015747
21
0.1525182677165354
0
LINE
8
BLACK
6
CONTINUOUS
10
1.2624857874015747
20
0.1525182677165354
11
1.2597515748031496
21
0.1511511811023622
0
LINE
8
BLACK
6
CONTINUOUS
10
1.2597515748031496
20
0.1511511811023622
11
1.2567001574803149
21
0.1513343700787401
0
LINE
8
BLACK
6
CONTINUOUS
10
1.2567001574803149
20
0.1513343700787401
11
1.254149094488189
21
0.1530186614173228
0
LINE
8
BLACK
6
CONTINUOUS
10
1.254149094488189
20
0.1530186614173228
11
1.2527820078740157
21
0.155752874015748
0
LINE
8
BLACK
6
CONTINUOUS
10
1.2527820078740157
20
0.155752874015748
11
1.2529651968503936
21
0.1588042913385827
0
LINE
8
BLACK
6
CONTINUOUS
10
1.2529651968503936
20
0.1588042913385827
11
1.270025590551181
21
0.2099854330708661
0
LINE
8
BLACK
6
CONTINUOUS
10
1.270025590551181
20
0.2099854330708661
11
1.2706790551181102
21
0.210975157480315
0
LINE
8
BLACK
6
CONTINUOUS
10
1.2706790551181102
20
0.210975157480315
11
1.2712095275590551
21
0.212036062992126
0
LINE
8
BLACK
6
CONTINUOUS
10
1.2712095275590551
20
0.212036062992126
11
1.271510905511811
21
0.2122350393700787
0
LINE
8
BLACK
6
CONTINUOUS
10
1.271510905511811
20
0.2122350393700787
11
1.2717099212598424
21
0.2125364566929134
0
LINE
8
BLACK
6
CONTINUOUS
10
1.2717099212598424
20
0.2125364566929134
11
1.272770748031496
21
0.2130668503937008
0
LINE
8
BLACK
6
CONTINUOUS
10
1.272770748031496
20
0.2130668503937008
11
1.2737605511811023
21
0.2137203937007874
0
LINE
8
BLACK
6
CONTINUOUS
10
1.2737605511811023
20
0.2137203937007874
11
1.274121062992126
21
0.2137420078740157
0
LINE
8
BLACK
6
CONTINUOUS
10
1.274121062992126
20
0.2137420078740157
11
1.274444094488189
21
0.2139035433070866
0
LINE
8
BLACK
6
CONTINUOUS
10
1.274444094488189
20
0.2139035433070866
11
1.2756280314960629
21
0.2138324803149606
0
LINE
8
BLACK
6
CONTINUOUS
10
1.2756280314960629
20
0.2138324803149606
11
1.276811968503937
21
0.2139035433070866
0
LINE
8
BLACK
6
CONTINUOUS
10
1.276811968503937
20
0.2139035433070866
11
1.2771349606299212
21
0.2137420078740157
0
LINE
8
BLACK
6
CONTINUOUS
10
1.2771349606299212
20
0.2137420078740157
11
1.2774955118110236
21
0.2137203937007874
0
LINE
8
BLACK
6
CONTINUOUS
10
1.2774955118110236
20
0.2137203937007874
11
1.2784854330708662
21
0.2130667716535433
0
LINE
8
BLACK
6
CONTINUOUS
10
1.2784854330708662
20
0.2130667716535433
11
1.2795461811023621
21
0.2125364173228347
0
LINE
8
BLACK
6
CONTINUOUS
10
1.2795461811023621
20
0.2125364173228347
11
1.2797451181102362
21
0.2122350787401575
0
LINE
8
BLACK
6
CONTINUOUS
10
1.2797451181102362
20
0.2122350787401575
11
1.2800465748031495
21
0.212036062992126
0
LINE
8
BLACK
6
CONTINUOUS
10
1.2800465748031495
20
0.212036062992126
11
1.2805770078740157
21
0.2109750787401575
0
LINE
8
BLACK
6
CONTINUOUS
10
1.2805770078740157
20
0.2109750787401575
11
1.2812305118110237
21
0.2099853937007874
0
LINE
8
BLACK
6
CONTINUOUS
10
1.2812305118110237
20
0.2099853937007874
11
1.2977774803149607
21
0.1603442125984252
0
LINE
8
BLACK
6
CONTINUOUS
10
1.2977774803149607
20
0.1603442125984252
11
1.2994844094488189
21
0.1620511417322835
0
LINE
8
BLACK
6
CONTINUOUS
10
1.2994844094488189
20
0.1620511417322835
11
1.3024371653543307
21
0.1628423228346457
0
LINE
8
BLACK
6
CONTINUOUS
10
1.3024371653543307
20
0.1628423228346457
11
1.3209036220472441
21
0.1628423228346457
0
LINE
8
BLACK
6
CONTINUOUS
10
1.3209036220472441
20
0.1628423228346457
11
1.3209036220472441
21
0.2081179133858268
0
LINE
8
BLACK
6
CONTINUOUS
10
1.3209036220472441
20
0.2081179133858268
11
1.3216948031496063
21
0.2110706692913386
0
LINE
8
BLACK
6
CONTINUOUS
10
1.3216948031496063
20
0.2110706692913386
11
1.3238563779527559
21
0.2132322440944882
0
LINE
8
BLACK
6
CONTINUOUS
10
1.3238563779527559
20
0.2132322440944882
11
1.3268091338582677
21
0.2140234251968504
0
LINE
8
BLACK
6
CONTINUOUS
10
1.3268091338582677
20
0.2140234251968504
11
1.3297618897637795
21
0.2132322440944882
0
LINE
8
BLACK
6
CONTINUOUS
10
1.2716354724409449
20
0.1774654724409449
11
1.2796205118110235
21
0.1774654724409449
0
LINE
8
BLACK
6
CONTINUOUS
10
1.2796205118110235
20
0.1774654724409449
11
1.2756279921259843
21
0.1894429921259843
0
LINE
8
BLACK
6
CONTINUOUS
10
1.2756279921259843
20
0.1894429921259843
11
1.2716354724409449
21
0.1774654724409449
0
LINE
8
BLACK
6
CONTINUOUS
10
1.3865383070866142
20
0.2136920866141732
11
1.3877991732283463
21
0.2134694094488189
0
LINE
8
BLACK
6
CONTINUOUS
10
1.3877991732283463
20
0.2134694094488189
11
1.3880005511811024
21
0.2133002755905512
0
LINE
8
BLACK
6
CONTINUOUS
10
1.3880005511811024
20
0.2133002755905512
11
1.3882545669291337
21
0.2132322440944882
0
LINE
8
BLACK
6
CONTINUOUS
10
1.3882545669291337
20
0.2132322440944882
11
1.3891598425196849
21
0.2123269291338583
0
LINE
8
BLACK
6
CONTINUOUS
10
1.3891598425196849
20
0.2123269291338583
11
1.39014031496063
21
0.2115037401574803
0
LINE
8
BLACK
6
CONTINUOUS
10
1.39014031496063
20
0.2115037401574803
11
1.3902301574803149
21
0.2112566141732283
0
LINE
8
BLACK
6
CONTINUOUS
10
1.3902301574803149
20
0.2112566141732283
11
1.3904161417322833
21
0.2110706692913386
0
LINE
8
BLACK
6
CONTINUOUS
10
1.3904161417322833
20
0.2110706692913386
11
1.3907475196850394
21
0.2098338976377953
0
LINE
8
BLACK
6
CONTINUOUS
10
1.3907475196850394
20
0.2098338976377953
11
1.3911849999999999
21
0.2086308661417323
0
LINE
8
BLACK
6
CONTINUOUS
10
1.3911849999999999
20
0.2086308661417323
11
1.391139251968504
21
0.2083718897637795
0
LINE
8
BLACK
6
CONTINUOUS
10
1.391139251968504
20
0.2083718897637795
11
1.3912073228346455
21
0.2081179133858268
0
LINE
8
BLACK
6
CONTINUOUS
10
1.3912073228346455
20
0.2081179133858268
11
1.3912073228346455
21
0.156936811023622
0
LINE
8
BLACK
6
CONTINUOUS
10
1.3912073228346455
20
0.156936811023622
11
1.3904161417322833
21
0.1539840551181102
0
LINE
8
BLACK
6
CONTINUOUS
10
1.3904161417322833
20
0.1539840551181102
11
1.3882545669291337
21
0.1518224803149606
0
LINE
8
BLACK
6
CONTINUOUS
10
1.3882545669291337
20
0.1518224803149606
11
1.3853018110236219
21
0.1510312992125984
0
LINE
8
BLACK
6
CONTINUOUS
10
1.3853018110236219
20
0.1510312992125984
11
1.3823490551181101
21
0.1518224803149606
0
LINE
8
BLACK
6
CONTINUOUS
10
1.3823490551181101
20
0.1518224803149606
11
1.3801874803149605
21
0.1539840551181102
0
LINE
8
BLACK
6
CONTINUOUS
10
1.3801874803149605
20
0.1539840551181102
11
1.3793962992125983
21
0.156936811023622
0
LINE
8
BLACK
6
CONTINUOUS
10
1.3793962992125983
20
0.156936811023622
11
1.3793962992125983
21
0.1814984645669291
0
LINE
8
BLACK
6
CONTINUOUS
10
1.3793962992125983
20
0.1814984645669291
11
1.3735928740157479
21
0.1690625984251969
0
LINE
8
BLACK
6
CONTINUOUS
10
1.3735928740157479
20
0.1690625984251969
11
1.3732579527559055
21
0.1686637007874016
0
LINE
8
BLACK
6
CONTINUOUS
10
1.3732579527559055
20
0.1686637007874016
11
1.3730799212598426
21
0.168174094488189
0
LINE
8
BLACK
6
CONTINUOUS
10
1.3730799212598426
20
0.168174094488189
11
1.3722901181102363
21
0.1675109842519685
0
LINE
8
BLACK
6
CONTINUOUS
10
1.3722901181102363
20
0.1675109842519685
11
1.3716272440944881
21
0.1667214566929134
0
LINE
8
BLACK
6
CONTINUOUS
10
1.3716272440944881
20
0.1667214566929134
11
1.3711377559055118
21
0.1665434645669291
0
LINE
8
BLACK
6
CONTINUOUS
10
1.3711377559055118
20
0.1665434645669291
11
1.370738779527559
21
0.1662084645669291
0
LINE
8
BLACK
6
CONTINUOUS
10
1.370738779527559
20
0.1662084645669291
11
1.3697231889763779
21
0.1660290551181102
0
LINE
8
BLACK
6
CONTINUOUS
10
1.3697231889763779
20
0.1660290551181102
11
1.3687543700787401
21
0.1656767716535433
0
LINE
8
BLACK
6
CONTINUOUS
10
1.3687543700787401
20
0.1656767716535433
11
1.3682414960629921
21
0.1657673228346457
0
LINE
8
BLACK
6
CONTINUOUS
10
1.3682414960629921
20
0.1657673228346457
11
1.3677284645669292
21
0.1656767322834646
0
LINE
8
BLACK
6
CONTINUOUS
10
1.3677284645669292
20
0.1656767322834646
11
1.3667591732283464
21
0.1660291732283465
0
LINE
8
BLACK
6
CONTINUOUS
10
1.3667591732283464
20
0.1660291732283465
11
1.3657440551181101
21
0.1662085039370079
0
LINE
8
BLACK
6
CONTINUOUS
10
1.3657440551181101
20
0.1662085039370079
11
1.3653451968503936
21
0.1665433464566929
0
LINE
8
BLACK
6
CONTINUOUS
10
1.3653451968503936
20
0.1665433464566929
11
1.364855590551181
21
0.1667214173228346
0
LINE
8
BLACK
6
CONTINUOUS
10
1.364855590551181
20
0.1667214173228346
11
1.3641924803149605
21
0.1675111811023622
0
LINE
8
BLACK
6
CONTINUOUS
10
1.3641924803149605
20
0.1675111811023622
11
1.3634029133858268
21
0.1681741338582677
0
LINE
8
BLACK
6
CONTINUOUS
10
1.3634029133858268
20
0.1681741338582677
11
1.3632248818897637
21
0.1686636614173228
0
LINE
8
BLACK
6
CONTINUOUS
10
1.3632248818897637
20
0.1686636614173228
11
1.3628899606299212
21
0.1690625984251969
0
LINE
8
BLACK
6
CONTINUOUS
10
1.3628899606299212
20
0.1690625984251969
11
1.3570865748031495
21
0.1814983858267717
0
LINE
8
BLACK
6
CONTINUOUS
10
1.3570865748031495
20
0.1814983858267717
11
1.3570865748031495
21
0.156936811023622
0
LINE
8
BLACK
6
CONTINUOUS
10
1.3570865748031495
20
0.156936811023622
11
1.3562953937007873
21
0.1539840551181102
0
LINE
8
BLACK
6
CONTINUOUS
10
1.3562953937007873
20
0.1539840551181102
11
1.3541338188976377
21
0.1518224803149606
0
LINE
8
BLACK
6
CONTINUOUS
10
1.3541338188976377
20
0.1518224803149606
11
1.3511810629921259
21
0.1510312992125984
0
LINE
8
BLACK
6
CONTINUOUS
10
1.3511810629921259
20
0.1510312992125984
11
1.3482283070866141
21
0.1518224803149606
0
LINE
8
BLACK
6
CONTINUOUS
10
1.3482283070866141
20
0.1518224803149606
11
1.3460667322834645
21
0.1539840551181102
0
LINE
8
BLACK
6
CONTINUOUS
10
1.3460667322834645
20
0.1539840551181102
11
1.3452755511811023
21
0.156936811023622
0
LINE
8
BLACK
6
CONTINUOUS
10
1.3452755511811023
20
0.156936811023622
11
1.3452755511811023
21
0.2081179133858268
0
LINE
8
BLACK
6
CONTINUOUS
10
1.3452755511811023
20
0.2081179133858268
11
1.3453435826771654
21
0.2083718897637795
0
LINE
8
BLACK
6
CONTINUOUS
10
1.3453435826771654
20
0.2083718897637795
11
1.345297874015748
21
0.2086308661417323
0
LINE
8
BLACK
6
CONTINUOUS
10
1.345297874015748
20
0.2086308661417323
11
1.3457353149606299
21
0.2098338976377953
0
LINE
8
BLACK
6
CONTINUOUS
10
1.3457353149606299
20
0.2098338976377953
11
1.3460667322834645
21
0.2110706692913386
0
LINE
8
BLACK
6
CONTINUOUS
10
1.3460667322834645
20
0.2110706692913386
11
1.3462526771653542
21
0.2112566141732283
0
LINE
8
BLACK
6
CONTINUOUS
10
1.3462526771653542
20
0.2112566141732283
11
1.3463425590551181
21
0.2115037401574803
0
LINE
8
BLACK
6
CONTINUOUS
10
1.3463425590551181
20
0.2115037401574803
11
1.3473229921259842
21
0.2123269291338583
0
LINE
8
BLACK
6
CONTINUOUS
10
1.3473229921259842
20
0.2123269291338583
11
1.3482283070866141
21
0.2132322440944882
0
LINE
8
BLACK
6
CONTINUOUS
10
1.3482283070866141
20
0.2132322440944882
11
1.3484822834645669
21
0.2133002755905512
0
LINE
8
BLACK
6
CONTINUOUS
10
1.3484822834645669
20
0.2133002755905512
11
1.3486837007874015
21
0.2134694094488189
0
LINE
8
BLACK
6
CONTINUOUS
10
1.3486837007874015
20
0.2134694094488189
11
1.3499445275590551
21
0.2136920866141732
0
LINE
8
BLACK
6
CONTINUOUS
10
1.3499445275590551
20
0.2136920866141732
11
1.3511810629921259
21
0.2140234251968504
0
LINE
8
BLACK
6
CONTINUOUS
10
1.3511810629921259
20
0.2140234251968504
11
1.3514350393700787
21
0.2139553543307087
0
LINE
8
BLACK
6
CONTINUOUS
10
1.3514350393700787
20
0.2139553543307087
11
1.3516940157480315
21
0.2140011023622047
0
LINE
8
BLACK
6
CONTINUOUS
10
1.3516940157480315
20
0.2140011023622047
11
1.3528970472440944
21
0.2135636220472441
0
LINE
8
BLACK
6
CONTINUOUS
10
1.3528970472440944
20
0.2135636220472441
11
1.3541338188976377
21
0.2132322440944882
0
LINE
8
BLACK
6
CONTINUOUS
10
1.3541338188976377
20
0.2132322440944882
11
1.3543197637795275
21
0.2130462598425197
0
LINE
8
BLACK
6
CONTINUOUS
10
1.3543197637795275
20
0.2130462598425197
11
1.3545668897637795
21
0.2129564173228346
0
LINE
8
BLACK
6
CONTINUOUS
10
1.3545668897637795
20
0.2129564173228346
11
1.3553900787401574
21
0.2119759448818898
0
LINE
8
BLACK
6
CONTINUOUS
10
1.3553900787401574
20
0.2119759448818898
11
1.3562953937007873
21
0.2110706692913386
0
LINE
8
BLACK
6
CONTINUOUS
10
1.3562953937007873
20
0.2110706692913386
11
1.3563634251968504
21
0.2108166535433071
0
LINE
8
BLACK
6
CONTINUOUS
10
1.3563634251968504
20
0.2108166535433071
11
1.356532559055118
21
0.2106152755905512
0
LINE
8
BLACK
6
CONTINUOUS
10
1.356532559055118
20
0.2106152755905512
11
1.3682414173228346
21
0.1855247244094488
0
LINE
8
BLACK
6
CONTINUOUS
10
1.3682414173228346
20
0.1855247244094488
11
1.3799503543307086
21
0.2106152755905512
0
LINE
8
BLACK
6
CONTINUOUS
10
1.3799503543307086
20
0.2106152755905512
11
1.3801194094488189
21
0.2108166141732283
0
LINE
8
BLACK
6
CONTINUOUS
10
1.3801194094488189
20
0.2108166141732283
11
1.3801874803149605
21
0.2110706692913386
0
LINE
8
BLACK
6
CONTINUOUS
10
1.3801874803149605
20
0.2110706692913386
11
1.381092874015748
21
0.211976062992126
0
LINE
8
BLACK
6
CONTINUOUS
10
1.381092874015748
20
0.211976062992126
11
1.3819159842519684
21
0.2129564173228346
0
LINE
8
BLACK
6
CONTINUOUS
10
1.3819159842519684
20
0.2129564173228346
11
1.3821630708661417
21
0.2130462598425197
0
LINE
8
BLACK
6
CONTINUOUS
10
1.3821630708661417
20
0.2130462598425197
11
1.3823490551181101
21
0.2132322440944882
0
LINE
8
BLACK
6
CONTINUOUS
10
1.3823490551181101
20
0.2132322440944882
11
1.3835857874015747
21
0.2135636220472441
0
LINE
8
BLACK
6
CONTINUOUS
10
1.3835857874015747
20
0.2135636220472441
11
1.3847888582677166
21
0.2140011023622047
0
LINE
8
BLACK
6
CONTINUOUS
10
1.3847888582677166
20
0.2140011023622047
11
1.3850477952755904
21
0.2139553543307087
0
LINE
8
BLACK
6
CONTINUOUS
10
1.3850477952755904
20
0.2139553543307087
11
1.3853018110236219
21
0.2140234251968504
0
LINE
8
BLACK
6
CONTINUOUS
10
1.3853018110236219
20
0.2140234251968504
11
1.3865383070866142
21
0.2136920866141732
0
LINE
8
BLACK
6
CONTINUOUS
10
0.509205905511811
20
0.3254387007874016
11
0.5201836614173229
21
0.3230506299212598
0
LINE
8
BLACK
6
CONTINUOUS
10
0.5201836614173229
20
0.3230506299212598
11
0.530709842519685
21
0.3191245669291338
0
LINE
8
BLACK
6
CONTINUOUS
10
0.530709842519685
20
0.3191245669291338
11
0.5405701574803149
21
0.3137404330708661
0
LINE
8
BLACK
6
CONTINUOUS
10
0.5405701574803149
20
0.3137404330708661
11
0.5495638188976378
21
0.3070078346456693
0
LINE
8
BLACK
6
CONTINUOUS
10
0.5495638188976378
20
0.3070078346456693
11
0.5575078346456693
21
0.2990638188976378
0
LINE
8
BLACK
6
CONTINUOUS
10
0.5575078346456693
20
0.2990638188976378
11
0.5642404330708661
21
0.2900701574803149
0
LINE
8
BLACK
6
CONTINUOUS
10
0.5642404330708661
20
0.2900701574803149
11
0.5696245669291339
21
0.2802098425196851
0
LINE
8
BLACK
6
CONTINUOUS
10
0.5696245669291339
20
0.2802098425196851
11
0.5735506299212598
21
0.2696836614173228
0
LINE
8
BLACK
6
CONTINUOUS
10
0.5735506299212598
20
0.2696836614173228
11
0.5759387007874016
21
0.258705905511811
0
LINE
8
BLACK
6
CONTINUOUS
10
0.5759387007874016
20
0.258705905511811
11
0.5767401574803149
21
0.2475
0
LINE
8
BLACK
6
CONTINUOUS
10
0.5767401574803149
20
0.2475
11
0.5759387007874016
21
0.236294094488189
0
LINE
8
BLACK
6
CONTINUOUS
10
0.5759387007874016
20
0.236294094488189
11
0.5735506299212598
21
0.2253163385826772
0
LINE
8
BLACK
6
CONTINUOUS
10
0.5735506299212598
20
0.2253163385826772
11
0.5696245669291339
21
0.214790157480315
0
LINE
8
BLACK
6
CONTINUOUS
10
0.5696245669291339
20
0.214790157480315
11
0.5642404330708661
21
0.204929842519685
0
LINE
8
BLACK
6
CONTINUOUS
10
0.5642404330708661
20
0.204929842519685
11
0.5575078346456693
21
0.1959361811023622
0
LINE
8
BLACK
6
CONTINUOUS
10
0.5575078346456693
20
0.1959361811023622
11
0.5495638188976378
21
0.1879921653543307
0
LINE
8
BLACK
6
CONTINUOUS
10
0.5495638188976378
20
0.1879921653543307
11
0.5405701574803149
21
0.1812595669291339
0
LINE
8
BLACK
6
CONTINUOUS
10
0.5405701574803149
20
0.1812595669291339
11
0.530709842519685
21
0.1758754330708661
0
LINE
8
BLACK
6
CONTINUOUS
10
0.530709842519685
20
0.1758754330708661
11
0.5201836614173229
21
0.1719493700787401
0
LINE
8
BLACK
6
CONTINUOUS
10
0.5201836614173229
20
0.1719493700787401
11
0.509205905511811
21
0.1695612992125984
0
LINE
8
BLACK
6
CONTINUOUS
10
0.509205905511811
20
0.1695612992125984
11
0.498
21
0.168759842519685
0
LINE
8
BLACK
6
CONTINUOUS
10
0.498
20
0.168759842519685
11
0.4867940944881889
21
0.1695612992125984
0
LINE
8
BLACK
6
CONTINUOUS
10
0.4867940944881889
20
0.1695612992125984
11
0.4758163385826771
21
0.1719493700787401
0
LINE
8
BLACK
6
CONTINUOUS
10
0.4758163385826771
20
0.1719493700787401
11
0.4652901574803149
21
0.1758754330708661
0
LINE
8
BLACK
6
CONTINUOUS
10
0.4652901574803149
20
0.1758754330708661
11
0.455429842519685
21
0.1812595669291339
0
LINE
8
BLACK
6
CONTINUOUS
10
0.455429842519685
20
0.1812595669291339
11
0.4464361811023622
21
0.1879921653543307
0
LINE
8
BLACK
6
CONTINUOUS
10
0.4464361811023622
20
0.1879921653543307
11
0.4384921653543307
21
0.1959361811023622
0
LINE
8
BLACK
6
CONTINUOUS
10
0.4384921653543307
20
0.1959361811023622
11
0.4317595669291339
21
0.204929842519685
0
LINE
8
BLACK
6
CONTINUOUS
10
0.4317595669291339
20
0.204929842519685
11
0.4263754330708661
21
0.214790157480315
0
LINE
8
BLACK
6
CONTINUOUS
10
0.4263754330708661
20
0.214790157480315
11
0.4224493700787402
21
0.2253163385826772
0
LINE
8
BLACK
6
CONTINUOUS
10
0.4224493700787402
20
0.2253163385826772
11
0.4200612992125984
21
0.236294094488189
0
LINE
8
BLACK
6
CONTINUOUS
10
0.4200612992125984
20
0.236294094488189
11
0.419259842519685
21
0.2475
0
LINE
8
BLACK
6
CONTINUOUS
10
0.419259842519685
20
0.2475
11
0.4200612992125984
21
0.258705905511811
0
LINE
8
BLACK
6
CONTINUOUS
10
0.4200612992125984
20
0.258705905511811
11
0.4224493700787402
21
0.2696836614173228
0
LINE
8
BLACK
6
CONTINUOUS
10
0.4224493700787402
20
0.2696836614173228
11
0.4263754330708661
21
0.2802098425196851
0
LINE
8
BLACK
6
CONTINUOUS
10
0.4263754330708661
20
0.2802098425196851
11
0.4317595669291339
21
0.2900701574803149
0
LINE
8
BLACK
6
CONTINUOUS
10
0.4317595669291339
20
0.2900701574803149
11
0.4384921653543307
21
0.2990638188976378
0
LINE
8
BLACK
6
CONTINUOUS
10
0.4384921653543307
20
0.2990638188976378
11
0.4464361811023622
21
0.3070078346456693
0
LINE
8
BLACK
6
CONTINUOUS
10
0.4464361811023622
20
0.3070078346456693
11
0.455429842519685
21
0.3137404330708661
0
LINE
8
BLACK
6
CONTINUOUS
10
0.455429842519685
20
0.3137404330708661
11
0.4652901574803149
21
0.3191245669291338
0
LINE
8
BLACK
6
CONTINUOUS
10
0.4652901574803149
20
0.3191245669291338
11
0.4758163385826771
21
0.3230506299212598
0
LINE
8
BLACK
6
CONTINUOUS
10
0.4758163385826771
20
0.3230506299212598
11
0.4867940944881889
21
0.3254387007874016
0
LINE
8
BLACK
6
CONTINUOUS
10
0.4867940944881889
20
0.3254387007874016
11
0.498
21
0.3262401574803149
0
LINE
8
BLACK
6
CONTINUOUS
10
0.498
20
0.3262401574803149
11
0.509205905511811
21
0.3254387007874016
0
LINE
8
BLACK
6
CONTINUOUS
10
0.909205905511811
20
0.3254387007874016
11
0.9201836614173228
21
0.3230506299212598
0
LINE
8
BLACK
6
CONTINUOUS
10
0.9201836614173228
20
0.3230506299212598
11
0.930709842519685
21
0.3191245669291338
0
LINE
8
BLACK
6
CONTINUOUS
10
0.930709842519685
20
0.3191245669291338
11
0.9405701574803149
21
0.3137404330708661
0
LINE
8
BLACK
6
CONTINUOUS
10
0.9405701574803149
20
0.3137404330708661
11
0.9495638188976377
21
0.3070078346456693
0
LINE
8
BLACK
6
CONTINUOUS
10
0.9495638188976377
20
0.3070078346456693
11
0.9575078346456692
21
0.2990638188976378
0
LINE
8
BLACK
6
CONTINUOUS
10
0.9575078346456692
20
0.2990638188976378
11
0.9642404330708662
21
0.2900701574803149
0
LINE
8
BLACK
6
CONTINUOUS
10
0.9642404330708662
20
0.2900701574803149
11
0.9696245669291338
21
0.2802098425196851
0
LINE
8
BLACK
6
CONTINUOUS
10
0.9696245669291338
20
0.2802098425196851
11
0.9735506299212598
21
0.2696836614173228
0
LINE
8
BLACK
6
CONTINUOUS
10
0.9735506299212598
20
0.2696836614173228
11
0.9759387007874015
21
0.258705905511811
0
LINE
8
BLACK
6
CONTINUOUS
10
0.9759387007874015
20
0.258705905511811
11
0.976740157480315
21
0.2475
0
LINE
8
BLACK
6
CONTINUOUS
10
0.976740157480315
20
0.2475
11
0.9759387007874015
21
0.236294094488189
0
LINE
8
BLACK
6
CONTINUOUS
10
0.9759387007874015
20
0.236294094488189
11
0.9735506299212598
21
0.2253163385826772
0
LINE
8
BLACK
6
CONTINUOUS
10
0.9735506299212598
20
0.2253163385826772
11
0.9696245669291338
21
0.214790157480315
0
LINE
8
BLACK
6
CONTINUOUS
10
0.9696245669291338
20
0.214790157480315
11
0.9642404330708662
21
0.204929842519685
0
LINE
8
BLACK
6
CONTINUOUS
10
0.9642404330708662
20
0.204929842519685
11
0.9575078346456692
21
0.1959361811023622
0
LINE
8
BLACK
6
CONTINUOUS
10
0.9575078346456692
20
0.1959361811023622
11
0.9495638188976377
21
0.1879921653543307
0
LINE
8
BLACK
6
CONTINUOUS
10
0.9495638188976377
20
0.1879921653543307
11
0.9405701574803149
21
0.1812595669291339
0
LINE
8
BLACK
6
CONTINUOUS
10
0.9405701574803149
20
0.1812595669291339
11
0.930709842519685
21
0.1758754330708661
0
LINE
8
BLACK
6
CONTINUOUS
10
0.930709842519685
20
0.1758754330708661
11
0.9201836614173228
21
0.1719493700787401
0
LINE
8
BLACK
6
CONTINUOUS
10
0.9201836614173228
20
0.1719493700787401
11
0.909205905511811
21
0.1695612992125984
0
LINE
8
BLACK
6
CONTINUOUS
10
0.909205905511811
20
0.1695612992125984
11
0.898
21
0.168759842519685
0
LINE
8
BLACK
6
CONTINUOUS
10
0.898
20
0.168759842519685
11
0.8867940944881889
21
0.1695612992125984
0
LINE
8
BLACK
6
CONTINUOUS
10
0.8867940944881889
20
0.1695612992125984
11
0.8758163385826772
21
0.1719493700787401
0
LINE
8
BLACK
6
CONTINUOUS
10
0.8758163385826772
20
0.1719493700787401
11
0.8652901574803149
21
0.1758754330708661
0
LINE
8
BLACK
6
CONTINUOUS
10
0.8652901574803149
20
0.1758754330708661
11
0.855429842519685
21
0.1812595669291339
0
LINE
8
BLACK
6
CONTINUOUS
10
0.855429842519685
20
0.1812595669291339
11
0.8464361811023622
21
0.1879921653543307
0
LINE
8
BLACK
6
CONTINUOUS
10
0.8464361811023622
20
0.1879921653543307
11
0.8384921653543307
21
0.1959361811023622
0
LINE
8
BLACK
6
CONTINUOUS
10
0.8384921653543307
20
0.1959361811023622
11
0.8317595669291339
21
0.204929842519685
0
LINE
8
BLACK
6
CONTINUOUS
10
0.8317595669291339
20
0.204929842519685
11
0.8263754330708661
21
0.214790157480315
0
LINE
8
BLACK
6
CONTINUOUS
10
0.8263754330708661
20
0.214790157480315
11
0.8224493700787402
21
0.2253163385826772
0
LINE
8
BLACK
6
CONTINUOUS
10
0.8224493700787402
20
0.2253163385826772
11
0.8200612992125984
21
0.236294094488189
0
LINE
8
BLACK
6
CONTINUOUS
10
0.8200612992125984
20
0.236294094488189
11
0.819259842519685
21
0.2475
0
LINE
8
BLACK
6
CONTINUOUS
10
0.819259842519685
20
0.2475
11
0.8200612992125984
21
0.258705905511811
0
LINE
8
BLACK
6
CONTINUOUS
10
0.8200612992125984
20
0.258705905511811
11
0.8224493700787402
21
0.2696836614173228
0
LINE
8
BLACK
6
CONTINUOUS
10
0.8224493700787402
20
0.2696836614173228
11
0.8263754330708661
21
0.2802098425196851
0
LINE
8
BLACK
6
CONTINUOUS
10
0.8263754330708661
20
0.2802098425196851
11
0.8317595669291339
21
0.2900701574803149
0
LINE
8
BLACK
6
CONTINUOUS
10
0.8317595669291339
20
0.2900701574803149
11
0.8384921653543307
21
0.2990638188976378
0
LINE
8
BLACK
6
CONTINUOUS
10
0.8384921653543307
20
0.2990638188976378
11
0.8464361811023622
21
0.3070078346456693
0
LINE
8
BLACK
6
CONTINUOUS
10
0.8464361811023622
20
0.3070078346456693
11
0.855429842519685
21
0.3137404330708661
0
LINE
8
BLACK
6
CONTINUOUS
10
0.855429842519685
20
0.3137404330708661
11
0.8652901574803149
21
0.3191245669291338
0
LINE
8
BLACK
6
CONTINUOUS
10
0.8652901574803149
20
0.3191245669291338
11
0.8758163385826772
21
0.3230506299212598
0
LINE
8
BLACK
6
CONTINUOUS
10
0.8758163385826772
20
0.3230506299212598
11
0.8867940944881889
21
0.3254387007874016
0
LINE
8
BLACK
6
CONTINUOUS
10
0.8867940944881889
20
0.3254387007874016
11
0.898
21
0.3262401574803149
0
LINE
8
BLACK
6
CONTINUOUS
10
0.898
20
0.3262401574803149
11
0.909205905511811
21
0.3254387007874016
0
LINE
8
BLACK
6
CONTINUOUS
10
1.1092059055118111
20
0.3254387007874016
11
1.1201836614173228
21
0.3230506299212598
0
LINE
8
BLACK
6
CONTINUOUS
10
1.1201836614173228
20
0.3230506299212598
11
1.1307098425196851
21
0.3191245669291338
0
LINE
8
BLACK
6
CONTINUOUS
10
1.1307098425196851
20
0.3191245669291338
11
1.1405701574803149
21
0.3137404330708661
0
LINE
8
BLACK
6
CONTINUOUS
10
1.1405701574803149
20
0.3137404330708661
11
1.1495638188976378
21
0.3070078346456693
0
LINE
8
BLACK
6
CONTINUOUS
10
1.1495638188976378
20
0.3070078346456693
11
1.1575078346456693
21
0.2990638188976378
0
LINE
8
BLACK
6
CONTINUOUS
10
1.1575078346456693
20
0.2990638188976378
11
1.1642404330708662
21
0.2900701574803149
0
LINE
8
BLACK
6
CONTINUOUS
10
1.1642404330708662
20
0.2900701574803149
11
1.1696245669291339
21
0.2802098425196851
0
LINE
8
BLACK
6
CONTINUOUS
10
1.1696245669291339
20
0.2802098425196851
11
1.1735506299212599
21
0.2696836614173228
0
LINE
8
BLACK
6
CONTINUOUS
10
1.1735506299212599
20
0.2696836614173228
11
1.1759387007874016
21
0.258705905511811
0
LINE
8
BLACK
6
CONTINUOUS
10
1.1759387007874016
20
0.258705905511811
11
1.1767401574803149
21
0.2475
0
LINE
8
BLACK
6
CONTINUOUS
10
1.1767401574803149
20
0.2475
11
1.1759387007874016
21
0.236294094488189
0
LINE
8
BLACK
6
CONTINUOUS
10
1.1759387007874016
20
0.236294094488189
11
1.1735506299212599
21
0.2253163385826772
0
LINE
8
BLACK
6
CONTINUOUS
10
1.1735506299212599
20
0.2253163385826772
11
1.1696245669291339
21
0.214790157480315
0
LINE
8
BLACK
6
CONTINUOUS
10
1.1696245669291339
20
0.214790157480315
11
1.1642404330708662
21
0.204929842519685
0
LINE
8
BLACK
6
CONTINUOUS
10
1.1642404330708662
20
0.204929842519685
11
1.1575078346456693
21
0.1959361811023622
0
LINE
8
BLACK
6
CONTINUOUS
10
1.1575078346456693
20
0.1959361811023622
11
1.1495638188976378
21
0.1879921653543307
0
LINE
8
BLACK
6
CONTINUOUS
10
1.1495638188976378
20
0.1879921653543307
11
1.1405701574803149
21
0.1812595669291339
0
LINE
8
BLACK
6
CONTINUOUS
10
1.1405701574803149
20
0.1812595669291339
11
1.1307098425196851
21
0.1758754330708661
0
LINE
8
BLACK
6
CONTINUOUS
10
1.1307098425196851
20
0.1758754330708661
11
1.1201836614173228
21
0.1719493700787401
0
LINE
8
BLACK
6
CONTINUOUS
10
1.1201836614173228
20
0.1719493700787401
11
1.1092059055118111
21
0.1695612992125984
0
LINE
8
BLACK
6
CONTINUOUS
10
1.1092059055118111
20
0.1695612992125984
11
1.0979999999999999
21
0.168759842519685
0
LINE
8
BLACK
6
CONTINUOUS
10
1.0979999999999999
20
0.168759842519685
11
1.0867940944881889
21
0.1695612992125984
0
LINE
8
BLACK
6
CONTINUOUS
10
1.0867940944881889
20
0.1695612992125984
11
1.0758163385826771
21
0.1719493700787401
0
LINE
8
BLACK
6
CONTINUOUS
10
1.0758163385826771
20
0.1719493700787401
11
1.0652901574803149
21
0.1758754330708661
0
LINE
8
BLACK
6
CONTINUOUS
10
1.0652901574803149
20
0.1758754330708661
11
1.0554298425196851
21
0.1812595669291339
0
LINE
8
BLACK
6
CONTINUOUS
10
1.0554298425196851
20
0.1812595669291339
11
1.0464361811023621
21
0.1879921653543307
0
LINE
8
BLACK
6
CONTINUOUS
10
1.0464361811023621
20
0.1879921653543307
11
1.0384921653543306
21
0.1959361811023622
0
LINE
8
BLACK
6
CONTINUOUS
10
1.0384921653543306
20
0.1959361811023622
11
1.0317595669291337
21
0.204929842519685
0
LINE
8
BLACK
6
CONTINUOUS
10
1.0317595669291337
20
0.204929842519685
11
1.0263754330708661
21
0.214790157480315
0
LINE
8
BLACK
6
CONTINUOUS
10
1.0263754330708661
20
0.214790157480315
11
1.02244937007874
21
0.2253163385826772
0
LINE
8
BLACK
6
CONTINUOUS
10
1.02244937007874
20
0.2253163385826772
11
1.0200612992125984
21
0.236294094488189
0
LINE
8
BLACK
6
CONTINUOUS
10
1.0200612992125984
20
0.236294094488189
11
1.019259842519685
21
0.2475
0
LINE
8
BLACK
6
CONTINUOUS
10
1.019259842519685
20
0.2475
11
1.0200612992125984
21
0.258705905511811
0
LINE
8
BLACK
6
CONTINUOUS
10
1.0200612992125984
20
0.258705905511811
11
1.02244937007874
21
0.2696836614173228
0
LINE
8
BLACK
6
CONTINUOUS
10
1.02244937007874
20
0.2696836614173228
11
1.0263754330708661
21
0.2802098425196851
0
LINE
8
BLACK
6
CONTINUOUS
10
1.0263754330708661
20
0.2802098425196851
11
1.0317595669291337
21
0.2900701574803149
0
LINE
8
BLACK
6
CONTINUOUS
10
1.0317595669291337
20
0.2900701574803149
11
1.0384921653543306
21
0.2990638188976378
0
LINE
8
BLACK
6
CONTINUOUS
10
1.0384921653543306
20
0.2990638188976378
11
1.0464361811023621
21
0.3070078346456693
0
LINE
8
BLACK
6
CONTINUOUS
10
1.0464361811023621
20
0.3070078346456693
11
1.0554298425196851
21
0.3137404330708661
0
LINE
8
BLACK
6
CONTINUOUS
10
1.0554298425196851
20
0.3137404330708661
11
1.0652901574803149
21
0.3191245669291338
0
LINE
8
BLACK
6
CONTINUOUS
10
1.0652901574803149
20
0.3191245669291338
11
1.0758163385826771
21
0.3230506299212598
0
LINE
8
BLACK
6
CONTINUOUS
10
1.0758163385826771
20
0.3230506299212598
11
1.0867940944881889
21
0.3254387007874016
0
LINE
8
BLACK
6
CONTINUOUS
10
1.0867940944881889
20
0.3254387007874016
11
1.0979999999999999
21
0.3262401574803149
0
LINE
8
BLACK
6
CONTINUOUS
10
1.0979999999999999
20
0.3262401574803149
11
1.1092059055118111
21
0.3254387007874016
0
LINE
8
BLACK
6
CONTINUOUS
10
1.509205905511811
20
0.3254387007874016
11
1.5201836614173228
21
0.3230506299212598
0
LINE
8
BLACK
6
CONTINUOUS
10
1.5201836614173228
20
0.3230506299212598
11
1.530709842519685
21
0.3191245669291338
0
LINE
8
BLACK
6
CONTINUOUS
10
1.530709842519685
20
0.3191245669291338
11
1.540570157480315
21
0.3137404330708661
0
LINE
8
BLACK
6
CONTINUOUS
10
1.540570157480315
20
0.3137404330708661
11
1.5495638188976377
21
0.3070078346456693
0
LINE
8
BLACK
6
CONTINUOUS
10
1.5495638188976377
20
0.3070078346456693
11
1.5575078346456692
21
0.2990638188976378
0
LINE
8
BLACK
6
CONTINUOUS
10
1.5575078346456692
20
0.2990638188976378
11
1.5642404330708661
21
0.2900701574803149
0
LINE
8
BLACK
6
CONTINUOUS
10
1.5642404330708661
20
0.2900701574803149
11
1.5696245669291338
21
0.2802098425196851
0
LINE
8
BLACK
6
CONTINUOUS
10
1.5696245669291338
20
0.2802098425196851
11
1.5735506299212598
21
0.2696836614173228
0
LINE
8
BLACK
6
CONTINUOUS
10
1.5735506299212598
20
0.2696836614173228
11
1.5759387007874015
21
0.258705905511811
0
LINE
8
BLACK
6
CONTINUOUS
10
1.5759387007874015
20
0.258705905511811
11
1.5767401574803148
21
0.2475
0
LINE
8
BLACK
6
CONTINUOUS
10
1.5767401574803148
20
0.2475
11
1.5759387007874015
21
0.236294094488189
0
LINE
8
BLACK
6
CONTINUOUS
10
1.5759387007874015
20
0.236294094488189
11
1.5735506299212598
21
0.2253163385826772
0
LINE
8
BLACK
6
CONTINUOUS
10
1.5735506299212598
20
0.2253163385826772
11
1.5696245669291338
21
0.214790157480315
0
LINE
8
BLACK
6
CONTINUOUS
10
1.5696245669291338
20
0.214790157480315
11
1.5642404330708661
21
0.204929842519685
0
LINE
8
BLACK
6
CONTINUOUS
10
1.5642404330708661
20
0.204929842519685
11
1.5575078346456692
21
0.1959361811023622
0
LINE
8
BLACK
6
CONTINUOUS
10
1.5575078346456692
20
0.1959361811023622
11
1.5495638188976377
21
0.1879921653543307
0
LINE
8
BLACK
6
CONTINUOUS
10
1.5495638188976377
20
0.1879921653543307
11
1.540570157480315
21
0.1812595669291339
0
LINE
8
BLACK
6
CONTINUOUS
10
1.540570157480315
20
0.1812595669291339
11
1.530709842519685
21
0.1758754330708661
0
LINE
8
BLACK
6
CONTINUOUS
10
1.530709842519685
20
0.1758754330708661
11
1.5201836614173228
21
0.1719493700787401
0
LINE
8
BLACK
6
CONTINUOUS
10
1.5201836614173228
20
0.1719493700787401
11
1.509205905511811
21
0.1695612992125984
0
LINE
8
BLACK
6
CONTINUOUS
10
1.509205905511811
20
0.1695612992125984
11
1.498
21
0.168759842519685
0
LINE
8
BLACK
6
CONTINUOUS
10
1.498
20
0.168759842519685
11
1.486794094488189
21
0.1695612992125984
0
LINE
8
BLACK
6
CONTINUOUS
10
1.486794094488189
20
0.1695612992125984
11
1.475816338582677
21
0.1719493700787401
0
LINE
8
BLACK
6
CONTINUOUS
10
1.475816338582677
20
0.1719493700787401
11
1.465290157480315
21
0.1758754330708661
0
LINE
8
BLACK
6
CONTINUOUS
10
1.465290157480315
20
0.1758754330708661
11
1.455429842519685
21
0.1812595669291339
0
LINE
8
BLACK
6
CONTINUOUS
10
1.455429842519685
20
0.1812595669291339
11
1.4464361811023623
21
0.1879921653543307
0
LINE
8
BLACK
6
CONTINUOUS
10
1.4464361811023623
20
0.1879921653543307
11
1.4384921653543308
21
0.1959361811023622
0
LINE
8
BLACK
6
CONTINUOUS
10
1.4384921653543308
20
0.1959361811023622
11
1.4317595669291339
21
0.204929842519685
0
LINE
8
BLACK
6
CONTINUOUS
10
1.4317595669291339
20
0.204929842519685
11
1.426375433070866
21
0.214790157480315
0
LINE
8
BLACK
6
CONTINUOUS
10
1.426375433070866
20
0.214790157480315
11
1.4224493700787402
21
0.2253163385826772
0
LINE
8
BLACK
6
CONTINUOUS
10
1.4224493700787402
20
0.2253163385826772
11
1.4200612992125985
21
0.236294094488189
0
LINE
8
BLACK
6
CONTINUOUS
10
1.4200612992125985
20
0.236294094488189
11
1.419259842519685
21
0.2475
0
LINE
8
BLACK
6
CONTINUOUS
10
1.419259842519685
20
0.2475
11
1.4200612992125985
21
0.258705905511811
0
LINE
8
BLACK
6
CONTINUOUS
10
1.4200612992125985
20
0.258705905511811
11
1.4224493700787402
21
0.2696836614173228
0
LINE
8
BLACK
6
CONTINUOUS
10
1.4224493700787402
20
0.2696836614173228
11
1.426375433070866
21
0.2802098425196851
0
LINE
8
BLACK
6
CONTINUOUS
10
1.426375433070866
20
0.2802098425196851
11
1.4317595669291339
21
0.2900701574803149
0
LINE
8
BLACK
6
CONTINUOUS
10
1.4317595669291339
20
0.2900701574803149
11
1.4384921653543308
21
0.2990638188976378
0
LINE
8
BLACK
6
CONTINUOUS
10
1.4384921653543308
20
0.2990638188976378
11
1.4464361811023623
21
0.3070078346456693
0
LINE
8
BLACK
6
CONTINUOUS
10
1.4464361811023623
20
0.3070078346456693
11
1.455429842519685
21
0.3137404330708661
0
LINE
8
BLACK
6
CONTINUOUS
10
1.455429842519685
20
0.3137404330708661
11
1.465290157480315
21
0.3191245669291338
0
LINE
8
BLACK
6
CONTINUOUS
10
1.465290157480315
20
0.3191245669291338
11
1.475816338582677
21
0.3230506299212598
0
LINE
8
BLACK
6
CONTINUOUS
10
1.475816338582677
20
0.3230506299212598
11
1.486794094488189
21
0.3254387007874016
0
LINE
8
BLACK
6
CONTINUOUS
10
1.486794094488189
20
0.3254387007874016
11
1.498
21
0.3262401574803149
0
LINE
8
BLACK
6
CONTINUOUS
10
1.498
20
0.3262401574803149
11
1.509205905511811
21
0.3254387007874016
0
LINE
8
BLACK
6
CONTINUOUS
10
0.6799999999999999
20
1.02
11
0.6618110236220472
21
1.02
0
LINE
8
BLACK
6
CONTINUOUS
10
0.6618110236220472
20
1.02
11
0.6618110236220472
21
0.98
0
LINE
8
BLACK
6
CONTINUOUS
10
0.6618110236220472
20
0.98
11
0.6799999999999999
21
0.98
0
LINE
8
BLACK
6
CONTINUOUS
10
0.6799999999999999
20
0.98
11
0.6799999999999999
21
0.9199999999999999
0
LINE
8
BLACK
6
CONTINUOUS
10
0.6799999999999999
20
0.9199999999999999
11
0.6643110236220472
21
0.9199999999999999
0
LINE
8
BLACK
6
CONTINUOUS
10
0.6643110236220472
20
0.9199999999999999
11
0.6643110236220472
21
0.7875
0
LINE
8
BLACK
6
CONTINUOUS
10
0.6643110236220472
20
0.7875
11
0.67
21
0.7875
0
LINE
8
BLACK
6
CONTINUOUS
10
0.67
20
0.7875
11
0.67
21
0.7324999999999999
0
LINE
8
BLACK
6
CONTINUOUS
10
0.67
20
0.7324999999999999
11
0.635
21
0.7324999999999999
0
LINE
8
BLACK
6
CONTINUOUS
10
0.635
20
0.7324999999999999
11
0.635
21
0.7481889763779528
0
LINE
8
BLACK
6
CONTINUOUS
10
0.635
20
0.7481889763779528
11
0.5088922834645669
21
0.7481889763779528
0
LINE
8
BLACK
6
CONTINUOUS
10
0.5088922834645669
20
0.7481889763779528
11
0.4698110236220472
21
0.709107716535433
0
LINE
8
BLACK
6
CONTINUOUS
10
0.4698110236220472
20
0.709107716535433
11
0.4698110236220472
21
0.5668922834645669
0
LINE
8
BLACK
6
CONTINUOUS
10
0.4698110236220472
20
0.5668922834645669
11
0.5269985826771654
21
0.5097047244094488
0
LINE
8
BLACK
6
CONTINUOUS
10
0.5269985826771654
20
0.5097047244094488
11
0.5854424803149606
21
0.5097047244094488
0
LINE
8
BLACK
6
CONTINUOUS
10
0.5854424803149606
20
0.5097047244094488
11
0.5864299212598425
21
0.5129599606299212
0
LINE
8
BLACK
6
CONTINUOUS
10
0.5864299212598425
20
0.5129599606299212
11
0.5900681102362204
21
0.5197665354330708
0
LINE
8
BLACK
6
CONTINUOUS
10
0.5900681102362204
20
0.5197665354330708
11
0.5949642913385826
21
0.5257325590551181
0
LINE
8
BLACK
6
CONTINUOUS
10
0.5949642913385826
20
0.5257325590551181
11
0.6009303149606299
21
0.5306287401574803
0
LINE
8
BLACK
6
CONTINUOUS
10
0.6009303149606299
20
0.5306287401574803
11
0.6077368897637795
21
0.5342669291338582
0
LINE
8
BLACK
6
CONTINUOUS
10
0.6077368897637795
20
0.5342669291338582
11
0.6151224409448819
21
0.5365072834645669
0
LINE
8
BLACK
6
CONTINUOUS
10
0.6151224409448819
20
0.5365072834645669
11
0.6228031496062992
21
0.537263779527559
0
LINE
8
BLACK
6
CONTINUOUS
10
0.6228031496062992
20
0.537263779527559
11
0.6304838582677165
21
0.5365072834645669
0
LINE
8
BLACK
6
CONTINUOUS
10
0.6304838582677165
20
0.5365072834645669
11
0.6378694094488189
21
0.5342669291338582
0
LINE
8
BLACK
6
CONTINUOUS
10
0.6378694094488189
20
0.5342669291338582
11
0.6446759842519685
21
0.5306287401574803
0
LINE
8
BLACK
6
CONTINUOUS
10
0.6446759842519685
20
0.5306287401574803
11
0.6506420078740157
21
0.5257325590551181
0
LINE
8
BLACK
6
CONTINUOUS
10
0.6506420078740157
20
0.5257325590551181
11
0.6555381889763779
21
0.5197665354330708
0
LINE
8
BLACK
6
CONTINUOUS
10
0.6555381889763779
20
0.5197665354330708
11
0.6591763779527559
21
0.5129599606299212
0
LINE
8
BLACK
6
CONTINUOUS
10
0.6591763779527559
20
0.5129599606299212
11
0.6614167322834645
21
0.5055744094488189
0
LINE
8
BLACK
6
CONTINUOUS
10
0.6614167322834645
20
0.5055744094488189
11
0.6621732283464566
21
0.4978937007874016
0
LINE
8
BLACK
6
CONTINUOUS
10
0.6621732283464566
20
0.4978937007874016
11
0.6614167322834645
21
0.4902129921259842
0
LINE
8
BLACK
6
CONTINUOUS
10
0.6614167322834645
20
0.4902129921259842
11
0.6591763779527559
21
0.4828274409448819
0
LINE
8
BLACK
6
CONTINUOUS
10
0.6591763779527559
20
0.4828274409448819
11
0.6575727952755905
21
0.4798273228346456
0
LINE
8
BLACK
6
CONTINUOUS
10
0.6575727952755905
20
0.4798273228346456
11
0.7433371259842519
21
0.394063031496063
0
LINE
8
BLACK
6
CONTINUOUS
10
0.7433371259842519
20
0.394063031496063
11
1.2033598031496062
21
0.394063031496063
0
LINE
8
BLACK
6
CONTINUOUS
10
1.2033598031496062
20
0.394063031496063
11
1.2084318110236221
21
0.3991350393700787
0
LINE
8
BLACK
6
CONTINUOUS
10
1.2084318110236221
20
0.3991350393700787
11
1.2090227952755905
21
0.4028664173228346
0
LINE
8
BLACK
6
CONTINUOUS
10
1.2090227952755905
20
0.4028664173228346
11
1.2112596456692912
21
0.4072564566929134
0
LINE
8
BLACK
6
CONTINUOUS
10
1.2112596456692912
20
0.4072564566929134
11
1.2147436220472441
21
0.4107404330708661
0
LINE
8
BLACK
6
CONTINUOUS
10
1.2147436220472441
20
0.4107404330708661
11
1.2191336614173227
21
0.4129772834645669
0
LINE
8
BLACK
6
CONTINUOUS
10
1.2191336614173227
20
0.4129772834645669
11
1.2240000787401575
21
0.413748031496063
0
LINE
8
BLACK
6
CONTINUOUS
10
1.2240000787401575
20
0.413748031496063
11
1.228866496062992
21
0.4129772834645669
0
LINE
8
BLACK
6
CONTINUOUS
10
1.228866496062992
20
0.4129772834645669
11
1.2332565354330709
21
0.4107404330708661
0
LINE
8
BLACK
6
CONTINUOUS
10
1.2332565354330709
20
0.4107404330708661
11
1.2341859448818897
21
0.4098110236220472
0
LINE
8
BLACK
6
CONTINUOUS
10
1.2341859448818897
20
0.4098110236220472
11
1.2462711417322834
21
0.4098110236220472
0
LINE
8
BLACK
6
CONTINUOUS
10
1.2462711417322834
20
0.4098110236220472
11
1.4931077165354329
21
0.4098110236220472
0
LINE
8
BLACK
6
CONTINUOUS
10
1.4931077165354329
20
0.4098110236220472
11
1.72
21
0.6367033070866142
0
LINE
8
BLACK
6
CONTINUOUS
10
1.72
20
0.6367033070866142
11
1.72
21
0.6799999999999999
0
LINE
8
BLACK
6
CONTINUOUS
10
1.72
20
0.6799999999999999
11
1.78
21
0.6799999999999999
0
LINE
8
BLACK
6
CONTINUOUS
10
1.78
20
0.6799999999999999
11
1.78
21
0.62
0
LINE
8
BLACK
6
CONTINUOUS
10
1.78
20
0.62
11
1.736703307086614
21
0.62
0
LINE
8
BLACK
6
CONTINUOUS
10
1.736703307086614
20
0.62
11
1.506351653543307
21
0.3896483464566929
0
LINE
8
BLACK
6
CONTINUOUS
10
1.506351653543307
20
0.3896483464566929
11
1.5060565354330708
21
0.3894032677165354
0
LINE
8
BLACK
6
CONTINUOUS
10
1.5060565354330708
20
0.3894032677165354
11
1.5059570472440944
21
0.3892715354330709
0
LINE
8
BLACK
6
CONTINUOUS
10
1.5059570472440944
20
0.3892715354330709
11
1.5057244094488189
21
0.3891274803149606
0
LINE
8
BLACK
6
CONTINUOUS
10
1.5057244094488189
20
0.3891274803149606
11
1.504674842519685
21
0.3882559448818897
0
LINE
8
BLACK
6
CONTINUOUS
10
1.504674842519685
20
0.3882559448818897
11
1.5034266929133857
21
0.3877048031496063
0
LINE
8
BLACK
6
CONTINUOUS
10
1.5034266929133857
20
0.3877048031496063
11
1.5022666141732284
21
0.3869865354330709
0
LINE
8
BLACK
6
CONTINUOUS
10
1.5022666141732284
20
0.3869865354330709
11
1.5014573228346457
21
0.3868352362204724
0
LINE
8
BLACK
6
CONTINUOUS
10
1.5014573228346457
20
0.3868352362204724
11
1.5007041338582676
21
0.3865026771653543
0
LINE
8
BLACK
6
CONTINUOUS
10
1.5007041338582676
20
0.3865026771653543
11
1.4993411023622047
21
0.3864396456692913
0
LINE
8
BLACK
6
CONTINUOUS
10
1.4993411023622047
20
0.3864396456692913
11
1.498
21
0.3861889763779527
0
LINE
8
BLACK
6
CONTINUOUS
10
1.498
20
0.3861889763779527
11
1.2462711417322834
21
0.3861889763779527
0
LINE
8
BLACK
6
CONTINUOUS
10
1.2462711417322834
20
0.3861889763779527
11
1.2341859448818897
21
0.3861889763779527
0
LINE
8
BLACK
6
CONTINUOUS
10
1.2341859448818897
20
0.3861889763779527
11
1.2332565354330709
21
0.3852595669291338
0
LINE
8
BLACK
6
CONTINUOUS
10
1.2332565354330709
20
0.3852595669291338
11
1.228866496062992
21
0.3830227165354331
0
LINE
8
BLACK
6
CONTINUOUS
10
1.228866496062992
20
0.3830227165354331
11
1.2251351181102361
21
0.3824317322834646
0
LINE
8
BLACK
6
CONTINUOUS
10
1.2251351181102361
20
0.3824317322834646
11
1.2166037401574803
21
0.3739003543307087
0
LINE
8
BLACK
6
CONTINUOUS
10
1.2166037401574803
20
0.3739003543307087
11
1.2163086220472441
21
0.3736552755905512
0
LINE
8
BLACK
6
CONTINUOUS
10
1.2163086220472441
20
0.3736552755905512
11
1.2162091338582677
21
0.3735235433070866
0
LINE
8
BLACK
6
CONTINUOUS
10
1.2162091338582677
20
0.3735235433070866
11
1.2159764960629922
21
0.3733794881889764
0
LINE
8
BLACK
6
CONTINUOUS
10
1.2159764960629922
20
0.3733794881889764
11
1.2149269291338582
21
0.3725079527559055
0
LINE
8
BLACK
6
CONTINUOUS
10
1.2149269291338582
20
0.3725079527559055
11
1.213678779527559
21
0.371956811023622
0
LINE
8
BLACK
6
CONTINUOUS
10
1.213678779527559
20
0.371956811023622
11
1.2125187007874016
21
0.3712385433070866
0
LINE
8
BLACK
6
CONTINUOUS
10
1.2125187007874016
20
0.3712385433070866
11
1.2117094094488188
21
0.3710872440944882
0
LINE
8
BLACK
6
CONTINUOUS
10
1.2117094094488188
20
0.3710872440944882
11
1.2109562204724409
21
0.3707546850393701
0
LINE
8
BLACK
6
CONTINUOUS
10
1.2109562204724409
20
0.3707546850393701
11
1.209593188976378
21
0.3706916535433071
0
LINE
8
BLACK
6
CONTINUOUS
10
1.209593188976378
20
0.3706916535433071
11
1.2082520866141733
21
0.3704409842519685
0
LINE
8
BLACK
6
CONTINUOUS
10
1.2082520866141733
20
0.3704409842519685
11
0.738444842519685
21
0.3704409842519685
0
LINE
8
BLACK
6
CONTINUOUS
10
0.738444842519685
20
0.3704409842519685
11
0.7380627952755905
21
0.3704763779527559
0
LINE
8
BLACK
6
CONTINUOUS
10
0.7380627952755905
20
0.3704763779527559
11
0.7378993700787402
21
0.3704535826771653
0
LINE
8
BLACK
6
CONTINUOUS
10
0.7378993700787402
20
0.3704535826771653
11
0.7376331102362205
21
0.3705161811023622
0
LINE
8
BLACK
6
CONTINUOUS
10
0.7376331102362205
20
0.3705161811023622
11
0.7362745669291338
21
0.3706420866141732
0
LINE
8
BLACK
6
CONTINUOUS
10
0.7362745669291338
20
0.3706420866141732
11
0.7350022440944882
21
0.3711349606299212
0
LINE
8
BLACK
6
CONTINUOUS
10
0.7350022440944882
20
0.3711349606299212
11
0.733674094488189
21
0.3714473622047244
0
LINE
8
BLACK
6
CONTINUOUS
10
0.733674094488189
20
0.3714473622047244
11
0.7329948425196851
21
0.3719126377952756
0
LINE
8
BLACK
6
CONTINUOUS
10
0.7329948425196851
20
0.3719126377952756
11
0.732227125984252
21
0.3722100787401575
0
LINE
8
BLACK
6
CONTINUOUS
10
0.732227125984252
20
0.3722100787401575
11
0.7312188188976377
21
0.3731292519685039
0
LINE
8
BLACK
6
CONTINUOUS
10
0.7312188188976377
20
0.3731292519685039
11
0.730093188976378
21
0.3739003543307087
0
LINE
8
BLACK
6
CONTINUOUS
10
0.730093188976378
20
0.3739003543307087
11
0.6408694881889764
21
0.4631240157480315
0
LINE
8
BLACK
6
CONTINUOUS
10
0.6408694881889764
20
0.4631240157480315
11
0.6378694094488189
21
0.4615204724409449
0
LINE
8
BLACK
6
CONTINUOUS
10
0.6378694094488189
20
0.4615204724409449
11
0.6304838582677165
21
0.4592801181102362
0
LINE
8
BLACK
6
CONTINUOUS
10
0.6304838582677165
20
0.4592801181102362
11
0.6228031496062992
21
0.4585236220472441
0
LINE
8
BLACK
6
CONTINUOUS
10
0.6228031496062992
20
0.4585236220472441
11
0.6151224409448819
21
0.4592801181102362
0
LINE
8
BLACK
6
CONTINUOUS
10
0.6151224409448819
20
0.4592801181102362
11
0.6077368897637795
21
0.4615204724409449
0
LINE
8
BLACK
6
CONTINUOUS
10
0.6077368897637795
20
0.4615204724409449
11
0.6009303149606299
21
0.4651586614173228
0
LINE
8
BLACK
6
CONTINUOUS
10
0.6009303149606299
20
0.4651586614173228
11
0.5949642913385826
21
0.470054842519685
0
LINE
8
BLACK
6
CONTINUOUS
10
0.5949642913385826
20
0.470054842519685
11
0.5900681102362204
21
0.4760208661417323
0
LINE
8
BLACK
6
CONTINUOUS
10
0.5900681102362204
20
0.4760208661417323
11
0.5864299212598425
21
0.4828274409448819
0
LINE
8
BLACK
6
CONTINUOUS
10
0.5864299212598425
20
0.4828274409448819
11
0.5854424803149606
21
0.4860826771653543
0
LINE
8
BLACK
6
CONTINUOUS
10
0.5854424803149606
20
0.4860826771653543
11
0.5221062992125984
21
0.4860826771653543
0
LINE
8
BLACK
6
CONTINUOUS
10
0.5221062992125984
20
0.4860826771653543
11
0.5217242519685039
21
0.4861180708661417
0
LINE
8
BLACK
6
CONTINUOUS
10
0.5217242519685039
20
0.4861180708661417
11
0.5215608267716535
21
0.4860952755905512
0
LINE
8
BLACK
6
CONTINUOUS
10
0.5215608267716535
20
0.4860952755905512
11
0.5212945669291339
21
0.486157874015748
0
LINE
8
BLACK
6
CONTINUOUS
10
0.5212945669291339
20
0.486157874015748
11
0.5199360236220473
21
0.486283779527559
0
LINE
8
BLACK
6
CONTINUOUS
10
0.5199360236220473
20
0.486283779527559
11
0.5186637007874015
21
0.4867766535433071
0
LINE
8
BLACK
6
CONTINUOUS
10
0.5186637007874015
20
0.4867766535433071
11
0.5173355511811023
21
0.4870890551181102
0
LINE
8
BLACK
6
CONTINUOUS
10
0.5173355511811023
20
0.4870890551181102
11
0.5166562992125984
21
0.4875543307086614
0
LINE
8
BLACK
6
CONTINUOUS
10
0.5166562992125984
20
0.4875543307086614
11
0.5158885826771653
21
0.4878517716535433
0
LINE
8
BLACK
6
CONTINUOUS
10
0.5158885826771653
20
0.4878517716535433
11
0.5148802755905512
21
0.4887709448818898
0
LINE
8
BLACK
6
CONTINUOUS
10
0.5148802755905512
20
0.4887709448818898
11
0.5137546456692913
21
0.4895420472440945
0
LINE
8
BLACK
6
CONTINUOUS
10
0.5137546456692913
20
0.4895420472440945
11
0.4496483464566929
21
0.5536483464566929
0
LINE
8
BLACK
6
CONTINUOUS
10
0.4496483464566929
20
0.5536483464566929
11
0.4494032677165354
21
0.5539434251968504
0
LINE
8
BLACK
6
CONTINUOUS
10
0.4494032677165354
20
0.5539434251968504
11
0.4492715354330709
21
0.5540429527559055
0
LINE
8
BLACK
6
CONTINUOUS
10
0.4492715354330709
20
0.5540429527559055
11
0.4491274803149606
21
0.5542755511811024
0
LINE
8
BLACK
6
CONTINUOUS
10
0.4491274803149606
20
0.5542755511811024
11
0.4482559448818897
21
0.555325157480315
0
LINE
8
BLACK
6
CONTINUOUS
10
0.4482559448818897
20
0.555325157480315
11
0.4477048031496063
21
0.5565732677165354
0
LINE
8
BLACK
6
CONTINUOUS
10
0.4477048031496063
20
0.5565732677165354
11
0.4469865354330709
21
0.5577333858267717
0
LINE
8
BLACK
6
CONTINUOUS
10
0.4469865354330709
20
0.5577333858267717
11
0.4468352362204724
21
0.5585426377952756
0
LINE
8
BLACK
6
CONTINUOUS
10
0.4468352362204724
20
0.5585426377952756
11
0.4465026771653543
21
0.5592958661417323
0
LINE
8
BLACK
6
CONTINUOUS
10
0.4465026771653543
20
0.5592958661417323
11
0.4464396456692913
21
0.5606588582677166
0
LINE
8
BLACK
6
CONTINUOUS
10
0.4464396456692913
20
0.5606588582677166
11
0.4461889763779527
21
0.5619999999999999
0
LINE
8
BLACK
6
CONTINUOUS
10
0.4461889763779527
20
0.5619999999999999
11
0.4461889763779527
21
0.714
0
LINE
8
BLACK
6
CONTINUOUS
10
0.4461889763779527
20
0.714
11
0.4462243700787402
21
0.7143820078740157
0
LINE
8
BLACK
6
CONTINUOUS
10
0.4462243700787402
20
0.7143820078740157
11
0.4462015748031496
21
0.7145454724409449
0
LINE
8
BLACK
6
CONTINUOUS
10
0.4462015748031496
20
0.7145454724409449
11
0.4462641732283464
21
0.7148116929133859
0
LINE
8
BLACK
6
CONTINUOUS
10
0.4462641732283464
20
0.7148116929133859
11
0.4463900787401575
21
0.7161702755905511
0
LINE
8
BLACK
6
CONTINUOUS
10
0.4463900787401575
20
0.7161702755905511
11
0.4468829527559055
21
0.7174425590551181
0
LINE
8
BLACK
6
CONTINUOUS
10
0.4468829527559055
20
0.7174425590551181
11
0.4471953543307087
21
0.7187707480314961
0
LINE
8
BLACK
6
CONTINUOUS
10
0.4471953543307087
20
0.7187707480314961
11
0.4476606299212598
21
0.7194499606299213
0
LINE
8
BLACK
6
CONTINUOUS
10
0.4476606299212598
20
0.7194499606299213
11
0.4479580708661417
21
0.7202177165354331
0
LINE
8
BLACK
6
CONTINUOUS
10
0.4479580708661417
20
0.7202177165354331
11
0.4488772440944882
21
0.7212259842519685
0
LINE
8
BLACK
6
CONTINUOUS
10
0.4488772440944882
20
0.7212259842519685
11
0.4496483464566929
21
0.7223516535433071
0
LINE
8
BLACK
6
CONTINUOUS
10
0.4496483464566929
20
0.7223516535433071
11
0.4956483464566929
21
0.768351653543307
0
LINE
8
BLACK
6
CONTINUOUS
10
0.4956483464566929
20
0.768351653543307
11
0.4959434251968504
21
0.7685966929133858
0
LINE
8
BLACK
6
CONTINUOUS
10
0.4959434251968504
20
0.7685966929133858
11
0.4960429527559055
21
0.7687284645669291
0
LINE
8
BLACK
6
CONTINUOUS
10
0.4960429527559055
20
0.7687284645669291
11
0.4962755511811023
21
0.7688724803149606
0
LINE
8
BLACK
6
CONTINUOUS
10
0.4962755511811023
20
0.7688724803149606
11
0.497325157480315
21
0.7697440551181102
0
LINE
8
BLACK
6
CONTINUOUS
10
0.497325157480315
20
0.7697440551181102
11
0.4985731889763779
21
0.7702951181102362
0
LINE
8
BLACK
6
CONTINUOUS
10
0.4985731889763779
20
0.7702951181102362
11
0.4997333858267716
21
0.7710134645669291
0
LINE
8
BLACK
6
CONTINUOUS
10
0.4997333858267716
20
0.7710134645669291
11
0.5005427559055118
21
0.7711647637795276
0
LINE
8
BLACK
6
CONTINUOUS
10
0.5005427559055118
20
0.7711647637795276
11
0.5012958661417323
21
0.7714972834645669
0
LINE
8
BLACK
6
CONTINUOUS
10
0.5012958661417323
20
0.7714972834645669
11
0.5026587007874016
21
0.7715602755905512
0
LINE
8
BLACK
6
CONTINUOUS
10
0.5026587007874016
20
0.7715602755905512
11
0.504
21
0.7718110236220472
0
LINE
8
BLACK
6
CONTINUOUS
10
0.504
20
0.7718110236220472
11
0.635
21
0.7718110236220472
0
LINE
8
BLACK
6
CONTINUOUS
10
0.635
20
0.7718110236220472
11
0.635
21
0.7875
0
LINE
8
BLACK
6
CONTINUOUS
10
0.635
20
0.7875
11
0.6406889763779527
21
0.7875
0
LINE
8
BLACK
6
CONTINUOUS
10
0.6406889763779527
20
0.7875
11
0.6406889763779527
21
0.9199999999999999
0
LINE
8
BLACK
6
CONTINUOUS
10
0.6406889763779527
20
0.9199999999999999
11
0.62
21
0.9199999999999999
0
LINE
8
BLACK
6
CONTINUOUS
10
0.62
20
0.9199999999999999
11
0.62
21
0.98
0
LINE
8
BLACK
6
CONTINUOUS
10
0.62
20
0.98
11
0.6381889763779527
21
0.98
0
LINE
8
BLACK
6
CONTINUOUS
10
0.6381889763779527
20
0.98
11
0.6381889763779527
21
1.02
0
LINE
8
BLACK
6
CONTINUOUS
10
0.6381889763779527
20
1.02
11
0.62
21
1.02
0
LINE
8
BLACK
6
CONTINUOUS
10
0.62
20
1.02
11
0.62
21
1.0800000000000001
0
LINE
8
BLACK
6
CONTINUOUS
10
0.62
20
1.0800000000000001
11
0.6799999999999999
21
1.0800000000000001
0
LINE
8
BLACK
6
CONTINUOUS
10
0.6799999999999999
20
1.0800000000000001
11
0.6799999999999999
21
1.02
0
LINE
8
BLACK
6
CONTINUOUS
10
1.6448664173228347
20
0.662977283464567
11
1.6492564566929133
21
0.6607404330708662
0
LINE
8
BLACK
6
CONTINUOUS
10
1.6492564566929133
20
0.6607404330708662
11
1.6527404330708662
21
0.6572564566929133
0
LINE
8
BLACK
6
CONTINUOUS
10
1.6527404330708662
20
0.6572564566929133
11
1.6549772834645669
21
0.6528664173228347
0
LINE
8
BLACK
6
CONTINUOUS
10
1.6549772834645669
20
0.6528664173228347
11
1.6557480314960629
21
0.648
0
LINE
8
BLACK
6
CONTINUOUS
10
1.6557480314960629
20
0.648
11
1.6549772834645669
21
0.6431335826771654
0
LINE
8
BLACK
6
CONTINUOUS
10
1.6549772834645669
20
0.6431335826771654
11
1.6527404330708662
21
0.6387435433070866
0
LINE
8
BLACK
6
CONTINUOUS
10
1.6527404330708662
20
0.6387435433070866
11
1.6492564566929133
21
0.6352595669291339
0
LINE
8
BLACK
6
CONTINUOUS
10
1.6492564566929133
20
0.6352595669291339
11
1.6448664173228347
21
0.6330227165354331
0
LINE
8
BLACK
6
CONTINUOUS
10
1.6448664173228347
20
0.6330227165354331
11
1.6411350393700788
21
0.6324317322834645
0
LINE
8
BLACK
6
CONTINUOUS
10
1.6411350393700788
20
0.6324317322834645
11
1.6326036614173227
21
0.6239003543307087
0
LINE
8
BLACK
6
CONTINUOUS
10
1.6326036614173227
20
0.6239003543307087
11
1.4982453543307086
21
0.4895420472440945
0
LINE
8
BLACK
6
CONTINUOUS
10
1.4982453543307086
20
0.4895420472440945
11
1.4979502362204724
21
0.489296968503937
0
LINE
8
BLACK
6
CONTINUOUS
10
1.4979502362204724
20
0.489296968503937
11
1.497850748031496
21
0.4891652362204724
0
LINE
8
BLACK
6
CONTINUOUS
10
1.497850748031496
20
0.4891652362204724
11
1.4976181102362205
21
0.4890211811023622
0
LINE
8
BLACK
6
CONTINUOUS
10
1.4976181102362205
20
0.4890211811023622
11
1.4965685433070866
21
0.4881496456692913
0
LINE
8
BLACK
6
CONTINUOUS
10
1.4965685433070866
20
0.4881496456692913
11
1.4953203937007873
21
0.4875985039370079
0
LINE
8
BLACK
6
CONTINUOUS
10
1.4953203937007873
20
0.4875985039370079
11
1.49416031496063
21
0.4868802362204724
0
LINE
8
BLACK
6
CONTINUOUS
10
1.49416031496063
20
0.4868802362204724
11
1.4933510236220473
21
0.486728937007874
0
LINE
8
BLACK
6
CONTINUOUS
10
1.4933510236220473
20
0.486728937007874
11
1.4925978346456692
21
0.4863963779527559
0
LINE
8
BLACK
6
CONTINUOUS
10
1.4925978346456692
20
0.4863963779527559
11
1.4912348031496063
21
0.4863333464566929
0
LINE
8
BLACK
6
CONTINUOUS
10
1.4912348031496063
20
0.4863333464566929
11
1.4898937007874016
21
0.4860826771653543
0
LINE
8
BLACK
6
CONTINUOUS
10
1.4898937007874016
20
0.4860826771653543
11
1.4601638188976378
21
0.4860826771653543
0
LINE
8
BLACK
6
CONTINUOUS
10
1.4601638188976378
20
0.4860826771653543
11
1.4591763779527558
21
0.4828274409448819
0
LINE
8
BLACK
6
CONTINUOUS
10
1.4591763779527558
20
0.4828274409448819
11
1.4555381889763779
21
0.4760208661417323
0
LINE
8
BLACK
6
CONTINUOUS
10
1.4555381889763779
20
0.4760208661417323
11
1.4506420078740156
21
0.470054842519685
0
LINE
8
BLACK
6
CONTINUOUS
10
1.4506420078740156
20
0.470054842519685
11
1.4446759842519685
21
0.4651586614173228
0
LINE
8
BLACK
6
CONTINUOUS
10
1.4446759842519685
20
0.4651586614173228
11
1.4378694094488189
21
0.4615204724409449
0
LINE
8
BLACK
6
CONTINUOUS
10
1.4378694094488189
20
0.4615204724409449
11
1.4304838582677164
21
0.4592801181102362
0
LINE
8
BLACK
6
CONTINUOUS
10
1.4304838582677164
20
0.4592801181102362
11
1.4228031496062992
21
0.4585236220472441
0
LINE
8
BLACK
6
CONTINUOUS
10
1.4228031496062992
20
0.4585236220472441
11
1.4151224409448819
21
0.4592801181102362
0
LINE
8
BLACK
6
CONTINUOUS
10
1.4151224409448819
20
0.4592801181102362
11
1.4077368897637794
21
0.4615204724409449
0
LINE
8
BLACK
6
CONTINUOUS
10
1.4077368897637794
20
0.4615204724409449
11
1.4047367716535433
21
0.4631240157480315
0
LINE
8
BLACK
6
CONTINUOUS
10
1.4047367716535433
20
0.4631240157480315
11
1.3917847637795275
21
0.4501720078740157
0
LINE
8
BLACK
6
CONTINUOUS
10
1.3917847637795275
20
0.4501720078740157
11
1.3706942519685039
21
0.4290814960629921
0
LINE
8
BLACK
6
CONTINUOUS
10
1.3706942519685039
20
0.4290814960629921
11
1.3703991338582677
21
0.4288364173228346
0
LINE
8
BLACK
6
CONTINUOUS
10
1.3703991338582677
20
0.4288364173228346
11
1.3702996456692913
21
0.4287046850393701
0
LINE
8
BLACK
6
CONTINUOUS
10
1.3702996456692913
20
0.4287046850393701
11
1.3700670078740158
21
0.4285606299212598
0
LINE
8
BLACK
6
CONTINUOUS
10
1.3700670078740158
20
0.4285606299212598
11
1.3690174409448819
21
0.427689094488189
0
LINE
8
BLACK
6
CONTINUOUS
10
1.3690174409448819
20
0.427689094488189
11
1.3677692913385826
21
0.4271379527559055
0
LINE
8
BLACK
6
CONTINUOUS
10
1.3677692913385826
20
0.4271379527559055
11
1.3666092125984253
21
0.4264196850393701
0
LINE
8
BLACK
6
CONTINUOUS
10
1.3666092125984253
20
0.4264196850393701
11
1.3657999212598424
21
0.4262683858267716
0
LINE
8
BLACK
6
CONTINUOUS
10
1.3657999212598424
20
0.4262683858267716
11
1.3650467322834645
21
0.4259358267716535
0
LINE
8
BLACK
6
CONTINUOUS
10
1.3650467322834645
20
0.4259358267716535
11
1.3636837007874016
21
0.4258727952755905
0
LINE
8
BLACK
6
CONTINUOUS
10
1.3636837007874016
20
0.4258727952755905
11
1.3623425984251969
21
0.425622125984252
0
LINE
8
BLACK
6
CONTINUOUS
10
1.3623425984251969
20
0.425622125984252
11
1.2098843307086613
21
0.425622125984252
0
LINE
8
BLACK
6
CONTINUOUS
10
1.2098843307086613
20
0.425622125984252
11
1.2004774015748032
21
0.4162151968503937
0
LINE
8
BLACK
6
CONTINUOUS
10
1.2004774015748032
20
0.4162151968503937
11
1.200182283464567
21
0.4159701181102362
0
LINE
8
BLACK
6
CONTINUOUS
10
1.200182283464567
20
0.4159701181102362
11
1.2000827952755906
21
0.4158383858267716
0
LINE
8
BLACK
6
CONTINUOUS
10
1.2000827952755906
20
0.4158383858267716
11
1.1998501574803149
21
0.4156943307086614
0
LINE
8
BLACK
6
CONTINUOUS
10
1.1998501574803149
20
0.4156943307086614
11
1.1988005905511812
21
0.4148227952755905
0
LINE
8
BLACK
6
CONTINUOUS
10
1.1988005905511812
20
0.4148227952755905
11
1.1975524409448819
21
0.4142716535433071
0
LINE
8
BLACK
6
CONTINUOUS
10
1.1975524409448819
20
0.4142716535433071
11
1.1963923622047243
21
0.4135533858267716
0
LINE
8
BLACK
6
CONTINUOUS
10
1.1963923622047243
20
0.4135533858267716
11
1.1955830708661417
21
0.4134020866141732
0
LINE
8
BLACK
6
CONTINUOUS
10
1.1955830708661417
20
0.4134020866141732
11
1.1948298818897638
21
0.4130695275590551
0
LINE
8
BLACK
6
CONTINUOUS
10
1.1948298818897638
20
0.4130695275590551
11
1.1934668503937007
21
0.4130064960629921
0
LINE
8
BLACK
6
CONTINUOUS
10
1.1934668503937007
20
0.4130064960629921
11
1.192125748031496
21
0.4127558267716535
0
LINE
8
BLACK
6
CONTINUOUS
10
1.192125748031496
20
0.4127558267716535
11
0.89613
21
0.4127558267716535
0
LINE
8
BLACK
6
CONTINUOUS
10
0.89613
20
0.4127558267716535
11
0.8957481102362205
21
0.4127911811023622
0
LINE
8
BLACK
6
CONTINUOUS
10
0.8957481102362205
20
0.4127911811023622
11
0.895584527559055
21
0.4127683858267717
0
LINE
8
BLACK
6
CONTINUOUS
10
0.895584527559055
20
0.4127683858267717
11
0.8953180314960629
21
0.412831062992126
0
LINE
8
BLACK
6
CONTINUOUS
10
0.8953180314960629
20
0.412831062992126
11
0.8939597244094488
21
0.4129569291338583
0
LINE
8
BLACK
6
CONTINUOUS
10
0.8939597244094488
20
0.4129569291338583
11
0.8926875196850393
21
0.4134497637795275
0
LINE
8
BLACK
6
CONTINUOUS
10
0.8926875196850393
20
0.4134497637795275
11
0.891359251968504
21
0.4137622047244094
0
LINE
8
BLACK
6
CONTINUOUS
10
0.891359251968504
20
0.4137622047244094
11
0.89068
21
0.4142274803149606
0
LINE
8
BLACK
6
CONTINUOUS
10
0.89068
20
0.4142274803149606
11
0.8899122834645669
21
0.4145249212598425
0
LINE
8
BLACK
6
CONTINUOUS
10
0.8899122834645669
20
0.4145249212598425
11
0.8889039763779527
21
0.415444094488189
0
LINE
8
BLACK
6
CONTINUOUS
10
0.8889039763779527
20
0.415444094488189
11
0.8877783464566928
21
0.4162151968503937
0
LINE
8
BLACK
6
CONTINUOUS
10
0.8877783464566928
20
0.4162151968503937
11
0.8408694881889763
21
0.4631240157480315
0
LINE
8
BLACK
6
CONTINUOUS
10
0.8408694881889763
20
0.4631240157480315
11
0.8378694094488188
21
0.4615204724409449
0
LINE
8
BLACK
6
CONTINUOUS
10
0.8378694094488188
20
0.4615204724409449
11
0.8304838582677165
21
0.4592801181102362
0
LINE
8
BLACK
6
CONTINUOUS
10
0.8304838582677165
20
0.4592801181102362
11
0.8228031496062992
21
0.4585236220472441
0
LINE
8
BLACK
6
CONTINUOUS
10
0.8228031496062992
20
0.4585236220472441
11
0.8151224409448818
21
0.4592801181102362
0
LINE
8
BLACK
6
CONTINUOUS
10
0.8151224409448818
20
0.4592801181102362
11
0.8077368897637796
21
0.4615204724409449
0
LINE
8
BLACK
6
CONTINUOUS
10
0.8077368897637796
20
0.4615204724409449
11
0.8009303149606299
21
0.4651586614173228
0
LINE
8
BLACK
6
CONTINUOUS
10
0.8009303149606299
20
0.4651586614173228
11
0.7949642913385827
21
0.470054842519685
0
LINE
8
BLACK
6
CONTINUOUS
10
0.7949642913385827
20
0.470054842519685
11
0.7900681102362205
21
0.4760208661417323
0
LINE
8
BLACK
6
CONTINUOUS
10
0.7900681102362205
20
0.4760208661417323
11
0.7864299212598425
21
0.4828274409448819
0
LINE
8
BLACK
6
CONTINUOUS
10
0.7864299212598425
20
0.4828274409448819
11
0.7841895669291339
21
0.4902129921259842
0
LINE
8
BLACK
6
CONTINUOUS
10
0.7841895669291339
20
0.4902129921259842
11
0.7834330708661417
21
0.4978937007874016
0
LINE
8
BLACK
6
CONTINUOUS
10
0.7834330708661417
20
0.4978937007874016
11
0.7841895669291339
21
0.5055744094488189
0
LINE
8
BLACK
6
CONTINUOUS
10
0.7841895669291339
20
0.5055744094488189
11
0.7864299212598425
21
0.5129599606299212
0
LINE
8
BLACK
6
CONTINUOUS
10
0.7864299212598425
20
0.5129599606299212
11
0.7900681102362205
21
0.5197665354330708
0
LINE
8
BLACK
6
CONTINUOUS
10
0.7900681102362205
20
0.5197665354330708
11
0.7949642913385827
21
0.5257325590551181
0
LINE
8
BLACK
6
CONTINUOUS
10
0.7949642913385827
20
0.5257325590551181
11
0.8009303149606299
21
0.5306287401574803
0
LINE
8
BLACK
6
CONTINUOUS
10
0.8009303149606299
20
0.5306287401574803
11
0.8077368897637796
21
0.5342669291338582
0
LINE
8
BLACK
6
CONTINUOUS
10
0.8077368897637796
20
0.5342669291338582
11
0.8151224409448818
21
0.5365072834645669
0
LINE
8
BLACK
6
CONTINUOUS
10
0.8151224409448818
20
0.5365072834645669
11
0.8228031496062992
21
0.537263779527559
0
LINE
8
BLACK
6
CONTINUOUS
10
0.8228031496062992
20
0.537263779527559
11
0.8304838582677165
21
0.5365072834645669
0
LINE
8
BLACK
6
CONTINUOUS
10
0.8304838582677165
20
0.5365072834645669
11
0.8378694094488188
21
0.5342669291338582
0
LINE
8
BLACK
6
CONTINUOUS
10
0.8378694094488188
20
0.5342669291338582
11
0.8446759842519684
21
0.5306287401574803
0
LINE
8
BLACK
6
CONTINUOUS
10
0.8446759842519684
20
0.5306287401574803
11
0.8506420078740158
21
0.5257325590551181
0
LINE
8
BLACK
6
CONTINUOUS
10
0.8506420078740158
20
0.5257325590551181
11
0.8555381889763779
21
0.5197665354330708
0
LINE
8
BLACK
6
CONTINUOUS
10
0.8555381889763779
20
0.5197665354330708
11
0.8591763779527559
21
0.5129599606299212
0
LINE
8
BLACK
6
CONTINUOUS
10
0.8591763779527559
20
0.5129599606299212
11
0.8613581102362204
21
0.5057677165354331
0
LINE
8
BLACK
6
CONTINUOUS
10
0.8613581102362204
20
0.5057677165354331
11
0.8752193307086614
21
0.5057677165354331
0
LINE
8
BLACK
6
CONTINUOUS
10
0.8752193307086614
20
0.5057677165354331
11
0.8774193700787402
21
0.5079677559055118
0
LINE
8
BLACK
6
CONTINUOUS
10
0.8774193700787402
20
0.5079677559055118
11
0.8785377952755905
21
0.5086705118110236
0
LINE
8
BLACK
6
CONTINUOUS
10
0.8785377952755905
20
0.5086705118110236
11
0.8795707086614173
21
0.509494251968504
0
LINE
8
BLACK
6
CONTINUOUS
10
0.8795707086614173
20
0.509494251968504
11
0.8800072834645669
21
0.5095938976377953
0
LINE
8
BLACK
6
CONTINUOUS
10
0.8800072834645669
20
0.5095938976377953
11
0.8803864960629921
21
0.5098321653543307
0
LINE
8
BLACK
6
CONTINUOUS
10
0.8803864960629921
20
0.5098321653543307
11
0.8816991732283465
21
0.5099800393700787
0
LINE
8
BLACK
6
CONTINUOUS
10
0.8816991732283465
20
0.5099800393700787
11
0.882987125984252
21
0.5102740157480314
0
LINE
8
BLACK
6
CONTINUOUS
10
0.882987125984252
20
0.5102740157480314
11
0.9244
21
0.5102740157480314
0
LINE
8
BLACK
6
CONTINUOUS
10
0.9244
20
0.5102740157480314
11
0.9244
21
0.51125
0
LINE
8
BLACK
6
CONTINUOUS
10
0.9244
20
0.51125
11
0.9362
21
0.51125
0
LINE
8
BLACK
6
CONTINUOUS
10
0.9362
20
0.51125
11
0.9362
21
0.49355
0
LINE
8
BLACK
6
CONTINUOUS
10
0.9362
20
0.49355
11
0.9244
21
0.49355
0
LINE
8
BLACK
6
CONTINUOUS
10
0.9244
20
0.49355
11
0.9244
21
0.4945259842519685
0
LINE
8
BLACK
6
CONTINUOUS
10
0.9244
20
0.4945259842519685
11
0.8862486220472441
21
0.4945259842519685
0
LINE
8
BLACK
6
CONTINUOUS
10
0.8862486220472441
20
0.4945259842519685
11
0.8840485826771654
21
0.4923259448818897
0
LINE
8
BLACK
6
CONTINUOUS
10
0.8840485826771654
20
0.4923259448818897
11
0.8829301181102363
21
0.4916231496062992
0
LINE
8
BLACK
6
CONTINUOUS
10
0.8829301181102363
20
0.4916231496062992
11
0.8818972440944882
21
0.4907994488188976
0
LINE
8
BLACK
6
CONTINUOUS
10
0.8818972440944882
20
0.4907994488188976
11
0.8814606299212598
21
0.4906997637795276
0
LINE
8
BLACK
6
CONTINUOUS
10
0.8814606299212598
20
0.4906997637795276
11
0.8810814566929134
21
0.4904615354330709
0
LINE
8
BLACK
6
CONTINUOUS
10
0.8810814566929134
20
0.4904615354330709
11
0.8797687401574803
21
0.4903136220472441
0
LINE
8
BLACK
6
CONTINUOUS
10
0.8797687401574803
20
0.4903136220472441
11
0.8784808267716535
21
0.49001968503937
0
LINE
8
BLACK
6
CONTINUOUS
10
0.8784808267716535
20
0.49001968503937
11
0.8613581102362204
21
0.49001968503937
0
LINE
8
BLACK
6
CONTINUOUS
10
0.8613581102362204
20
0.49001968503937
11
0.8591763779527559
21
0.4828274409448819
0
LINE
8
BLACK
6
CONTINUOUS
10
0.8591763779527559
20
0.4828274409448819
11
0.8575727952755905
21
0.4798273228346456
0
LINE
8
BLACK
6
CONTINUOUS
10
0.8575727952755905
20
0.4798273228346456
11
0.9010222834645669
21
0.436377874015748
0
LINE
8
BLACK
6
CONTINUOUS
10
0.9010222834645669
20
0.436377874015748
11
1.1872334645669291
21
0.436377874015748
0
LINE
8
BLACK
6
CONTINUOUS
10
1.1872334645669291
20
0.436377874015748
11
1.1966403937007875
21
0.4457848031496063
0
LINE
8
BLACK
6
CONTINUOUS
10
1.1966403937007875
20
0.4457848031496063
11
1.1969355118110236
21
0.446029842519685
0
LINE
8
BLACK
6
CONTINUOUS
10
1.1969355118110236
20
0.446029842519685
11
1.1970350000000001
21
0.4461616141732284
0
LINE
8
BLACK
6
CONTINUOUS
10
1.1970350000000001
20
0.4461616141732284
11
1.1972675196850393
21
0.4463055905511811
0
LINE
8
BLACK
6
CONTINUOUS
10
1.1972675196850393
20
0.4463055905511811
11
1.1983172047244095
21
0.4471772440944882
0
LINE
8
BLACK
6
CONTINUOUS
10
1.1983172047244095
20
0.4471772440944882
11
1.1995654724409448
21
0.4477283858267717
0
LINE
8
BLACK
6
CONTINUOUS
10
1.1995654724409448
20
0.4477283858267717
11
1.2007254330708661
21
0.4484466141732283
0
LINE
8
BLACK
6
CONTINUOUS
10
1.2007254330708661
20
0.4484466141732283
11
1.2015346456692912
21
0.448597874015748
0
LINE
8
BLACK
6
CONTINUOUS
10
1.2015346456692912
20
0.448597874015748
11
1.2022879133858266
21
0.4489304724409449
0
LINE
8
BLACK
6
CONTINUOUS
10
1.2022879133858266
20
0.4489304724409449
11
1.203650905511811
21
0.4489934645669291
0
LINE
8
BLACK
6
CONTINUOUS
10
1.203650905511811
20
0.4489934645669291
11
1.2049920472440945
21
0.4492441732283464
0
LINE
8
BLACK
6
CONTINUOUS
10
1.2049920472440945
20
0.4492441732283464
11
1.3574503149606298
21
0.4492441732283464
0
LINE
8
BLACK
6
CONTINUOUS
10
1.3574503149606298
20
0.4492441732283464
11
1.3750814566929133
21
0.4668753149606299
0
LINE
8
BLACK
6
CONTINUOUS
10
1.3750814566929133
20
0.4668753149606299
11
1.388033464566929
21
0.4798273228346456
0
LINE
8
BLACK
6
CONTINUOUS
10
1.388033464566929
20
0.4798273228346456
11
1.3864299212598425
21
0.4828274409448819
0
LINE
8
BLACK
6
CONTINUOUS
10
1.3864299212598425
20
0.4828274409448819
11
1.3841895669291338
21
0.4902129921259842
0
LINE
8
BLACK
6
CONTINUOUS
10
1.3841895669291338
20
0.4902129921259842
11
1.3834330708661418
21
0.4978937007874016
0
LINE
8
BLACK
6
CONTINUOUS
10
1.3834330708661418
20
0.4978937007874016
11
1.3841895669291338
21
0.5055744094488189
0
LINE
8
BLACK
6
CONTINUOUS
10
1.3841895669291338
20
0.5055744094488189
11
1.3864299212598425
21
0.5129599606299212
0
LINE
8
BLACK
6
CONTINUOUS
10
1.3864299212598425
20
0.5129599606299212
11
1.3900681102362205
21
0.5197665354330708
0
LINE
8
BLACK
6
CONTINUOUS
10
1.3900681102362205
20
0.5197665354330708
11
1.3949642913385827
21
0.5257325590551181
0
LINE
8
BLACK
6
CONTINUOUS
10
1.3949642913385827
20
0.5257325590551181
11
1.4009303149606298
21
0.5306287401574803
0
LINE
8
BLACK
6
CONTINUOUS
10
1.4009303149606298
20
0.5306287401574803
11
1.4077368897637794
21
0.5342669291338582
0
LINE
8
BLACK
6
CONTINUOUS
10
1.4077368897637794
20
0.5342669291338582
11
1.4151224409448819
21
0.5365072834645669
0
LINE
8
BLACK
6
CONTINUOUS
10
1.4151224409448819
20
0.5365072834645669
11
1.4228031496062992
21
0.537263779527559
0
LINE
8
BLACK
6
CONTINUOUS
10
1.4228031496062992
20
0.537263779527559
11
1.4304838582677164
21
0.5365072834645669
0
LINE
8
BLACK
6
CONTINUOUS
10
1.4304838582677164
20
0.5365072834645669
11
1.4378694094488189
21
0.5342669291338582
0
LINE
8
BLACK
6
CONTINUOUS
10
1.4378694094488189
20
0.5342669291338582
11
1.4446759842519685
21
0.5306287401574803
0
LINE
8
BLACK
6
CONTINUOUS
10
1.4446759842519685
20
0.5306287401574803
11
1.4506420078740156
21
0.5257325590551181
0
LINE
8
BLACK
6
CONTINUOUS
10
1.4506420078740156
20
0.5257325590551181
11
1.4555381889763779
21
0.5197665354330708
0
LINE
8
BLACK
6
CONTINUOUS
10
1.4555381889763779
20
0.5197665354330708
11
1.4591763779527558
21
0.5129599606299212
0
LINE
8
BLACK
6
CONTINUOUS
10
1.4591763779527558
20
0.5129599606299212
11
1.4601638188976378
21
0.5097047244094488
0
LINE
8
BLACK
6
CONTINUOUS
10
1.4601638188976378
20
0.5097047244094488
11
1.4850014173228345
21
0.5097047244094488
0
LINE
8
BLACK
6
CONTINUOUS
10
1.4850014173228345
20
0.5097047244094488
11
1.6159003543307087
21
0.6406036614173228
0
LINE
8
BLACK
6
CONTINUOUS
10
1.6159003543307087
20
0.6406036614173228
11
1.6244317322834645
21
0.6491350393700788
0
LINE
8
BLACK
6
CONTINUOUS
10
1.6244317322834645
20
0.6491350393700788
11
1.625022716535433
21
0.6528664173228347
0
LINE
8
BLACK
6
CONTINUOUS
10
1.625022716535433
20
0.6528664173228347
11
1.6272595669291339
21
0.6572564566929133
0
LINE
8
BLACK
6
CONTINUOUS
10
1.6272595669291339
20
0.6572564566929133
11
1.6307435433070865
21
0.6607404330708662
0
LINE
8
BLACK
6
CONTINUOUS
10
1.6307435433070865
20
0.6607404330708662
11
1.6351335826771654
21
0.662977283464567
0
LINE
8
BLACK
6
CONTINUOUS
10
1.6351335826771654
20
0.662977283464567
11
1.6399999999999999
21
0.663748031496063
0
LINE
8
BLACK
6
CONTINUOUS
10
1.6399999999999999
20
0.663748031496063
11
1.6448664173228347
21
0.662977283464567
0
LINE
8
BLACK
6
CONTINUOUS
10
1.0265
20
0.5048205511811024
11
1.0265055118110236
21
0.5048
0
LINE
8
BLACK
6
CONTINUOUS
10
1.0265055118110236
20
0.5048
11
1.0265055118110236
21
0.4802720078740157
0
LINE
8
BLACK
6
CONTINUOUS
10
1.0265055118110236
20
0.4802720078740157
11
1.0292564566929134
21
0.4788703543307086
0
LINE
8
BLACK
6
CONTINUOUS
10
1.0292564566929134
20
0.4788703543307086
11
1.032740433070866
21
0.4753863779527559
0
LINE
8
BLACK
6
CONTINUOUS
10
1.032740433070866
20
0.4753863779527559
11
1.034977283464567
21
0.4709963385826771
0
LINE
8
BLACK
6
CONTINUOUS
10
1.034977283464567
20
0.4709963385826771
11
1.035748031496063
21
0.4661299212598425
0
LINE
8
BLACK
6
CONTINUOUS
10
1.035748031496063
20
0.4661299212598425
11
1.034977283464567
21
0.4612635039370079
0
LINE
8
BLACK
6
CONTINUOUS
10
1.034977283464567
20
0.4612635039370079
11
1.032740433070866
21
0.4568734645669291
0
LINE
8
BLACK
6
CONTINUOUS
10
1.032740433070866
20
0.4568734645669291
11
1.0292564566929134
21
0.4533894881889763
0
LINE
8
BLACK
6
CONTINUOUS
10
1.0292564566929134
20
0.4533894881889763
11
1.0248664173228346
21
0.4511526377952756
0
LINE
8
BLACK
6
CONTINUOUS
10
1.0248664173228346
20
0.4511526377952756
11
1.02
21
0.4503818897637795
0
LINE
8
BLACK
6
CONTINUOUS
10
1.02
20
0.4503818897637795
11
1.0151335826771652
21
0.4511526377952756
0
LINE
8
BLACK
6
CONTINUOUS
10
1.0151335826771652
20
0.4511526377952756
11
1.0107435433070866
21
0.4533894881889763
0
LINE
8
BLACK
6
CONTINUOUS
10
1.0107435433070866
20
0.4533894881889763
11
1.0072595669291338
21
0.4568734645669291
0
LINE
8
BLACK
6
CONTINUOUS
10
1.0072595669291338
20
0.4568734645669291
11
1.0050227165354331
21
0.4612635039370079
0
LINE
8
BLACK
6
CONTINUOUS
10
1.0050227165354331
20
0.4612635039370079
11
1.0042519685039371
21
0.4661299212598425
0
LINE
8
BLACK
6
CONTINUOUS
10
1.0042519685039371
20
0.4661299212598425
11
1.0050227165354331
21
0.4709963385826771
0
LINE
8
BLACK
6
CONTINUOUS
10
1.0050227165354331
20
0.4709963385826771
11
1.0072595669291338
21
0.4753863779527559
0
LINE
8
BLACK
6
CONTINUOUS
10
1.0072595669291338
20
0.4753863779527559
11
1.0107435433070866
21
0.4788703543307086
0
LINE
8
BLACK
6
CONTINUOUS
10
1.0107435433070866
20
0.4788703543307086
11
1.0146944881889763
21
0.4808834645669291
0
LINE
8
BLACK
6
CONTINUOUS
10
1.0146944881889763
20
0.4808834645669291
11
1.0146944881889763
21
0.5048
0
LINE
8
BLACK
6
CONTINUOUS
10
1.0146944881889763
20
0.5048
11
1.0146999999999999
21
0.5048205511811024
0
LINE
8
BLACK
6
CONTINUOUS
10
1.0146999999999999
20
0.5048205511811024
11
1.0146999999999999
21
0.5136499999999999
0
LINE
8
BLACK
6
CONTINUOUS
10
1.0146999999999999
20
0.5136499999999999
11
1.0265
21
0.5136499999999999
0
LINE
8
BLACK
6
CONTINUOUS
10
1.0265
20
0.5136499999999999
11
1.0265
21
0.5048205511811024
0
LINE
8
BLACK
6
CONTINUOUS
10
0.7304838582677166
20
0.5365072834645669
11
0.7378694094488188
21
0.5342669291338582
0
LINE
8
BLACK
6
CONTINUOUS
10
0.7378694094488188
20
0.5342669291338582
11
0.7446759842519685
21
0.5306287401574803
0
LINE
8
BLACK
6
CONTINUOUS
10
0.7446759842519685
20
0.5306287401574803
11
0.7506420078740157
21
0.5257325590551181
0
LINE
8
BLACK
6
CONTINUOUS
10
0.7506420078740157
20
0.5257325590551181
11
0.7555381889763779
21
0.5197665354330708
0
LINE
8
BLACK
6
CONTINUOUS
10
0.7555381889763779
20
0.5197665354330708
11
0.7591763779527559
21
0.5129599606299212
0
LINE
8
BLACK
6
CONTINUOUS
10
0.7591763779527559
20
0.5129599606299212
11
0.7614167322834645
21
0.5055744094488189
0
LINE
8
BLACK
6
CONTINUOUS
10
0.7614167322834645
20
0.5055744094488189
11
0.7621732283464566
21
0.4978937007874016
0
LINE
8
BLACK
6
CONTINUOUS
10
0.7621732283464566
20
0.4978937007874016
11
0.7614167322834645
21
0.4902129921259842
0
LINE
8
BLACK
6
CONTINUOUS
10
0.7614167322834645
20
0.4902129921259842
11
0.7591763779527559
21
0.4828274409448819
0
LINE
8
BLACK
6
CONTINUOUS
10
0.7591763779527559
20
0.4828274409448819
11
0.7555381889763779
21
0.4760208661417323
0
LINE
8
BLACK
6
CONTINUOUS
10
0.7555381889763779
20
0.4760208661417323
11
0.7506420078740157
21
0.470054842519685
0
LINE
8
BLACK
6
CONTINUOUS
10
0.7506420078740157
20
0.470054842519685
11
0.7446759842519685
21
0.4651586614173228
0
LINE
8
BLACK
6
CONTINUOUS
10
0.7446759842519685
20
0.4651586614173228
11
0.7378694094488188
21
0.4615204724409449
0
LINE
8
BLACK
6
CONTINUOUS
10
0.7378694094488188
20
0.4615204724409449
11
0.7304838582677166
21
0.4592801181102362
0
LINE
8
BLACK
6
CONTINUOUS
10
0.7304838582677166
20
0.4592801181102362
11
0.7228031496062992
21
0.4585236220472441
0
LINE
8
BLACK
6
CONTINUOUS
10
0.7228031496062992
20
0.4585236220472441
11
0.7151224409448819
21
0.4592801181102362
0
LINE
8
BLACK
6
CONTINUOUS
10
0.7151224409448819
20
0.4592801181102362
11
0.7077368897637795
21
0.4615204724409449
0
LINE
8
BLACK
6
CONTINUOUS
10
0.7077368897637795
20
0.4615204724409449
11
0.7009303149606299
21
0.4651586614173228
0
LINE
8
BLACK
6
CONTINUOUS
10
0.7009303149606299
20
0.4651586614173228
11
0.6949642913385826
21
0.470054842519685
0
LINE
8
BLACK
6
CONTINUOUS
10
0.6949642913385826
20
0.470054842519685
11
0.6900681102362205
21
0.4760208661417323
0
LINE
8
BLACK
6
CONTINUOUS
10
0.6900681102362205
20
0.4760208661417323
11
0.6864299212598425
21
0.4828274409448819
0
LINE
8
BLACK
6
CONTINUOUS
10
0.6864299212598425
20
0.4828274409448819
11
0.6841895669291338
21
0.4902129921259842
0
LINE
8
BLACK
6
CONTINUOUS
10
0.6841895669291338
20
0.4902129921259842
11
0.6834330708661417
21
0.4978937007874016
0
LINE
8
BLACK
6
CONTINUOUS
10
0.6834330708661417
20
0.4978937007874016
11
0.6841895669291338
21
0.5055744094488189
0
LINE
8
BLACK
6
CONTINUOUS
10
0.6841895669291338
20
0.5055744094488189
11
0.6864299212598425
21
0.5129599606299212
0
LINE
8
BLACK
6
CONTINUOUS
10
0.6864299212598425
20
0.5129599606299212
11
0.6900681102362205
21
0.5197665354330708
0
LINE
8
BLACK
6
CONTINUOUS
10
0.6900681102362205
20
0.5197665354330708
11
0.6949642913385826
21
0.5257325590551181
0
LINE
8
BLACK
6
CONTINUOUS
10
0.6949642913385826
20
0.5257325590551181
11
0.7009303149606299
21
0.5306287401574803
0
LINE
8
BLACK
6
CONTINUOUS
10
0.7009303149606299
20
0.5306287401574803
11
0.7077368897637795
21
0.5342669291338582
0
LINE
8
BLACK
6
CONTINUOUS
10
0.7077368897637795
20
0.5342669291338582
11
0.7151224409448819
21
0.5365072834645669
0
LINE
8
BLACK
6
CONTINUOUS
10
0.7151224409448819
20
0.5365072834645669
11
0.7228031496062992
21
0.537263779527559
0
LINE
8
BLACK
6
CONTINUOUS
10
0.7228031496062992
20
0.537263779527559
11
0.7304838582677166
21
0.5365072834645669
0
LINE
8
BLACK
6
CONTINUOUS
10
1.2304838582677164
20
0.5365072834645669
11
1.237869409448819
21
0.5342669291338582
0
LINE
8
BLACK
6
CONTINUOUS
10
1.237869409448819
20
0.5342669291338582
11
1.2446759842519686
21
0.5306287401574803
0
LINE
8
BLACK
6
CONTINUOUS
10
1.2446759842519686
20
0.5306287401574803
11
1.2506420078740157
21
0.5257325590551181
0
LINE
8
BLACK
6
CONTINUOUS
10
1.2506420078740157
20
0.5257325590551181
11
1.2555381889763779
21
0.5197665354330708
0
LINE
8
BLACK
6
CONTINUOUS
10
1.2555381889763779
20
0.5197665354330708
11
1.2591763779527558
21
0.5129599606299212
0
LINE
8
BLACK
6
CONTINUOUS
10
1.2591763779527558
20
0.5129599606299212
11
1.2614167322834646
21
0.5055744094488189
0
LINE
8
BLACK
6
CONTINUOUS
10
1.2614167322834646
20
0.5055744094488189
11
1.2621732283464566
21
0.4978937007874016
0
LINE
8
BLACK
6
CONTINUOUS
10
1.2621732283464566
20
0.4978937007874016
11
1.2614167322834646
21
0.4902129921259842
0
LINE
8
BLACK
6
CONTINUOUS
10
1.2614167322834646
20
0.4902129921259842
11
1.2591763779527558
21
0.4828274409448819
0
LINE
8
BLACK
6
CONTINUOUS
10
1.2591763779527558
20
0.4828274409448819
11
1.2555381889763779
21
0.4760208661417323
0
LINE
8
BLACK
6
CONTINUOUS
10
1.2555381889763779
20
0.4760208661417323
11
1.2506420078740157
21
0.470054842519685
0
LINE
8
BLACK
6
CONTINUOUS
10
1.2506420078740157
20
0.470054842519685
11
1.2446759842519686
21
0.4651586614173228
0
LINE
8
BLACK
6
CONTINUOUS
10
1.2446759842519686
20
0.4651586614173228
11
1.237869409448819
21
0.4615204724409449
0
LINE
8
BLACK
6
CONTINUOUS
10
1.237869409448819
20
0.4615204724409449
11
1.2304838582677164
21
0.4592801181102362
0
LINE
8
BLACK
6
CONTINUOUS
10
1.2304838582677164
20
0.4592801181102362
11
1.2228031496062992
21
0.4585236220472441
0
LINE
8
BLACK
6
CONTINUOUS
10
1.2228031496062992
20
0.4585236220472441
11
1.2151224409448818
21
0.4592801181102362
0
LINE
8
BLACK
6
CONTINUOUS
10
1.2151224409448818
20
0.4592801181102362
11
1.2077368897637795
21
0.4615204724409449
0
LINE
8
BLACK
6
CONTINUOUS
10
1.2077368897637795
20
0.4615204724409449
11
1.2009303149606299
21
0.4651586614173228
0
LINE
8
BLACK
6
CONTINUOUS
10
1.2009303149606299
20
0.4651586614173228
11
1.1949642913385827
21
0.470054842519685
0
LINE
8
BLACK
6
CONTINUOUS
10
1.1949642913385827
20
0.470054842519685
11
1.1900681102362205
21
0.4760208661417323
0
LINE
8
BLACK
6
CONTINUOUS
10
1.1900681102362205
20
0.4760208661417323
11
1.1864299212598426
21
0.4828274409448819
0
LINE
8
BLACK
6
CONTINUOUS
10
1.1864299212598426
20
0.4828274409448819
11
1.1842481889763778
21
0.49001968503937
0
LINE
8
BLACK
6
CONTINUOUS
10
1.1842481889763778
20
0.49001968503937
11
1.1671254724409448
21
0.49001968503937
0
LINE
8
BLACK
6
CONTINUOUS
10
1.1671254724409448
20
0.49001968503937
11
1.165837559055118
21
0.4903136220472441
0
LINE
8
BLACK
6
CONTINUOUS
10
1.165837559055118
20
0.4903136220472441
11
1.164524842519685
21
0.4904615354330709
0
LINE
8
BLACK
6
CONTINUOUS
10
1.164524842519685
20
0.4904615354330709
11
1.1641456299212598
21
0.4906997637795276
0
LINE
8
BLACK
6
CONTINUOUS
10
1.1641456299212598
20
0.4906997637795276
11
1.1637090551181102
21
0.4907994488188976
0
LINE
8
BLACK
6
CONTINUOUS
10
1.1637090551181102
20
0.4907994488188976
11
1.162676220472441
21
0.4916230708661417
0
LINE
8
BLACK
6
CONTINUOUS
10
1.162676220472441
20
0.4916230708661417
11
1.1615576771653544
21
0.4923259448818897
0
LINE
8
BLACK
6
CONTINUOUS
10
1.1615576771653544
20
0.4923259448818897
11
1.1569576771653542
21
0.4969259842519685
0
LINE
8
BLACK
6
CONTINUOUS
10
1.1569576771653542
20
0.4969259842519685
11
1.0659000000000001
21
0.4969259842519685
0
LINE
8
BLACK
6
CONTINUOUS
10
1.0659000000000001
20
0.4969259842519685
11
1.0659000000000001
21
0.49595
0
LINE
8
BLACK
6
CONTINUOUS
10
1.0659000000000001
20
0.49595
11
1.0541
21
0.49595
0
LINE
8
BLACK
6
CONTINUOUS
10
1.0541
20
0.49595
11
1.0541
21
0.5136499999999999
0
LINE
8
BLACK
6
CONTINUOUS
10
1.0541
20
0.5136499999999999
11
1.0659000000000001
21
0.5136499999999999
0
LINE
8
BLACK
6
CONTINUOUS
10
1.0659000000000001
20
0.5136499999999999
11
1.0659000000000001
21
0.5126740157480315
0
LINE
8
BLACK
6
CONTINUOUS
10
1.0659000000000001
20
0.5126740157480315
11
1.1602191732283464
21
0.5126740157480315
0
LINE
8
BLACK
6
CONTINUOUS
10
1.1602191732283464
20
0.5126740157480315
11
1.1615070866141732
21
0.5123800393700787
0
LINE
8
BLACK
6
CONTINUOUS
10
1.1615070866141732
20
0.5123800393700787
11
1.1628198031496062
21
0.5122321653543307
0
LINE
8
BLACK
6
CONTINUOUS
10
1.1628198031496062
20
0.5122321653543307
11
1.1631989763779527
21
0.5119938976377952
0
LINE
8
BLACK
6
CONTINUOUS
10
1.1631989763779527
20
0.5119938976377952
11
1.163635590551181
21
0.5118942519685039
0
LINE
8
BLACK
6
CONTINUOUS
10
1.163635590551181
20
0.5118942519685039
11
1.1646684645669292
21
0.5110705118110236
0
LINE
8
BLACK
6
CONTINUOUS
10
1.1646684645669292
20
0.5110705118110236
11
1.1657869291338583
21
0.5103677559055118
0
LINE
8
BLACK
6
CONTINUOUS
10
1.1657869291338583
20
0.5103677559055118
11
1.1703870078740157
21
0.5057677165354331
0
LINE
8
BLACK
6
CONTINUOUS
10
1.1703870078740157
20
0.5057677165354331
11
1.1842481889763778
21
0.5057677165354331
0
LINE
8
BLACK
6
CONTINUOUS
10
1.1842481889763778
20
0.5057677165354331
11
1.1864299212598426
21
0.5129599606299212
0
LINE
8
BLACK
6
CONTINUOUS
10
1.1864299212598426
20
0.5129599606299212
11
1.1900681102362205
21
0.5197665354330708
0
LINE
8
BLACK
6
CONTINUOUS
10
1.1900681102362205
20
0.5197665354330708
11
1.1949642913385827
21
0.5257325590551181
0
LINE
8
BLACK
6
CONTINUOUS
10
1.1949642913385827
20
0.5257325590551181
11
1.2009303149606299
21
0.5306287401574803
0
LINE
8
BLACK
6
CONTINUOUS
10
1.2009303149606299
20
0.5306287401574803
11
1.2077368897637795
21
0.5342669291338582
0
LINE
8
BLACK
6
CONTINUOUS
10
1.2077368897637795
20
0.5342669291338582
11
1.2151224409448818
21
0.5365072834645669
0
LINE
8
BLACK
6
CONTINUOUS
10
1.2151224409448818
20
0.5365072834645669
11
1.2228031496062992
21
0.537263779527559
0
LINE
8
BLACK
6
CONTINUOUS
10
1.2228031496062992
20
0.537263779527559
11
1.2304838582677164
21
0.5365072834645669
0
LINE
8
BLACK
6
CONTINUOUS
10
1.3304838582677165
20
0.5365072834645669
11
1.3378694094488188
21
0.5342669291338582
0
LINE
8
BLACK
6
CONTINUOUS
10
1.3378694094488188
20
0.5342669291338582
11
1.3446759842519684
21
0.5306287401574803
0
LINE
8
BLACK
6
CONTINUOUS
10
1.3446759842519684
20
0.5306287401574803
11
1.3506420078740158
21
0.5257325590551181
0
LINE
8
BLACK
6
CONTINUOUS
10
1.3506420078740158
20
0.5257325590551181
11
1.355538188976378
21
0.5197665354330708
0
LINE
8
BLACK
6
CONTINUOUS
10
1.355538188976378
20
0.5197665354330708
11
1.3591763779527559
21
0.5129599606299212
0
LINE
8
BLACK
6
CONTINUOUS
10
1.3591763779527559
20
0.5129599606299212
11
1.3614167322834645
21
0.5055744094488189
0
LINE
8
BLACK
6
CONTINUOUS
10
1.3614167322834645
20
0.5055744094488189
11
1.3621732283464567
21
0.4978937007874016
0
LINE
8
BLACK
6
CONTINUOUS
10
1.3621732283464567
20
0.4978937007874016
11
1.3614167322834645
21
0.4902129921259842
0
LINE
8
BLACK
6
CONTINUOUS
10
1.3614167322834645
20
0.4902129921259842
11
1.3591763779527559
21
0.4828274409448819
0
LINE
8
BLACK
6
CONTINUOUS
10
1.3591763779527559
20
0.4828274409448819
11
1.355538188976378
21
0.4760208661417323
0
LINE
8
BLACK
6
CONTINUOUS
10
1.355538188976378
20
0.4760208661417323
11
1.3506420078740158
21
0.470054842519685
0
LINE
8
BLACK
6
CONTINUOUS
10
1.3506420078740158
20
0.470054842519685
11
1.3446759842519684
21
0.4651586614173228
0
LINE
8
BLACK
6
CONTINUOUS
10
1.3446759842519684
20
0.4651586614173228
11
1.3378694094488188
21
0.4615204724409449
0
LINE
8
BLACK
6
CONTINUOUS
10
1.3378694094488188
20
0.4615204724409449
11
1.3304838582677165
21
0.4592801181102362
0
LINE
8
BLACK
6
CONTINUOUS
10
1.3304838582677165
20
0.4592801181102362
11
1.3228031496062991
21
0.4585236220472441
0
LINE
8
BLACK
6
CONTINUOUS
10
1.3228031496062991
20
0.4585236220472441
11
1.3151224409448818
21
0.4592801181102362
0
LINE
8
BLACK
6
CONTINUOUS
10
1.3151224409448818
20
0.4592801181102362
11
1.3077368897637796
21
0.4615204724409449
0
LINE
8
BLACK
6
CONTINUOUS
10
1.3077368897637796
20
0.4615204724409449
11
1.3009303149606299
21
0.4651586614173228
0
LINE
8
BLACK
6
CONTINUOUS
10
1.3009303149606299
20
0.4651586614173228
11
1.2949642913385826
21
0.470054842519685
0
LINE
8
BLACK
6
CONTINUOUS
10
1.2949642913385826
20
0.470054842519685
11
1.2900681102362204
21
0.4760208661417323
0
LINE
8
BLACK
6
CONTINUOUS
10
1.2900681102362204
20
0.4760208661417323
11
1.2864299212598425
21
0.4828274409448819
0
LINE
8
BLACK
6
CONTINUOUS
10
1.2864299212598425
20
0.4828274409448819
11
1.2841895669291339
21
0.4902129921259842
0
LINE
8
BLACK
6
CONTINUOUS
10
1.2841895669291339
20
0.4902129921259842
11
1.2834330708661417
21
0.4978937007874016
0
LINE
8
BLACK
6
CONTINUOUS
10
1.2834330708661417
20
0.4978937007874016
11
1.2841895669291339
21
0.5055744094488189
0
LINE
8
BLACK
6
CONTINUOUS
10
1.2841895669291339
20
0.5055744094488189
11
1.2864299212598425
21
0.5129599606299212
0
LINE
8
BLACK
6
CONTINUOUS
10
1.2864299212598425
20
0.5129599606299212
11
1.2900681102362204
21
0.5197665354330708
0
LINE
8
BLACK
6
CONTINUOUS
10
1.2900681102362204
20
0.5197665354330708
11
1.2949642913385826
21
0.5257325590551181
0
LINE
8
BLACK
6
CONTINUOUS
10
1.2949642913385826
20
0.5257325590551181
11
1.3009303149606299
21
0.5306287401574803
0
LINE
8
BLACK
6
CONTINUOUS
10
1.3009303149606299
20
0.5306287401574803
11
1.3077368897637796
21
0.5342669291338582
0
LINE
8
BLACK
6
CONTINUOUS
10
1.3077368897637796
20
0.5342669291338582
11
1.3151224409448818
21
0.5365072834645669
0
LINE
8
BLACK
6
CONTINUOUS
10
1.3151224409448818
20
0.5365072834645669
11
1.3228031496062991
21
0.537263779527559
0
LINE
8
BLACK
6
CONTINUOUS
10
1.3228031496062991
20
0.537263779527559
11
1.3304838582677165
21
0.5365072834645669
0
LINE
8
BLACK
6
CONTINUOUS
10
1.78
20
0.52
11
1.72
21
0.52
0
LINE
8
BLACK
6
CONTINUOUS
10
1.72
20
0.52
11
1.72
21
0.58
0
LINE
8
BLACK
6
CONTINUOUS
10
1.72
20
0.58
11
1.78
21
0.58
0
LINE
8
BLACK
6
CONTINUOUS
10
1.78
20
0.58
11
1.78
21
0.52
0
LINE
8
BLACK
6
CONTINUOUS
10
1.78
20
0.42
11
1.72
21
0.42
0
LINE
8
BLACK
6
CONTINUOUS
10
1.72
20
0.42
11
1.72
21
0.48
0
LINE
8
BLACK
6
CONTINUOUS
10
1.72
20
0.48
11
1.78
21
0.48
0
LINE
8
BLACK
6
CONTINUOUS
10
1.78
20
0.48
11
1.78
21
0.42
0
LINE
8
BLACK
6
CONTINUOUS
10
1.8799999999999999
20
0.42
11
1.8200000000000001
21
0.42
0
LINE
8
BLACK
6
CONTINUOUS
10
1.8200000000000001
20
0.42
11
1.8200000000000001
21
0.48
0
LINE
8
BLACK
6
CONTINUOUS
10
1.8200000000000001
20
0.48
11
1.8799999999999999
21
0.48
0
LINE
8
BLACK
6
CONTINUOUS
10
1.8799999999999999
20
0.48
11
1.8799999999999999
21
0.42
0
LINE
8
BLACK
6
CONTINUOUS
10
0.9756
20
0.49355
11
0.9638
21
0.49355
0
LINE
8
BLACK
6
CONTINUOUS
10
0.9638
20
0.49355
11
0.9638
21
0.51125
0
LINE
8
BLACK
6
CONTINUOUS
10
0.9638
20
0.51125
11
0.9756
21
0.51125
0
LINE
8
BLACK
6
CONTINUOUS
10
0.9756
20
0.51125
11
0.9756
21
0.49355
0
LINE
8
BLACK
6
CONTINUOUS
10
1.8799999999999999
20
0.52
11
1.8200000000000001
21
0.52
0
LINE
8
BLACK
6
CONTINUOUS
10
1.8200000000000001
20
0.52
11
1.8200000000000001
21
0.58
0
LINE
8
BLACK
6
CONTINUOUS
10
1.8200000000000001
20
0.58
11
1.8799999999999999
21
0.58
0
LINE
8
BLACK
6
CONTINUOUS
10
1.8799999999999999
20
0.58
11
1.8799999999999999
21
0.52
0
LINE
8
BLACK
6
CONTINUOUS
10
0.7804838582677165
20
0.6365072834645669
11
0.7878694094488189
21
0.6342669291338583
0
LINE
8
BLACK
6
CONTINUOUS
10
0.7878694094488189
20
0.6342669291338583
11
0.7946759842519685
21
0.6306287401574803
0
LINE
8
BLACK
6
CONTINUOUS
10
0.7946759842519685
20
0.6306287401574803
11
0.8006420078740157
21
0.625732559055118
0
LINE
8
BLACK
6
CONTINUOUS
10
0.8006420078740157
20
0.625732559055118
11
0.805538188976378
21
0.6197665354330708
0
LINE
8
BLACK
6
CONTINUOUS
10
0.805538188976378
20
0.6197665354330708
11
0.8091763779527559
21
0.6129599606299212
0
LINE
8
BLACK
6
CONTINUOUS
10
0.8091763779527559
20
0.6129599606299212
11
0.8113258661417323
21
0.6058740157480315
0
LINE
8
BLACK
6
CONTINUOUS
10
0.8113258661417323
20
0.6058740157480315
11
0.8899
21
0.6058740157480315
0
LINE
8
BLACK
6
CONTINUOUS
10
0.8899
20
0.6058740157480315
11
0.8911879133858267
21
0.6055800393700788
0
LINE
8
BLACK
6
CONTINUOUS
10
0.8911879133858267
20
0.6055800393700788
11
0.8925006299212598
21
0.6054321653543306
0
LINE
8
BLACK
6
CONTINUOUS
10
0.8925006299212598
20
0.6054321653543306
11
0.8928798031496062
21
0.6051938976377953
0
LINE
8
BLACK
6
CONTINUOUS
10
0.8928798031496062
20
0.6051938976377953
11
0.8933164173228346
21
0.605094251968504
0
LINE
8
BLACK
6
CONTINUOUS
10
0.8933164173228346
20
0.605094251968504
11
0.8943492913385827
21
0.6042705118110236
0
LINE
8
BLACK
6
CONTINUOUS
10
0.8943492913385827
20
0.6042705118110236
11
0.8954677559055118
21
0.6035677559055118
0
LINE
8
BLACK
6
CONTINUOUS
10
0.8954677559055118
20
0.6035677559055118
11
0.9325855511811023
21
0.56645
0
LINE
8
BLACK
6
CONTINUOUS
10
0.9325855511811023
20
0.56645
11
0.9362
21
0.56645
0
LINE
8
BLACK
6
CONTINUOUS
10
0.9362
20
0.56645
11
0.9362
21
0.5626390157480314
0
LINE
8
BLACK
6
CONTINUOUS
10
0.9362
20
0.5626390157480314
11
0.9377321653543307
21
0.5602006299212599
0
LINE
8
BLACK
6
CONTINUOUS
10
0.9377321653543307
20
0.5602006299212599
11
0.9381244881889763
21
0.5567184251968503
0
LINE
8
BLACK
6
CONTINUOUS
10
0.9381244881889763
20
0.5567184251968503
11
0.9369671259842519
21
0.553410748031496
0
LINE
8
BLACK
6
CONTINUOUS
10
0.9369671259842519
20
0.553410748031496
11
0.9362
21
0.552643622047244
0
LINE
8
BLACK
6
CONTINUOUS
10
0.9362
20
0.552643622047244
11
0.9362
21
0.54875
0
LINE
8
BLACK
6
CONTINUOUS
10
0.9362
20
0.54875
11
0.9244
21
0.54875
0
LINE
8
BLACK
6
CONTINUOUS
10
0.9244
20
0.54875
11
0.9244
21
0.5523644488188977
0
LINE
8
BLACK
6
CONTINUOUS
10
0.9244
20
0.5523644488188977
11
0.8866385039370078
21
0.5901259842519685
0
LINE
8
BLACK
6
CONTINUOUS
10
0.8866385039370078
20
0.5901259842519685
11
0.8113903543307086
21
0.5901259842519685
0
LINE
8
BLACK
6
CONTINUOUS
10
0.8113903543307086
20
0.5901259842519685
11
0.8091763779527559
21
0.5828274409448819
0
LINE
8
BLACK
6
CONTINUOUS
10
0.8091763779527559
20
0.5828274409448819
11
0.805538188976378
21
0.5760208661417323
0
LINE
8
BLACK
6
CONTINUOUS
10
0.805538188976378
20
0.5760208661417323
11
0.8006420078740157
21
0.5700548425196851
0
LINE
8
BLACK
6
CONTINUOUS
10
0.8006420078740157
20
0.5700548425196851
11
0.7946759842519685
21
0.5651586614173228
0
LINE
8
BLACK
6
CONTINUOUS
10
0.7946759842519685
20
0.5651586614173228
11
0.7878694094488189
21
0.5615204724409448
0
LINE
8
BLACK
6
CONTINUOUS
10
0.7878694094488189
20
0.5615204724409448
11
0.7804838582677165
21
0.5592801181102363
0
LINE
8
BLACK
6
CONTINUOUS
10
0.7804838582677165
20
0.5592801181102363
11
0.7728031496062991
21
0.558523622047244
0
LINE
8
BLACK
6
CONTINUOUS
10
0.7728031496062991
20
0.558523622047244
11
0.7651224409448819
21
0.5592801181102363
0
LINE
8
BLACK
6
CONTINUOUS
10
0.7651224409448819
20
0.5592801181102363
11
0.7577368897637795
21
0.5615204724409448
0
LINE
8
BLACK
6
CONTINUOUS
10
0.7577368897637795
20
0.5615204724409448
11
0.7509303149606299
21
0.5651586614173228
0
LINE
8
BLACK
6
CONTINUOUS
10
0.7509303149606299
20
0.5651586614173228
11
0.7449642913385827
21
0.5700548425196851
0
LINE
8
BLACK
6
CONTINUOUS
10
0.7449642913385827
20
0.5700548425196851
11
0.7400681102362204
21
0.5760208661417323
0
LINE
8
BLACK
6
CONTINUOUS
10
0.7400681102362204
20
0.5760208661417323
11
0.7364299212598425
21
0.5828274409448819
0
LINE
8
BLACK
6
CONTINUOUS
10
0.7364299212598425
20
0.5828274409448819
11
0.7341895669291338
21
0.5902129921259842
0
LINE
8
BLACK
6
CONTINUOUS
10
0.7341895669291338
20
0.5902129921259842
11
0.7334330708661417
21
0.5978937007874016
0
LINE
8
BLACK
6
CONTINUOUS
10
0.7334330708661417
20
0.5978937007874016
11
0.7341895669291338
21
0.6055744094488189
0
LINE
8
BLACK
6
CONTINUOUS
10
0.7341895669291338
20
0.6055744094488189
11
0.7364299212598425
21
0.6129599606299212
0
LINE
8
BLACK
6
CONTINUOUS
10
0.7364299212598425
20
0.6129599606299212
11
0.7400681102362204
21
0.6197665354330708
0
LINE
8
BLACK
6
CONTINUOUS
10
0.7400681102362204
20
0.6197665354330708
11
0.7449642913385827
21
0.625732559055118
0
LINE
8
BLACK
6
CONTINUOUS
10
0.7449642913385827
20
0.625732559055118
11
0.7509303149606299
21
0.6306287401574803
0
LINE
8
BLACK
6
CONTINUOUS
10
0.7509303149606299
20
0.6306287401574803
11
0.7577368897637795
21
0.6342669291338583
0
LINE
8
BLACK
6
CONTINUOUS
10
0.7577368897637795
20
0.6342669291338583
11
0.7651224409448819
21
0.6365072834645669
0
LINE
8
BLACK
6
CONTINUOUS
10
0.7651224409448819
20
0.6365072834645669
11
0.7728031496062991
21
0.6372637795275591
0
LINE
8
BLACK
6
CONTINUOUS
10
0.7728031496062991
20
0.6372637795275591
11
0.7804838582677165
21
0.6365072834645669
0
LINE
8
BLACK
6
CONTINUOUS
10
0.88
20
1.02
11
0.8618110236220472
21
1.02
0
LINE
8
BLACK
6
CONTINUOUS
10
0.8618110236220472
20
1.02
11
0.8618110236220472
21
0.98
0
LINE
8
BLACK
6
CONTINUOUS
10
0.8618110236220472
20
0.98
11
0.88
21
0.98
0
LINE
8
BLACK
6
CONTINUOUS
10
0.88
20
0.98
11
0.88
21
0.9199999999999999
0
LINE
8
BLACK
6
CONTINUOUS
10
0.88
20
0.9199999999999999
11
0.8693110236220473
21
0.9199999999999999
0
LINE
8
BLACK
6
CONTINUOUS
10
0.8693110236220473
20
0.9199999999999999
11
0.8693110236220473
21
0.7875
0
LINE
8
BLACK
6
CONTINUOUS
10
0.8693110236220473
20
0.7875
11
0.875
21
0.7875
0
LINE
8
BLACK
6
CONTINUOUS
10
0.875
20
0.7875
11
0.875
21
0.7324999999999999
0
LINE
8
BLACK
6
CONTINUOUS
10
0.875
20
0.7324999999999999
11
0.8693110236220473
21
0.7324999999999999
0
LINE
8
BLACK
6
CONTINUOUS
10
0.8693110236220473
20
0.7324999999999999
11
0.8693110236220473
21
0.6957904330708661
0
LINE
8
BLACK
6
CONTINUOUS
10
0.8693110236220473
20
0.6957904330708661
11
1.02
21
0.6957904330708661
0
LINE
8
BLACK
6
CONTINUOUS
10
1.02
20
0.6957904330708661
11
1.186717440944882
21
0.6957904330708661
0
LINE
8
BLACK
6
CONTINUOUS
10
1.186717440944882
20
0.6957904330708661
11
1.1870994488188975
21
0.695755
0
LINE
8
BLACK
6
CONTINUOUS
10
1.1870994488188975
20
0.695755
11
1.1872629133858268
21
0.6957778346456692
0
LINE
8
BLACK
6
CONTINUOUS
10
1.1872629133858268
20
0.6957778346456692
11
1.1875291338582676
21
0.6957151968503937
0
LINE
8
BLACK
6
CONTINUOUS
10
1.1875291338582676
20
0.6957151968503937
11
1.188887716535433
21
0.6955893307086614
0
LINE
8
BLACK
6
CONTINUOUS
10
1.188887716535433
20
0.6955893307086614
11
1.1901599999999999
21
0.6950964173228347
0
LINE
8
BLACK
6
CONTINUOUS
10
1.1901599999999999
20
0.6950964173228347
11
1.191488188976378
21
0.6947840551181103
0
LINE
8
BLACK
6
CONTINUOUS
10
1.191488188976378
20
0.6947840551181103
11
1.1921674015748032
21
0.6943187401574803
0
LINE
8
BLACK
6
CONTINUOUS
10
1.1921674015748032
20
0.6943187401574803
11
1.1929351574803149
21
0.6940213385826771
0
LINE
8
BLACK
6
CONTINUOUS
10
1.1929351574803149
20
0.6940213385826771
11
1.1939434251968504
21
0.6931021259842519
0
LINE
8
BLACK
6
CONTINUOUS
10
1.1939434251968504
20
0.6931021259842519
11
1.195069094488189
21
0.692331062992126
0
LINE
8
BLACK
6
CONTINUOUS
10
1.195069094488189
20
0.692331062992126
11
1.2090485039370078
21
0.6783516535433071
0
LINE
8
BLACK
6
CONTINUOUS
10
1.2090485039370078
20
0.6783516535433071
11
1.2547367716535434
21
0.6326633464566929
0
LINE
8
BLACK
6
CONTINUOUS
10
1.2547367716535434
20
0.6326633464566929
11
1.2577368897637795
21
0.6342669291338583
0
LINE
8
BLACK
6
CONTINUOUS
10
1.2577368897637795
20
0.6342669291338583
11
1.2651224409448818
21
0.6365072834645669
0
LINE
8
BLACK
6
CONTINUOUS
10
1.2651224409448818
20
0.6365072834645669
11
1.2728031496062993
21
0.6372637795275591
0
LINE
8
BLACK
6
CONTINUOUS
10
1.2728031496062993
20
0.6372637795275591
11
1.2804838582677165
21
0.6365072834645669
0
LINE
8
BLACK
6
CONTINUOUS
10
1.2804838582677165
20
0.6365072834645669
11
1.2878694094488188
21
0.6342669291338583
0
LINE
8
BLACK
6
CONTINUOUS
10
1.2878694094488188
20
0.6342669291338583
11
1.2946759842519684
21
0.6306287401574803
0
LINE
8
BLACK
6
CONTINUOUS
10
1.2946759842519684
20
0.6306287401574803
11
1.3006420078740157
21
0.625732559055118
0
LINE
8
BLACK
6
CONTINUOUS
10
1.3006420078740157
20
0.625732559055118
11
1.305538188976378
21
0.6197665354330708
0
LINE
8
BLACK
6
CONTINUOUS
10
1.305538188976378
20
0.6197665354330708
11
1.3091763779527559
21
0.6129599606299212
0
LINE
8
BLACK
6
CONTINUOUS
10
1.3091763779527559
20
0.6129599606299212
11
1.3114167322834644
21
0.6055744094488189
0
LINE
8
BLACK
6
CONTINUOUS
10
1.3114167322834644
20
0.6055744094488189
11
1.3121732283464567
21
0.5978937007874016
0
LINE
8
BLACK
6
CONTINUOUS
10
1.3121732283464567
20
0.5978937007874016
11
1.3114167322834644
21
0.5902129921259842
0
LINE
8
BLACK
6
CONTINUOUS
10
1.3114167322834644
20
0.5902129921259842
11
1.3091763779527559
21
0.5828274409448819
0
LINE
8
BLACK
6
CONTINUOUS
10
1.3091763779527559
20
0.5828274409448819
11
1.305538188976378
21
0.5760208661417323
0
LINE
8
BLACK
6
CONTINUOUS
10
1.305538188976378
20
0.5760208661417323
11
1.3006420078740157
21
0.5700548425196851
0
LINE
8
BLACK
6
CONTINUOUS
10
1.3006420078740157
20
0.5700548425196851
11
1.2946759842519684
21
0.5651586614173228
0
LINE
8
BLACK
6
CONTINUOUS
10
1.2946759842519684
20
0.5651586614173228
11
1.2878694094488188
21
0.5615204724409448
0
LINE
8
BLACK
6
CONTINUOUS
10
1.2878694094488188
20
0.5615204724409448
11
1.2804838582677165
21
0.5592801181102363
0
LINE
8
BLACK
6
CONTINUOUS
10
1.2804838582677165
20
0.5592801181102363
11
1.2728031496062993
21
0.558523622047244
0
LINE
8
BLACK
6
CONTINUOUS
10
1.2728031496062993
20
0.558523622047244
11
1.2651224409448818
21
0.5592801181102363
0
LINE
8
BLACK
6
CONTINUOUS
10
1.2651224409448818
20
0.5592801181102363
11
1.2577368897637795
21
0.5615204724409448
0
LINE
8
BLACK
6
CONTINUOUS
10
1.2577368897637795
20
0.5615204724409448
11
1.2509303149606299
21
0.5651586614173228
0
LINE
8
BLACK
6
CONTINUOUS
10
1.2509303149606299
20
0.5651586614173228
11
1.2449642913385826
21
0.5700548425196851
0
LINE
8
BLACK
6
CONTINUOUS
10
1.2449642913385826
20
0.5700548425196851
11
1.2400681102362205
21
0.5760208661417323
0
LINE
8
BLACK
6
CONTINUOUS
10
1.2400681102362205
20
0.5760208661417323
11
1.2364299212598424
21
0.5828274409448819
0
LINE
8
BLACK
6
CONTINUOUS
10
1.2364299212598424
20
0.5828274409448819
11
1.2341895669291338
21
0.5902129921259842
0
LINE
8
BLACK
6
CONTINUOUS
10
1.2341895669291338
20
0.5902129921259842
11
1.2334330708661416
21
0.5978937007874016
0
LINE
8
BLACK
6
CONTINUOUS
10
1.2334330708661416
20
0.5978937007874016
11
1.2341895669291338
21
0.6055744094488189
0
LINE
8
BLACK
6
CONTINUOUS
10
1.2341895669291338
20
0.6055744094488189
11
1.2364299212598424
21
0.6129599606299212
0
LINE
8
BLACK
6
CONTINUOUS
10
1.2364299212598424
20
0.6129599606299212
11
1.2380334645669291
21
0.6159600393700787
0
LINE
8
BLACK
6
CONTINUOUS
10
1.2380334645669291
20
0.6159600393700787
11
1.1923451968503938
21
0.6616483464566929
0
LINE
8
BLACK
6
CONTINUOUS
10
1.1923451968503938
20
0.6616483464566929
11
1.1818251574803149
21
0.6721683858267716
0
LINE
8
BLACK
6
CONTINUOUS
10
1.1818251574803149
20
0.6721683858267716
11
1.0614331496062992
21
0.6721683858267716
0
LINE
8
BLACK
6
CONTINUOUS
10
1.0614331496062992
20
0.6721683858267716
11
1.0614331496062992
21
0.5978776377952756
0
LINE
8
BLACK
6
CONTINUOUS
10
1.0614331496062992
20
0.5978776377952756
11
1.0612319291338583
21
0.5971266535433071
0
LINE
8
BLACK
6
CONTINUOUS
10
1.0612319291338583
20
0.5971266535433071
11
1.0612319291338583
21
0.5963491732283465
0
LINE
8
BLACK
6
CONTINUOUS
10
1.0612319291338583
20
0.5963491732283465
11
1.0608431889763779
21
0.5956758267716535
0
LINE
8
BLACK
6
CONTINUOUS
10
1.0608431889763779
20
0.5956758267716535
11
1.060641968503937
21
0.5949248818897638
0
LINE
8
BLACK
6
CONTINUOUS
10
1.060641968503937
20
0.5949248818897638
11
1.0600921653543307
21
0.5943750787401575
0
LINE
8
BLACK
6
CONTINUOUS
10
1.0600921653543307
20
0.5943750787401575
11
1.0597034645669292
21
0.5937018110236221
0
LINE
8
BLACK
6
CONTINUOUS
10
1.0597034645669292
20
0.5937018110236221
11
1.0265055118110236
21
0.5605038582677165
0
LINE
8
BLACK
6
CONTINUOUS
10
1.0265055118110236
20
0.5605038582677165
11
1.0265055118110236
21
0.5599999999999999
0
LINE
8
BLACK
6
CONTINUOUS
10
1.0265055118110236
20
0.5599999999999999
11
1.0265
21
0.5599794094488189
0
LINE
8
BLACK
6
CONTINUOUS
10
1.0265
20
0.5599794094488189
11
1.0265
21
0.55115
0
LINE
8
BLACK
6
CONTINUOUS
10
1.0265
20
0.55115
11
1.0146999999999999
21
0.55115
0
LINE
8
BLACK
6
CONTINUOUS
10
1.0146999999999999
20
0.55115
11
1.0146999999999999
21
0.5599794094488189
0
LINE
8
BLACK
6
CONTINUOUS
10
1.0146999999999999
20
0.5599794094488189
11
1.0146944881889763
21
0.5599999999999999
0
LINE
8
BLACK
6
CONTINUOUS
10
1.0146944881889763
20
0.5599999999999999
11
1.0146944881889763
21
0.56295
0
LINE
8
BLACK
6
CONTINUOUS
10
1.0146944881889763
20
0.56295
11
1.0146999999999999
21
0.5629705511811024
0
LINE
8
BLACK
6
CONTINUOUS
10
1.0146999999999999
20
0.5629705511811024
11
1.0146999999999999
21
0.56885
0
LINE
8
BLACK
6
CONTINUOUS
10
1.0146999999999999
20
0.56885
11
1.0181483464566929
21
0.56885
0
LINE
8
BLACK
6
CONTINUOUS
10
1.0181483464566929
20
0.56885
11
1.049622125984252
21
0.600323779527559
0
LINE
8
BLACK
6
CONTINUOUS
10
1.049622125984252
20
0.600323779527559
11
1.049622125984252
21
0.6721683858267716
0
LINE
8
BLACK
6
CONTINUOUS
10
1.049622125984252
20
0.6721683858267716
11
1.02
21
0.6721683858267716
0
LINE
8
BLACK
6
CONTINUOUS
10
1.02
20
0.6721683858267716
11
0.85
21
0.6721683858267716
0
LINE
8
BLACK
6
CONTINUOUS
10
0.85
20
0.6721683858267716
11
0.77
21
0.6721683858267716
0
LINE
8
BLACK
6
CONTINUOUS
10
0.77
20
0.6721683858267716
11
0.7637811417322834
21
0.6721683858267716
0
LINE
8
BLACK
6
CONTINUOUS
10
0.7637811417322834
20
0.6721683858267716
11
0.7075727952755906
21
0.6159600393700787
0
LINE
8
BLACK
6
CONTINUOUS
10
0.7075727952755906
20
0.6159600393700787
11
0.7091763779527559
21
0.6129599606299212
0
LINE
8
BLACK
6
CONTINUOUS
10
0.7091763779527559
20
0.6129599606299212
11
0.7114167322834646
21
0.6055744094488189
0
LINE
8
BLACK
6
CONTINUOUS
10
0.7114167322834646
20
0.6055744094488189
11
0.7121732283464567
21
0.5978937007874016
0
LINE
8
BLACK
6
CONTINUOUS
10
0.7121732283464567
20
0.5978937007874016
11
0.7114167322834646
21
0.5902129921259842
0
LINE
8
BLACK
6
CONTINUOUS
10
0.7114167322834646
20
0.5902129921259842
11
0.7091763779527559
21
0.5828274409448819
0
LINE
8
BLACK
6
CONTINUOUS
10
0.7091763779527559
20
0.5828274409448819
11
0.705538188976378
21
0.5760208661417323
0
LINE
8
BLACK
6
CONTINUOUS
10
0.705538188976378
20
0.5760208661417323
11
0.7006420078740158
21
0.5700548425196851
0
LINE
8
BLACK
6
CONTINUOUS
10
0.7006420078740158
20
0.5700548425196851
11
0.6946759842519685
21
0.5651586614173228
0
LINE
8
BLACK
6
CONTINUOUS
10
0.6946759842519685
20
0.5651586614173228
11
0.6878694094488189
21
0.5615204724409448
0
LINE
8
BLACK
6
CONTINUOUS
10
0.6878694094488189
20
0.5615204724409448
11
0.6804838582677165
21
0.5592801181102363
0
LINE
8
BLACK
6
CONTINUOUS
10
0.6804838582677165
20
0.5592801181102363
11
0.6728031496062992
21
0.558523622047244
0
LINE
8
BLACK
6
CONTINUOUS
10
0.6728031496062992
20
0.558523622047244
11
0.6651224409448818
21
0.5592801181102363
0
LINE
8
BLACK
6
CONTINUOUS
10
0.6651224409448818
20
0.5592801181102363
11
0.6577368897637795
21
0.5615204724409448
0
LINE
8
BLACK
6
CONTINUOUS
10
0.6577368897637795
20
0.5615204724409448
11
0.6509303149606299
21
0.5651586614173228
0
LINE
8
BLACK
6
CONTINUOUS
10
0.6509303149606299
20
0.5651586614173228
11
0.6449642913385827
21
0.5700548425196851
0
LINE
8
BLACK
6
CONTINUOUS
10
0.6449642913385827
20
0.5700548425196851
11
0.6400681102362205
21
0.5760208661417323
0
LINE
8
BLACK
6
CONTINUOUS
10
0.6400681102362205
20
0.5760208661417323
11
0.6364299212598425
21
0.5828274409448819
0
LINE
8
BLACK
6
CONTINUOUS
10
0.6364299212598425
20
0.5828274409448819
11
0.6341895669291339
21
0.5902129921259842
0
LINE
8
BLACK
6
CONTINUOUS
10
0.6341895669291339
20
0.5902129921259842
11
0.6334330708661418
21
0.5978937007874016
0
LINE
8
BLACK
6
CONTINUOUS
10
0.6334330708661418
20
0.5978937007874016
11
0.6341895669291339
21
0.6055744094488189
0
LINE
8
BLACK
6
CONTINUOUS
10
0.6341895669291339
20
0.6055744094488189
11
0.6364299212598425
21
0.6129599606299212
0
LINE
8
BLACK
6
CONTINUOUS
10
0.6364299212598425
20
0.6129599606299212
11
0.6400681102362205
21
0.6197665354330708
0
LINE
8
BLACK
6
CONTINUOUS
10
0.6400681102362205
20
0.6197665354330708
11
0.6449642913385827
21
0.625732559055118
0
LINE
8
BLACK
6
CONTINUOUS
10
0.6449642913385827
20
0.625732559055118
11
0.6509303149606299
21
0.6306287401574803
0
LINE
8
BLACK
6
CONTINUOUS
10
0.6509303149606299
20
0.6306287401574803
11
0.6577368897637795
21
0.6342669291338583
0
LINE
8
BLACK
6
CONTINUOUS
10
0.6577368897637795
20
0.6342669291338583
11
0.6651224409448818
21
0.6365072834645669
0
LINE
8
BLACK
6
CONTINUOUS
10
0.6651224409448818
20
0.6365072834645669
11
0.6728031496062992
21
0.6372637795275591
0
LINE
8
BLACK
6
CONTINUOUS
10
0.6728031496062992
20
0.6372637795275591
11
0.6804838582677165
21
0.6365072834645669
0
LINE
8
BLACK
6
CONTINUOUS
10
0.6804838582677165
20
0.6365072834645669
11
0.6878694094488189
21
0.6342669291338583
0
LINE
8
BLACK
6
CONTINUOUS
10
0.6878694094488189
20
0.6342669291338583
11
0.6908694881889763
21
0.6326633464566929
0
LINE
8
BLACK
6
CONTINUOUS
10
0.6908694881889763
20
0.6326633464566929
11
0.7505372047244094
21
0.692331062992126
0
LINE
8
BLACK
6
CONTINUOUS
10
0.7505372047244094
20
0.692331062992126
11
0.7508323228346456
21
0.6925761023622047
0
LINE
8
BLACK
6
CONTINUOUS
10
0.7508323228346456
20
0.6925761023622047
11
0.7509318110236221
21
0.6927078740157481
0
LINE
8
BLACK
6
CONTINUOUS
10
0.7509318110236221
20
0.6927078740157481
11
0.7511643307086614
21
0.6928518503937008
0
LINE
8
BLACK
6
CONTINUOUS
10
0.7511643307086614
20
0.6928518503937008
11
0.7522140157480315
21
0.6937235039370079
0
LINE
8
BLACK
6
CONTINUOUS
10
0.7522140157480315
20
0.6937235039370079
11
0.7534622834645669
21
0.6942746456692913
0
LINE
8
BLACK
6
CONTINUOUS
10
0.7534622834645669
20
0.6942746456692913
11
0.7546222440944882
21
0.6949928740157481
0
LINE
8
BLACK
6
CONTINUOUS
10
0.7546222440944882
20
0.6949928740157481
11
0.7554314566929133
21
0.6951441338582677
0
LINE
8
BLACK
6
CONTINUOUS
10
0.7554314566929133
20
0.6951441338582677
11
0.7561847244094488
21
0.6954767322834645
0
LINE
8
BLACK
6
CONTINUOUS
10
0.7561847244094488
20
0.6954767322834645
11
0.7575477165354331
21
0.6955397244094488
0
LINE
8
BLACK
6
CONTINUOUS
10
0.7575477165354331
20
0.6955397244094488
11
0.7588888582677166
21
0.6957904330708661
0
LINE
8
BLACK
6
CONTINUOUS
10
0.7588888582677166
20
0.6957904330708661
11
0.77
21
0.6957904330708661
0
LINE
8
BLACK
6
CONTINUOUS
10
0.77
20
0.6957904330708661
11
0.845107716535433
21
0.6957904330708661
0
LINE
8
BLACK
6
CONTINUOUS
10
0.845107716535433
20
0.6957904330708661
11
0.8456889763779527
21
0.6963716929133859
0
LINE
8
BLACK
6
CONTINUOUS
10
0.8456889763779527
20
0.6963716929133859
11
0.8456889763779527
21
0.7324999999999999
0
LINE
8
BLACK
6
CONTINUOUS
10
0.8456889763779527
20
0.7324999999999999
11
0.84
21
0.7324999999999999
0
LINE
8
BLACK
6
CONTINUOUS
10
0.84
20
0.7324999999999999
11
0.84
21
0.7875
0
LINE
8
BLACK
6
CONTINUOUS
10
0.84
20
0.7875
11
0.8456889763779527
21
0.7875
0
LINE
8
BLACK
6
CONTINUOUS
10
0.8456889763779527
20
0.7875
11
0.8456889763779527
21
0.9199999999999999
0
LINE
8
BLACK
6
CONTINUOUS
10
0.8456889763779527
20
0.9199999999999999
11
0.82
21
0.9199999999999999
0
LINE
8
BLACK
6
CONTINUOUS
10
0.82
20
0.9199999999999999
11
0.82
21
0.98
0
LINE
8
BLACK
6
CONTINUOUS
10
0.82
20
0.98
11
0.8381889763779528
21
0.98
0
LINE
8
BLACK
6
CONTINUOUS
10
0.8381889763779528
20
0.98
11
0.8381889763779528
21
1.02
0
LINE
8
BLACK
6
CONTINUOUS
10
0.8381889763779528
20
1.02
11
0.82
21
1.02
0
LINE
8
BLACK
6
CONTINUOUS
10
0.82
20
1.02
11
0.82
21
1.0800000000000001
0
LINE
8
BLACK
6
CONTINUOUS
10
0.82
20
1.0800000000000001
11
0.88
21
1.0800000000000001
0
LINE
8
BLACK
6
CONTINUOUS
10
0.88
20
1.0800000000000001
11
0.88
21
1.02
0
LINE
8
BLACK
6
CONTINUOUS
10
1.1804838582677164
20
0.6365072834645669
11
1.1878694094488189
21
0.6342669291338583
0
LINE
8
BLACK
6
CONTINUOUS
10
1.1878694094488189
20
0.6342669291338583
11
1.1946759842519685
21
0.6306287401574803
0
LINE
8
BLACK
6
CONTINUOUS
10
1.1946759842519685
20
0.6306287401574803
11
1.2006420078740156
21
0.625732559055118
0
LINE
8
BLACK
6
CONTINUOUS
10
1.2006420078740156
20
0.625732559055118
11
1.2055381889763779
21
0.6197665354330708
0
LINE
8
BLACK
6
CONTINUOUS
10
1.2055381889763779
20
0.6197665354330708
11
1.2091763779527558
21
0.6129599606299212
0
LINE
8
BLACK
6
CONTINUOUS
10
1.2091763779527558
20
0.6129599606299212
11
1.2114167322834646
21
0.6055744094488189
0
LINE
8
BLACK
6
CONTINUOUS
10
1.2114167322834646
20
0.6055744094488189
11
1.2121732283464566
21
0.5978937007874016
0
LINE
8
BLACK
6
CONTINUOUS
10
1.2121732283464566
20
0.5978937007874016
11
1.2114167322834646
21
0.5902129921259842
0
LINE
8
BLACK
6
CONTINUOUS
10
1.2114167322834646
20
0.5902129921259842
11
1.2091763779527558
21
0.5828274409448819
0
LINE
8
BLACK
6
CONTINUOUS
10
1.2091763779527558
20
0.5828274409448819
11
1.2055381889763779
21
0.5760208661417323
0
LINE
8
BLACK
6
CONTINUOUS
10
1.2055381889763779
20
0.5760208661417323
11
1.2006420078740156
21
0.5700548425196851
0
LINE
8
BLACK
6
CONTINUOUS
10
1.2006420078740156
20
0.5700548425196851
11
1.1946759842519685
21
0.5651586614173228
0
LINE
8
BLACK
6
CONTINUOUS
10
1.1946759842519685
20
0.5651586614173228
11
1.1878694094488189
21
0.5615204724409448
0
LINE
8
BLACK
6
CONTINUOUS
10
1.1878694094488189
20
0.5615204724409448
11
1.1804838582677164
21
0.5592801181102363
0
LINE
8
BLACK
6
CONTINUOUS
10
1.1804838582677164
20
0.5592801181102363
11
1.1728031496062992
21
0.558523622047244
0
LINE
8
BLACK
6
CONTINUOUS
10
1.1728031496062992
20
0.558523622047244
11
1.1651224409448819
21
0.5592801181102363
0
LINE
8
BLACK
6
CONTINUOUS
10
1.1651224409448819
20
0.5592801181102363
11
1.1577368897637794
21
0.5615204724409448
0
LINE
8
BLACK
6
CONTINUOUS
10
1.1577368897637794
20
0.5615204724409448
11
1.1511084251968504
21
0.5650634251968504
0
LINE
8
BLACK
6
CONTINUOUS
10
1.1511084251968504
20
0.5650634251968504
11
1.1404772047244094
21
0.5544322440944882
0
LINE
8
BLACK
6
CONTINUOUS
10
1.1404772047244094
20
0.5544322440944882
11
1.1393587401574803
21
0.5537294488188976
0
LINE
8
BLACK
6
CONTINUOUS
10
1.1393587401574803
20
0.5537294488188976
11
1.1383258661417324
21
0.5529057480314961
0
LINE
8
BLACK
6
CONTINUOUS
10
1.1383258661417324
20
0.5529057480314961
11
1.137889251968504
21
0.552806062992126
0
LINE
8
BLACK
6
CONTINUOUS
10
1.137889251968504
20
0.552806062992126
11
1.1375100787401575
21
0.5525678346456693
0
LINE
8
BLACK
6
CONTINUOUS
10
1.1375100787401575
20
0.5525678346456693
11
1.1361973622047243
21
0.5524199212598425
0
LINE
8
BLACK
6
CONTINUOUS
10
1.1361973622047243
20
0.5524199212598425
11
1.1349094488188975
21
0.5521259842519685
0
LINE
8
BLACK
6
CONTINUOUS
10
1.1349094488188975
20
0.5521259842519685
11
1.0659000000000001
21
0.5521259842519685
0
LINE
8
BLACK
6
CONTINUOUS
10
1.0659000000000001
20
0.5521259842519685
11
1.0659000000000001
21
0.55115
0
LINE
8
BLACK
6
CONTINUOUS
10
1.0659000000000001
20
0.55115
11
1.0541
21
0.55115
0
LINE
8
BLACK
6
CONTINUOUS
10
1.0541
20
0.55115
11
1.0541
21
0.5548863385826771
0
LINE
8
BLACK
6
CONTINUOUS
10
1.0541
20
0.5548863385826771
11
1.0538438582677165
21
0.5550906299212598
0
LINE
8
BLACK
6
CONTINUOUS
10
1.0538438582677165
20
0.5550906299212598
11
1.0523233858267715
21
0.558247874015748
0
LINE
8
BLACK
6
CONTINUOUS
10
1.0523233858267715
20
0.558247874015748
11
1.0523233858267715
21
0.5617521259842519
0
LINE
8
BLACK
6
CONTINUOUS
10
1.0523233858267715
20
0.5617521259842519
11
1.0538438582677165
21
0.5649093700787401
0
LINE
8
BLACK
6
CONTINUOUS
10
1.0538438582677165
20
0.5649093700787401
11
1.0541
21
0.5651136220472441
0
LINE
8
BLACK
6
CONTINUOUS
10
1.0541
20
0.5651136220472441
11
1.0541
21
0.56885
0
LINE
8
BLACK
6
CONTINUOUS
10
1.0541
20
0.56885
11
1.0659000000000001
21
0.56885
0
LINE
8
BLACK
6
CONTINUOUS
10
1.0659000000000001
20
0.56885
11
1.0659000000000001
21
0.5678740157480315
0
LINE
8
BLACK
6
CONTINUOUS
10
1.0659000000000001
20
0.5678740157480315
11
1.1316479527559056
21
0.5678740157480315
0
LINE
8
BLACK
6
CONTINUOUS
10
1.1316479527559056
20
0.5678740157480315
11
1.139972874015748
21
0.5761989763779527
0
LINE
8
BLACK
6
CONTINUOUS
10
1.139972874015748
20
0.5761989763779527
11
1.1364299212598425
21
0.5828274409448819
0
LINE
8
BLACK
6
CONTINUOUS
10
1.1364299212598425
20
0.5828274409448819
11
1.1341895669291338
21
0.5902129921259842
0
LINE
8
BLACK
6
CONTINUOUS
10
1.1341895669291338
20
0.5902129921259842
11
1.1334330708661418
21
0.5978937007874016
0
LINE
8
BLACK
6
CONTINUOUS
10
1.1334330708661418
20
0.5978937007874016
11
1.1341895669291338
21
0.6055744094488189
0
LINE
8
BLACK
6
CONTINUOUS
10
1.1341895669291338
20
0.6055744094488189
11
1.1364299212598425
21
0.6129599606299212
0
LINE
8
BLACK
6
CONTINUOUS
10
1.1364299212598425
20
0.6129599606299212
11
1.1400681102362205
21
0.6197665354330708
0
LINE
8
BLACK
6
CONTINUOUS
10
1.1400681102362205
20
0.6197665354330708
11
1.1449642913385827
21
0.625732559055118
0
LINE
8
BLACK
6
CONTINUOUS
10
1.1449642913385827
20
0.625732559055118
11
1.1509303149606298
21
0.6306287401574803
0
LINE
8
BLACK
6
CONTINUOUS
10
1.1509303149606298
20
0.6306287401574803
11
1.1577368897637794
21
0.6342669291338583
0
LINE
8
BLACK
6
CONTINUOUS
10
1.1577368897637794
20
0.6342669291338583
11
1.1651224409448819
21
0.6365072834645669
0
LINE
8
BLACK
6
CONTINUOUS
10
1.1651224409448819
20
0.6365072834645669
11
1.1728031496062992
21
0.6372637795275591
0
LINE
8
BLACK
6
CONTINUOUS
10
1.1728031496062992
20
0.6372637795275591
11
1.1804838582677164
21
0.6365072834645669
0
LINE
8
BLACK
6
CONTINUOUS
10
0.5804838582677165
20
0.6365072834645669
11
0.5878694094488189
21
0.6342669291338583
0
LINE
8
BLACK
6
CONTINUOUS
10
0.5878694094488189
20
0.6342669291338583
11
0.5946759842519684
21
0.6306287401574803
0
LINE
8
BLACK
6
CONTINUOUS
10
0.5946759842519684
20
0.6306287401574803
11
0.6006420078740158
21
0.625732559055118
0
LINE
8
BLACK
6
CONTINUOUS
10
0.6006420078740158
20
0.625732559055118
11
0.6055381889763779
21
0.6197665354330708
0
LINE
8
BLACK
6
CONTINUOUS
10
0.6055381889763779
20
0.6197665354330708
11
0.6091763779527559
21
0.6129599606299212
0
LINE
8
BLACK
6
CONTINUOUS
10
0.6091763779527559
20
0.6129599606299212
11
0.6114167322834646
21
0.6055744094488189
0
LINE
8
BLACK
6
CONTINUOUS
10
0.6114167322834646
20
0.6055744094488189
11
0.6121732283464567
21
0.5978937007874016
0
LINE
8
BLACK
6
CONTINUOUS
10
0.6121732283464567
20
0.5978937007874016
11
0.6114167322834646
21
0.5902129921259842
0
LINE
8
BLACK
6
CONTINUOUS
10
0.6114167322834646
20
0.5902129921259842
11
0.6091763779527559
21
0.5828274409448819
0
LINE
8
BLACK
6
CONTINUOUS
10
0.6091763779527559
20
0.5828274409448819
11
0.6055381889763779
21
0.5760208661417323
0
LINE
8
BLACK
6
CONTINUOUS
10
0.6055381889763779
20
0.5760208661417323
11
0.6006420078740158
21
0.5700548425196851
0
LINE
8
BLACK
6
CONTINUOUS
10
0.6006420078740158
20
0.5700548425196851
11
0.5946759842519684
21
0.5651586614173228
0
LINE
8
BLACK
6
CONTINUOUS
10
0.5946759842519684
20
0.5651586614173228
11
0.5878694094488189
21
0.5615204724409448
0
LINE
8
BLACK
6
CONTINUOUS
10
0.5878694094488189
20
0.5615204724409448
11
0.5804838582677165
21
0.5592801181102363
0
LINE
8
BLACK
6
CONTINUOUS
10
0.5804838582677165
20
0.5592801181102363
11
0.5728031496062992
21
0.558523622047244
0
LINE
8
BLACK
6
CONTINUOUS
10
0.5728031496062992
20
0.558523622047244
11
0.5651224409448818
21
0.5592801181102363
0
LINE
8
BLACK
6
CONTINUOUS
10
0.5651224409448818
20
0.5592801181102363
11
0.5577368897637796
21
0.5615204724409448
0
LINE
8
BLACK
6
CONTINUOUS
10
0.5577368897637796
20
0.5615204724409448
11
0.5509303149606299
21
0.5651586614173228
0
LINE
8
BLACK
6
CONTINUOUS
10
0.5509303149606299
20
0.5651586614173228
11
0.5449642913385827
21
0.5700548425196851
0
LINE
8
BLACK
6
CONTINUOUS
10
0.5449642913385827
20
0.5700548425196851
11
0.5400681102362205
21
0.5760208661417323
0
LINE
8
BLACK
6
CONTINUOUS
10
0.5400681102362205
20
0.5760208661417323
11
0.5364299212598425
21
0.5828274409448819
0
LINE
8
BLACK
6
CONTINUOUS
10
0.5364299212598425
20
0.5828274409448819
11
0.5341895669291339
21
0.5902129921259842
0
LINE
8
BLACK
6
CONTINUOUS
10
0.5341895669291339
20
0.5902129921259842
11
0.5334330708661417
21
0.5978937007874016
0
LINE
8
BLACK
6
CONTINUOUS
10
0.5334330708661417
20
0.5978937007874016
11
0.5341895669291339
21
0.6055744094488189
0
LINE
8
BLACK
6
CONTINUOUS
10
0.5341895669291339
20
0.6055744094488189
11
0.5364299212598425
21
0.6129599606299212
0
LINE
8
BLACK
6
CONTINUOUS
10
0.5364299212598425
20
0.6129599606299212
11
0.5400681102362205
21
0.6197665354330708
0
LINE
8
BLACK
6
CONTINUOUS
10
0.5400681102362205
20
0.6197665354330708
11
0.5449642913385827
21
0.625732559055118
0
LINE
8
BLACK
6
CONTINUOUS
10
0.5449642913385827
20
0.625732559055118
11
0.5509303149606299
21
0.6306287401574803
0
LINE
8
BLACK
6
CONTINUOUS
10
0.5509303149606299
20
0.6306287401574803
11
0.5577368897637796
21
0.6342669291338583
0
LINE
8
BLACK
6
CONTINUOUS
10
0.5577368897637796
20
0.6342669291338583
11
0.5651224409448818
21
0.6365072834645669
0
LINE
8
BLACK
6
CONTINUOUS
10
0.5651224409448818
20
0.6365072834645669
11
0.5728031496062992
21
0.6372637795275591
0
LINE
8
BLACK
6
CONTINUOUS
10
0.5728031496062992
20
0.6372637795275591
11
0.5804838582677165
21
0.6365072834645669
0
LINE
8
BLACK
6
CONTINUOUS
10
1.7963820078740158
20
0.8157755905511811
11
1.7965454724409449
21
0.8157984251968504
0
LINE
8
BLACK
6
CONTINUOUS
10
1.7965454724409449
20
0.8157984251968504
11
1.7968116929133857
21
0.8157357874015748
0
LINE
8
BLACK
6
CONTINUOUS
10
1.7968116929133857
20
0.8157357874015748
11
1.7981702755905511
21
0.8156099212598426
0
LINE
8
BLACK
6
CONTINUOUS
10
1.7981702755905511
20
0.8156099212598426
11
1.799442559055118
21
0.8151170078740158
0
LINE
8
BLACK
6
CONTINUOUS
10
1.799442559055118
20
0.8151170078740158
11
1.8007707480314961
21
0.8148046456692913
0
LINE
8
BLACK
6
CONTINUOUS
10
1.8007707480314961
20
0.8148046456692913
11
1.8014499606299212
21
0.8143393307086614
0
LINE
8
BLACK
6
CONTINUOUS
10
1.8014499606299212
20
0.8143393307086614
11
1.8022177165354329
21
0.8140419291338582
0
LINE
8
BLACK
6
CONTINUOUS
10
1.8022177165354329
20
0.8140419291338582
11
1.8032259842519685
21
0.813122716535433
0
LINE
8
BLACK
6
CONTINUOUS
10
1.8032259842519685
20
0.813122716535433
11
1.8043516535433071
21
0.8123516535433071
0
LINE
8
BLACK
6
CONTINUOUS
10
1.8043516535433071
20
0.8123516535433071
11
1.8367033070866141
21
0.78
0
LINE
8
BLACK
6
CONTINUOUS
10
1.8367033070866141
20
0.78
11
1.8799999999999999
21
0.78
0
LINE
8
BLACK
6
CONTINUOUS
10
1.8799999999999999
20
0.78
11
1.8799999999999999
21
0.72
0
LINE
8
BLACK
6
CONTINUOUS
10
1.8799999999999999
20
0.72
11
1.8200000000000001
21
0.72
0
LINE
8
BLACK
6
CONTINUOUS
10
1.8200000000000001
20
0.72
11
1.8200000000000001
21
0.7632966929133858
0
LINE
8
BLACK
6
CONTINUOUS
10
1.8200000000000001
20
0.7632966929133858
11
1.791107716535433
21
0.7921889763779527
0
LINE
8
BLACK
6
CONTINUOUS
10
1.791107716535433
20
0.7921889763779527
11
1.6785773622047244
21
0.7921889763779527
0
LINE
8
BLACK
6
CONTINUOUS
10
1.6785773622047244
20
0.7921889763779527
11
1.475930433070866
21
0.5895420472440944
0
LINE
8
BLACK
6
CONTINUOUS
10
1.475930433070866
20
0.5895420472440944
11
1.4756353149606298
21
0.589296968503937
0
LINE
8
BLACK
6
CONTINUOUS
10
1.4756353149606298
20
0.589296968503937
11
1.4755358267716534
21
0.5891652362204725
0
LINE
8
BLACK
6
CONTINUOUS
10
1.4755358267716534
20
0.5891652362204725
11
1.4753031889763779
21
0.5890211811023622
0
LINE
8
BLACK
6
CONTINUOUS
10
1.4753031889763779
20
0.5890211811023622
11
1.474253622047244
21
0.5881496456692913
0
LINE
8
BLACK
6
CONTINUOUS
10
1.474253622047244
20
0.5881496456692913
11
1.4730054724409449
21
0.5875985039370079
0
LINE
8
BLACK
6
CONTINUOUS
10
1.4730054724409449
20
0.5875985039370079
11
1.4718453937007874
21
0.5868802362204725
0
LINE
8
BLACK
6
CONTINUOUS
10
1.4718453937007874
20
0.5868802362204725
11
1.4710361023622047
21
0.586728937007874
0
LINE
8
BLACK
6
CONTINUOUS
10
1.4710361023622047
20
0.586728937007874
11
1.4702829133858268
21
0.5863963779527559
0
LINE
8
BLACK
6
CONTINUOUS
10
1.4702829133858268
20
0.5863963779527559
11
1.4689198818897637
21
0.5863333464566929
0
LINE
8
BLACK
6
CONTINUOUS
10
1.4689198818897637
20
0.5863333464566929
11
1.467578779527559
21
0.5860826771653543
0
LINE
8
BLACK
6
CONTINUOUS
10
1.467578779527559
20
0.5860826771653543
11
1.4101638188976378
21
0.5860826771653543
0
LINE
8
BLACK
6
CONTINUOUS
10
1.4101638188976378
20
0.5860826771653543
11
1.409176377952756
21
0.5828274409448819
0
LINE
8
BLACK
6
CONTINUOUS
10
1.409176377952756
20
0.5828274409448819
11
1.4055381889763778
21
0.5760208661417323
0
LINE
8
BLACK
6
CONTINUOUS
10
1.4055381889763778
20
0.5760208661417323
11
1.4006420078740158
21
0.5700548425196851
0
LINE
8
BLACK
6
CONTINUOUS
10
1.4006420078740158
20
0.5700548425196851
11
1.3946759842519685
21
0.5651586614173228
0
LINE
8
BLACK
6
CONTINUOUS
10
1.3946759842519685
20
0.5651586614173228
11
1.3878694094488189
21
0.5615204724409448
0
LINE
8
BLACK
6
CONTINUOUS
10
1.3878694094488189
20
0.5615204724409448
11
1.3804838582677166
21
0.5592801181102363
0
LINE
8
BLACK
6
CONTINUOUS
10
1.3804838582677166
20
0.5592801181102363
11
1.3728031496062991
21
0.558523622047244
0
LINE
8
BLACK
6
CONTINUOUS
10
1.3728031496062991
20
0.558523622047244
11
1.3651224409448819
21
0.5592801181102363
0
LINE
8
BLACK
6
CONTINUOUS
10
1.3651224409448819
20
0.5592801181102363
11
1.3577368897637796
21
0.5615204724409448
0
LINE
8
BLACK
6
CONTINUOUS
10
1.3577368897637796
20
0.5615204724409448
11
1.35093031496063
21
0.5651586614173228
0
LINE
8
BLACK
6
CONTINUOUS
10
1.35093031496063
20
0.5651586614173228
11
1.3449642913385826
21
0.5700548425196851
0
LINE
8
BLACK
6
CONTINUOUS
10
1.3449642913385826
20
0.5700548425196851
11
1.3400681102362204
21
0.5760208661417323
0
LINE
8
BLACK
6
CONTINUOUS
10
1.3400681102362204
20
0.5760208661417323
11
1.3364299212598425
21
0.5828274409448819
0
LINE
8
BLACK
6
CONTINUOUS
10
1.3364299212598425
20
0.5828274409448819
11
1.3341895669291339
21
0.5902129921259842
0
LINE
8
BLACK
6
CONTINUOUS
10
1.3341895669291339
20
0.5902129921259842
11
1.3334330708661417
21
0.5978937007874016
0
LINE
8
BLACK
6
CONTINUOUS
10
1.3334330708661417
20
0.5978937007874016
11
1.3341895669291339
21
0.6055744094488189
0
LINE
8
BLACK
6
CONTINUOUS
10
1.3341895669291339
20
0.6055744094488189
11
1.3362055118110236
21
0.6122201968503936
0
LINE
8
BLACK
6
CONTINUOUS
10
1.3362055118110236
20
0.6122201968503936
11
1.244760905511811
21
0.703664842519685
0
LINE
8
BLACK
6
CONTINUOUS
10
1.244760905511811
20
0.703664842519685
11
0.95
21
0.703664842519685
0
LINE
8
BLACK
6
CONTINUOUS
10
0.95
20
0.703664842519685
11
0.9451335826771653
21
0.7044355905511811
0
LINE
8
BLACK
6
CONTINUOUS
10
0.9451335826771653
20
0.7044355905511811
11
0.9407435433070865
21
0.7066724409448819
0
LINE
8
BLACK
6
CONTINUOUS
10
0.9407435433070865
20
0.7066724409448819
11
0.9372595669291338
21
0.7101564173228346
0
LINE
8
BLACK
6
CONTINUOUS
10
0.9372595669291338
20
0.7101564173228346
11
0.935022716535433
21
0.7145464566929134
0
LINE
8
BLACK
6
CONTINUOUS
10
0.935022716535433
20
0.7145464566929134
11
0.934251968503937
21
0.719412874015748
0
LINE
8
BLACK
6
CONTINUOUS
10
0.934251968503937
20
0.719412874015748
11
0.935022716535433
21
0.7242792913385827
0
LINE
8
BLACK
6
CONTINUOUS
10
0.935022716535433
20
0.7242792913385827
11
0.9372595669291338
21
0.7286693307086614
0
LINE
8
BLACK
6
CONTINUOUS
10
0.9372595669291338
20
0.7286693307086614
11
0.9407435433070865
21
0.7321533070866142
0
LINE
8
BLACK
6
CONTINUOUS
10
0.9407435433070865
20
0.7321533070866142
11
0.9451335826771653
21
0.734390157480315
0
LINE
8
BLACK
6
CONTINUOUS
10
0.9451335826771653
20
0.734390157480315
11
0.95
21
0.735160905511811
0
LINE
8
BLACK
6
CONTINUOUS
10
0.95
20
0.735160905511811
11
1.2512839763779526
21
0.735160905511811
0
LINE
8
BLACK
6
CONTINUOUS
10
1.2512839763779526
20
0.735160905511811
11
1.2525082283464566
21
0.7349670078740157
0
LINE
8
BLACK
6
CONTINUOUS
10
1.2525082283464566
20
0.7349670078740157
11
1.2537475196850394
21
0.7349670078740157
0
LINE
8
BLACK
6
CONTINUOUS
10
1.2537475196850394
20
0.7349670078740157
11
1.2549261417322835
21
0.7345840551181102
0
LINE
8
BLACK
6
CONTINUOUS
10
1.2549261417322835
20
0.7345840551181102
11
1.2561503937007874
21
0.734390157480315
0
LINE
8
BLACK
6
CONTINUOUS
10
1.2561503937007874
20
0.734390157480315
11
1.2572547244094487
21
0.7338274409448818
0
LINE
8
BLACK
6
CONTINUOUS
10
1.2572547244094487
20
0.7338274409448818
11
1.2584334251968503
21
0.7334444881889763
0
LINE
8
BLACK
6
CONTINUOUS
10
1.2584334251968503
20
0.7334444881889763
11
1.2594361023622047
21
0.7327159448818897
0
LINE
8
BLACK
6
CONTINUOUS
10
1.2594361023622047
20
0.7327159448818897
11
1.2605404330708661
21
0.7321533070866142
0
LINE
8
BLACK
6
CONTINUOUS
10
1.2605404330708661
20
0.7321533070866142
11
1.2614167716535434
21
0.7312769291338582
0
LINE
8
BLACK
6
CONTINUOUS
10
1.2614167716535434
20
0.7312769291338582
11
1.2624195275590551
21
0.7305484251968504
0
LINE
8
BLACK
6
CONTINUOUS
10
1.2624195275590551
20
0.7305484251968504
11
1.3584766141732283
21
0.6344912992125984
0
LINE
8
BLACK
6
CONTINUOUS
10
1.3584766141732283
20
0.6344912992125984
11
1.3651224409448819
21
0.6365072834645669
0
LINE
8
BLACK
6
CONTINUOUS
10
1.3651224409448819
20
0.6365072834645669
11
1.3728031496062991
21
0.6372637795275591
0
LINE
8
BLACK
6
CONTINUOUS
10
1.3728031496062991
20
0.6372637795275591
11
1.3804838582677166
21
0.6365072834645669
0
LINE
8
BLACK
6
CONTINUOUS
10
1.3804838582677166
20
0.6365072834645669
11
1.3878694094488189
21
0.6342669291338583
0
LINE
8
BLACK
6
CONTINUOUS
10
1.3878694094488189
20
0.6342669291338583
11
1.3946759842519685
21
0.6306287401574803
0
LINE
8
BLACK
6
CONTINUOUS
10
1.3946759842519685
20
0.6306287401574803
11
1.4006420078740158
21
0.625732559055118
0
LINE
8
BLACK
6
CONTINUOUS
10
1.4006420078740158
20
0.625732559055118
11
1.4055381889763778
21
0.6197665354330708
0
LINE
8
BLACK
6
CONTINUOUS
10
1.4055381889763778
20
0.6197665354330708
11
1.409176377952756
21
0.6129599606299212
0
LINE
8
BLACK
6
CONTINUOUS
10
1.409176377952756
20
0.6129599606299212
11
1.4101638188976378
21
0.6097047244094488
0
LINE
8
BLACK
6
CONTINUOUS
10
1.4101638188976378
20
0.6097047244094488
11
1.4626864960629922
21
0.6097047244094488
0
LINE
8
BLACK
6
CONTINUOUS
10
1.4626864960629922
20
0.6097047244094488
11
1.6653334251968503
21
0.8123516535433071
0
LINE
8
BLACK
6
CONTINUOUS
10
1.6653334251968503
20
0.8123516535433071
11
1.6656285039370078
21
0.8125966929133858
0
LINE
8
BLACK
6
CONTINUOUS
10
1.6656285039370078
20
0.8125966929133858
11
1.665728031496063
21
0.8127284645669292
0
LINE
8
BLACK
6
CONTINUOUS
10
1.665728031496063
20
0.8127284645669292
11
1.6659606299212597
21
0.8128724803149606
0
LINE
8
BLACK
6
CONTINUOUS
10
1.6659606299212597
20
0.8128724803149606
11
1.6670102362204724
21
0.8137440551181102
0
LINE
8
BLACK
6
CONTINUOUS
10
1.6670102362204724
20
0.8137440551181102
11
1.6682582677165354
21
0.8142951181102362
0
LINE
8
BLACK
6
CONTINUOUS
10
1.6682582677165354
20
0.8142951181102362
11
1.669418464566929
21
0.8150134645669291
0
LINE
8
BLACK
6
CONTINUOUS
10
1.669418464566929
20
0.8150134645669291
11
1.6702278346456692
21
0.8151647637795275
0
LINE
8
BLACK
6
CONTINUOUS
10
1.6702278346456692
20
0.8151647637795275
11
1.6709809448818898
21
0.815497283464567
0
LINE
8
BLACK
6
CONTINUOUS
10
1.6709809448818898
20
0.815497283464567
11
1.6723436614173228
21
0.8155602755905511
0
LINE
8
BLACK
6
CONTINUOUS
10
1.6723436614173228
20
0.8155602755905511
11
1.6736850787401574
21
0.8158110236220473
0
LINE
8
BLACK
6
CONTINUOUS
10
1.6736850787401574
20
0.8158110236220473
11
1.796
21
0.8158110236220473
0
LINE
8
BLACK
6
CONTINUOUS
10
1.796
20
0.8158110236220473
11
1.7963820078740158
21
0.8157755905511811
0
LINE
8
BLACK
6
CONTINUOUS
10
0.8848664173228347
20
0.654977283464567
11
0.8892564566929133
21
0.6527404330708662
0
LINE
8
BLACK
6
CONTINUOUS
10
0.8892564566929133
20
0.6527404330708662
11
0.8901858661417322
21
0.6518110236220472
0
LINE
8
BLACK
6
CONTINUOUS
10
0.8901858661417322
20
0.6518110236220472
11
0.99
21
0.6518110236220472
0
LINE
8
BLACK
6
CONTINUOUS
10
0.99
20
0.6518110236220472
11
1.01884468503937
21
0.6518110236220472
0
LINE
8
BLACK
6
CONTINUOUS
10
1.01884468503937
20
0.6518110236220472
11
1.0211335826771653
21
0.652977283464567
0
LINE
8
BLACK
6
CONTINUOUS
10
1.0211335826771653
20
0.652977283464567
11
1.026
21
0.653748031496063
0
LINE
8
BLACK
6
CONTINUOUS
10
1.026
20
0.653748031496063
11
1.0308664173228346
21
0.652977283464567
0
LINE
8
BLACK
6
CONTINUOUS
10
1.0308664173228346
20
0.652977283464567
11
1.0352564566929134
21
0.6507404330708662
0
LINE
8
BLACK
6
CONTINUOUS
10
1.0352564566929134
20
0.6507404330708662
11
1.0387404330708661
21
0.6472564566929133
0
LINE
8
BLACK
6
CONTINUOUS
10
1.0387404330708661
20
0.6472564566929133
11
1.040977283464567
21
0.6428664173228347
0
LINE
8
BLACK
6
CONTINUOUS
10
1.040977283464567
20
0.6428664173228347
11
1.041748031496063
21
0.638
0
LINE
8
BLACK
6
CONTINUOUS
10
1.041748031496063
20
0.638
11
1.040977283464567
21
0.6331335826771654
0
LINE
8
BLACK
6
CONTINUOUS
10
1.040977283464567
20
0.6331335826771654
11
1.0387404330708661
21
0.6287435433070866
0
LINE
8
BLACK
6
CONTINUOUS
10
1.0387404330708661
20
0.6287435433070866
11
1.0352564566929134
21
0.6252595669291339
0
LINE
8
BLACK
6
CONTINUOUS
10
1.0352564566929134
20
0.6252595669291339
11
1.0308664173228346
21
0.6230227165354331
0
LINE
8
BLACK
6
CONTINUOUS
10
1.0308664173228346
20
0.6230227165354331
11
1.026
21
0.622251968503937
0
LINE
8
BLACK
6
CONTINUOUS
10
1.026
20
0.622251968503937
11
1.0211335826771653
21
0.6230227165354331
0
LINE
8
BLACK
6
CONTINUOUS
10
1.0211335826771653
20
0.6230227165354331
11
1.0167435433070866
21
0.6252595669291339
0
LINE
8
BLACK
6
CONTINUOUS
10
1.0167435433070866
20
0.6252595669291339
11
1.0138141338582678
21
0.6281889763779528
0
LINE
8
BLACK
6
CONTINUOUS
10
1.0138141338582678
20
0.6281889763779528
11
0.99
21
0.6281889763779528
0
LINE
8
BLACK
6
CONTINUOUS
10
0.99
20
0.6281889763779528
11
0.8901858661417322
21
0.6281889763779528
0
LINE
8
BLACK
6
CONTINUOUS
10
0.8901858661417322
20
0.6281889763779528
11
0.8892564566929133
21
0.6272595669291339
0
LINE
8
BLACK
6
CONTINUOUS
10
0.8892564566929133
20
0.6272595669291339
11
0.8848664173228347
21
0.6250227165354331
0
LINE
8
BLACK
6
CONTINUOUS
10
0.8848664173228347
20
0.6250227165354331
11
0.88
21
0.624251968503937
0
LINE
8
BLACK
6
CONTINUOUS
10
0.88
20
0.624251968503937
11
0.8751335826771653
21
0.6250227165354331
0
LINE
8
BLACK
6
CONTINUOUS
10
0.8751335826771653
20
0.6250227165354331
11
0.8707435433070866
21
0.6272595669291339
0
LINE
8
BLACK
6
CONTINUOUS
10
0.8707435433070866
20
0.6272595669291339
11
0.8672595669291339
21
0.6307435433070866
0
LINE
8
BLACK
6
CONTINUOUS
10
0.8672595669291339
20
0.6307435433070866
11
0.8650227165354331
21
0.6351335826771654
0
LINE
8
BLACK
6
CONTINUOUS
10
0.8650227165354331
20
0.6351335826771654
11
0.864251968503937
21
0.64
0
LINE
8
BLACK
6
CONTINUOUS
10
0.864251968503937
20
0.64
11
0.8650227165354331
21
0.6448664173228347
0
LINE
8
BLACK
6
CONTINUOUS
10
0.8650227165354331
20
0.6448664173228347
11
0.8672595669291339
21
0.6492564566929133
0
LINE
8
BLACK
6
CONTINUOUS
10
0.8672595669291339
20
0.6492564566929133
11
0.8707435433070866
21
0.6527404330708662
0
LINE
8
BLACK
6
CONTINUOUS
10
0.8707435433070866
20
0.6527404330708662
11
0.8751335826771653
21
0.654977283464567
0
LINE
8
BLACK
6
CONTINUOUS
10
0.8751335826771653
20
0.654977283464567
11
0.88
21
0.655748031496063
0
LINE
8
BLACK
6
CONTINUOUS
10
0.88
20
0.655748031496063
11
0.8848664173228347
21
0.654977283464567
0
LINE
8
BLACK
6
CONTINUOUS
10
1.48
20
1.02
11
1.4618110236220472
21
1.02
0
LINE
8
BLACK
6
CONTINUOUS
10
1.4618110236220472
20
1.02
11
1.4618110236220472
21
0.98
0
LINE
8
BLACK
6
CONTINUOUS
10
1.4618110236220472
20
0.98
11
1.48
21
0.98
0
LINE
8
BLACK
6
CONTINUOUS
10
1.48
20
0.98
11
1.48
21
0.9199999999999999
0
LINE
8
BLACK
6
CONTINUOUS
10
1.48
20
0.9199999999999999
11
1.4618110236220472
21
0.9199999999999999
0
LINE
8
BLACK
6
CONTINUOUS
10
1.4618110236220472
20
0.9199999999999999
11
1.4618110236220472
21
0.6501858661417322
0
LINE
8
BLACK
6
CONTINUOUS
10
1.4618110236220472
20
0.6501858661417322
11
1.4627404330708662
21
0.6492564566929133
0
LINE
8
BLACK
6
CONTINUOUS
10
1.4627404330708662
20
0.6492564566929133
11
1.4649772834645669
21
0.6448664173228347
0
LINE
8
BLACK
6
CONTINUOUS
10
1.4649772834645669
20
0.6448664173228347
11
1.4657480314960629
21
0.64
0
LINE
8
BLACK
6
CONTINUOUS
10
1.4657480314960629
20
0.64
11
1.4649772834645669
21
0.6351335826771654
0
LINE
8
BLACK
6
CONTINUOUS
10
1.4649772834645669
20
0.6351335826771654
11
1.4627404330708662
21
0.6307435433070866
0
LINE
8
BLACK
6
CONTINUOUS
10
1.4627404330708662
20
0.6307435433070866
11
1.4592564566929134
21
0.6272595669291339
0
LINE
8
BLACK
6
CONTINUOUS
10
1.4592564566929134
20
0.6272595669291339
11
1.4548664173228345
21
0.6250227165354331
0
LINE
8
BLACK
6
CONTINUOUS
10
1.4548664173228345
20
0.6250227165354331
11
1.45
21
0.624251968503937
0
LINE
8
BLACK
6
CONTINUOUS
10
1.45
20
0.624251968503937
11
1.4451335826771654
21
0.6250227165354331
0
LINE
8
BLACK
6
CONTINUOUS
10
1.4451335826771654
20
0.6250227165354331
11
1.4407435433070865
21
0.6272595669291339
0
LINE
8
BLACK
6
CONTINUOUS
10
1.4407435433070865
20
0.6272595669291339
11
1.4372595669291339
21
0.6307435433070866
0
LINE
8
BLACK
6
CONTINUOUS
10
1.4372595669291339
20
0.6307435433070866
11
1.435022716535433
21
0.6351335826771654
0
LINE
8
BLACK
6
CONTINUOUS
10
1.435022716535433
20
0.6351335826771654
11
1.434251968503937
21
0.64
0
LINE
8
BLACK
6
CONTINUOUS
10
1.434251968503937
20
0.64
11
1.435022716535433
21
0.6448664173228347
0
LINE
8
BLACK
6
CONTINUOUS
10
1.435022716535433
20
0.6448664173228347
11
1.4372595669291339
21
0.6492564566929133
0
LINE
8
BLACK
6
CONTINUOUS
10
1.4372595669291339
20
0.6492564566929133
11
1.4381889763779527
21
0.6501858661417322
0
LINE
8
BLACK
6
CONTINUOUS
10
1.4381889763779527
20
0.6501858661417322
11
1.4381889763779527
21
0.9199999999999999
0
LINE
8
BLACK
6
CONTINUOUS
10
1.4381889763779527
20
0.9199999999999999
11
1.4199999999999999
21
0.9199999999999999
0
LINE
8
BLACK
6
CONTINUOUS
10
1.4199999999999999
20
0.9199999999999999
11
1.4199999999999999
21
0.98
0
LINE
8
BLACK
6
CONTINUOUS
10
1.4199999999999999
20
0.98
11
1.4381889763779527
21
0.98
0
LINE
8
BLACK
6
CONTINUOUS
10
1.4381889763779527
20
0.98
11
1.4381889763779527
21
1.02
0
LINE
8
BLACK
6
CONTINUOUS
10
1.4381889763779527
20
1.02
11
1.4199999999999999
21
1.02
0
LINE
8
BLACK
6
CONTINUOUS
10
1.4199999999999999
20
1.02
11
1.4199999999999999
21
1.0800000000000001
0
LINE
8
BLACK
6
CONTINUOUS
10
1.4199999999999999
20
1.0800000000000001
11
1.48
21
1.0800000000000001
0
LINE
8
BLACK
6
CONTINUOUS
10
1.48
20
1.0800000000000001
11
1.48
21
1.02
0
LINE
8
BLACK
6
CONTINUOUS
10
0.78
20
1.02
11
0.765748031496063
21
1.02
0
LINE
8
BLACK
6
CONTINUOUS
10
0.765748031496063
20
1.02
11
0.765748031496063
21
0.98
0
LINE
8
BLACK
6
CONTINUOUS
10
0.765748031496063
20
0.98
11
0.78
21
0.98
0
LINE
8
BLACK
6
CONTINUOUS
10
0.78
20
0.98
11
0.78
21
0.9199999999999999
0
LINE
8
BLACK
6
CONTINUOUS
10
0.78
20
0.9199999999999999
11
0.765748031496063
21
0.9199999999999999
0
LINE
8
BLACK
6
CONTINUOUS
10
0.765748031496063
20
0.9199999999999999
11
0.765748031496063
21
0.8557480314960629
0
LINE
8
BLACK
6
CONTINUOUS
10
0.765748031496063
20
0.8557480314960629
11
0.771003937007874
21
0.8557480314960629
0
LINE
8
BLACK
6
CONTINUOUS
10
0.771003937007874
20
0.8557480314960629
11
0.8025
21
0.8557480314960629
0
LINE
8
BLACK
6
CONTINUOUS
10
0.8025
20
0.8557480314960629
11
0.8025
21
0.8674999999999999
0
LINE
8
BLACK
6
CONTINUOUS
10
0.8025
20
0.8674999999999999
11
0.8375
21
0.8674999999999999
0
LINE
8
BLACK
6
CONTINUOUS
10
0.8375
20
0.8674999999999999
11
0.8375
21
0.8125
0
LINE
8
BLACK
6
CONTINUOUS
10
0.8375
20
0.8125
11
0.8025
21
0.8125
0
LINE
8
BLACK
6
CONTINUOUS
10
0.8025
20
0.8125
11
0.8025
21
0.824251968503937
0
LINE
8
BLACK
6
CONTINUOUS
10
0.8025
20
0.824251968503937
11
0.771003937007874
21
0.824251968503937
0
LINE
8
BLACK
6
CONTINUOUS
10
0.771003937007874
20
0.824251968503937
11
0.765748031496063
21
0.824251968503937
0
LINE
8
BLACK
6
CONTINUOUS
10
0.765748031496063
20
0.824251968503937
11
0.765748031496063
21
0.7875
0
LINE
8
BLACK
6
CONTINUOUS
10
0.765748031496063
20
0.7875
11
0.7999999999999999
21
0.7875
0
LINE
8
BLACK
6
CONTINUOUS
10
0.7999999999999999
20
0.7875
11
0.7999999999999999
21
0.7324999999999999
0
LINE
8
BLACK
6
CONTINUOUS
10
0.7999999999999999
20
0.7324999999999999
11
0.765
21
0.7324999999999999
0
LINE
8
BLACK
6
CONTINUOUS
10
0.765
20
0.7324999999999999
11
0.765
21
0.744251968503937
0
LINE
8
BLACK
6
CONTINUOUS
10
0.765
20
0.744251968503937
11
0.75
21
0.744251968503937
0
LINE
8
BLACK
6
CONTINUOUS
10
0.75
20
0.744251968503937
11
0.745
21
0.744251968503937
0
LINE
8
BLACK
6
CONTINUOUS
10
0.745
20
0.744251968503937
11
0.745
21
0.7324999999999999
0
LINE
8
BLACK
6
CONTINUOUS
10
0.745
20
0.7324999999999999
11
0.743248031496063
21
0.7324999999999999
0
LINE
8
BLACK
6
CONTINUOUS
10
0.743248031496063
20
0.7324999999999999
11
0.743248031496063
21
0.7275
0
LINE
8
BLACK
6
CONTINUOUS
10
0.743248031496063
20
0.7275
11
0.7430541732283464
21
0.7262759842519685
0
LINE
8
BLACK
6
CONTINUOUS
10
0.7430541732283464
20
0.7262759842519685
11
0.7430541732283464
21
0.7250364566929134
0
LINE
8
BLACK
6
CONTINUOUS
10
0.7430541732283464
20
0.7250364566929134
11
0.7426711417322834
21
0.7238576377952756
0
LINE
8
BLACK
6
CONTINUOUS
10
0.7426711417322834
20
0.7238576377952756
11
0.7424772834645669
21
0.7226335826771654
0
LINE
8
BLACK
6
CONTINUOUS
10
0.7424772834645669
20
0.7226335826771654
11
0.7419146062992126
21
0.7215292519685039
0
LINE
8
BLACK
6
CONTINUOUS
10
0.7419146062992126
20
0.7215292519685039
11
0.7415316141732283
21
0.7203505511811024
0
LINE
8
BLACK
6
CONTINUOUS
10
0.7415316141732283
20
0.7203505511811024
11
0.7408031102362205
21
0.7193478346456693
0
LINE
8
BLACK
6
CONTINUOUS
10
0.7408031102362205
20
0.7193478346456693
11
0.7402404330708662
21
0.7182435433070866
0
LINE
8
BLACK
6
CONTINUOUS
10
0.7402404330708662
20
0.7182435433070866
11
0.7393639763779527
21
0.7173670866141733
0
LINE
8
BLACK
6
CONTINUOUS
10
0.7393639763779527
20
0.7173670866141733
11
0.7386355511811024
21
0.7163644881889764
0
LINE
8
BLACK
6
CONTINUOUS
10
0.7386355511811024
20
0.7163644881889764
11
0.6911355511811024
21
0.6688644488188976
0
LINE
8
BLACK
6
CONTINUOUS
10
0.6911355511811024
20
0.6688644488188976
11
0.6901327952755906
21
0.668135905511811
0
LINE
8
BLACK
6
CONTINUOUS
10
0.6901327952755906
20
0.668135905511811
11
0.6892564566929134
21
0.6672595669291338
0
LINE
8
BLACK
6
CONTINUOUS
10
0.6892564566929134
20
0.6672595669291338
11
0.6881521259842519
21
0.6666968897637795
0
LINE
8
BLACK
6
CONTINUOUS
10
0.6881521259842519
20
0.6666968897637795
11
0.6871494488188976
21
0.6659683858267716
0
LINE
8
BLACK
6
CONTINUOUS
10
0.6871494488188976
20
0.6659683858267716
11
0.685970748031496
21
0.6655853937007874
0
LINE
8
BLACK
6
CONTINUOUS
10
0.685970748031496
20
0.6655853937007874
11
0.6848664173228346
21
0.6650227165354331
0
LINE
8
BLACK
6
CONTINUOUS
10
0.6848664173228346
20
0.6650227165354331
11
0.6836421653543306
21
0.664828779527559
0
LINE
8
BLACK
6
CONTINUOUS
10
0.6836421653543306
20
0.664828779527559
11
0.6824635433070866
21
0.6644458661417323
0
LINE
8
BLACK
6
CONTINUOUS
10
0.6824635433070866
20
0.6644458661417323
11
0.6812242519685039
21
0.6644458661417323
0
LINE
8
BLACK
6
CONTINUOUS
10
0.6812242519685039
20
0.6644458661417323
11
0.6799999999999999
21
0.664251968503937
0
LINE
8
BLACK
6
CONTINUOUS
10
0.6799999999999999
20
0.664251968503937
11
0.53
21
0.664251968503937
0
LINE
8
BLACK
6
CONTINUOUS
10
0.53
20
0.664251968503937
11
0.5251335826771654
21
0.6650227165354331
0
LINE
8
BLACK
6
CONTINUOUS
10
0.5251335826771654
20
0.6650227165354331
11
0.5207435433070866
21
0.6672595669291338
0
LINE
8
BLACK
6
CONTINUOUS
10
0.5207435433070866
20
0.6672595669291338
11
0.5172595669291339
21
0.6707435433070866
0
LINE
8
BLACK
6
CONTINUOUS
10
0.5172595669291339
20
0.6707435433070866
11
0.5150227165354331
21
0.6751335826771654
0
LINE
8
BLACK
6
CONTINUOUS
10
0.5150227165354331
20
0.6751335826771654
11
0.514251968503937
21
0.6799999999999999
0
LINE
8
BLACK
6
CONTINUOUS
10
0.514251968503937
20
0.6799999999999999
11
0.5150227165354331
21
0.6848664173228346
0
LINE
8
BLACK
6
CONTINUOUS
10
0.5150227165354331
20
0.6848664173228346
11
0.5172595669291339
21
0.6892564566929134
0
LINE
8
BLACK
6
CONTINUOUS
10
0.5172595669291339
20
0.6892564566929134
11
0.5207435433070866
21
0.6927404330708661
0
LINE
8
BLACK
6
CONTINUOUS
10
0.5207435433070866
20
0.6927404330708661
11
0.5251335826771654
21
0.6949772834645669
0
LINE
8
BLACK
6
CONTINUOUS
10
0.5251335826771654
20
0.6949772834645669
11
0.53
21
0.695748031496063
0
LINE
8
BLACK
6
CONTINUOUS
10
0.53
20
0.695748031496063
11
0.6734769291338583
21
0.695748031496063
0
LINE
8
BLACK
6
CONTINUOUS
10
0.6734769291338583
20
0.695748031496063
11
0.710228937007874
21
0.7324999999999999
0
LINE
8
BLACK
6
CONTINUOUS
10
0.710228937007874
20
0.7324999999999999
11
0.71
21
0.7324999999999999
0
LINE
8
BLACK
6
CONTINUOUS
10
0.71
20
0.7324999999999999
11
0.71
21
0.7875
0
LINE
8
BLACK
6
CONTINUOUS
10
0.71
20
0.7875
11
0.734251968503937
21
0.7875
0
LINE
8
BLACK
6
CONTINUOUS
10
0.734251968503937
20
0.7875
11
0.734251968503937
21
0.84
0
LINE
8
BLACK
6
CONTINUOUS
10
0.734251968503937
20
0.84
11
0.734251968503937
21
0.9199999999999999
0
LINE
8
BLACK
6
CONTINUOUS
10
0.734251968503937
20
0.9199999999999999
11
0.72
21
0.9199999999999999
0
LINE
8
BLACK
6
CONTINUOUS
10
0.72
20
0.9199999999999999
11
0.72
21
0.98
0
LINE
8
BLACK
6
CONTINUOUS
10
0.72
20
0.98
11
0.734251968503937
21
0.98
0
LINE
8
BLACK
6
CONTINUOUS
10
0.734251968503937
20
0.98
11
0.734251968503937
21
1.02
0
LINE
8
BLACK
6
CONTINUOUS
10
0.734251968503937
20
1.02
11
0.72
21
1.02
0
LINE
8
BLACK
6
CONTINUOUS
10
0.72
20
1.02
11
0.72
21
1.0800000000000001
0
LINE
8
BLACK
6
CONTINUOUS
10
0.72
20
1.0800000000000001
11
0.78
21
1.0800000000000001
0
LINE
8
BLACK
6
CONTINUOUS
10
0.78
20
1.0800000000000001
11
0.78
21
1.02
0
LINE
8
BLACK
6
CONTINUOUS
10
1.78
20
0.72
11
1.72
21
0.72
0
LINE
8
BLACK
6
CONTINUOUS
10
1.72
20
0.72
11
1.72
21
0.78
0
LINE
8
BLACK
6
CONTINUOUS
10
1.72
20
0.78
11
1.78
21
0.78
0
LINE
8
BLACK
6
CONTINUOUS
10
1.78
20
0.78
11
1.78
21
0.72
0
LINE
8
BLACK
6
CONTINUOUS
10
0.98
20
0.9199999999999999
11
0.9422710629921259
21
0.9199999999999999
0
LINE
8
BLACK
6
CONTINUOUS
10
0.9422710629921259
20
0.9199999999999999
11
0.910748031496063
21
0.8884769291338582
0
LINE
8
BLACK
6
CONTINUOUS
10
0.910748031496063
20
0.8884769291338582
11
0.910748031496063
21
0.8674999999999999
0
LINE
8
BLACK
6
CONTINUOUS
10
0.910748031496063
20
0.8674999999999999
11
0.9125
21
0.8674999999999999
0
LINE
8
BLACK
6
CONTINUOUS
10
0.9125
20
0.8674999999999999
11
0.9125
21
0.8125
0
LINE
8
BLACK
6
CONTINUOUS
10
0.9125
20
0.8125
11
0.8774999999999999
21
0.8125
0
LINE
8
BLACK
6
CONTINUOUS
10
0.8774999999999999
20
0.8125
11
0.8774999999999999
21
0.8674999999999999
0
LINE
8
BLACK
6
CONTINUOUS
10
0.8774999999999999
20
0.8674999999999999
11
0.8792519685039369
21
0.8674999999999999
0
LINE
8
BLACK
6
CONTINUOUS
10
0.8792519685039369
20
0.8674999999999999
11
0.8792519685039369
21
0.895
0
LINE
8
BLACK
6
CONTINUOUS
10
0.8792519685039369
20
0.895
11
0.8794458661417323
21
0.8962242125984252
0
LINE
8
BLACK
6
CONTINUOUS
10
0.8794458661417323
20
0.8962242125984252
11
0.8794458661417323
21
0.8974635433070866
0
LINE
8
BLACK
6
CONTINUOUS
10
0.8794458661417323
20
0.8974635433070866
11
0.879828779527559
21
0.8986421653543307
0
LINE
8
BLACK
6
CONTINUOUS
10
0.879828779527559
20
0.8986421653543307
11
0.8800227165354331
21
0.8998664173228347
0
LINE
8
BLACK
6
CONTINUOUS
10
0.8800227165354331
20
0.8998664173228347
11
0.8805853937007874
21
0.900970748031496
0
LINE
8
BLACK
6
CONTINUOUS
10
0.8805853937007874
20
0.900970748031496
11
0.8809683858267716
21
0.9021494488188976
0
LINE
8
BLACK
6
CONTINUOUS
10
0.8809683858267716
20
0.9021494488188976
11
0.8816968897637795
21
0.903152125984252
0
LINE
8
BLACK
6
CONTINUOUS
10
0.8816968897637795
20
0.903152125984252
11
0.8822595669291339
21
0.9042564566929133
0
LINE
8
BLACK
6
CONTINUOUS
10
0.8822595669291339
20
0.9042564566929133
11
0.883135905511811
21
0.9051327952755905
0
LINE
8
BLACK
6
CONTINUOUS
10
0.883135905511811
20
0.9051327952755905
11
0.8838644488188976
21
0.9061355511811023
0
LINE
8
BLACK
6
CONTINUOUS
10
0.8838644488188976
20
0.9061355511811023
11
0.9199999999999999
21
0.9422710629921259
0
LINE
8
BLACK
6
CONTINUOUS
10
0.9199999999999999
20
0.9422710629921259
11
0.9199999999999999
21
0.98
0
LINE
8
BLACK
6
CONTINUOUS
10
0.9199999999999999
20
0.98
11
0.98
21
0.98
0
LINE
8
BLACK
6
CONTINUOUS
10
0.98
20
0.98
11
0.98
21
0.9199999999999999
0
LINE
8
BLACK
6
CONTINUOUS
10
0.9756
20
0.54875
11
0.9638
21
0.54875
0
LINE
8
BLACK
6
CONTINUOUS
10
0.9638
20
0.54875
11
0.9638
21
0.56645
0
LINE
8
BLACK
6
CONTINUOUS
10
0.9638
20
0.56645
11
0.9756
21
0.56645
0
LINE
8
BLACK
6
CONTINUOUS
10
0.9756
20
0.56645
11
0.9756
21
0.54875
0
LINE
8
BLACK
6
CONTINUOUS
10
1.8799999999999999
20
0.62
11
1.8200000000000001
21
0.62
0
LINE
8
BLACK
6
CONTINUOUS
10
1.8200000000000001
20
0.62
11
1.8200000000000001
21
0.6799999999999999
0
LINE
8
BLACK
6
CONTINUOUS
10
1.8200000000000001
20
0.6799999999999999
11
1.8799999999999999
21
0.6799999999999999
0
LINE
8
BLACK
6
CONTINUOUS
10
1.8799999999999999
20
0.6799999999999999
11
1.8799999999999999
21
0.62
0
LINE
8
BLACK
6
CONTINUOUS
10
0.58
20
0.82
11
0.52
21
0.82
0
LINE
8
BLACK
6
CONTINUOUS
10
0.52
20
0.82
11
0.52
21
0.88
0
LINE
8
BLACK
6
CONTINUOUS
10
0.52
20
0.88
11
0.58
21
0.88
0
LINE
8
BLACK
6
CONTINUOUS
10
0.58
20
0.88
11
0.58
21
0.82
0
LINE
8
BLACK
6
CONTINUOUS
10
0.58
20
0.9199999999999999
11
0.52
21
0.9199999999999999
0
LINE
8
BLACK
6
CONTINUOUS
10
0.52
20
0.9199999999999999
11
0.52
21
0.98
0
LINE
8
BLACK
6
CONTINUOUS
10
0.52
20
0.98
11
0.58
21
0.98
0
LINE
8
BLACK
6
CONTINUOUS
10
0.58
20
0.98
11
0.58
21
0.9199999999999999
0
LINE
8
BLACK
6
CONTINUOUS
10
1.3799999999999999
20
0.9199999999999999
11
1.3200000000000001
21
0.9199999999999999
0
LINE
8
BLACK
6
CONTINUOUS
10
1.3200000000000001
20
0.9199999999999999
11
1.3200000000000001
21
0.98
0
LINE
8
BLACK
6
CONTINUOUS
10
1.3200000000000001
20
0.98
11
1.3799999999999999
21
0.98
0
LINE
8
BLACK
6
CONTINUOUS
10
1.3799999999999999
20
0.98
11
1.3799999999999999
21
0.9199999999999999
0
LINE
8
BLACK
6
CONTINUOUS
10
0.58
20
1.02
11
0.52
21
1.02
0
LINE
8
BLACK
6
CONTINUOUS
10
0.52
20
1.02
11
0.52
21
1.0800000000000001
0
LINE
8
BLACK
6
CONTINUOUS
10
0.52
20
1.0800000000000001
11
0.58
21
1.0800000000000001
0
LINE
8
BLACK
6
CONTINUOUS
10
0.58
20
1.0800000000000001
11
0.58
21
1.02
0
LINE
8
BLACK
6
CONTINUOUS
10
0.98
20
1.02
11
0.9199999999999999
21
1.02
0
LINE
8
BLACK
6
CONTINUOUS
10
0.9199999999999999
20
1.02
11
0.9199999999999999
21
1.0800000000000001
0
LINE
8
BLACK
6
CONTINUOUS
10
0.9199999999999999
20
1.0800000000000001
11
0.98
21
1.0800000000000001
0
LINE
8
BLACK
6
CONTINUOUS
10
0.98
20
1.0800000000000001
11
0.98
21
1.02
0
LINE
8
BLACK
6
CONTINUOUS
10
1.3799999999999999
20
1.02
11
1.3200000000000001
21
1.02
0
LINE
8
BLACK
6
CONTINUOUS
10
1.3200000000000001
20
1.02
11
1.3200000000000001
21
1.0800000000000001
0
LINE
8
BLACK
6
CONTINUOUS
10
1.3200000000000001
20
1.0800000000000001
11
1.3799999999999999
21
1.0800000000000001
0
LINE
8
BLACK
6
CONTINUOUS
10
1.3799999999999999
20
1.0800000000000001
11
1.3799999999999999
21
1.02
0
LINE
8
BLACK
6
CONTINUOUS
10
1.9847488582677164
20
1.5862400787401574
11
1.9865792913385827
21
1.5841276377952755
0
LINE
8
BLACK
6
CONTINUOUS
10
1.9865792913385827
20
1.5841276377952755
11
1.9870275590551181
21
1.5820669291338583
0
LINE
8
BLACK
6
CONTINUOUS
10
1.9870275590551181
20
1.5820669291338583
11
1.9870275590551181
21
0.0179330708661417
0
LINE
8
BLACK
6
CONTINUOUS
10
1.9870275590551181
20
0.0179330708661417
11
1.9862400787401575
21
0.0152511417322835
0
LINE
8
BLACK
6
CONTINUOUS
10
1.9862400787401575
20
0.0152511417322835
11
1.9841276377952755
21
0.0134207086614173
0
LINE
8
BLACK
6
CONTINUOUS
10
1.9841276377952755
20
0.0134207086614173
11
1.9820669291338582
21
0.0129724409448819
0
LINE
8
BLACK
6
CONTINUOUS
10
1.9820669291338582
20
0.0129724409448819
11
0.0179330708661417
21
0.0129724409448819
0
LINE
8
BLACK
6
CONTINUOUS
10
0.0179330708661417
20
0.0129724409448819
11
0.0152511417322835
21
0.0137599212598425
0
LINE
8
BLACK
6
CONTINUOUS
10
0.0152511417322835
20
0.0137599212598425
11
0.0134207086614173
21
0.0158723622047244
0
LINE
8
BLACK
6
CONTINUOUS
10
0.0134207086614173
20
0.0158723622047244
11
0.0129724409448819
21
0.0179330708661417
0
LINE
8
BLACK
6
CONTINUOUS
10
0.0129724409448819
20
0.0179330708661417
11
0.0129724409448819
21
0.0629292913385827
0
LINE
8
BLACK
6
CONTINUOUS
10
0.0129724409448819
20
0.0629292913385827
11
0.0129724409448819
21
0.247499842519685
0
LINE
8
BLACK
6
CONTINUOUS
10
0.0129724409448819
20
0.247499842519685
11
0.0129724409448819
21
0.5634200787401574
0
LINE
8
BLACK
6
CONTINUOUS
10
0.0129724409448819
20
0.5634200787401574
11
0.0129724409448819
21
0.8192224015748031
0
LINE
8
BLACK
6
CONTINUOUS
10
0.0129724409448819
20
0.8192224015748031
11
0.0129724409448819
21
0.9192224015748032
0
LINE
8
BLACK
6
CONTINUOUS
10
0.0129724409448819
20
0.9192224015748032
11
0.0129724409448819
21
1.019222401574803
0
LINE
8
BLACK
6
CONTINUOUS
10
0.0129724409448819
20
1.019222401574803
11
0.0129724409448819
21
1.5820669291338583
0
LINE
8
BLACK
6
CONTINUOUS
10
0.0129724409448819
20
1.5820669291338583
11
0.0137599212598425
21
1.5847488582677165
0
LINE
8
BLACK
6
CONTINUOUS
10
0.0137599212598425
20
1.5847488582677165
11
0.0158723622047244
21
1.5865792913385826
0
LINE
8
BLACK
6
CONTINUOUS
10
0.0158723622047244
20
1.5865792913385826
11
0.0179330708661417
21
1.5870275590551182
0
LINE
8
BLACK
6
CONTINUOUS
10
0.0179330708661417
20
1.5870275590551182
11
1.9820669291338582
21
1.5870275590551182
0
LINE
8
BLACK
6
CONTINUOUS
10
1.9820669291338582
20
1.5870275590551182
11
1.9847488582677164
21
1.5862400787401574
0
LINE
8
BLACK
6
CONTINUOUS
10
1.4041837007874016
20
0.0629292913385827
11
1.4041837007874016
21
0.1421254724409449
0
LINE
8
BLACK
6
CONTINUOUS
10
1.4041837007874016
20
0.1421254724409449
11
1.4041574803149606
21
0.1421516535433071
0
LINE
8
BLACK
6
CONTINUOUS
10
1.4041574803149606
20
0.1421516535433071
11
1.4015649212598424
21
0.1429129133858268
0
LINE
8
BLACK
6
CONTINUOUS
10
1.4015649212598424
20
0.1429129133858268
11
1.3997344881889764
21
0.1450253543307087
0
LINE
8
BLACK
6
CONTINUOUS
10
1.3997344881889764
20
0.1450253543307087
11
1.399286220472441
21
0.147086062992126
0
LINE
8
BLACK
6
CONTINUOUS
10
1.399286220472441
20
0.147086062992126
11
1.399286220472441
21
0.2221254330708661
0
LINE
8
BLACK
6
CONTINUOUS
10
1.399286220472441
20
0.2221254330708661
11
1.1982644094488188
21
0.2221254330708661
0
LINE
8
BLACK
6
CONTINUOUS
10
1.1982644094488188
20
0.2221254330708661
11
1.1982644094488188
21
0.1466283464566929
0
LINE
8
BLACK
6
CONTINUOUS
10
1.1982644094488188
20
0.1466283464566929
11
1.1974769291338583
21
0.1439464173228346
0
LINE
8
BLACK
6
CONTINUOUS
10
1.1974769291338583
20
0.1439464173228346
11
1.1968114566929133
21
0.1431206692913386
0
LINE
8
BLACK
6
CONTINUOUS
10
1.1968114566929133
20
0.1431206692913386
11
1.1958162598425197
21
0.1421254724409449
0
LINE
8
BLACK
6
CONTINUOUS
10
1.1958162598425197
20
0.1421254724409449
11
1.1958162598425197
21
0.1421254330708661
0
LINE
8
BLACK
6
CONTINUOUS
10
1.1958162598425197
20
0.1421254330708661
11
1.1958162598425197
21
0.0629292913385827
0
LINE
8
BLACK
6
CONTINUOUS
10
1.1958162598425197
20
0.0629292913385827
11
1.4041837007874016
21
0.0629292913385827
0
LINE
8
BLACK
6
CONTINUOUS
10
0.4931433070866141
20
0.3340014173228346
11
0.4866677559055118
21
0.3335770078740157
0
LINE
8
BLACK
6
CONTINUOUS
10
0.4866677559055118
20
0.3335770078740157
11
0.4866674015748031
21
0.3335769291338583
0
LINE
8
BLACK
6
CONTINUOUS
10
0.4866674015748031
20
0.3335769291338583
11
0.4866673228346456
21
0.3335769291338583
0
LINE
8
BLACK
6
CONTINUOUS
10
0.4866673228346456
20
0.3335769291338583
11
0.484016968503937
21
0.3330497244094488
0
LINE
8
BLACK
6
CONTINUOUS
10
0.484016968503937
20
0.3330497244094488
11
0.4755294094488189
21
0.3313614566929134
0
LINE
8
BLACK
6
CONTINUOUS
10
0.4755294094488189
20
0.3313614566929134
11
0.4647755118110236
21
0.3277109842519685
0
LINE
8
BLACK
6
CONTINUOUS
10
0.4647755118110236
20
0.3277109842519685
11
0.4545901181102362
21
0.3226881102362205
0
LINE
8
BLACK
6
CONTINUOUS
10
0.4545901181102362
20
0.3226881102362205
11
0.4513850787401575
21
0.3205465748031496
0
LINE
8
BLACK
6
CONTINUOUS
10
0.4513850787401575
20
0.3205465748031496
11
0.4451477952755906
21
0.3163789763779528
0
LINE
8
BLACK
6
CONTINUOUS
10
0.4451477952755906
20
0.3163789763779528
11
0.4451476377952756
21
0.3163788582677165
0
LINE
8
BLACK
6
CONTINUOUS
10
0.4451476377952756
20
0.3163788582677165
11
0.4451474803149606
21
0.3163787401574803
0
LINE
8
BLACK
6
CONTINUOUS
10
0.4451474803149606
20
0.3163787401574803
11
0.4420161023622047
21
0.3136325590551181
0
LINE
8
BLACK
6
CONTINUOUS
10
0.4420161023622047
20
0.3136325590551181
11
0.4366091338582677
21
0.3088908267716535
0
LINE
8
BLACK
6
CONTINUOUS
10
0.4366091338582677
20
0.3088908267716535
11
0.4291211023622047
21
0.3003523228346456
0
LINE
8
BLACK
6
CONTINUOUS
10
0.4291211023622047
20
0.3003523228346456
11
0.4291209842519685
21
0.3003521653543307
0
LINE
8
BLACK
6
CONTINUOUS
10
0.4291209842519685
20
0.3003521653543307
11
0.422811811023622
21
0.2909097637795275
0
LINE
8
BLACK
6
CONTINUOUS
10
0.422811811023622
20
0.2909097637795275
11
0.4181568897637795
21
0.2814705118110236
0
LINE
8
BLACK
6
CONTINUOUS
10
0.4181568897637795
20
0.2814705118110236
11
0.4177890157480315
21
0.2807244881889764
0
LINE
8
BLACK
6
CONTINUOUS
10
0.4177890157480315
20
0.2807244881889764
11
0.4177889763779528
21
0.2807243307086614
0
LINE
8
BLACK
6
CONTINUOUS
10
0.4177889763779528
20
0.2807243307086614
11
0.4141385826771654
21
0.2699707874015748
0
LINE
8
BLACK
6
CONTINUOUS
10
0.4141385826771654
20
0.2699707874015748
11
0.4141385433070866
21
0.2699706299212599
0
LINE
8
BLACK
6
CONTINUOUS
10
0.4141385433070866
20
0.2699706299212599
11
0.411923031496063
21
0.2588326377952756
0
LINE
8
BLACK
6
CONTINUOUS
10
0.411923031496063
20
0.2588326377952756
11
0.4119229527559055
21
0.2588320472440945
0
LINE
8
BLACK
6
CONTINUOUS
10
0.4119229527559055
20
0.2588320472440945
11
0.4111802362204725
21
0.2475001181102362
0
LINE
8
BLACK
6
CONTINUOUS
10
0.4111802362204725
20
0.2475001181102362
11
0.4111802362204725
21
0.247499842519685
0
LINE
8
BLACK
6
CONTINUOUS
10
0.4111802362204725
20
0.247499842519685
11
0.4119229527559055
21
0.2361679133858268
0
LINE
8
BLACK
6
CONTINUOUS
10
0.4119229527559055
20
0.2361679133858268
11
0.411923031496063
21
0.2361673228346457
0
LINE
8
BLACK
6
CONTINUOUS
10
0.411923031496063
20
0.2361673228346457
11
0.4141385433070866
21
0.2250293307086614
0
LINE
8
BLACK
6
CONTINUOUS
10
0.4141385433070866
20
0.2250293307086614
11
0.4141385826771654
21
0.2250291732283465
0
LINE
8
BLACK
6
CONTINUOUS
10
0.4141385826771654
20
0.2250291732283465
11
0.4177889763779528
21
0.2142756299212598
0
LINE
8
BLACK
6
CONTINUOUS
10
0.4177889763779528
20
0.2142756299212598
11
0.4177891338582677
21
0.2142752362204724
0
LINE
8
BLACK
6
CONTINUOUS
10
0.4177891338582677
20
0.2142752362204724
11
0.422811811023622
21
0.2040901968503937
0
LINE
8
BLACK
6
CONTINUOUS
10
0.422811811023622
20
0.2040901968503937
11
0.4291209842519685
21
0.1946477952755905
0
LINE
8
BLACK
6
CONTINUOUS
10
0.4291209842519685
20
0.1946477952755905
11
0.4291211023622047
21
0.1946476377952756
0
LINE
8
BLACK
6
CONTINUOUS
10
0.4291211023622047
20
0.1946476377952756
11
0.4366091338582677
21
0.1861091338582677
0
LINE
8
BLACK
6
CONTINUOUS
10
0.4366091338582677
20
0.1861091338582677
11
0.4451476377952756
21
0.1786211023622047
0
LINE
8
BLACK
6
CONTINUOUS
10
0.4451476377952756
20
0.1786211023622047
11
0.4451477952755906
21
0.1786209842519685
0
LINE
8
BLACK
6
CONTINUOUS
10
0.4451477952755906
20
0.1786209842519685
11
0.4545901968503937
21
0.172311811023622
0
LINE
8
BLACK
6
CONTINUOUS
10
0.4545901968503937
20
0.172311811023622
11
0.4647752362204725
21
0.1672891338582677
0
LINE
8
BLACK
6
CONTINUOUS
10
0.4647752362204725
20
0.1672891338582677
11
0.4647753937007874
21
0.1672890551181102
0
LINE
8
BLACK
6
CONTINUOUS
10
0.4647753937007874
20
0.1672890551181102
11
0.4647755118110236
21
0.1672890157480315
0
LINE
8
BLACK
6
CONTINUOUS
10
0.4647755118110236
20
0.1672890157480315
11
0.4647756299212598
21
0.1672889763779528
0
LINE
8
BLACK
6
CONTINUOUS
10
0.4647756299212598
20
0.1672889763779528
11
0.4755291732283464
21
0.1636385826771654
0
LINE
8
BLACK
6
CONTINUOUS
10
0.4755291732283464
20
0.1636385826771654
11
0.4755293307086614
21
0.1636385433070866
0
LINE
8
BLACK
6
CONTINUOUS
10
0.4755293307086614
20
0.1636385433070866
11
0.4866673228346456
21
0.161423031496063
0
LINE
8
BLACK
6
CONTINUOUS
10
0.4866673228346456
20
0.161423031496063
11
0.4866679133858268
21
0.1614229527559055
0
LINE
8
BLACK
6
CONTINUOUS
10
0.4866679133858268
20
0.1614229527559055
11
0.4979998818897638
21
0.1606802362204724
0
LINE
8
BLACK
6
CONTINUOUS
10
0.4979998818897638
20
0.1606802362204724
11
0.498
21
0.1606802362204724
0
LINE
8
BLACK
6
CONTINUOUS
10
0.498
20
0.1606802362204724
11
0.4980001181102362
21
0.1606802362204724
0
LINE
8
BLACK
6
CONTINUOUS
10
0.4980001181102362
20
0.1606802362204724
11
0.5093320472440944
21
0.1614229527559055
0
LINE
8
BLACK
6
CONTINUOUS
10
0.5093320472440944
20
0.1614229527559055
11
0.5093326377952756
21
0.161423031496063
0
LINE
8
BLACK
6
CONTINUOUS
10
0.5093326377952756
20
0.161423031496063
11
0.5204706299212598
21
0.1636385433070866
0
LINE
8
BLACK
6
CONTINUOUS
10
0.5204706299212598
20
0.1636385433070866
11
0.5204707874015748
21
0.1636385826771654
0
LINE
8
BLACK
6
CONTINUOUS
10
0.5204707874015748
20
0.1636385826771654
11
0.5275774015748032
21
0.1660509842519685
0
LINE
8
BLACK
6
CONTINUOUS
10
0.5275774015748032
20
0.1660509842519685
11
0.5312244881889764
21
0.1672890157480315
0
LINE
8
BLACK
6
CONTINUOUS
10
0.5312244881889764
20
0.1672890157480315
11
0.5319705118110236
21
0.1676568897637795
0
LINE
8
BLACK
6
CONTINUOUS
10
0.5319705118110236
20
0.1676568897637795
11
0.5414097637795275
21
0.172311811023622
0
LINE
8
BLACK
6
CONTINUOUS
10
0.5414097637795275
20
0.172311811023622
11
0.5508521653543307
21
0.1786209842519685
0
LINE
8
BLACK
6
CONTINUOUS
10
0.5508521653543307
20
0.1786209842519685
11
0.5508523228346457
21
0.1786211023622047
0
LINE
8
BLACK
6
CONTINUOUS
10
0.5508523228346457
20
0.1786211023622047
11
0.5593908267716535
21
0.1861091338582677
0
LINE
8
BLACK
6
CONTINUOUS
10
0.5593908267716535
20
0.1861091338582677
11
0.5641325590551181
21
0.1915161023622047
0
LINE
8
BLACK
6
CONTINUOUS
10
0.5641325590551181
20
0.1915161023622047
11
0.5668787401574803
21
0.1946474803149606
0
LINE
8
BLACK
6
CONTINUOUS
10
0.5668787401574803
20
0.1946474803149606
11
0.5668788582677166
21
0.1946476377952756
0
LINE
8
BLACK
6
CONTINUOUS
10
0.5668788582677166
20
0.1946476377952756
11
0.5668789763779527
21
0.1946477952755905
0
LINE
8
BLACK
6
CONTINUOUS
10
0.5668789763779527
20
0.1946477952755905
11
0.5731881496062992
21
0.2040901968503937
0
LINE
8
BLACK
6
CONTINUOUS
10
0.5731881496062992
20
0.2040901968503937
11
0.5733107086614173
21
0.2043387795275591
0
LINE
8
BLACK
6
CONTINUOUS
10
0.5733107086614173
20
0.2043387795275591
11
0.5782109842519685
21
0.2142755118110236
0
LINE
8
BLACK
6
CONTINUOUS
10
0.5782109842519685
20
0.2142755118110236
11
0.5818614566929133
21
0.2250294094488189
0
LINE
8
BLACK
6
CONTINUOUS
10
0.5818614566929133
20
0.2250294094488189
11
0.5840770078740157
21
0.2361677559055118
0
LINE
8
BLACK
6
CONTINUOUS
10
0.5840770078740157
20
0.2361677559055118
11
0.5848197637795275
21
0.247499842519685
0
LINE
8
BLACK
6
CONTINUOUS
10
0.5848197637795275
20
0.247499842519685
11
0.5848197637795275
21
0.2475
0
LINE
8
BLACK
6
CONTINUOUS
10
0.5848197637795275
20
0.2475
11
0.5840770078740157
21
0.2588322440944882
0
LINE
8
BLACK
6
CONTINUOUS
10
0.5840770078740157
20
0.2588322440944882
11
0.5818614566929133
21
0.2699705905511811
0
LINE
8
BLACK
6
CONTINUOUS
10
0.5818614566929133
20
0.2699705905511811
11
0.5782109842519685
21
0.2807244881889764
0
LINE
8
BLACK
6
CONTINUOUS
10
0.5782109842519685
20
0.2807244881889764
11
0.5731881102362204
21
0.2909098818897638
0
LINE
8
BLACK
6
CONTINUOUS
10
0.5731881102362204
20
0.2909098818897638
11
0.5668787401574803
21
0.3003525196850393
0
LINE
8
BLACK
6
CONTINUOUS
10
0.5668787401574803
20
0.3003525196850393
11
0.5593908267716535
21
0.3088908267716535
0
LINE
8
BLACK
6
CONTINUOUS
10
0.5593908267716535
20
0.3088908267716535
11
0.5508525196850393
21
0.3163787401574803
0
LINE
8
BLACK
6
CONTINUOUS
10
0.5508525196850393
20
0.3163787401574803
11
0.5414098818897638
21
0.3226881102362205
0
LINE
8
BLACK
6
CONTINUOUS
10
0.5414098818897638
20
0.3226881102362205
11
0.5312244881889764
21
0.3277109842519685
0
LINE
8
BLACK
6
CONTINUOUS
10
0.5312244881889764
20
0.3277109842519685
11
0.5204705905511811
21
0.3313614566929134
0
LINE
8
BLACK
6
CONTINUOUS
10
0.5204705905511811
20
0.3313614566929134
11
0.5093322440944882
21
0.3335770078740157
0
LINE
8
BLACK
6
CONTINUOUS
10
0.5093322440944882
20
0.3335770078740157
11
0.5022495669291338
21
0.3340412204724409
0
LINE
8
BLACK
6
CONTINUOUS
10
0.5022495669291338
20
0.3340412204724409
11
0.4980001181102362
21
0.3343197637795275
0
LINE
8
BLACK
6
CONTINUOUS
10
0.4980001181102362
20
0.3343197637795275
11
0.4979998818897638
21
0.3343197637795275
0
LINE
8
BLACK
6
CONTINUOUS
10
0.4979998818897638
20
0.3343197637795275
11
0.4931433070866141
21
0.3340014173228346
0
LINE
8
BLACK
6
CONTINUOUS
10
0.8119229527559055
20
0.2361679133858268
11
0.8119230314960629
21
0.2361673228346457
0
LINE
8
BLACK
6
CONTINUOUS
10
0.8119230314960629
20
0.2361673228346457
11
0.8141385433070866
21
0.2250293307086614
0
LINE
8
BLACK
6
CONTINUOUS
10
0.8141385433070866
20
0.2250293307086614
11
0.8141385826771653
21
0.2250291732283465
0
LINE
8
BLACK
6
CONTINUOUS
10
0.8141385826771653
20
0.2250291732283465
11
0.8177889763779528
21
0.2142756299212598
0
LINE
8
BLACK
6
CONTINUOUS
10
0.8177889763779528
20
0.2142756299212598
11
0.8177891338582677
21
0.2142752362204724
0
LINE
8
BLACK
6
CONTINUOUS
10
0.8177891338582677
20
0.2142752362204724
11
0.822811811023622
21
0.2040901968503937
0
LINE
8
BLACK
6
CONTINUOUS
10
0.822811811023622
20
0.2040901968503937
11
0.8291209842519685
21
0.1946477952755905
0
LINE
8
BLACK
6
CONTINUOUS
10
0.8291209842519685
20
0.1946477952755905
11
0.8291211023622047
21
0.1946476377952756
0
LINE
8
BLACK
6
CONTINUOUS
10
0.8291211023622047
20
0.1946476377952756
11
0.8366091338582677
21
0.1861091338582677
0
LINE
8
BLACK
6
CONTINUOUS
10
0.8366091338582677
20
0.1861091338582677
11
0.8451476377952756
21
0.1786211023622047
0
LINE
8
BLACK
6
CONTINUOUS
10
0.8451476377952756
20
0.1786211023622047
11
0.8451477952755906
21
0.1786209842519685
0
LINE
8
BLACK
6
CONTINUOUS
10
0.8451477952755906
20
0.1786209842519685
11
0.8545901968503937
21
0.172311811023622
0
LINE
8
BLACK
6
CONTINUOUS
10
0.8545901968503937
20
0.172311811023622
11
0.8647752362204725
21
0.1672891338582677
0
LINE
8
BLACK
6
CONTINUOUS
10
0.8647752362204725
20
0.1672891338582677
11
0.8647753937007874
21
0.1672890551181102
0
LINE
8
BLACK
6
CONTINUOUS
10
0.8647753937007874
20
0.1672890551181102
11
0.8647755118110236
21
0.1672890157480315
0
LINE
8
BLACK
6
CONTINUOUS
10
0.8647755118110236
20
0.1672890157480315
11
0.8647756299212598
21
0.1672889763779528
0
LINE
8
BLACK
6
CONTINUOUS
10
0.8647756299212598
20
0.1672889763779528
11
0.8755291732283464
21
0.1636385826771654
0
LINE
8
BLACK
6
CONTINUOUS
10
0.8755291732283464
20
0.1636385826771654
11
0.8755293307086613
21
0.1636385433070866
0
LINE
8
BLACK
6
CONTINUOUS
10
0.8755293307086613
20
0.1636385433070866
11
0.8866673228346457
21
0.161423031496063
0
LINE
8
BLACK
6
CONTINUOUS
10
0.8866673228346457
20
0.161423031496063
11
0.8866679133858267
21
0.1614229527559055
0
LINE
8
BLACK
6
CONTINUOUS
10
0.8866679133858267
20
0.1614229527559055
11
0.8979998818897638
21
0.1606802362204724
0
LINE
8
BLACK
6
CONTINUOUS
10
0.8979998818897638
20
0.1606802362204724
11
0.898
21
0.1606802362204724
0
LINE
8
BLACK
6
CONTINUOUS
10
0.898
20
0.1606802362204724
11
0.8980001181102362
21
0.1606802362204724
0
LINE
8
BLACK
6
CONTINUOUS
10
0.8980001181102362
20
0.1606802362204724
11
0.9093320472440944
21
0.1614229527559055
0
LINE
8
BLACK
6
CONTINUOUS
10
0.9093320472440944
20
0.1614229527559055
11
0.9093326377952756
21
0.161423031496063
0
LINE
8
BLACK
6
CONTINUOUS
10
0.9093326377952756
20
0.161423031496063
11
0.9204706299212598
21
0.1636385433070866
0
LINE
8
BLACK
6
CONTINUOUS
10
0.9204706299212598
20
0.1636385433070866
11
0.9204707874015747
21
0.1636385826771654
0
LINE
8
BLACK
6
CONTINUOUS
10
0.9204707874015747
20
0.1636385826771654
11
0.9275774015748032
21
0.1660509842519685
0
LINE
8
BLACK
6
CONTINUOUS
10
0.9275774015748032
20
0.1660509842519685
11
0.9312244881889764
21
0.1672890157480315
0
LINE
8
BLACK
6
CONTINUOUS
10
0.9312244881889764
20
0.1672890157480315
11
0.9319705118110236
21
0.1676568897637795
0
LINE
8
BLACK
6
CONTINUOUS
10
0.9319705118110236
20
0.1676568897637795
11
0.9414097637795276
21
0.172311811023622
0
LINE
8
BLACK
6
CONTINUOUS
10
0.9414097637795276
20
0.172311811023622
11
0.9508521653543307
21
0.1786209842519685
0
LINE
8
BLACK
6
CONTINUOUS
10
0.9508521653543307
20
0.1786209842519685
11
0.9508523228346456
21
0.1786211023622047
0
LINE
8
BLACK
6
CONTINUOUS
10
0.9508523228346456
20
0.1786211023622047
11
0.9593908267716535
21
0.1861091338582677
0
LINE
8
BLACK
6
CONTINUOUS
10
0.9593908267716535
20
0.1861091338582677
11
0.9641325590551181
21
0.1915161023622047
0
LINE
8
BLACK
6
CONTINUOUS
10
0.9641325590551181
20
0.1915161023622047
11
0.9668787401574803
21
0.1946474803149606
0
LINE
8
BLACK
6
CONTINUOUS
10
0.9668787401574803
20
0.1946474803149606
11
0.9668788582677165
21
0.1946476377952756
0
LINE
8
BLACK
6
CONTINUOUS
10
0.9668788582677165
20
0.1946476377952756
11
0.9668789763779527
21
0.1946477952755905
0
LINE
8
BLACK
6
CONTINUOUS
10
0.9668789763779527
20
0.1946477952755905
11
0.9731881496062992
21
0.2040901968503937
0
LINE
8
BLACK
6
CONTINUOUS
10
0.9731881496062992
20
0.2040901968503937
11
0.9733107086614173
21
0.2043387795275591
0
LINE
8
BLACK
6
CONTINUOUS
10
0.9733107086614173
20
0.2043387795275591
11
0.9782109842519685
21
0.2142755118110236
0
LINE
8
BLACK
6
CONTINUOUS
10
0.9782109842519685
20
0.2142755118110236
11
0.9818614566929134
21
0.2250294094488189
0
LINE
8
BLACK
6
CONTINUOUS
10
0.9818614566929134
20
0.2250294094488189
11
0.9840770078740158
21
0.2361677559055118
0
LINE
8
BLACK
6
CONTINUOUS
10
0.9840770078740158
20
0.2361677559055118
11
0.9848197637795275
21
0.247499842519685
0
LINE
8
BLACK
6
CONTINUOUS
10
0.9848197637795275
20
0.247499842519685
11
0.9848197637795275
21
0.2475
0
LINE
8
BLACK
6
CONTINUOUS
10
0.9848197637795275
20
0.2475
11
0.9840770078740158
21
0.2588322440944882
0
LINE
8
BLACK
6
CONTINUOUS
10
0.9840770078740158
20
0.2588322440944882
11
0.9818614566929134
21
0.2699705905511811
0
LINE
8
BLACK
6
CONTINUOUS
10
0.9818614566929134
20
0.2699705905511811
11
0.9782109842519685
21
0.2807244881889764
0
LINE
8
BLACK
6
CONTINUOUS
10
0.9782109842519685
20
0.2807244881889764
11
0.9731881102362204
21
0.2909098818897638
0
LINE
8
BLACK
6
CONTINUOUS
10
0.9731881102362204
20
0.2909098818897638
11
0.9668787401574803
21
0.3003525196850393
0
LINE
8
BLACK
6
CONTINUOUS
10
0.9668787401574803
20
0.3003525196850393
11
0.9593908267716535
21
0.3088908267716535
0
LINE
8
BLACK
6
CONTINUOUS
10
0.9593908267716535
20
0.3088908267716535
11
0.9508525196850394
21
0.3163787401574803
0
LINE
8
BLACK
6
CONTINUOUS
10
0.9508525196850394
20
0.3163787401574803
11
0.9414098818897637
21
0.3226881102362205
0
LINE
8
BLACK
6
CONTINUOUS
10
0.9414098818897637
20
0.3226881102362205
11
0.9312244881889764
21
0.3277109842519685
0
LINE
8
BLACK
6
CONTINUOUS
10
0.9312244881889764
20
0.3277109842519685
11
0.9204705905511811
21
0.3313614566929134
0
LINE
8
BLACK
6
CONTINUOUS
10
0.9204705905511811
20
0.3313614566929134
11
0.9093322440944882
21
0.3335770078740157
0
LINE
8
BLACK
6
CONTINUOUS
10
0.9093322440944882
20
0.3335770078740157
11
0.9022495669291338
21
0.3340412204724409
0
LINE
8
BLACK
6
CONTINUOUS
10
0.9022495669291338
20
0.3340412204724409
11
0.8980001181102362
21
0.3343197637795275
0
LINE
8
BLACK
6
CONTINUOUS
10
0.8980001181102362
20
0.3343197637795275
11
0.8979998818897638
21
0.3343197637795275
0
LINE
8
BLACK
6
CONTINUOUS
10
0.8979998818897638
20
0.3343197637795275
11
0.8931433070866142
21
0.3340014173228346
0
LINE
8
BLACK
6
CONTINUOUS
10
0.8931433070866142
20
0.3340014173228346
11
0.8866677559055118
21
0.3335770078740157
0
LINE
8
BLACK
6
CONTINUOUS
10
0.8866677559055118
20
0.3335770078740157
11
0.8866674015748032
21
0.3335769291338583
0
LINE
8
BLACK
6
CONTINUOUS
10
0.8866674015748032
20
0.3335769291338583
11
0.8866673228346457
21
0.3335769291338583
0
LINE
8
BLACK
6
CONTINUOUS
10
0.8866673228346457
20
0.3335769291338583
11
0.884016968503937
21
0.3330497244094488
0
LINE
8
BLACK
6
CONTINUOUS
10
0.884016968503937
20
0.3330497244094488
11
0.8755294094488189
21
0.3313614566929134
0
LINE
8
BLACK
6
CONTINUOUS
10
0.8755294094488189
20
0.3313614566929134
11
0.8647755118110236
21
0.3277109842519685
0
LINE
8
BLACK
6
CONTINUOUS
10
0.8647755118110236
20
0.3277109842519685
11
0.8545901181102362
21
0.3226881102362205
0
LINE
8
BLACK
6
CONTINUOUS
10
0.8545901181102362
20
0.3226881102362205
11
0.8513850787401575
21
0.3205465748031496
0
LINE
8
BLACK
6
CONTINUOUS
10
0.8513850787401575
20
0.3205465748031496
11
0.8451477952755906
21
0.3163789763779528
0
LINE
8
BLACK
6
CONTINUOUS
10
0.8451477952755906
20
0.3163789763779528
11
0.8451476377952756
21
0.3163788582677165
0
LINE
8
BLACK
6
CONTINUOUS
10
0.8451476377952756
20
0.3163788582677165
11
0.8451474803149606
21
0.3163787401574803
0
LINE
8
BLACK
6
CONTINUOUS
10
0.8451474803149606
20
0.3163787401574803
11
0.8420161023622047
21
0.3136325590551181
0
LINE
8
BLACK
6
CONTINUOUS
10
0.8420161023622047
20
0.3136325590551181
11
0.8366091338582677
21
0.3088908267716535
0
LINE
8
BLACK
6
CONTINUOUS
10
0.8366091338582677
20
0.3088908267716535
11
0.8291211023622047
21
0.3003523228346456
0
LINE
8
BLACK
6
CONTINUOUS
10
0.8291211023622047
20
0.3003523228346456
11
0.8291209842519685
21
0.3003521653543307
0
LINE
8
BLACK
6
CONTINUOUS
10
0.8291209842519685
20
0.3003521653543307
11
0.822811811023622
21
0.2909097637795275
0
LINE
8
BLACK
6
CONTINUOUS
10
0.822811811023622
20
0.2909097637795275
11
0.8181568897637795
21
0.2814705118110236
0
LINE
8
BLACK
6
CONTINUOUS
10
0.8181568897637795
20
0.2814705118110236
11
0.8177890157480314
21
0.2807244881889764
0
LINE
8
BLACK
6
CONTINUOUS
10
0.8177890157480314
20
0.2807244881889764
11
0.8177889763779528
21
0.2807243307086614
0
LINE
8
BLACK
6
CONTINUOUS
10
0.8177889763779528
20
0.2807243307086614
11
0.8141385826771653
21
0.2699707874015748
0
LINE
8
BLACK
6
CONTINUOUS
10
0.8141385826771653
20
0.2699707874015748
11
0.8141385433070866
21
0.2699706299212599
0
LINE
8
BLACK
6
CONTINUOUS
10
0.8141385433070866
20
0.2699706299212599
11
0.8119230314960629
21
0.2588326377952756
0
LINE
8
BLACK
6
CONTINUOUS
10
0.8119230314960629
20
0.2588326377952756
11
0.8119229527559055
21
0.2588320472440945
0
LINE
8
BLACK
6
CONTINUOUS
10
0.8119229527559055
20
0.2588320472440945
11
0.8111802362204724
21
0.2475001181102362
0
LINE
8
BLACK
6
CONTINUOUS
10
0.8111802362204724
20
0.2475001181102362
11
0.8111802362204724
21
0.247499842519685
0
LINE
8
BLACK
6
CONTINUOUS
10
0.8111802362204724
20
0.247499842519685
11
0.8119229527559055
21
0.2361679133858268
0
LINE
8
BLACK
6
CONTINUOUS
10
1.0119229527559055
20
0.2361679133858268
11
1.011923031496063
21
0.2361673228346457
0
LINE
8
BLACK
6
CONTINUOUS
10
1.011923031496063
20
0.2361673228346457
11
1.0141385433070866
21
0.2250293307086614
0
LINE
8
BLACK
6
CONTINUOUS
10
1.0141385433070866
20
0.2250293307086614
11
1.0141385826771654
21
0.2250291732283465
0
LINE
8
BLACK
6
CONTINUOUS
10
1.0141385826771654
20
0.2250291732283465
11
1.0177889763779526
21
0.2142756299212598
0
LINE
8
BLACK
6
CONTINUOUS
10
1.0177889763779526
20
0.2142756299212598
11
1.0177891338582676
21
0.2142752362204724
0
LINE
8
BLACK
6
CONTINUOUS
10
1.0177891338582676
20
0.2142752362204724
11
1.022811811023622
21
0.2040901968503937
0
LINE
8
BLACK
6
CONTINUOUS
10
1.022811811023622
20
0.2040901968503937
11
1.0291209842519684
21
0.1946477952755905
0
LINE
8
BLACK
6
CONTINUOUS
10
1.0291209842519684
20
0.1946477952755905
11
1.0291211023622047
21
0.1946476377952756
0
LINE
8
BLACK
6
CONTINUOUS
10
1.0291211023622047
20
0.1946476377952756
11
1.0366091338582677
21
0.1861091338582677
0
LINE
8
BLACK
6
CONTINUOUS
10
1.0366091338582677
20
0.1861091338582677
11
1.0451476377952755
21
0.1786211023622047
0
LINE
8
BLACK
6
CONTINUOUS
10
1.0451476377952755
20
0.1786211023622047
11
1.0451477952755905
21
0.1786209842519685
0
LINE
8
BLACK
6
CONTINUOUS
10
1.0451477952755905
20
0.1786209842519685
11
1.0545901968503937
21
0.172311811023622
0
LINE
8
BLACK
6
CONTINUOUS
10
1.0545901968503937
20
0.172311811023622
11
1.0647752362204723
21
0.1672891338582677
0
LINE
8
BLACK
6
CONTINUOUS
10
1.0647752362204723
20
0.1672891338582677
11
1.0647753937007873
21
0.1672890551181102
0
LINE
8
BLACK
6
CONTINUOUS
10
1.0647753937007873
20
0.1672890551181102
11
1.0647755118110236
21
0.1672890157480315
0
LINE
8
BLACK
6
CONTINUOUS
10
1.0647755118110236
20
0.1672890157480315
11
1.0647756299212598
21
0.1672889763779528
0
LINE
8
BLACK
6
CONTINUOUS
10
1.0647756299212598
20
0.1672889763779528
11
1.0755291732283465
21
0.1636385826771654
0
LINE
8
BLACK
6
CONTINUOUS
10
1.0755291732283465
20
0.1636385826771654
11
1.0755293307086613
21
0.1636385433070866
0
LINE
8
BLACK
6
CONTINUOUS
10
1.0755293307086613
20
0.1636385433070866
11
1.0866673228346457
21
0.161423031496063
0
LINE
8
BLACK
6
CONTINUOUS
10
1.0866673228346457
20
0.161423031496063
11
1.0866679133858268
21
0.1614229527559055
0
LINE
8
BLACK
6
CONTINUOUS
10
1.0866679133858268
20
0.1614229527559055
11
1.0979998818897638
21
0.1606802362204724
0
LINE
8
BLACK
6
CONTINUOUS
10
1.0979998818897638
20
0.1606802362204724
11
1.0979999999999999
21
0.1606802362204724
0
LINE
8
BLACK
6
CONTINUOUS
10
1.0979999999999999
20
0.1606802362204724
11
1.0980001181102361
21
0.1606802362204724
0
LINE
8
BLACK
6
CONTINUOUS
10
1.0980001181102361
20
0.1606802362204724
11
1.1093320472440944
21
0.1614229527559055
0
LINE
8
BLACK
6
CONTINUOUS
10
1.1093320472440944
20
0.1614229527559055
11
1.1093326377952755
21
0.161423031496063
0
LINE
8
BLACK
6
CONTINUOUS
10
1.1093326377952755
20
0.161423031496063
11
1.1204706299212599
21
0.1636385433070866
0
LINE
8
BLACK
6
CONTINUOUS
10
1.1204706299212599
20
0.1636385433070866
11
1.1204707874015747
21
0.1636385826771654
0
LINE
8
BLACK
6
CONTINUOUS
10
1.1204707874015747
20
0.1636385826771654
11
1.127577401574803
21
0.1660509842519685
0
LINE
8
BLACK
6
CONTINUOUS
10
1.127577401574803
20
0.1660509842519685
11
1.1312244881889764
21
0.1672890157480315
0
LINE
8
BLACK
6
CONTINUOUS
10
1.1312244881889764
20
0.1672890157480315
11
1.1319705118110237
21
0.1676568897637795
0
LINE
8
BLACK
6
CONTINUOUS
10
1.1319705118110237
20
0.1676568897637795
11
1.1414097637795275
21
0.172311811023622
0
LINE
8
BLACK
6
CONTINUOUS
10
1.1414097637795275
20
0.172311811023622
11
1.1508521653543307
21
0.1786209842519685
0
LINE
8
BLACK
6
CONTINUOUS
10
1.1508521653543307
20
0.1786209842519685
11
1.1508523228346457
21
0.1786211023622047
0
LINE
8
BLACK
6
CONTINUOUS
10
1.1508523228346457
20
0.1786211023622047
11
1.1593908267716535
21
0.1861091338582677
0
LINE
8
BLACK
6
CONTINUOUS
10
1.1593908267716535
20
0.1861091338582677
11
1.1641325590551181
21
0.1915161023622047
0
LINE
8
BLACK
6
CONTINUOUS
10
1.1641325590551181
20
0.1915161023622047
11
1.1668787401574803
21
0.1946474803149606
0
LINE
8
BLACK
6
CONTINUOUS
10
1.1668787401574803
20
0.1946474803149606
11
1.1668788582677165
21
0.1946476377952756
0
LINE
8
BLACK
6
CONTINUOUS
10
1.1668788582677165
20
0.1946476377952756
11
1.1668789763779528
21
0.1946477952755905
0
LINE
8
BLACK
6
CONTINUOUS
10
1.1668789763779528
20
0.1946477952755905
11
1.1731881496062992
21
0.2040901968503937
0
LINE
8
BLACK
6
CONTINUOUS
10
1.1731881496062992
20
0.2040901968503937
11
1.1733107086614174
21
0.2043387795275591
0
LINE
8
BLACK
6
CONTINUOUS
10
1.1733107086614174
20
0.2043387795275591
11
1.1782109842519686
21
0.2142755118110236
0
LINE
8
BLACK
6
CONTINUOUS
10
1.1782109842519686
20
0.2142755118110236
11
1.1818614566929133
21
0.2250294094488189
0
LINE
8
BLACK
6
CONTINUOUS
10
1.1818614566929133
20
0.2250294094488189
11
1.1840770078740157
21
0.2361677559055118
0
LINE
8
BLACK
6
CONTINUOUS
10
1.1840770078740157
20
0.2361677559055118
11
1.1848197637795275
21
0.247499842519685
0
LINE
8
BLACK
6
CONTINUOUS
10
1.1848197637795275
20
0.247499842519685
11
1.1848197637795275
21
0.2475
0
LINE
8
BLACK
6
CONTINUOUS
10
1.1848197637795275
20
0.2475
11
1.1840770078740157
21
0.2588322440944882
0
LINE
8
BLACK
6
CONTINUOUS
10
1.1840770078740157
20
0.2588322440944882
11
1.1818614566929133
21
0.2699705905511811
0
LINE
8
BLACK
6
CONTINUOUS
10
1.1818614566929133
20
0.2699705905511811
11
1.1782109842519686
21
0.2807244881889764
0
LINE
8
BLACK
6
CONTINUOUS
10
1.1782109842519686
20
0.2807244881889764
11
1.1731881102362205
21
0.2909098818897638
0
LINE
8
BLACK
6
CONTINUOUS
10
1.1731881102362205
20
0.2909098818897638
11
1.1668787401574803
21
0.3003525196850393
0
LINE
8
BLACK
6
CONTINUOUS
10
1.1668787401574803
20
0.3003525196850393
11
1.1593908267716535
21
0.3088908267716535
0
LINE
8
BLACK
6
CONTINUOUS
10
1.1593908267716535
20
0.3088908267716535
11
1.1508525196850394
21
0.3163787401574803
0
LINE
8
BLACK
6
CONTINUOUS
10
1.1508525196850394
20
0.3163787401574803
11
1.1414098818897638
21
0.3226881102362205
0
LINE
8
BLACK
6
CONTINUOUS
10
1.1414098818897638
20
0.3226881102362205
11
1.1312244881889764
21
0.3277109842519685
0
LINE
8
BLACK
6
CONTINUOUS
10
1.1312244881889764
20
0.3277109842519685
11
1.1204705905511811
21
0.3313614566929134
0
LINE
8
BLACK
6
CONTINUOUS
10
1.1204705905511811
20
0.3313614566929134
11
1.1093322440944882
21
0.3335770078740157
0
LINE
8
BLACK
6
CONTINUOUS
10
1.1093322440944882
20
0.3335770078740157
11
1.1022495669291339
21
0.3340412204724409
0
LINE
8
BLACK
6
CONTINUOUS
10
1.1022495669291339
20
0.3340412204724409
11
1.0980001181102361
21
0.3343197637795275
0
LINE
8
BLACK
6
CONTINUOUS
10
1.0980001181102361
20
0.3343197637795275
11
1.0979998818897638
21
0.3343197637795275
0
LINE
8
BLACK
6
CONTINUOUS
10
1.0979998818897638
20
0.3343197637795275
11
1.0931433070866141
21
0.3340014173228346
0
LINE
8
BLACK
6
CONTINUOUS
10
1.0931433070866141
20
0.3340014173228346
11
1.0866677559055118
21
0.3335770078740157
0
LINE
8
BLACK
6
CONTINUOUS
10
1.0866677559055118
20
0.3335770078740157
11
1.086667401574803
21
0.3335769291338583
0
LINE
8
BLACK
6
CONTINUOUS
10
1.086667401574803
20
0.3335769291338583
11
1.0866673228346457
21
0.3335769291338583
0
LINE
8
BLACK
6
CONTINUOUS
10
1.0866673228346457
20
0.3335769291338583
11
1.0840169685039369
21
0.3330497244094488
0
LINE
8
BLACK
6
CONTINUOUS
10
1.0840169685039369
20
0.3330497244094488
11
1.0755294094488188
21
0.3313614566929134
0
LINE
8
BLACK
6
CONTINUOUS
10
1.0755294094488188
20
0.3313614566929134
11
1.0647755118110236
21
0.3277109842519685
0
LINE
8
BLACK
6
CONTINUOUS
10
1.0647755118110236
20
0.3277109842519685
11
1.0545901181102362
21
0.3226881102362205
0
LINE
8
BLACK
6
CONTINUOUS
10
1.0545901181102362
20
0.3226881102362205
11
1.0513850787401575
21
0.3205465748031496
0
LINE
8
BLACK
6
CONTINUOUS
10
1.0513850787401575
20
0.3205465748031496
11
1.0451477952755905
21
0.3163789763779528
0
LINE
8
BLACK
6
CONTINUOUS
10
1.0451477952755905
20
0.3163789763779528
11
1.0451476377952755
21
0.3163788582677165
0
LINE
8
BLACK
6
CONTINUOUS
10
1.0451476377952755
20
0.3163788582677165
11
1.0451474803149605
21
0.3163787401574803
0
LINE
8
BLACK
6
CONTINUOUS
10
1.0451474803149605
20
0.3163787401574803
11
1.0420161023622048
21
0.3136325590551181
0
LINE
8
BLACK
6
CONTINUOUS
10
1.0420161023622048
20
0.3136325590551181
11
1.0366091338582677
21
0.3088908267716535
0
LINE
8
BLACK
6
CONTINUOUS
10
1.0366091338582677
20
0.3088908267716535
11
1.0291211023622047
21
0.3003523228346456
0
LINE
8
BLACK
6
CONTINUOUS
10
1.0291211023622047
20
0.3003523228346456
11
1.0291209842519684
21
0.3003521653543307
0
LINE
8
BLACK
6
CONTINUOUS
10
1.0291209842519684
20
0.3003521653543307
11
1.022811811023622
21
0.2909097637795275
0
LINE
8
BLACK
6
CONTINUOUS
10
1.022811811023622
20
0.2909097637795275
11
1.0181568897637796
21
0.2814705118110236
0
LINE
8
BLACK
6
CONTINUOUS
10
1.0181568897637796
20
0.2814705118110236
11
1.0177890157480314
21
0.2807244881889764
0
LINE
8
BLACK
6
CONTINUOUS
10
1.0177890157480314
20
0.2807244881889764
11
1.0177889763779526
21
0.2807243307086614
0
LINE
8
BLACK
6
CONTINUOUS
10
1.0177889763779526
20
0.2807243307086614
11
1.0141385826771654
21
0.2699707874015748
0
LINE
8
BLACK
6
CONTINUOUS
10
1.0141385826771654
20
0.2699707874015748
11
1.0141385433070866
21
0.2699706299212599
0
LINE
8
BLACK
6
CONTINUOUS
10
1.0141385433070866
20
0.2699706299212599
11
1.011923031496063
21
0.2588326377952756
0
LINE
8
BLACK
6
CONTINUOUS
10
1.011923031496063
20
0.2588326377952756
11
1.0119229527559055
21
0.2588320472440945
0
LINE
8
BLACK
6
CONTINUOUS
10
1.0119229527559055
20
0.2588320472440945
11
1.0111802362204725
21
0.2475001181102362
0
LINE
8
BLACK
6
CONTINUOUS
10
1.0111802362204725
20
0.2475001181102362
11
1.0111802362204725
21
0.247499842519685
0
LINE
8
BLACK
6
CONTINUOUS
10
1.0111802362204725
20
0.247499842519685
11
1.0119229527559055
21
0.2361679133858268
0
LINE
8
BLACK
6
CONTINUOUS
10
1.4119229527559054
20
0.2361679133858268
11
1.4119230314960629
21
0.2361673228346457
0
LINE
8
BLACK
6
CONTINUOUS
10
1.4119230314960629
20
0.2361673228346457
11
1.4141385433070865
21
0.2250293307086614
0
LINE
8
BLACK
6
CONTINUOUS
10
1.4141385433070865
20
0.2250293307086614
11
1.4141385826771653
21
0.2250291732283465
0
LINE
8
BLACK
6
CONTINUOUS
10
1.4141385826771653
20
0.2250291732283465
11
1.4177889763779528
21
0.2142756299212598
0
LINE
8
BLACK
6
CONTINUOUS
10
1.4177889763779528
20
0.2142756299212598
11
1.4177891338582678
21
0.2142752362204724
0
LINE
8
BLACK
6
CONTINUOUS
10
1.4177891338582678
20
0.2142752362204724
11
1.4228118110236221
21
0.2040901968503937
0
LINE
8
BLACK
6
CONTINUOUS
10
1.4228118110236221
20
0.2040901968503937
11
1.4291209842519685
21
0.1946477952755905
0
LINE
8
BLACK
6
CONTINUOUS
10
1.4291209842519685
20
0.1946477952755905
11
1.4291211023622048
21
0.1946476377952756
0
LINE
8
BLACK
6
CONTINUOUS
10
1.4291211023622048
20
0.1946476377952756
11
1.4366091338582676
21
0.1861091338582677
0
LINE
8
BLACK
6
CONTINUOUS
10
1.4366091338582676
20
0.1861091338582677
11
1.4451476377952757
21
0.1786211023622047
0
LINE
8
BLACK
6
CONTINUOUS
10
1.4451476377952757
20
0.1786211023622047
11
1.4451477952755905
21
0.1786209842519685
0
LINE
8
BLACK
6
CONTINUOUS
10
1.4451477952755905
20
0.1786209842519685
11
1.4545901968503936
21
0.172311811023622
0
LINE
8
BLACK
6
CONTINUOUS
10
1.4545901968503936
20
0.172311811023622
11
1.4647752362204725
21
0.1672891338582677
0
LINE
8
BLACK
6
CONTINUOUS
10
1.4647752362204725
20
0.1672891338582677
11
1.4647753937007875
21
0.1672890551181102
0
LINE
8
BLACK
6
CONTINUOUS
10
1.4647753937007875
20
0.1672890551181102
11
1.4647755118110235
21
0.1672890157480315
0
LINE
8
BLACK
6
CONTINUOUS
10
1.4647755118110235
20
0.1672890157480315
11
1.4647756299212598
21
0.1672889763779528
0
LINE
8
BLACK
6
CONTINUOUS
10
1.4647756299212598
20
0.1672889763779528
11
1.4755291732283464
21
0.1636385826771654
0
LINE
8
BLACK
6
CONTINUOUS
10
1.4755291732283464
20
0.1636385826771654
11
1.4755293307086614
21
0.1636385433070866
0
LINE
8
BLACK
6
CONTINUOUS
10
1.4755293307086614
20
0.1636385433070866
11
1.4866673228346456
21
0.161423031496063
0
LINE
8
BLACK
6
CONTINUOUS
10
1.4866673228346456
20
0.161423031496063
11
1.4866679133858267
21
0.1614229527559055
0
LINE
8
BLACK
6
CONTINUOUS
10
1.4866679133858267
20
0.1614229527559055
11
1.4979998818897637
21
0.1606802362204724
0
LINE
8
BLACK
6
CONTINUOUS
10
1.4979998818897637
20
0.1606802362204724
11
1.498
21
0.1606802362204724
0
LINE
8
BLACK
6
CONTINUOUS
10
1.498
20
0.1606802362204724
11
1.4980001181102363
21
0.1606802362204724
0
LINE
8
BLACK
6
CONTINUOUS
10
1.4980001181102363
20
0.1606802362204724
11
1.5093320472440945
21
0.1614229527559055
0
LINE
8
BLACK
6
CONTINUOUS
10
1.5093320472440945
20
0.1614229527559055
11
1.5093326377952756
21
0.161423031496063
0
LINE
8
BLACK
6
CONTINUOUS
10
1.5093326377952756
20
0.161423031496063
11
1.5204706299212598
21
0.1636385433070866
0
LINE
8
BLACK
6
CONTINUOUS
10
1.5204706299212598
20
0.1636385433070866
11
1.5204707874015748
21
0.1636385826771654
0
LINE
8
BLACK
6
CONTINUOUS
10
1.5204707874015748
20
0.1636385826771654
11
1.5275774015748032
21
0.1660509842519685
0
LINE
8
BLACK
6
CONTINUOUS
10
1.5275774015748032
20
0.1660509842519685
11
1.5312244881889763
21
0.1672890157480315
0
LINE
8
BLACK
6
CONTINUOUS
10
1.5312244881889763
20
0.1672890157480315
11
1.5319705118110236
21
0.1676568897637795
0
LINE
8
BLACK
6
CONTINUOUS
10
1.5319705118110236
20
0.1676568897637795
11
1.5414097637795274
21
0.172311811023622
0
LINE
8
BLACK
6
CONTINUOUS
10
1.5414097637795274
20
0.172311811023622
11
1.5508521653543306
21
0.1786209842519685
0
LINE
8
BLACK
6
CONTINUOUS
10
1.5508521653543306
20
0.1786209842519685
11
1.5508523228346456
21
0.1786211023622047
0
LINE
8
BLACK
6
CONTINUOUS
10
1.5508523228346456
20
0.1786211023622047
11
1.5593908267716534
21
0.1861091338582677
0
LINE
8
BLACK
6
CONTINUOUS
10
1.5593908267716534
20
0.1861091338582677
11
1.5641325590551181
21
0.1915161023622047
0
LINE
8
BLACK
6
CONTINUOUS
10
1.5641325590551181
20
0.1915161023622047
11
1.5668787401574802
21
0.1946474803149606
0
LINE
8
BLACK
6
CONTINUOUS
10
1.5668787401574802
20
0.1946474803149606
11
1.5668788582677164
21
0.1946476377952756
0
LINE
8
BLACK
6
CONTINUOUS
10
1.5668788582677164
20
0.1946476377952756
11
1.5668789763779527
21
0.1946477952755905
0
LINE
8
BLACK
6
CONTINUOUS
10
1.5668789763779527
20
0.1946477952755905
11
1.5731881496062992
21
0.2040901968503937
0
LINE
8
BLACK
6
CONTINUOUS
10
1.5731881496062992
20
0.2040901968503937
11
1.5733107086614173
21
0.2043387795275591
0
LINE
8
BLACK
6
CONTINUOUS
10
1.5733107086614173
20
0.2043387795275591
11
1.5782109842519685
21
0.2142755118110236
0
LINE
8
BLACK
6
CONTINUOUS
10
1.5782109842519685
20
0.2142755118110236
11
1.5818614566929134
21
0.2250294094488189
0
LINE
8
BLACK
6
CONTINUOUS
10
1.5818614566929134
20
0.2250294094488189
11
1.5840770078740156
21
0.2361677559055118
0
LINE
8
BLACK
6
CONTINUOUS
10
1.5840770078740156
20
0.2361677559055118
11
1.5848197637795276
21
0.2475
0
LINE
8
BLACK
6
CONTINUOUS
10
1.5848197637795276
20
0.2475
11
1.5840770078740156
21
0.2588322440944882
0
LINE
8
BLACK
6
CONTINUOUS
10
1.5840770078740156
20
0.2588322440944882
11
1.5818614566929134
21
0.2699705905511811
0
LINE
8
BLACK
6
CONTINUOUS
10
1.5818614566929134
20
0.2699705905511811
11
1.5782109842519685
21
0.2807244881889764
0
LINE
8
BLACK
6
CONTINUOUS
10
1.5782109842519685
20
0.2807244881889764
11
1.5731881102362204
21
0.2909098818897638
0
LINE
8
BLACK
6
CONTINUOUS
10
1.5731881102362204
20
0.2909098818897638
11
1.5668787401574802
21
0.3003525196850393
0
LINE
8
BLACK
6
CONTINUOUS
10
1.5668787401574802
20
0.3003525196850393
11
1.5593908267716534
21
0.3088908267716535
0
LINE
8
BLACK
6
CONTINUOUS
10
1.5593908267716534
20
0.3088908267716535
11
1.5508525196850393
21
0.3163787401574803
0
LINE
8
BLACK
6
CONTINUOUS
10
1.5508525196850393
20
0.3163787401574803
11
1.5414098818897637
21
0.3226881102362205
0
LINE
8
BLACK
6
CONTINUOUS
10
1.5414098818897637
20
0.3226881102362205
11
1.5312244881889763
21
0.3277109842519685
0
LINE
8
BLACK
6
CONTINUOUS
10
1.5312244881889763
20
0.3277109842519685
11
1.5204705905511811
21
0.3313614566929134
0
LINE
8
BLACK
6
CONTINUOUS
10
1.5204705905511811
20
0.3313614566929134
11
1.5093322440944881
21
0.3335770078740157
0
LINE
8
BLACK
6
CONTINUOUS
10
1.5093322440944881
20
0.3335770078740157
11
1.5022495669291338
21
0.3340412204724409
0
LINE
8
BLACK
6
CONTINUOUS
10
1.5022495669291338
20
0.3340412204724409
11
1.4980001181102363
21
0.3343197637795275
0
LINE
8
BLACK
6
CONTINUOUS
10
1.4980001181102363
20
0.3343197637795275
11
1.4979998818897637
21
0.3343197637795275
0
LINE
8
BLACK
6
CONTINUOUS
10
1.4979998818897637
20
0.3343197637795275
11
1.4931433070866142
21
0.3340014173228346
0
LINE
8
BLACK
6
CONTINUOUS
10
1.4931433070866142
20
0.3340014173228346
11
1.4866677559055117
21
0.3335770078740157
0
LINE
8
BLACK
6
CONTINUOUS
10
1.4866677559055117
20
0.3335770078740157
11
1.4866674015748031
21
0.3335769291338583
0
LINE
8
BLACK
6
CONTINUOUS
10
1.4866674015748031
20
0.3335769291338583
11
1.4866673228346456
21
0.3335769291338583
0
LINE
8
BLACK
6
CONTINUOUS
10
1.4866673228346456
20
0.3335769291338583
11
1.4840169685039371
21
0.3330497244094488
0
LINE
8
BLACK
6
CONTINUOUS
10
1.4840169685039371
20
0.3330497244094488
11
1.4755294094488189
21
0.3313614566929134
0
LINE
8
BLACK
6
CONTINUOUS
10
1.4755294094488189
20
0.3313614566929134
11
1.4647755118110235
21
0.3277109842519685
0
LINE
8
BLACK
6
CONTINUOUS
10
1.4647755118110235
20
0.3277109842519685
11
1.4545901181102361
21
0.3226881102362205
0
LINE
8
BLACK
6
CONTINUOUS
10
1.4545901181102361
20
0.3226881102362205
11
1.4513850787401574
21
0.3205465748031496
0
LINE
8
BLACK
6
CONTINUOUS
10
1.4513850787401574
20
0.3205465748031496
11
1.4451477952755905
21
0.3163789763779528
0
LINE
8
BLACK
6
CONTINUOUS
10
1.4451477952755905
20
0.3163789763779528
11
1.4451476377952757
21
0.3163788582677165
0
LINE
8
BLACK
6
CONTINUOUS
10
1.4451476377952757
20
0.3163788582677165
11
1.4451474803149607
21
0.3163787401574803
0
LINE
8
BLACK
6
CONTINUOUS
10
1.4451474803149607
20
0.3163787401574803
11
1.4420161023622047
21
0.3136325590551181
0
LINE
8
BLACK
6
CONTINUOUS
10
1.4420161023622047
20
0.3136325590551181
11
1.4366091338582676
21
0.3088908267716535
0
LINE
8
BLACK
6
CONTINUOUS
10
1.4366091338582676
20
0.3088908267716535
11
1.4291211023622048
21
0.3003523228346456
0
LINE
8
BLACK
6
CONTINUOUS
10
1.4291211023622048
20
0.3003523228346456
11
1.4291209842519685
21
0.3003521653543307
0
LINE
8
BLACK
6
CONTINUOUS
10
1.4291209842519685
20
0.3003521653543307
11
1.4228118110236221
21
0.2909097637795275
0
LINE
8
BLACK
6
CONTINUOUS
10
1.4228118110236221
20
0.2909097637795275
11
1.4181568897637795
21
0.2814705118110236
0
LINE
8
BLACK
6
CONTINUOUS
10
1.4181568897637795
20
0.2814705118110236
11
1.4177890157480315
21
0.2807244881889764
0
LINE
8
BLACK
6
CONTINUOUS
10
1.4177890157480315
20
0.2807244881889764
11
1.4177889763779528
21
0.2807243307086614
0
LINE
8
BLACK
6
CONTINUOUS
10
1.4177889763779528
20
0.2807243307086614
11
1.4141385826771653
21
0.2699707874015748
0
LINE
8
BLACK
6
CONTINUOUS
10
1.4141385826771653
20
0.2699707874015748
11
1.4141385433070865
21
0.2699706299212599
0
LINE
8
BLACK
6
CONTINUOUS
10
1.4141385433070865
20
0.2699706299212599
11
1.4119230314960629
21
0.2588326377952756
0
LINE
8
BLACK
6
CONTINUOUS
10
1.4119230314960629
20
0.2588326377952756
11
1.4119229527559054
21
0.2588320472440945
0
LINE
8
BLACK
6
CONTINUOUS
10
1.4119229527559054
20
0.2588320472440945
11
1.4111802362204724
21
0.2475001181102362
0
LINE
8
BLACK
6
CONTINUOUS
10
1.4111802362204724
20
0.2475001181102362
11
1.4111802362204724
21
0.247499842519685
0
LINE
8
BLACK
6
CONTINUOUS
10
1.4111802362204724
20
0.247499842519685
11
1.4119229527559054
21
0.2361679133858268
0
LINE
8
BLACK
6
CONTINUOUS
10
0.6169200393700788
20
1.0874357086614173
11
0.6143089763779528
21
1.0856910236220472
0
LINE
8
BLACK
6
CONTINUOUS
10
0.6143089763779528
20
1.0856910236220472
11
0.6125642913385827
21
1.0830799606299213
0
LINE
8
BLACK
6
CONTINUOUS
10
0.6125642913385827
20
1.0830799606299213
11
0.6125642519685039
21
1.083079842519685
0
LINE
8
BLACK
6
CONTINUOUS
10
0.6125642519685039
20
1.083079842519685
11
0.6121062992125984
21
1.0807775590551181
0
LINE
8
BLACK
6
CONTINUOUS
10
0.6121062992125984
20
1.0807775590551181
11
0.6121062992125984
21
1.019222401574803
0
LINE
8
BLACK
6
CONTINUOUS
10
0.6121062992125984
20
1.019222401574803
11
0.6125642519685039
21
1.0169201181102363
0
LINE
8
BLACK
6
CONTINUOUS
10
0.6125642519685039
20
1.0169201181102363
11
0.6125642913385827
21
1.01692
0
LINE
8
BLACK
6
CONTINUOUS
10
0.6125642913385827
20
1.01692
11
0.6143089763779528
21
1.0143089763779527
0
LINE
8
BLACK
6
CONTINUOUS
10
0.6143089763779528
20
1.0143089763779527
11
0.61692
21
1.0125642913385826
0
LINE
8
BLACK
6
CONTINUOUS
10
0.61692
20
1.0125642913385826
11
0.6169201181102362
21
1.0125642519685039
0
LINE
8
BLACK
6
CONTINUOUS
10
0.6169201181102362
20
1.0125642519685039
11
0.6192224015748031
21
1.0121062992125984
0
LINE
8
BLACK
6
CONTINUOUS
10
0.6192224015748031
20
1.0121062992125984
11
0.6192225196850394
21
1.0121062992125984
0
LINE
8
BLACK
6
CONTINUOUS
10
0.6192225196850394
20
1.0121062992125984
11
0.6253346456692913
21
1.0121062992125984
0
LINE
8
BLACK
6
CONTINUOUS
10
0.6253346456692913
20
1.0121062992125984
11
0.6280165748031495
21
1.0113188188976379
0
LINE
8
BLACK
6
CONTINUOUS
10
0.6280165748031495
20
1.0113188188976379
11
0.6298470078740157
21
1.0092063779527558
0
LINE
8
BLACK
6
CONTINUOUS
10
0.6298470078740157
20
1.0092063779527558
11
0.6302952755905512
21
1.0071456692913385
0
LINE
8
BLACK
6
CONTINUOUS
10
0.6302952755905512
20
1.0071456692913385
11
0.6302952755905512
21
0.9928543307086614
0
LINE
8
BLACK
6
CONTINUOUS
10
0.6302952755905512
20
0.9928543307086614
11
0.6295077952755905
21
0.9901724015748031
0
LINE
8
BLACK
6
CONTINUOUS
10
0.6295077952755905
20
0.9901724015748031
11
0.6273953543307087
21
0.988341968503937
0
LINE
8
BLACK
6
CONTINUOUS
10
0.6273953543307087
20
0.988341968503937
11
0.6253346456692913
21
0.9878937007874016
0
LINE
8
BLACK
6
CONTINUOUS
10
0.6253346456692913
20
0.9878937007874016
11
0.6192225196850394
21
0.9878937007874016
0
LINE
8
BLACK
6
CONTINUOUS
10
0.6192225196850394
20
0.9878937007874016
11
0.6169200393700788
21
0.9874357086614173
0
LINE
8
BLACK
6
CONTINUOUS
10
0.6169200393700788
20
0.9874357086614173
11
0.6143089763779528
21
0.9856910236220472
0
LINE
8
BLACK
6
CONTINUOUS
10
0.6143089763779528
20
0.9856910236220472
11
0.6125642913385827
21
0.9830799606299212
0
LINE
8
BLACK
6
CONTINUOUS
10
0.6125642913385827
20
0.9830799606299212
11
0.6125642519685039
21
0.9830798425196851
0
LINE
8
BLACK
6
CONTINUOUS
10
0.6125642519685039
20
0.9830798425196851
11
0.6121062992125984
21
0.9807775590551181
0
LINE
8
BLACK
6
CONTINUOUS
10
0.6121062992125984
20
0.9807775590551181
11
0.6121062992125984
21
0.9192224015748032
0
LINE
8
BLACK
6
CONTINUOUS
10
0.6121062992125984
20
0.9192224015748032
11
0.6125642519685039
21
0.9169201181102362
0
LINE
8
BLACK
6
CONTINUOUS
10
0.6125642519685039
20
0.9169201181102362
11
0.6125642913385827
21
0.91692
0
LINE
8
BLACK
6
CONTINUOUS
10
0.6125642913385827
20
0.91692
11
0.6143089763779528
21
0.9143089763779527
0
LINE
8
BLACK
6
CONTINUOUS
10
0.6143089763779528
20
0.9143089763779527
11
0.61692
21
0.9125642913385826
0
LINE
8
BLACK
6
CONTINUOUS
10
0.61692
20
0.9125642913385826
11
0.6169201181102362
21
0.9125642519685039
0
LINE
8
BLACK
6
CONTINUOUS
10
0.6169201181102362
20
0.9125642519685039
11
0.6192224015748031
21
0.9121062992125984
0
LINE
8
BLACK
6
CONTINUOUS
10
0.6192224015748031
20
0.9121062992125984
11
0.6192225196850394
21
0.9121062992125984
0
LINE
8
BLACK
6
CONTINUOUS
10
0.6192225196850394
20
0.9121062992125984
11
0.6278346456692914
21
0.9121062992125984
0
LINE
8
BLACK
6
CONTINUOUS
10
0.6278346456692914
20
0.9121062992125984
11
0.6305165748031496
21
0.9113188188976378
0
LINE
8
BLACK
6
CONTINUOUS
10
0.6305165748031496
20
0.9113188188976378
11
0.6323470078740158
21
0.9092063779527559
0
LINE
8
BLACK
6
CONTINUOUS
10
0.6323470078740158
20
0.9092063779527559
11
0.6327952755905512
21
0.9071456692913386
0
LINE
8
BLACK
6
CONTINUOUS
10
0.6327952755905512
20
0.9071456692913386
11
0.6327952755905512
21
0.7981720078740158
0
LINE
8
BLACK
6
CONTINUOUS
10
0.6327952755905512
20
0.7981720078740158
11
0.6320077952755906
21
0.7954900787401574
0
LINE
8
BLACK
6
CONTINUOUS
10
0.6320077952755906
20
0.7954900787401574
11
0.6305906299212598
21
0.7940474015748031
0
LINE
8
BLACK
6
CONTINUOUS
10
0.6305906299212598
20
0.7940474015748031
11
0.629308937007874
21
0.7931909842519684
0
LINE
8
BLACK
6
CONTINUOUS
10
0.629308937007874
20
0.7931909842519684
11
0.6275642913385827
21
0.7905799606299212
0
LINE
8
BLACK
6
CONTINUOUS
10
0.6275642913385827
20
0.7905799606299212
11
0.627564251968504
21
0.790579842519685
0
LINE
8
BLACK
6
CONTINUOUS
10
0.627564251968504
20
0.790579842519685
11
0.6271062992125984
21
0.7882775590551181
0
LINE
8
BLACK
6
CONTINUOUS
10
0.6271062992125984
20
0.7882775590551181
11
0.6271062992125984
21
0.7846653543307086
0
LINE
8
BLACK
6
CONTINUOUS
10
0.6271062992125984
20
0.7846653543307086
11
0.6263188188976377
21
0.7819834251968504
0
LINE
8
BLACK
6
CONTINUOUS
10
0.6263188188976377
20
0.7819834251968504
11
0.6242063779527559
21
0.7801529921259842
0
LINE
8
BLACK
6
CONTINUOUS
10
0.6242063779527559
20
0.7801529921259842
11
0.6221456692913385
21
0.7797047244094488
0
LINE
8
BLACK
6
CONTINUOUS
10
0.6221456692913385
20
0.7797047244094488
11
0.5066518897637795
21
0.7797047244094488
0
LINE
8
BLACK
6
CONTINUOUS
10
0.5066518897637795
20
0.7797047244094488
11
0.5055973622047244
21
0.7798181102362205
0
LINE
8
BLACK
6
CONTINUOUS
10
0.5055973622047244
20
0.7798181102362205
11
0.5054201968503937
21
0.779856653543307
0
LINE
8
BLACK
6
CONTINUOUS
10
0.5054201968503937
20
0.779856653543307
11
0.503472716535433
21
0.7797173228346457
0
LINE
8
BLACK
6
CONTINUOUS
10
0.503472716535433
20
0.7797173228346457
11
0.5031188976377953
21
0.7797047244094488
0
LINE
8
BLACK
6
CONTINUOUS
10
0.5031188976377953
20
0.7797047244094488
11
0.502590590551181
21
0.7797047244094488
0
LINE
8
BLACK
6
CONTINUOUS
10
0.502590590551181
20
0.7797047244094488
11
0.5020668897637796
21
0.7796294094488189
0
LINE
8
BLACK
6
CONTINUOUS
10
0.5020668897637796
20
0.7796294094488189
11
0.5017162204724409
21
0.7795916929133858
0
LINE
8
BLACK
6
CONTINUOUS
10
0.5017162204724409
20
0.7795916929133858
11
0.4997683858267716
21
0.7794524015748031
0
LINE
8
BLACK
6
CONTINUOUS
10
0.4997683858267716
20
0.7794524015748031
11
0.4995985039370079
21
0.7793890157480314
0
LINE
8
BLACK
6
CONTINUOUS
10
0.4995985039370079
20
0.7793890157480314
11
0.4985711417322835
21
0.779126811023622
0
LINE
8
BLACK
6
CONTINUOUS
10
0.4985711417322835
20
0.779126811023622
11
0.4983914566929133
21
0.7791009842519685
0
LINE
8
BLACK
6
CONTINUOUS
10
0.4983914566929133
20
0.7791009842519685
11
0.4966152362204724
21
0.7782897637795275
0
LINE
8
BLACK
6
CONTINUOUS
10
0.4966152362204724
20
0.7782897637795275
11
0.4962885039370079
21
0.7781544881889764
0
LINE
8
BLACK
6
CONTINUOUS
10
0.4962885039370079
20
0.7781544881889764
11
0.4944595669291338
21
0.7774723622047244
0
LINE
8
BLACK
6
CONTINUOUS
10
0.4944595669291338
20
0.7774723622047244
11
0.4944594881889764
21
0.7774722834645669
0
LINE
8
BLACK
6
CONTINUOUS
10
0.4944594881889764
20
0.7774722834645669
11
0.4944594094488189
21
0.7774722834645669
0
LINE
8
BLACK
6
CONTINUOUS
10
0.4944594094488189
20
0.7774722834645669
11
0.4943139763779528
21
0.7773634251968504
0
LINE
8
BLACK
6
CONTINUOUS
10
0.4943139763779528
20
0.7773634251968504
11
0.4934021653543307
21
0.7768224015748031
0
LINE
8
BLACK
6
CONTINUOUS
10
0.4934021653543307
20
0.7768224015748031
11
0.4932372834645669
21
0.776747125984252
0
LINE
8
BLACK
6
CONTINUOUS
10
0.4932372834645669
20
0.776747125984252
11
0.4932372440944882
21
0.7767470866141732
0
LINE
8
BLACK
6
CONTINUOUS
10
0.4932372440944882
20
0.7767470866141732
11
0.491762125984252
21
0.7754688976377953
0
LINE
8
BLACK
6
CONTINUOUS
10
0.491762125984252
20
0.7754688976377953
11
0.4914865354330709
21
0.775246811023622
0
LINE
8
BLACK
6
CONTINUOUS
10
0.4914865354330709
20
0.775246811023622
11
0.4910632677165354
21
0.7749299606299213
0
LINE
8
BLACK
6
CONTINUOUS
10
0.4910632677165354
20
0.7749299606299213
11
0.4906893307086614
21
0.7745560236220472
0
LINE
8
BLACK
6
CONTINUOUS
10
0.4906893307086614
20
0.7745560236220472
11
0.4904305905511811
21
0.7743151181102362
0
LINE
8
BLACK
6
CONTINUOUS
10
0.4904305905511811
20
0.7743151181102362
11
0.4889549606299213
21
0.7730364960629921
0
LINE
8
BLACK
6
CONTINUOUS
10
0.4889549606299213
20
0.7730364960629921
11
0.4888567716535433
21
0.7728837007874015
0
LINE
8
BLACK
6
CONTINUOUS
10
0.4888567716535433
20
0.7728837007874015
11
0.4881913779527559
21
0.7720580708661418
0
LINE
8
BLACK
6
CONTINUOUS
10
0.4881913779527559
20
0.7720580708661418
11
0.4459418503937008
21
0.7298085433070866
0
LINE
8
BLACK
6
CONTINUOUS
10
0.4459418503937008
20
0.7298085433070866
11
0.4451161811023622
21
0.7291431102362205
0
LINE
8
BLACK
6
CONTINUOUS
10
0.4451161811023622
20
0.7291431102362205
11
0.4449634645669291
21
0.7290449999999999
0
LINE
8
BLACK
6
CONTINUOUS
10
0.4449634645669291
20
0.7290449999999999
11
0.4449633858267716
21
0.7290449212598425
0
LINE
8
BLACK
6
CONTINUOUS
10
0.4449633858267716
20
0.7290449212598425
11
0.4436848031496063
21
0.7275693307086614
0
LINE
8
BLACK
6
CONTINUOUS
10
0.4436848031496063
20
0.7275693307086614
11
0.4434438582677165
21
0.7273105511811023
0
LINE
8
BLACK
6
CONTINUOUS
10
0.4434438582677165
20
0.7273105511811023
11
0.4430700393700787
21
0.7269367322834646
0
LINE
8
BLACK
6
CONTINUOUS
10
0.4430700393700787
20
0.7269367322834646
11
0.4429745275590551
21
0.7268091338582677
0
LINE
8
BLACK
6
CONTINUOUS
10
0.4429745275590551
20
0.7268091338582677
11
0.4427533070866141
21
0.7265136220472441
0
LINE
8
BLACK
6
CONTINUOUS
10
0.4427533070866141
20
0.7265136220472441
11
0.4425313385826772
21
0.7262381889763779
0
LINE
8
BLACK
6
CONTINUOUS
10
0.4425313385826772
20
0.7262381889763779
11
0.441252874015748
21
0.724762716535433
0
LINE
8
BLACK
6
CONTINUOUS
10
0.441252874015748
20
0.724762716535433
11
0.4412528346456693
21
0.7247626377952756
0
LINE
8
BLACK
6
CONTINUOUS
10
0.4412528346456693
20
0.7247626377952756
11
0.4412527952755905
21
0.7247625984251969
0
LINE
8
BLACK
6
CONTINUOUS
10
0.4412527952755905
20
0.7247625984251969
11
0.4412527165354331
21
0.7247624803149606
0
LINE
8
BLACK
6
CONTINUOUS
10
0.4412527165354331
20
0.7247624803149606
11
0.4411774015748031
21
0.7245975590551181
0
LINE
8
BLACK
6
CONTINUOUS
10
0.4411774015748031
20
0.7245975590551181
11
0.4406365354330709
21
0.7236859842519685
0
LINE
8
BLACK
6
CONTINUOUS
10
0.4406365354330709
20
0.7236859842519685
11
0.440527716535433
21
0.7235405905511811
0
LINE
8
BLACK
6
CONTINUOUS
10
0.440527716535433
20
0.7235405905511811
11
0.4401870078740157
21
0.7226271259842519
0
LINE
8
BLACK
6
CONTINUOUS
10
0.4401870078740157
20
0.7226271259842519
11
0.4398453543307086
21
0.7217111811023622
0
LINE
8
BLACK
6
CONTINUOUS
10
0.4398453543307086
20
0.7217111811023622
11
0.4397098818897638
21
0.7213841732283465
0
LINE
8
BLACK
6
CONTINUOUS
10
0.4397098818897638
20
0.7213841732283465
11
0.4388990551181102
21
0.7196087401574803
0
LINE
8
BLACK
6
CONTINUOUS
10
0.4388990551181102
20
0.7196087401574803
11
0.4388989763779527
21
0.7196084645669291
0
LINE
8
BLACK
6
CONTINUOUS
10
0.4388989763779527
20
0.7196084645669291
11
0.4388731102362204
21
0.7194284645669291
0
LINE
8
BLACK
6
CONTINUOUS
10
0.4388731102362204
20
0.7194284645669291
11
0.438611062992126
21
0.7184018897637795
0
LINE
8
BLACK
6
CONTINUOUS
10
0.438611062992126
20
0.7184018897637795
11
0.4385476377952756
21
0.718231811023622
0
LINE
8
BLACK
6
CONTINUOUS
10
0.4385476377952756
20
0.718231811023622
11
0.4385475590551181
21
0.7182315354330708
0
LINE
8
BLACK
6
CONTINUOUS
10
0.4385475590551181
20
0.7182315354330708
11
0.4384082677165354
21
0.7162842125984252
0
LINE
8
BLACK
6
CONTINUOUS
10
0.4384082677165354
20
0.7162842125984252
11
0.4383704724409448
21
0.7159325984251969
0
LINE
8
BLACK
6
CONTINUOUS
10
0.4383704724409448
20
0.7159325984251969
11
0.4382952755905511
21
0.7154093307086614
0
LINE
8
BLACK
6
CONTINUOUS
10
0.4382952755905511
20
0.7154093307086614
11
0.4382952755905511
21
0.7148811023622047
0
LINE
8
BLACK
6
CONTINUOUS
10
0.4382952755905511
20
0.7148811023622047
11
0.4382826377952756
21
0.7145271653543307
0
LINE
8
BLACK
6
CONTINUOUS
10
0.4382826377952756
20
0.7145271653543307
11
0.4381433464566929
21
0.712579842519685
0
LINE
8
BLACK
6
CONTINUOUS
10
0.4381433464566929
20
0.712579842519685
11
0.4381433464566929
21
0.7125796456692913
0
LINE
8
BLACK
6
CONTINUOUS
10
0.4381433464566929
20
0.7125796456692913
11
0.4381819291338583
21
0.7124023622047244
0
LINE
8
BLACK
6
CONTINUOUS
10
0.4381819291338583
20
0.7124023622047244
11
0.4382952755905511
21
0.711348031496063
0
LINE
8
BLACK
6
CONTINUOUS
10
0.4382952755905511
20
0.711348031496063
11
0.4382952755905511
21
0.5646518503937008
0
LINE
8
BLACK
6
CONTINUOUS
10
0.4382952755905511
20
0.5646518503937008
11
0.4381818897637795
21
0.5635974803149606
0
LINE
8
BLACK
6
CONTINUOUS
10
0.4381818897637795
20
0.5635974803149606
11
0.4381433464566929
21
0.5634201968503937
0
LINE
8
BLACK
6
CONTINUOUS
10
0.4381433464566929
20
0.5634201968503937
11
0.4381433464566929
21
0.5634200787401574
0
LINE
8
BLACK
6
CONTINUOUS
10
0.4381433464566929
20
0.5634200787401574
11
0.4382826377952756
21
0.5614727165354331
0
LINE
8
BLACK
6
CONTINUOUS
10
0.4382826377952756
20
0.5614727165354331
11
0.4382952755905511
21
0.5611188188976378
0
LINE
8
BLACK
6
CONTINUOUS
10
0.4382952755905511
20
0.5611188188976378
11
0.4382952755905511
21
0.5605906299212599
0
LINE
8
BLACK
6
CONTINUOUS
10
0.4382952755905511
20
0.5605906299212599
11
0.4383704724409448
21
0.5600674409448819
0
LINE
8
BLACK
6
CONTINUOUS
10
0.4383704724409448
20
0.5600674409448819
11
0.4384082677165354
21
0.5597158267716535
0
LINE
8
BLACK
6
CONTINUOUS
10
0.4384082677165354
20
0.5597158267716535
11
0.4385475984251969
21
0.5577683464566929
0
LINE
8
BLACK
6
CONTINUOUS
10
0.4385475984251969
20
0.5577683464566929
11
0.4385475984251969
21
0.5577681889763779
0
LINE
8
BLACK
6
CONTINUOUS
10
0.4385475984251969
20
0.5577681889763779
11
0.4386111417322834
21
0.557597874015748
0
LINE
8
BLACK
6
CONTINUOUS
10
0.4386111417322834
20
0.557597874015748
11
0.4388730708661417
21
0.5565715354330708
0
LINE
8
BLACK
6
CONTINUOUS
10
0.4388730708661417
20
0.5565715354330708
11
0.438898937007874
21
0.5563916535433071
0
LINE
8
BLACK
6
CONTINUOUS
10
0.438898937007874
20
0.5563916535433071
11
0.4388989763779527
21
0.5563914960629921
0
LINE
8
BLACK
6
CONTINUOUS
10
0.4388989763779527
20
0.5563914960629921
11
0.4397100393700787
21
0.5546155118110236
0
LINE
8
BLACK
6
CONTINUOUS
10
0.4397100393700787
20
0.5546155118110236
11
0.4398454724409449
21
0.5542884645669292
0
LINE
8
BLACK
6
CONTINUOUS
10
0.4398454724409449
20
0.5542884645669292
11
0.4405276377952756
21
0.5524594881889764
0
LINE
8
BLACK
6
CONTINUOUS
10
0.4405276377952756
20
0.5524594881889764
11
0.4406365748031496
21
0.5523139763779528
0
LINE
8
BLACK
6
CONTINUOUS
10
0.4406365748031496
20
0.5523139763779528
11
0.4411775196850394
21
0.5514022834645669
0
LINE
8
BLACK
6
CONTINUOUS
10
0.4411775196850394
20
0.5514022834645669
11
0.441252874015748
21
0.5512372440944882
0
LINE
8
BLACK
6
CONTINUOUS
10
0.441252874015748
20
0.5512372440944882
11
0.4425312204724409
21
0.5497619291338582
0
LINE
8
BLACK
6
CONTINUOUS
10
0.4425312204724409
20
0.5497619291338582
11
0.4427531889763779
21
0.5494864566929134
0
LINE
8
BLACK
6
CONTINUOUS
10
0.4427531889763779
20
0.5494864566929134
11
0.4430698818897638
21
0.5490633858267716
0
LINE
8
BLACK
6
CONTINUOUS
10
0.4430698818897638
20
0.5490633858267716
11
0.4430699606299213
21
0.5490633464566929
0
LINE
8
BLACK
6
CONTINUOUS
10
0.4430699606299213
20
0.5490633464566929
11
0.4434440551181102
21
0.5486891732283464
0
LINE
8
BLACK
6
CONTINUOUS
10
0.4434440551181102
20
0.5486891732283464
11
0.443684842519685
21
0.5484305118110236
0
LINE
8
BLACK
6
CONTINUOUS
10
0.443684842519685
20
0.5484305118110236
11
0.4449633464566929
21
0.5469550787401575
0
LINE
8
BLACK
6
CONTINUOUS
10
0.4449633464566929
20
0.5469550787401575
11
0.4449635039370078
21
0.5469549606299212
0
LINE
8
BLACK
6
CONTINUOUS
10
0.4449635039370078
20
0.5469549606299212
11
0.4451164566929134
21
0.546856653543307
0
LINE
8
BLACK
6
CONTINUOUS
10
0.4451164566929134
20
0.546856653543307
11
0.4459417716535433
21
0.5461914566929134
0
LINE
8
BLACK
6
CONTINUOUS
10
0.4459417716535433
20
0.5461914566929134
11
0.5062977559055118
21
0.4858354724409449
0
LINE
8
BLACK
6
CONTINUOUS
10
0.5062977559055118
20
0.4858354724409449
11
0.5069629527559055
21
0.485010157480315
0
LINE
8
BLACK
6
CONTINUOUS
10
0.5069629527559055
20
0.485010157480315
11
0.5070612598425197
21
0.4848572047244095
0
LINE
8
BLACK
6
CONTINUOUS
10
0.5070612598425197
20
0.4848572047244095
11
0.5070613779527559
21
0.4848570472440945
0
LINE
8
BLACK
6
CONTINUOUS
10
0.5070613779527559
20
0.4848570472440945
11
0.508536811023622
21
0.4835785433070866
0
LINE
8
BLACK
6
CONTINUOUS
10
0.508536811023622
20
0.4835785433070866
11
0.5087954724409449
21
0.4833377559055118
0
LINE
8
BLACK
6
CONTINUOUS
10
0.5087954724409449
20
0.4833377559055118
11
0.5091696456692913
21
0.4829636614173228
0
LINE
8
BLACK
6
CONTINUOUS
10
0.5091696456692913
20
0.4829636614173228
11
0.5091696850393701
21
0.4829635826771653
0
LINE
8
BLACK
6
CONTINUOUS
10
0.5091696850393701
20
0.4829635826771653
11
0.5095927559055118
21
0.4826468897637795
0
LINE
8
BLACK
6
CONTINUOUS
10
0.5095927559055118
20
0.4826468897637795
11
0.5098682283464567
21
0.4824249212598425
0
LINE
8
BLACK
6
CONTINUOUS
10
0.5098682283464567
20
0.4824249212598425
11
0.5113435433070866
21
0.4811465748031496
0
LINE
8
BLACK
6
CONTINUOUS
10
0.5113435433070866
20
0.4811465748031496
11
0.5114529921259843
21
0.4810965748031496
0
LINE
8
BLACK
6
CONTINUOUS
10
0.5114529921259843
20
0.4810965748031496
11
0.5115086220472441
21
0.4810711417322834
0
LINE
8
BLACK
6
CONTINUOUS
10
0.5115086220472441
20
0.4810711417322834
11
0.5124202755905511
21
0.4805302755905512
0
LINE
8
BLACK
6
CONTINUOUS
10
0.5124202755905511
20
0.4805302755905512
11
0.5125657874015748
21
0.4804213385826772
0
LINE
8
BLACK
6
CONTINUOUS
10
0.5125657874015748
20
0.4804213385826772
11
0.512565748031496
21
0.4804213385826772
0
LINE
8
BLACK
6
CONTINUOUS
10
0.512565748031496
20
0.4804213385826772
11
0.5143947637795275
21
0.4797391732283465
0
LINE
8
BLACK
6
CONTINUOUS
10
0.5143947637795275
20
0.4797391732283465
11
0.514721811023622
21
0.4796037401574803
0
LINE
8
BLACK
6
CONTINUOUS
10
0.514721811023622
20
0.4796037401574803
11
0.5164977952755906
21
0.4787926771653543
0
LINE
8
BLACK
6
CONTINUOUS
10
0.5164977952755906
20
0.4787926771653543
11
0.5164979527559055
21
0.4787926377952756
0
LINE
8
BLACK
6
CONTINUOUS
10
0.5164979527559055
20
0.4787926377952756
11
0.5166778346456693
21
0.4787667716535433
0
LINE
8
BLACK
6
CONTINUOUS
10
0.5166778346456693
20
0.4787667716535433
11
0.5177041732283465
21
0.478504842519685
0
LINE
8
BLACK
6
CONTINUOUS
10
0.5177041732283465
20
0.478504842519685
11
0.5178745669291338
21
0.4784412992125984
0
LINE
8
BLACK
6
CONTINUOUS
10
0.5178745669291338
20
0.4784412992125984
11
0.5198221259842519
21
0.478301968503937
0
LINE
8
BLACK
6
CONTINUOUS
10
0.5198221259842519
20
0.478301968503937
11
0.5201737401574803
21
0.4782641732283465
0
LINE
8
BLACK
6
CONTINUOUS
10
0.5201737401574803
20
0.4782641732283465
11
0.5206968897637795
21
0.4781889763779528
0
LINE
8
BLACK
6
CONTINUOUS
10
0.5206968897637795
20
0.4781889763779528
11
0.5212251968503937
21
0.4781889763779528
0
LINE
8
BLACK
6
CONTINUOUS
10
0.5212251968503937
20
0.4781889763779528
11
0.5215790157480314
21
0.4781763385826772
0
LINE
8
BLACK
6
CONTINUOUS
10
0.5215790157480314
20
0.4781763385826772
11
0.5226229921259843
21
0.4781016535433071
0
LINE
8
BLACK
6
CONTINUOUS
10
0.5226229921259843
20
0.4781016535433071
11
0.5235264566929134
21
0.4780370472440945
0
LINE
8
BLACK
6
CONTINUOUS
10
0.5235264566929134
20
0.4780370472440945
11
0.5235264960629921
21
0.4780370472440945
0
LINE
8
BLACK
6
CONTINUOUS
10
0.5235264960629921
20
0.4780370472440945
11
0.5237036614173228
21
0.4780755905511811
0
LINE
8
BLACK
6
CONTINUOUS
10
0.5237036614173228
20
0.4780755905511811
11
0.5247581889763779
21
0.4781889763779528
0
LINE
8
BLACK
6
CONTINUOUS
10
0.5247581889763779
20
0.4781889763779528
11
0.5767443700787401
21
0.4781889763779528
0
LINE
8
BLACK
6
CONTINUOUS
10
0.5767443700787401
20
0.4781889763779528
11
0.5794262992125984
21
0.4774014960629921
0
LINE
8
BLACK
6
CONTINUOUS
10
0.5794262992125984
20
0.4774014960629921
11
0.5811849212598426
21
0.4754395275590551
0
LINE
8
BLACK
6
CONTINUOUS
10
0.5811849212598426
20
0.4754395275590551
11
0.5824464960629921
21
0.4729059842519685
0
LINE
8
BLACK
6
CONTINUOUS
10
0.5824464960629921
20
0.4729059842519685
11
0.5824465354330709
21
0.472905905511811
0
LINE
8
BLACK
6
CONTINUOUS
10
0.5824465354330709
20
0.472905905511811
11
0.5877250787401574
21
0.465915905511811
0
LINE
8
BLACK
6
CONTINUOUS
10
0.5877250787401574
20
0.465915905511811
11
0.5941983464566929
21
0.4600147637795275
0
LINE
8
BLACK
6
CONTINUOUS
10
0.5941983464566929
20
0.4600147637795275
11
0.5941983858267716
21
0.4600147244094488
0
LINE
8
BLACK
6
CONTINUOUS
10
0.5941983858267716
20
0.4600147244094488
11
0.601645157480315
21
0.4554038976377953
0
LINE
8
BLACK
6
CONTINUOUS
10
0.601645157480315
20
0.4554038976377953
11
0.6016457874015748
21
0.4554035826771654
0
LINE
8
BLACK
6
CONTINUOUS
10
0.6016457874015748
20
0.4554035826771654
11
0.6098131102362204
21
0.4522394881889764
0
LINE
8
BLACK
6
CONTINUOUS
10
0.6098131102362204
20
0.4522394881889764
11
0.6124409448818897
21
0.4517482677165354
0
LINE
8
BLACK
6
CONTINUOUS
10
0.6124409448818897
20
0.4517482677165354
11
0.6184235039370078
21
0.4506299212598425
0
LINE
8
BLACK
6
CONTINUOUS
10
0.6184235039370078
20
0.4506299212598425
11
0.6184236220472441
21
0.4506299212598425
0
LINE
8
BLACK
6
CONTINUOUS
10
0.6184236220472441
20
0.4506299212598425
11
0.6271826771653544
21
0.4506299212598425
0
LINE
8
BLACK
6
CONTINUOUS
10
0.6271826771653544
20
0.4506299212598425
11
0.6271827952755905
21
0.4506299212598425
0
LINE
8
BLACK
6
CONTINUOUS
10
0.6271827952755905
20
0.4506299212598425
11
0.6357929133858268
21
0.4522394488188976
0
LINE
8
BLACK
6
CONTINUOUS
10
0.6357929133858268
20
0.4522394488188976
11
0.6359712204724409
21
0.4523085039370079
0
LINE
8
BLACK
6
CONTINUOUS
10
0.6359712204724409
20
0.4523085039370079
11
0.6362371653543307
21
0.4524115354330708
0
LINE
8
BLACK
6
CONTINUOUS
10
0.6362371653543307
20
0.4524115354330708
11
0.6390224409448819
21
0.452645905511811
0
LINE
8
BLACK
6
CONTINUOUS
10
0.6390224409448819
20
0.452645905511811
11
0.6414923228346456
21
0.4513372440944882
0
LINE
8
BLACK
6
CONTINUOUS
10
0.6414923228346456
20
0.4513372440944882
11
0.6415366141732284
21
0.4512934645669291
0
LINE
8
BLACK
6
CONTINUOUS
10
0.6415366141732284
20
0.4512934645669291
11
0.7226362992125984
21
0.3701937795275591
0
LINE
8
BLACK
6
CONTINUOUS
10
0.7226362992125984
20
0.3701937795275591
11
0.7233014960629921
21
0.3693684645669291
0
LINE
8
BLACK
6
CONTINUOUS
10
0.7233014960629921
20
0.3693684645669291
11
0.7233998031496063
21
0.3692155118110236
0
LINE
8
BLACK
6
CONTINUOUS
10
0.7233998031496063
20
0.3692155118110236
11
0.7233999212598425
21
0.3692153543307087
0
LINE
8
BLACK
6
CONTINUOUS
10
0.7233999212598425
20
0.3692153543307087
11
0.7248753543307086
21
0.3679368503937008
0
LINE
8
BLACK
6
CONTINUOUS
10
0.7248753543307086
20
0.3679368503937008
11
0.7251340157480315
21
0.367696062992126
0
LINE
8
BLACK
6
CONTINUOUS
10
0.7251340157480315
20
0.367696062992126
11
0.7255081889763779
21
0.367321968503937
0
LINE
8
BLACK
6
CONTINUOUS
10
0.7255081889763779
20
0.367321968503937
11
0.7255082283464567
21
0.3673218897637795
0
LINE
8
BLACK
6
CONTINUOUS
10
0.7255082283464567
20
0.3673218897637795
11
0.7259312992125984
21
0.3670051968503937
0
LINE
8
BLACK
6
CONTINUOUS
10
0.7259312992125984
20
0.3670051968503937
11
0.7262067716535433
21
0.3667832283464567
0
LINE
8
BLACK
6
CONTINUOUS
10
0.7262067716535433
20
0.3667832283464567
11
0.7276820866141732
21
0.3655048818897638
0
LINE
8
BLACK
6
CONTINUOUS
10
0.7276820866141732
20
0.3655048818897638
11
0.7277915354330708
21
0.3654548818897638
0
LINE
8
BLACK
6
CONTINUOUS
10
0.7277915354330708
20
0.3654548818897638
11
0.7278471653543307
21
0.3654294488188976
0
LINE
8
BLACK
6
CONTINUOUS
10
0.7278471653543307
20
0.3654294488188976
11
0.7287588188976378
21
0.3648885826771653
0
LINE
8
BLACK
6
CONTINUOUS
10
0.7287588188976378
20
0.3648885826771653
11
0.7289043307086615
21
0.3647796456692913
0
LINE
8
BLACK
6
CONTINUOUS
10
0.7289043307086615
20
0.3647796456692913
11
0.7289042913385827
21
0.3647796456692913
0
LINE
8
BLACK
6
CONTINUOUS
10
0.7289042913385827
20
0.3647796456692913
11
0.7307333070866141
21
0.3640974803149606
0
LINE
8
BLACK
6
CONTINUOUS
10
0.7307333070866141
20
0.3640974803149606
11
0.7310603543307086
21
0.3639620472440945
0
LINE
8
BLACK
6
CONTINUOUS
10
0.7310603543307086
20
0.3639620472440945
11
0.7328363385826772
21
0.3631509842519685
0
LINE
8
BLACK
6
CONTINUOUS
10
0.7328363385826772
20
0.3631509842519685
11
0.7328364960629921
21
0.3631509448818898
0
LINE
8
BLACK
6
CONTINUOUS
10
0.7328364960629921
20
0.3631509448818898
11
0.7330163779527559
21
0.3631250787401575
0
LINE
8
BLACK
6
CONTINUOUS
10
0.7330163779527559
20
0.3631250787401575
11
0.7340427165354331
21
0.3628631496062992
0
LINE
8
BLACK
6
CONTINUOUS
10
0.7340427165354331
20
0.3628631496062992
11
0.7342131102362205
21
0.3627996062992126
0
LINE
8
BLACK
6
CONTINUOUS
10
0.7342131102362205
20
0.3627996062992126
11
0.7361606692913386
21
0.3626602755905512
0
LINE
8
BLACK
6
CONTINUOUS
10
0.7361606692913386
20
0.3626602755905512
11
0.7365122834645669
21
0.3626224803149606
0
LINE
8
BLACK
6
CONTINUOUS
10
0.7365122834645669
20
0.3626224803149606
11
0.7370354330708662
21
0.3625472834645669
0
LINE
8
BLACK
6
CONTINUOUS
10
0.7370354330708662
20
0.3625472834645669
11
0.7375637401574803
21
0.3625472834645669
0
LINE
8
BLACK
6
CONTINUOUS
10
0.7375637401574803
20
0.3625472834645669
11
0.7379175590551181
21
0.3625346456692913
0
LINE
8
BLACK
6
CONTINUOUS
10
0.7379175590551181
20
0.3625346456692913
11
0.7389615354330709
21
0.3624599606299213
0
LINE
8
BLACK
6
CONTINUOUS
10
0.7389615354330709
20
0.3624599606299213
11
0.739865
21
0.3623953543307086
0
LINE
8
BLACK
6
CONTINUOUS
10
0.739865
20
0.3623953543307086
11
0.7398650393700787
21
0.3623953543307086
0
LINE
8
BLACK
6
CONTINUOUS
10
0.7398650393700787
20
0.3623953543307086
11
0.7400422047244094
21
0.3624338976377953
0
LINE
8
BLACK
6
CONTINUOUS
10
0.7400422047244094
20
0.3624338976377953
11
0.7410967322834645
21
0.3625472834645669
0
LINE
8
BLACK
6
CONTINUOUS
10
0.7410967322834645
20
0.3625472834645669
11
1.2056001968503938
21
0.3625472834645669
0
LINE
8
BLACK
6
CONTINUOUS
10
1.2056001968503938
20
0.3625472834645669
11
1.2066547244094488
21
0.3624338976377953
0
LINE
8
BLACK
6
CONTINUOUS
10
1.2066547244094488
20
0.3624338976377953
11
1.2068318503937008
21
0.3623953543307086
0
LINE
8
BLACK
6
CONTINUOUS
10
1.2068318503937008
20
0.3623953543307086
11
1.2068318897637795
21
0.3623953543307086
0
LINE
8
BLACK
6
CONTINUOUS
10
1.2068318897637795
20
0.3623953543307086
11
1.2087793307086614
21
0.3625346456692913
0
LINE
8
BLACK
6
CONTINUOUS
10
1.2087793307086614
20
0.3625346456692913
11
1.2091331889763779
21
0.3625472834645669
0
LINE
8
BLACK
6
CONTINUOUS
10
1.2091331889763779
20
0.3625472834645669
11
1.2096614173228346
21
0.3625472834645669
0
LINE
8
BLACK
6
CONTINUOUS
10
1.2096614173228346
20
0.3625472834645669
11
1.2096614960629921
21
0.3625472834645669
0
LINE
8
BLACK
6
CONTINUOUS
10
1.2096614960629921
20
0.3625472834645669
11
1.209914094488189
21
0.3625835826771653
0
LINE
8
BLACK
6
CONTINUOUS
10
1.209914094488189
20
0.3625835826771653
11
1.21018468503937
21
0.3626224803149606
0
LINE
8
BLACK
6
CONTINUOUS
10
1.21018468503937
20
0.3626224803149606
11
1.2105362992125983
21
0.3626602755905512
0
LINE
8
BLACK
6
CONTINUOUS
10
1.2105362992125983
20
0.3626602755905512
11
1.2124836220472441
21
0.3627995669291338
0
LINE
8
BLACK
6
CONTINUOUS
10
1.2124836220472441
20
0.3627995669291338
11
1.2124838976377952
21
0.3627996456692913
0
LINE
8
BLACK
6
CONTINUOUS
10
1.2124838976377952
20
0.3627996456692913
11
1.2126539763779527
21
0.3628630708661417
0
LINE
8
BLACK
6
CONTINUOUS
10
1.2126539763779527
20
0.3628630708661417
11
1.2136805511811024
21
0.3631251181102362
0
LINE
8
BLACK
6
CONTINUOUS
10
1.2136805511811024
20
0.3631251181102362
11
1.2138605511811023
21
0.3631509842519685
0
LINE
8
BLACK
6
CONTINUOUS
10
1.2138605511811023
20
0.3631509842519685
11
1.2138608267716535
21
0.363151062992126
0
LINE
8
BLACK
6
CONTINUOUS
10
1.2138608267716535
20
0.363151062992126
11
1.2156362598425197
21
0.3639618897637795
0
LINE
8
BLACK
6
CONTINUOUS
10
1.2156362598425197
20
0.3639618897637795
11
1.2159632677165355
21
0.3640973622047244
0
LINE
8
BLACK
6
CONTINUOUS
10
1.2159632677165355
20
0.3640973622047244
11
1.2168792125984251
21
0.3644390157480315
0
LINE
8
BLACK
6
CONTINUOUS
10
1.2168792125984251
20
0.3644390157480315
11
1.2177926771653542
21
0.3647797244094488
0
LINE
8
BLACK
6
CONTINUOUS
10
1.2177926771653542
20
0.3647797244094488
11
1.2178428740157481
21
0.3648172834645669
0
LINE
8
BLACK
6
CONTINUOUS
10
1.2178428740157481
20
0.3648172834645669
11
1.2179380708661418
21
0.3648885433070866
0
LINE
8
BLACK
6
CONTINUOUS
10
1.2179380708661418
20
0.3648885433070866
11
1.2188496456692912
21
0.3654294094488189
0
LINE
8
BLACK
6
CONTINUOUS
10
1.2188496456692912
20
0.3654294094488189
11
1.2190145669291339
21
0.3655047244094488
0
LINE
8
BLACK
6
CONTINUOUS
10
1.2190145669291339
20
0.3655047244094488
11
1.2190146850393702
21
0.3655048031496063
0
LINE
8
BLACK
6
CONTINUOUS
10
1.2190146850393702
20
0.3655048031496063
11
1.2190147244094487
21
0.365504842519685
0
LINE
8
BLACK
6
CONTINUOUS
10
1.2190147244094487
20
0.365504842519685
11
1.2190148031496062
21
0.3655048818897638
0
LINE
8
BLACK
6
CONTINUOUS
10
1.2190148031496062
20
0.3655048818897638
11
1.2204902755905511
21
0.3667833464566929
0
LINE
8
BLACK
6
CONTINUOUS
10
1.2204902755905511
20
0.3667833464566929
11
1.2207657086614172
21
0.3670053149606299
0
LINE
8
BLACK
6
CONTINUOUS
10
1.2207657086614172
20
0.3670053149606299
11
1.2211888188976379
21
0.3673220472440945
0
LINE
8
BLACK
6
CONTINUOUS
10
1.2211888188976379
20
0.3673220472440945
11
1.2215628346456693
21
0.367696062992126
0
LINE
8
BLACK
6
CONTINUOUS
10
1.2215628346456693
20
0.367696062992126
11
1.2218214173228346
21
0.367936811023622
0
LINE
8
BLACK
6
CONTINUOUS
10
1.2218214173228346
20
0.367936811023622
11
1.2232970078740157
21
0.3692153937007874
0
LINE
8
BLACK
6
CONTINUOUS
10
1.2232970078740157
20
0.3692153937007874
11
1.2232970866141732
21
0.3692154724409449
0
LINE
8
BLACK
6
CONTINUOUS
10
1.2232970866141732
20
0.3692154724409449
11
1.2233951968503938
21
0.369368188976378
0
LINE
8
BLACK
6
CONTINUOUS
10
1.2233951968503938
20
0.369368188976378
11
1.2240606299212597
21
0.3701938582677165
0
LINE
8
BLACK
6
CONTINUOUS
10
1.2240606299212597
20
0.3701938582677165
11
1.2274398818897638
21
0.3735731102362205
0
LINE
8
BLACK
6
CONTINUOUS
10
1.2274398818897638
20
0.3735731102362205
11
1.2298931102362205
21
0.3749127165354331
0
LINE
8
BLACK
6
CONTINUOUS
10
1.2298931102362205
20
0.3749127165354331
11
1.2301135039370079
21
0.3749511023622047
0
LINE
8
BLACK
6
CONTINUOUS
10
1.2301135039370079
20
0.3749511023622047
11
1.2301716535433072
21
0.3749666929133858
0
LINE
8
BLACK
6
CONTINUOUS
10
1.2301716535433072
20
0.3749666929133858
11
1.235922874015748
21
0.377348937007874
0
LINE
8
BLACK
6
CONTINUOUS
10
1.235922874015748
20
0.377348937007874
11
1.2362046062992125
21
0.3775116141732283
0
LINE
8
BLACK
6
CONTINUOUS
10
1.2362046062992125
20
0.3775116141732283
11
1.2362484251968504
21
0.3774356299212598
0
LINE
8
BLACK
6
CONTINUOUS
10
1.2362484251968504
20
0.3774356299212598
11
1.2384270078740158
21
0.378278031496063
0
LINE
8
BLACK
6
CONTINUOUS
10
1.2384270078740158
20
0.378278031496063
11
1.2388400787401574
21
0.3782952755905511
0
LINE
8
BLACK
6
CONTINUOUS
10
1.2388400787401574
20
0.3782952755905511
11
1.2448617322834645
21
0.3782952755905511
0
LINE
8
BLACK
6
CONTINUOUS
10
1.2448617322834645
20
0.3782952755905511
11
1.4953481102362205
21
0.3782952755905511
0
LINE
8
BLACK
6
CONTINUOUS
10
1.4953481102362205
20
0.3782952755905511
11
1.4964026377952755
21
0.3781818897637795
0
LINE
8
BLACK
6
CONTINUOUS
10
1.4964026377952755
20
0.3781818897637795
11
1.4965797637795275
21
0.3781433464566929
0
LINE
8
BLACK
6
CONTINUOUS
10
1.4965797637795275
20
0.3781433464566929
11
1.4965798031496063
21
0.3781433464566929
0
LINE
8
BLACK
6
CONTINUOUS
10
1.4965798031496063
20
0.3781433464566929
11
1.4985272440944881
21
0.3782826377952756
0
LINE
8
BLACK
6
CONTINUOUS
10
1.4985272440944881
20
0.3782826377952756
11
1.4988811023622046
21
0.3782952755905511
0
LINE
8
BLACK
6
CONTINUOUS
10
1.4988811023622046
20
0.3782952755905511
11
1.4994093307086613
21
0.3782952755905511
0
LINE
8
BLACK
6
CONTINUOUS
10
1.4994093307086613
20
0.3782952755905511
11
1.4994094094488188
21
0.3782952755905511
0
LINE
8
BLACK
6
CONTINUOUS
10
1.4994094094488188
20
0.3782952755905511
11
1.4996620078740157
21
0.3783315748031496
0
LINE
8
BLACK
6
CONTINUOUS
10
1.4996620078740157
20
0.3783315748031496
11
1.4999325984251968
21
0.3783704724409448
0
LINE
8
BLACK
6
CONTINUOUS
10
1.4999325984251968
20
0.3783704724409448
11
1.5002842125984253
21
0.3784082677165354
0
LINE
8
BLACK
6
CONTINUOUS
10
1.5002842125984253
20
0.3784082677165354
11
1.5022315354330709
21
0.3785475590551181
0
LINE
8
BLACK
6
CONTINUOUS
10
1.5022315354330709
20
0.3785475590551181
11
1.5022318110236219
21
0.3785476377952756
0
LINE
8
BLACK
6
CONTINUOUS
10
1.5022318110236219
20
0.3785476377952756
11
1.5024018897637794
21
0.378611062992126
0
LINE
8
BLACK
6
CONTINUOUS
10
1.5024018897637794
20
0.378611062992126
11
1.5034284645669291
21
0.3788731102362204
0
LINE
8
BLACK
6
CONTINUOUS
10
1.5034284645669291
20
0.3788731102362204
11
1.5036084645669292
21
0.3788989763779527
0
LINE
8
BLACK
6
CONTINUOUS
10
1.5036084645669292
20
0.3788989763779527
11
1.5036087401574803
21
0.3788990551181102
0
LINE
8
BLACK
6
CONTINUOUS
10
1.5036087401574803
20
0.3788990551181102
11
1.5053841732283464
21
0.3797098818897638
0
LINE
8
BLACK
6
CONTINUOUS
10
1.5053841732283464
20
0.3797098818897638
11
1.5057111811023622
21
0.3798453543307087
0
LINE
8
BLACK
6
CONTINUOUS
10
1.5057111811023622
20
0.3798453543307087
11
1.5066271259842519
21
0.3801870078740157
0
LINE
8
BLACK
6
CONTINUOUS
10
1.5066271259842519
20
0.3801870078740157
11
1.5075405905511812
21
0.380527716535433
0
LINE
8
BLACK
6
CONTINUOUS
10
1.5075405905511812
20
0.380527716535433
11
1.5075907874015748
21
0.3805652755905512
0
LINE
8
BLACK
6
CONTINUOUS
10
1.5075907874015748
20
0.3805652755905512
11
1.5076859842519685
21
0.3806365354330709
0
LINE
8
BLACK
6
CONTINUOUS
10
1.5076859842519685
20
0.3806365354330709
11
1.5085975590551182
21
0.3811774015748031
0
LINE
8
BLACK
6
CONTINUOUS
10
1.5085975590551182
20
0.3811774015748031
11
1.5087624803149606
21
0.3812527165354331
0
LINE
8
BLACK
6
CONTINUOUS
10
1.5087624803149606
20
0.3812527165354331
11
1.5087625984251969
21
0.3812527952755905
0
LINE
8
BLACK
6
CONTINUOUS
10
1.5087625984251969
20
0.3812527952755905
11
1.5087626377952756
21
0.3812528346456693
0
LINE
8
BLACK
6
CONTINUOUS
10
1.5087626377952756
20
0.3812528346456693
11
1.5087627165354331
21
0.381252874015748
0
LINE
8
BLACK
6
CONTINUOUS
10
1.5087627165354331
20
0.381252874015748
11
1.5102381889763778
21
0.3825313385826772
0
LINE
8
BLACK
6
CONTINUOUS
10
1.5102381889763778
20
0.3825313385826772
11
1.5105136220472442
21
0.3827533070866141
0
LINE
8
BLACK
6
CONTINUOUS
10
1.5105136220472442
20
0.3827533070866141
11
1.5109367322834646
21
0.3830700393700787
0
LINE
8
BLACK
6
CONTINUOUS
10
1.5109367322834646
20
0.3830700393700787
11
1.5113105511811022
21
0.3834438582677165
0
LINE
8
BLACK
6
CONTINUOUS
10
1.5113105511811022
20
0.3834438582677165
11
1.5115693307086613
21
0.3836848031496063
0
LINE
8
BLACK
6
CONTINUOUS
10
1.5115693307086613
20
0.3836848031496063
11
1.5130449212598425
21
0.3849633858267716
0
LINE
8
BLACK
6
CONTINUOUS
10
1.5130449212598425
20
0.3849633858267716
11
1.513045
21
0.3849634645669291
0
LINE
8
BLACK
6
CONTINUOUS
10
1.513045
20
0.3849634645669291
11
1.5131431102362205
21
0.3851161811023622
0
LINE
8
BLACK
6
CONTINUOUS
10
1.5131431102362205
20
0.3851161811023622
11
1.5138085433070865
21
0.3859418503937008
0
LINE
8
BLACK
6
CONTINUOUS
10
1.5138085433070865
20
0.3859418503937008
11
1.547089094488189
21
0.4192224015748031
0
LINE
8
BLACK
6
CONTINUOUS
10
1.547089094488189
20
0.4192224015748031
11
1.7036379921259843
21
0.5757712992125984
0
LINE
8
BLACK
6
CONTINUOUS
10
1.7036379921259843
20
0.5757712992125984
11
1.706091220472441
21
0.577110905511811
0
LINE
8
BLACK
6
CONTINUOUS
10
1.706091220472441
20
0.577110905511811
11
1.7088792125984251
21
0.5769114960629921
0
LINE
8
BLACK
6
CONTINUOUS
10
1.7088792125984251
20
0.5769114960629921
11
1.7111168503937007
21
0.5752364173228346
0
LINE
8
BLACK
6
CONTINUOUS
10
1.7111168503937007
20
0.5752364173228346
11
1.7120936614173228
21
0.5726175196850394
0
LINE
8
BLACK
6
CONTINUOUS
10
1.7120936614173228
20
0.5726175196850394
11
1.7121062992125984
21
0.5722636220472441
0
LINE
8
BLACK
6
CONTINUOUS
10
1.7121062992125984
20
0.5722636220472441
11
1.7121062992125984
21
0.5192224015748031
0
LINE
8
BLACK
6
CONTINUOUS
10
1.7121062992125984
20
0.5192224015748031
11
1.7125642519685038
21
0.5169201181102362
0
LINE
8
BLACK
6
CONTINUOUS
10
1.7125642519685038
20
0.5169201181102362
11
1.7125642913385826
21
0.5169199999999999
0
LINE
8
BLACK
6
CONTINUOUS
10
1.7125642913385826
20
0.5169199999999999
11
1.7143089763779527
21
0.5143089763779527
0
LINE
8
BLACK
6
CONTINUOUS
10
1.7143089763779527
20
0.5143089763779527
11
1.71692
21
0.5125642913385826
0
LINE
8
BLACK
6
CONTINUOUS
10
1.71692
20
0.5125642913385826
11
1.7169201181102363
21
0.512564251968504
0
LINE
8
BLACK
6
CONTINUOUS
10
1.7169201181102363
20
0.512564251968504
11
1.7192224015748032
21
0.5121062992125984
0
LINE
8
BLACK
6
CONTINUOUS
10
1.7192224015748032
20
0.5121062992125984
11
1.7192225196850393
21
0.5121062992125984
0
LINE
8
BLACK
6
CONTINUOUS
10
1.7192225196850393
20
0.5121062992125984
11
1.780777559055118
21
0.5121062992125984
0
LINE
8
BLACK
6
CONTINUOUS
10
1.780777559055118
20
0.5121062992125984
11
1.783079842519685
21
0.512564251968504
0
LINE
8
BLACK
6
CONTINUOUS
10
1.783079842519685
20
0.512564251968504
11
1.7830799606299212
21
0.5125642913385826
0
LINE
8
BLACK
6
CONTINUOUS
10
1.7830799606299212
20
0.5125642913385826
11
1.7847218897637795
21
0.5136614173228347
0
LINE
8
BLACK
6
CONTINUOUS
10
1.7847218897637795
20
0.5136614173228347
11
1.7856910236220471
21
0.5143089763779527
0
LINE
8
BLACK
6
CONTINUOUS
10
1.7856910236220471
20
0.5143089763779527
11
1.7874357086614172
21
0.5169200393700787
0
LINE
8
BLACK
6
CONTINUOUS
10
1.7874357086614172
20
0.5169200393700787
11
1.7878936614173229
21
0.5192224015748031
0
LINE
8
BLACK
6
CONTINUOUS
10
1.7878936614173229
20
0.5192224015748031
11
1.7878937007874016
21
0.5192225196850394
0
LINE
8
BLACK
6
CONTINUOUS
10
1.7878937007874016
20
0.5192225196850394
11
1.7878937007874016
21
0.5807774803149606
0
LINE
8
BLACK
6
CONTINUOUS
10
1.7878937007874016
20
0.5807774803149606
11
1.7874357086614172
21
0.5830799606299213
0
LINE
8
BLACK
6
CONTINUOUS
10
1.7874357086614172
20
0.5830799606299213
11
1.7856910236220471
21
0.5856910236220473
0
LINE
8
BLACK
6
CONTINUOUS
10
1.7856910236220471
20
0.5856910236220473
11
1.7830799606299212
21
0.5874357086614173
0
LINE
8
BLACK
6
CONTINUOUS
10
1.7830799606299212
20
0.5874357086614173
11
1.7807774803149605
21
0.5878937007874016
0
LINE
8
BLACK
6
CONTINUOUS
10
1.7807774803149605
20
0.5878937007874016
11
1.7277363779527559
21
0.5878937007874016
0
LINE
8
BLACK
6
CONTINUOUS
10
1.7277363779527559
20
0.5878937007874016
11
1.7250544488188977
21
0.5886811811023622
0
LINE
8
BLACK
6
CONTINUOUS
10
1.7250544488188977
20
0.5886811811023622
11
1.7232240157480314
21
0.5907936220472441
0
LINE
8
BLACK
6
CONTINUOUS
10
1.7232240157480314
20
0.5907936220472441
11
1.7228262204724409
21
0.5935603149606299
0
LINE
8
BLACK
6
CONTINUOUS
10
1.7228262204724409
20
0.5935603149606299
11
1.7239874015748031
21
0.5961028346456693
0
LINE
8
BLACK
6
CONTINUOUS
10
1.7239874015748031
20
0.5961028346456693
11
1.7242287007874015
21
0.5963620078740157
0
LINE
8
BLACK
6
CONTINUOUS
10
1.7242287007874015
20
0.5963620078740157
11
1.7385200393700786
21
0.6106533464566929
0
LINE
8
BLACK
6
CONTINUOUS
10
1.7385200393700786
20
0.6106533464566929
11
1.7409732677165355
21
0.6119929527559055
0
LINE
8
BLACK
6
CONTINUOUS
10
1.7409732677165355
20
0.6119929527559055
11
1.742027716535433
21
0.6121062992125984
0
LINE
8
BLACK
6
CONTINUOUS
10
1.742027716535433
20
0.6121062992125984
11
1.780777559055118
21
0.6121062992125984
0
LINE
8
BLACK
6
CONTINUOUS
10
1.780777559055118
20
0.6121062992125984
11
1.783079842519685
21
0.6125642519685039
0
LINE
8
BLACK
6
CONTINUOUS
10
1.783079842519685
20
0.6125642519685039
11
1.7830799606299212
21
0.6125642913385827
0
LINE
8
BLACK
6
CONTINUOUS
10
1.7830799606299212
20
0.6125642913385827
11
1.7834832677165353
21
0.612833779527559
0
LINE
8
BLACK
6
CONTINUOUS
10
1.7834832677165353
20
0.612833779527559
11
1.7856910236220471
21
0.6143089763779528
0
LINE
8
BLACK
6
CONTINUOUS
10
1.7856910236220471
20
0.6143089763779528
11
1.7874357086614172
21
0.6169200393700788
0
LINE
8
BLACK
6
CONTINUOUS
10
1.7874357086614172
20
0.6169200393700788
11
1.7878936614173229
21
0.6192224015748031
0
LINE
8
BLACK
6
CONTINUOUS
10
1.7878936614173229
20
0.6192224015748031
11
1.7878937007874016
21
0.6192225196850394
0
LINE
8
BLACK
6
CONTINUOUS
10
1.7878937007874016
20
0.6192225196850394
11
1.7878937007874016
21
0.6807774803149607
0
LINE
8
BLACK
6
CONTINUOUS
10
1.7878937007874016
20
0.6807774803149607
11
1.7874357086614172
21
0.6830799606299213
0
LINE
8
BLACK
6
CONTINUOUS
10
1.7874357086614172
20
0.6830799606299213
11
1.7856910236220471
21
0.6856910236220473
0
LINE
8
BLACK
6
CONTINUOUS
10
1.7856910236220471
20
0.6856910236220473
11
1.7830799606299212
21
0.6874357086614173
0
LINE
8
BLACK
6
CONTINUOUS
10
1.7830799606299212
20
0.6874357086614173
11
1.7807774803149605
21
0.6878937007874015
0
LINE
8
BLACK
6
CONTINUOUS
10
1.7807774803149605
20
0.6878937007874015
11
1.7192225196850393
21
0.6878937007874015
0
LINE
8
BLACK
6
CONTINUOUS
10
1.7192225196850393
20
0.6878937007874015
11
1.7169200393700788
21
0.6874357086614173
0
LINE
8
BLACK
6
CONTINUOUS
10
1.7169200393700788
20
0.6874357086614173
11
1.7143089763779527
21
0.6856910236220473
0
LINE
8
BLACK
6
CONTINUOUS
10
1.7143089763779527
20
0.6856910236220473
11
1.7125642913385826
21
0.6830799606299213
0
LINE
8
BLACK
6
CONTINUOUS
10
1.7125642913385826
20
0.6830799606299213
11
1.7125642519685038
21
0.683079842519685
0
LINE
8
BLACK
6
CONTINUOUS
10
1.7125642519685038
20
0.683079842519685
11
1.7121062992125984
21
0.6807775590551181
0
LINE
8
BLACK
6
CONTINUOUS
10
1.7121062992125984
20
0.6807775590551181
11
1.7121062992125984
21
0.642027716535433
0
LINE
8
BLACK
6
CONTINUOUS
10
1.7121062992125984
20
0.642027716535433
11
1.7113188188976378
21
0.6393457874015748
0
LINE
8
BLACK
6
CONTINUOUS
10
1.7113188188976378
20
0.6393457874015748
11
1.7106533464566929
21
0.6385200393700787
0
LINE
8
BLACK
6
CONTINUOUS
10
1.7106533464566929
20
0.6385200393700787
11
1.4912909842519684
21
0.4191576771653543
0
LINE
8
BLACK
6
CONTINUOUS
10
1.4912909842519684
20
0.4191576771653543
11
1.4888377559055117
21
0.4178180708661417
0
LINE
8
BLACK
6
CONTINUOUS
10
1.4888377559055117
20
0.4178180708661417
11
1.4877833070866142
21
0.4177047244094488
0
LINE
8
BLACK
6
CONTINUOUS
10
1.4877833070866142
20
0.4177047244094488
11
1.3824568503937007
21
0.4177047244094488
0
LINE
8
BLACK
6
CONTINUOUS
10
1.3824568503937007
20
0.4177047244094488
11
1.3797749212598425
21
0.4184922047244095
0
LINE
8
BLACK
6
CONTINUOUS
10
1.3797749212598425
20
0.4184922047244095
11
1.3779444881889764
21
0.4206046456692913
0
LINE
8
BLACK
6
CONTINUOUS
10
1.3779444881889764
20
0.4206046456692913
11
1.3775466929133857
21
0.4233713385826772
0
LINE
8
BLACK
6
CONTINUOUS
10
1.3775466929133857
20
0.4233713385826772
11
1.3787078740157479
21
0.4259138582677165
0
LINE
8
BLACK
6
CONTINUOUS
10
1.3787078740157479
20
0.4259138582677165
11
1.3789491732283463
21
0.426173031496063
0
LINE
8
BLACK
6
CONTINUOUS
10
1.3789491732283463
20
0.426173031496063
11
1.4040696456692914
21
0.4512935039370078
0
LINE
8
BLACK
6
CONTINUOUS
10
1.4040696456692914
20
0.4512935039370078
11
1.406522874015748
21
0.4526331102362204
0
LINE
8
BLACK
6
CONTINUOUS
10
1.406522874015748
20
0.4526331102362204
11
1.4093108661417322
21
0.4524337007874016
0
LINE
8
BLACK
6
CONTINUOUS
10
1.4093108661417322
20
0.4524337007874016
11
1.4093691338582677
21
0.4524115354330708
0
LINE
8
BLACK
6
CONTINUOUS
10
1.4093691338582677
20
0.4524115354330708
11
1.4098132283464566
21
0.4522394881889764
0
LINE
8
BLACK
6
CONTINUOUS
10
1.4098132283464566
20
0.4522394881889764
11
1.4098133070866141
21
0.4522394488188976
0
LINE
8
BLACK
6
CONTINUOUS
10
1.4098133070866141
20
0.4522394488188976
11
1.4098133858267716
21
0.4522394488188976
0
LINE
8
BLACK
6
CONTINUOUS
10
1.4098133858267716
20
0.4522394488188976
11
1.4184235039370079
21
0.4506299212598425
0
LINE
8
BLACK
6
CONTINUOUS
10
1.4184235039370079
20
0.4506299212598425
11
1.4184236220472441
21
0.4506299212598425
0
LINE
8
BLACK
6
CONTINUOUS
10
1.4184236220472441
20
0.4506299212598425
11
1.4271826771653544
21
0.4506299212598425
0
LINE
8
BLACK
6
CONTINUOUS
10
1.4271826771653544
20
0.4506299212598425
11
1.4271827952755904
21
0.4506299212598425
0
LINE
8
BLACK
6
CONTINUOUS
10
1.4271827952755904
20
0.4506299212598425
11
1.4344570078740158
21
0.4519897244094488
0
LINE
8
BLACK
6
CONTINUOUS
10
1.4344570078740158
20
0.4519897244094488
11
1.4357931496062992
21
0.4522394881889764
0
LINE
8
BLACK
6
CONTINUOUS
10
1.4357931496062992
20
0.4522394881889764
11
1.4439604724409449
21
0.4554035826771654
0
LINE
8
BLACK
6
CONTINUOUS
10
1.4439604724409449
20
0.4554035826771654
11
1.4439606692913385
21
0.4554036614173228
0
LINE
8
BLACK
6
CONTINUOUS
10
1.4439606692913385
20
0.4554036614173228
11
1.4439608267716535
21
0.4554037401574803
0
LINE
8
BLACK
6
CONTINUOUS
10
1.4439608267716535
20
0.4554037401574803
11
1.4439611023622048
21
0.4554038976377953
0
LINE
8
BLACK
6
CONTINUOUS
10
1.4439611023622048
20
0.4554038976377953
11
1.4514078740157479
21
0.4600147244094488
0
LINE
8
BLACK
6
CONTINUOUS
10
1.4514078740157479
20
0.4600147244094488
11
1.4514079133858266
21
0.4600147637795275
0
LINE
8
BLACK
6
CONTINUOUS
10
1.4514079133858266
20
0.4600147637795275
11
1.4578811811023622
21
0.465915905511811
0
LINE
8
BLACK
6
CONTINUOUS
10
1.4578811811023622
20
0.465915905511811
11
1.4631597244094487
21
0.472905905511811
0
LINE
8
BLACK
6
CONTINUOUS
10
1.4631597244094487
20
0.472905905511811
11
1.4631597637795275
21
0.4729059448818898
0
LINE
8
BLACK
6
CONTINUOUS
10
1.4631597637795275
20
0.4729059448818898
11
1.4637209448818898
21
0.4740329133858268
0
LINE
8
BLACK
6
CONTINUOUS
10
1.4637209448818898
20
0.4740329133858268
11
1.464421377952756
21
0.4754395275590551
0
LINE
8
BLACK
6
CONTINUOUS
10
1.464421377952756
20
0.4754395275590551
11
1.4663217322834645
21
0.4774892519685039
0
LINE
8
BLACK
6
CONTINUOUS
10
1.4663217322834645
20
0.4774892519685039
11
1.4688619291338583
21
0.4781889763779528
0
LINE
8
BLACK
6
CONTINUOUS
10
1.4688619291338583
20
0.4781889763779528
11
1.4872418110236221
21
0.4781889763779528
0
LINE
8
BLACK
6
CONTINUOUS
10
1.4872418110236221
20
0.4781889763779528
11
1.4882963385826771
21
0.4780755905511811
0
LINE
8
BLACK
6
CONTINUOUS
10
1.4882963385826771
20
0.4780755905511811
11
1.4884734645669291
21
0.4780370472440945
0
LINE
8
BLACK
6
CONTINUOUS
10
1.4884734645669291
20
0.4780370472440945
11
1.4884735039370078
21
0.4780370472440945
0
LINE
8
BLACK
6
CONTINUOUS
10
1.4884735039370078
20
0.4780370472440945
11
1.4904209448818897
21
0.4781763385826772
0
LINE
8
BLACK
6
CONTINUOUS
10
1.4904209448818897
20
0.4781763385826772
11
1.4907748031496062
21
0.4781889763779528
0
LINE
8
BLACK
6
CONTINUOUS
10
1.4907748031496062
20
0.4781889763779528
11
1.4913030314960629
21
0.4781889763779528
0
LINE
8
BLACK
6
CONTINUOUS
10
1.4913030314960629
20
0.4781889763779528
11
1.4913031102362204
21
0.4781889763779528
0
LINE
8
BLACK
6
CONTINUOUS
10
1.4913031102362204
20
0.4781889763779528
11
1.4915557086614173
21
0.4782252755905512
0
LINE
8
BLACK
6
CONTINUOUS
10
1.4915557086614173
20
0.4782252755905512
11
1.4918262992125984
21
0.4782641732283465
0
LINE
8
BLACK
6
CONTINUOUS
10
1.4918262992125984
20
0.4782641732283465
11
1.4921779133858268
21
0.478301968503937
0
LINE
8
BLACK
6
CONTINUOUS
10
1.4921779133858268
20
0.478301968503937
11
1.4941252362204724
21
0.4784412598425197
0
LINE
8
BLACK
6
CONTINUOUS
10
1.4941252362204724
20
0.4784412598425197
11
1.4941255118110235
21
0.4784413385826772
0
LINE
8
BLACK
6
CONTINUOUS
10
1.4941255118110235
20
0.4784413385826772
11
1.494295590551181
21
0.4785047637795276
0
LINE
8
BLACK
6
CONTINUOUS
10
1.494295590551181
20
0.4785047637795276
11
1.4953221653543307
21
0.4787668110236221
0
LINE
8
BLACK
6
CONTINUOUS
10
1.4953221653543307
20
0.4787668110236221
11
1.4955021653543308
21
0.4787926771653543
0
LINE
8
BLACK
6
CONTINUOUS
10
1.4955021653543308
20
0.4787926771653543
11
1.4955024409448818
21
0.4787927559055118
0
LINE
8
BLACK
6
CONTINUOUS
10
1.4955024409448818
20
0.4787927559055118
11
1.497277874015748
21
0.4796035826771654
0
LINE
8
BLACK
6
CONTINUOUS
10
1.497277874015748
20
0.4796035826771654
11
1.4976048818897638
21
0.4797390551181102
0
LINE
8
BLACK
6
CONTINUOUS
10
1.4976048818897638
20
0.4797390551181102
11
1.4985208267716534
21
0.4800807086614173
0
LINE
8
BLACK
6
CONTINUOUS
10
1.4985208267716534
20
0.4800807086614173
11
1.4994342913385827
21
0.4804214173228346
0
LINE
8
BLACK
6
CONTINUOUS
10
1.4994342913385827
20
0.4804214173228346
11
1.4994844881889764
21
0.4804589763779528
0
LINE
8
BLACK
6
CONTINUOUS
10
1.4994844881889764
20
0.4804589763779528
11
1.4995796850393701
21
0.4805302362204724
0
LINE
8
BLACK
6
CONTINUOUS
10
1.4995796850393701
20
0.4805302362204724
11
1.5004912598425197
21
0.4810711023622047
0
LINE
8
BLACK
6
CONTINUOUS
10
1.5004912598425197
20
0.4810711023622047
11
1.5006561811023622
21
0.4811464173228346
0
LINE
8
BLACK
6
CONTINUOUS
10
1.5006561811023622
20
0.4811464173228346
11
1.5006562992125985
21
0.4811464960629921
0
LINE
8
BLACK
6
CONTINUOUS
10
1.5006562992125985
20
0.4811464960629921
11
1.5006563385826772
21
0.4811465354330708
0
LINE
8
BLACK
6
CONTINUOUS
10
1.5006563385826772
20
0.4811465354330708
11
1.5006564173228345
21
0.4811465748031496
0
LINE
8
BLACK
6
CONTINUOUS
10
1.5006564173228345
20
0.4811465748031496
11
1.5021318897637794
21
0.4824250393700787
0
LINE
8
BLACK
6
CONTINUOUS
10
1.5021318897637794
20
0.4824250393700787
11
1.5024073228346457
21
0.4826470078740157
0
LINE
8
BLACK
6
CONTINUOUS
10
1.5024073228346457
20
0.4826470078740157
11
1.5024925196850394
21
0.4827107874015748
0
LINE
8
BLACK
6
CONTINUOUS
10
1.5024925196850394
20
0.4827107874015748
11
1.5028304330708662
21
0.4829637401574803
0
LINE
8
BLACK
6
CONTINUOUS
10
1.5028304330708662
20
0.4829637401574803
11
1.5032044488188976
21
0.4833377559055118
0
LINE
8
BLACK
6
CONTINUOUS
10
1.5032044488188976
20
0.4833377559055118
11
1.5034630314960629
21
0.4835785039370079
0
LINE
8
BLACK
6
CONTINUOUS
10
1.5034630314960629
20
0.4835785039370079
11
1.504938622047244
21
0.4848570866141732
0
LINE
8
BLACK
6
CONTINUOUS
10
1.504938622047244
20
0.4848570866141732
11
1.5049387007874016
21
0.4848571653543307
0
LINE
8
BLACK
6
CONTINUOUS
10
1.5049387007874016
20
0.4848571653543307
11
1.5050368110236221
21
0.4850098818897638
0
LINE
8
BLACK
6
CONTINUOUS
10
1.5050368110236221
20
0.4850098818897638
11
1.5057022440944881
21
0.4858355511811023
0
LINE
8
BLACK
6
CONTINUOUS
10
1.5057022440944881
20
0.4858355511811023
11
1.6434398031496062
21
0.6235731102362204
0
LINE
8
BLACK
6
CONTINUOUS
10
1.6434398031496062
20
0.6235731102362204
11
1.6458930314960629
21
0.624912716535433
0
LINE
8
BLACK
6
CONTINUOUS
10
1.6458930314960629
20
0.624912716535433
11
1.6461134251968503
21
0.6249511023622047
0
LINE
8
BLACK
6
CONTINUOUS
10
1.6461134251968503
20
0.6249511023622047
11
1.6461715748031496
21
0.6249666929133858
0
LINE
8
BLACK
6
CONTINUOUS
10
1.6461715748031496
20
0.6249666929133858
11
1.6519227952755906
21
0.627348937007874
0
LINE
8
BLACK
6
CONTINUOUS
10
1.6519227952755906
20
0.627348937007874
11
1.6519229133858266
21
0.6273490157480315
0
LINE
8
BLACK
6
CONTINUOUS
10
1.6519229133858266
20
0.6273490157480315
11
1.6568614960629922
21
0.6311385039370079
0
LINE
8
BLACK
6
CONTINUOUS
10
1.6568614960629922
20
0.6311385039370079
11
1.6606510236220473
21
0.6360771259842519
0
LINE
8
BLACK
6
CONTINUOUS
10
1.6606510236220473
20
0.6360771259842519
11
1.6630332283464566
21
0.6418282677165354
0
LINE
8
BLACK
6
CONTINUOUS
10
1.6630332283464566
20
0.6418282677165354
11
1.6638457480314961
21
0.648
0
LINE
8
BLACK
6
CONTINUOUS
10
1.6638457480314961
20
0.648
11
1.6630332283464566
21
0.6541717322834646
0
LINE
8
BLACK
6
CONTINUOUS
10
1.6630332283464566
20
0.6541717322834646
11
1.6606510236220473
21
0.659922874015748
0
LINE
8
BLACK
6
CONTINUOUS
10
1.6606510236220473
20
0.659922874015748
11
1.6568614960629922
21
0.6648614960629922
0
LINE
8
BLACK
6
CONTINUOUS
10
1.6568614960629922
20
0.6648614960629922
11
1.6519228740157479
21
0.6686510236220472
0
LINE
8
BLACK
6
CONTINUOUS
10
1.6519228740157479
20
0.6686510236220472
11
1.6461717322834646
21
0.6710332283464566
0
LINE
8
BLACK
6
CONTINUOUS
10
1.6461717322834646
20
0.6710332283464566
11
1.6399999999999999
21
0.671845748031496
0
LINE
8
BLACK
6
CONTINUOUS
10
1.6399999999999999
20
0.671845748031496
11
1.6338282677165354
21
0.6710332283464566
0
LINE
8
BLACK
6
CONTINUOUS
10
1.6338282677165354
20
0.6710332283464566
11
1.6280771259842519
21
0.6686510236220472
0
LINE
8
BLACK
6
CONTINUOUS
10
1.6280771259842519
20
0.6686510236220472
11
1.6231385039370079
21
0.6648614960629922
0
LINE
8
BLACK
6
CONTINUOUS
10
1.6231385039370079
20
0.6648614960629922
11
1.619907716535433
21
0.6606510236220472
0
LINE
8
BLACK
6
CONTINUOUS
10
1.619907716535433
20
0.6606510236220472
11
1.6193490157480315
21
0.6599229133858268
0
LINE
8
BLACK
6
CONTINUOUS
10
1.6193490157480315
20
0.6599229133858268
11
1.619348937007874
21
0.6599227952755905
0
LINE
8
BLACK
6
CONTINUOUS
10
1.619348937007874
20
0.6599227952755905
11
1.6169666929133857
21
0.6541715748031496
0
LINE
8
BLACK
6
CONTINUOUS
10
1.6169666929133857
20
0.6541715748031496
11
1.6168825984251969
21
0.6538576771653544
0
LINE
8
BLACK
6
CONTINUOUS
10
1.6168825984251969
20
0.6538576771653544
11
1.6167981102362203
21
0.6538802755905512
0
LINE
8
BLACK
6
CONTINUOUS
10
1.6167981102362203
20
0.6538802755905512
11
1.615852283464567
21
0.651743188976378
0
LINE
8
BLACK
6
CONTINUOUS
10
1.615852283464567
20
0.651743188976378
11
1.6155731102362205
21
0.6514398031496063
0
LINE
8
BLACK
6
CONTINUOUS
10
1.6155731102362205
20
0.6514398031496063
11
1.48318468503937
21
0.5190513779527559
0
LINE
8
BLACK
6
CONTINUOUS
10
1.48318468503937
20
0.5190513779527559
11
1.4807314566929133
21
0.5177117716535433
0
LINE
8
BLACK
6
CONTINUOUS
10
1.4807314566929133
20
0.5177117716535433
11
1.4796770078740158
21
0.5175984251968504
0
LINE
8
BLACK
6
CONTINUOUS
10
1.4796770078740158
20
0.5175984251968504
11
1.4688619291338583
21
0.5175984251968504
0
LINE
8
BLACK
6
CONTINUOUS
10
1.4688619291338583
20
0.5175984251968504
11
1.46618
21
0.518385905511811
0
LINE
8
BLACK
6
CONTINUOUS
10
1.46618
20
0.518385905511811
11
1.464421377952756
21
0.520347874015748
0
LINE
8
BLACK
6
CONTINUOUS
10
1.464421377952756
20
0.520347874015748
11
1.463825905511811
21
0.5215437007874015
0
LINE
8
BLACK
6
CONTINUOUS
10
1.463825905511811
20
0.5215437007874015
11
1.4631597637795275
21
0.5228814566929134
0
LINE
8
BLACK
6
CONTINUOUS
10
1.4631597637795275
20
0.5228814566929134
11
1.4578811417322834
21
0.5298714960629921
0
LINE
8
BLACK
6
CONTINUOUS
10
1.4578811417322834
20
0.5298714960629921
11
1.4514079527559054
21
0.5357725984251969
0
LINE
8
BLACK
6
CONTINUOUS
10
1.4514079527559054
20
0.5357725984251969
11
1.4439606692913385
21
0.5403837401574803
0
LINE
8
BLACK
6
CONTINUOUS
10
1.4439606692913385
20
0.5403837401574803
11
1.4370551181102362
21
0.5430589763779528
0
LINE
8
BLACK
6
CONTINUOUS
10
1.4370551181102362
20
0.5430589763779528
11
1.4357931496062992
21
0.543547874015748
0
LINE
8
BLACK
6
CONTINUOUS
10
1.4357931496062992
20
0.543547874015748
11
1.4357930708661417
21
0.543547874015748
0
LINE
8
BLACK
6
CONTINUOUS
10
1.4357930708661417
20
0.543547874015748
11
1.4357929133858267
21
0.5435479527559055
0
LINE
8
BLACK
6
CONTINUOUS
10
1.4357929133858267
20
0.5435479527559055
11
1.4271827952755904
21
0.5451574803149606
0
LINE
8
BLACK
6
CONTINUOUS
10
1.4271827952755904
20
0.5451574803149606
11
1.4184235039370079
21
0.5451574803149606
0
LINE
8
BLACK
6
CONTINUOUS
10
1.4184235039370079
20
0.5451574803149606
11
1.4098133858267716
21
0.5435479527559055
0
LINE
8
BLACK
6
CONTINUOUS
10
1.4098133858267716
20
0.5435479527559055
11
1.4098132283464566
21
0.543547874015748
0
LINE
8
BLACK
6
CONTINUOUS
10
1.4098132283464566
20
0.543547874015748
11
1.4098131102362204
21
0.543547874015748
0
LINE
8
BLACK
6
CONTINUOUS
10
1.4098131102362204
20
0.543547874015748
11
1.4052042913385827
21
0.5417623622047244
0
LINE
8
BLACK
6
CONTINUOUS
10
1.4052042913385827
20
0.5417623622047244
11
1.4016456299212599
21
0.5403837401574803
0
LINE
8
BLACK
6
CONTINUOUS
10
1.4016456299212599
20
0.5403837401574803
11
1.4016452755905511
21
0.5403835039370078
0
LINE
8
BLACK
6
CONTINUOUS
10
1.4016452755905511
20
0.5403835039370078
11
1.4016451574803148
21
0.5403834645669291
0
LINE
8
BLACK
6
CONTINUOUS
10
1.4016451574803148
20
0.5403834645669291
11
1.3941983858267717
21
0.5357726377952756
0
LINE
8
BLACK
6
CONTINUOUS
10
1.3941983858267717
20
0.5357726377952756
11
1.3941983464566929
21
0.5357725984251969
0
LINE
8
BLACK
6
CONTINUOUS
10
1.3941983464566929
20
0.5357725984251969
11
1.3877250787401574
21
0.5298714566929134
0
LINE
8
BLACK
6
CONTINUOUS
10
1.3877250787401574
20
0.5298714566929134
11
1.3824465354330708
21
0.5228814566929134
0
LINE
8
BLACK
6
CONTINUOUS
10
1.3824465354330708
20
0.5228814566929134
11
1.3824463779527558
21
0.5228812598425197
0
LINE
8
BLACK
6
CONTINUOUS
10
1.3824463779527558
20
0.5228812598425197
11
1.3785422834645669
21
0.5150408267716535
0
LINE
8
BLACK
6
CONTINUOUS
10
1.3785422834645669
20
0.5150408267716535
11
1.3785420472440943
21
0.515040157480315
0
LINE
8
BLACK
6
CONTINUOUS
10
1.3785420472440943
20
0.515040157480315
11
1.3775744094488189
21
0.5116391732283464
0
LINE
8
BLACK
6
CONTINUOUS
10
1.3775744094488189
20
0.5116391732283464
11
1.3760830708661418
21
0.5092751181102362
0
LINE
8
BLACK
6
CONTINUOUS
10
1.3760830708661418
20
0.5092751181102362
11
1.3735503543307086
21
0.5080926771653543
0
LINE
8
BLACK
6
CONTINUOUS
10
1.3735503543307086
20
0.5080926771653543
11
1.3707804330708662
21
0.5084672047244094
0
LINE
8
BLACK
6
CONTINUOUS
10
1.3707804330708662
20
0.5084672047244094
11
1.3686526771653542
21
0.5102798031496063
0
LINE
8
BLACK
6
CONTINUOUS
10
1.3686526771653542
20
0.5102798031496063
11
1.3680318897637795
21
0.5116391732283464
0
LINE
8
BLACK
6
CONTINUOUS
10
1.3680318897637795
20
0.5116391732283464
11
1.367456496062992
21
0.5136614173228347
0
LINE
8
BLACK
6
CONTINUOUS
10
1.367456496062992
20
0.5136614173228347
11
1.3670641338582676
21
0.5150404724409449
0
LINE
8
BLACK
6
CONTINUOUS
10
1.3670641338582676
20
0.5150404724409449
11
1.3670639763779526
21
0.5150408267716535
0
LINE
8
BLACK
6
CONTINUOUS
10
1.3670639763779526
20
0.5150408267716535
11
1.3631598818897637
21
0.5228812598425197
0
LINE
8
BLACK
6
CONTINUOUS
10
1.3631598818897637
20
0.5228812598425197
11
1.3631598031496062
21
0.5228813779527559
0
LINE
8
BLACK
6
CONTINUOUS
10
1.3631598031496062
20
0.5228813779527559
11
1.3631597637795276
21
0.5228814566929134
0
LINE
8
BLACK
6
CONTINUOUS
10
1.3631597637795276
20
0.5228814566929134
11
1.3578811417322834
21
0.5298714960629921
0
LINE
8
BLACK
6
CONTINUOUS
10
1.3578811417322834
20
0.5298714960629921
11
1.3514079527559055
21
0.5357725984251969
0
LINE
8
BLACK
6
CONTINUOUS
10
1.3514079527559055
20
0.5357725984251969
11
1.3439606692913386
21
0.5403837401574803
0
LINE
8
BLACK
6
CONTINUOUS
10
1.3439606692913386
20
0.5403837401574803
11
1.3370551181102361
21
0.5430589763779528
0
LINE
8
BLACK
6
CONTINUOUS
10
1.3370551181102361
20
0.5430589763779528
11
1.3357931496062991
21
0.543547874015748
0
LINE
8
BLACK
6
CONTINUOUS
10
1.3357931496062991
20
0.543547874015748
11
1.3357930708661416
21
0.543547874015748
0
LINE
8
BLACK
6
CONTINUOUS
10
1.3357930708661416
20
0.543547874015748
11
1.3357929133858268
21
0.5435479527559055
0
LINE
8
BLACK
6
CONTINUOUS
10
1.3357929133858268
20
0.5435479527559055
11
1.3271827952755906
21
0.5451574803149606
0
LINE
8
BLACK
6
CONTINUOUS
10
1.3271827952755906
20
0.5451574803149606
11
1.3184235039370078
21
0.5451574803149606
0
LINE
8
BLACK
6
CONTINUOUS
10
1.3184235039370078
20
0.5451574803149606
11
1.3098133858267715
21
0.5435479527559055
0
LINE
8
BLACK
6
CONTINUOUS
10
1.3098133858267715
20
0.5435479527559055
11
1.3098132283464567
21
0.543547874015748
0
LINE
8
BLACK
6
CONTINUOUS
10
1.3098132283464567
20
0.543547874015748
11
1.3098131102362205
21
0.543547874015748
0
LINE
8
BLACK
6
CONTINUOUS
10
1.3098131102362205
20
0.543547874015748
11
1.3052042913385826
21
0.5417623622047244
0
LINE
8
BLACK
6
CONTINUOUS
10
1.3052042913385826
20
0.5417623622047244
11
1.3016456299212598
21
0.5403837401574803
0
LINE
8
BLACK
6
CONTINUOUS
10
1.3016456299212598
20
0.5403837401574803
11
1.3016452755905512
21
0.5403835039370078
0
LINE
8
BLACK
6
CONTINUOUS
10
1.3016452755905512
20
0.5403835039370078
11
1.301645157480315
21
0.5403834645669291
0
LINE
8
BLACK
6
CONTINUOUS
10
1.301645157480315
20
0.5403834645669291
11
1.2941983858267716
21
0.5357726377952756
0
LINE
8
BLACK
6
CONTINUOUS
10
1.2941983858267716
20
0.5357726377952756
11
1.2941983464566928
21
0.5357725984251969
0
LINE
8
BLACK
6
CONTINUOUS
10
1.2941983464566928
20
0.5357725984251969
11
1.2877250787401575
21
0.5298714566929134
0
LINE
8
BLACK
6
CONTINUOUS
10
1.2877250787401575
20
0.5298714566929134
11
1.2824465354330707
21
0.5228814566929134
0
LINE
8
BLACK
6
CONTINUOUS
10
1.2824465354330707
20
0.5228814566929134
11
1.282446377952756
21
0.5228812598425197
0
LINE
8
BLACK
6
CONTINUOUS
10
1.282446377952756
20
0.5228812598425197
11
1.278542283464567
21
0.5150408267716535
0
LINE
8
BLACK
6
CONTINUOUS
10
1.278542283464567
20
0.5150408267716535
11
1.2785420472440945
21
0.515040157480315
0
LINE
8
BLACK
6
CONTINUOUS
10
1.2785420472440945
20
0.515040157480315
11
1.2775744094488188
21
0.5116391732283464
0
LINE
8
BLACK
6
CONTINUOUS
10
1.2775744094488188
20
0.5116391732283464
11
1.2760830708661417
21
0.5092751181102362
0
LINE
8
BLACK
6
CONTINUOUS
10
1.2760830708661417
20
0.5092751181102362
11
1.2735503543307087
21
0.5080926771653543
0
LINE
8
BLACK
6
CONTINUOUS
10
1.2735503543307087
20
0.5080926771653543
11
1.2707804330708661
21
0.5084672047244094
0
LINE
8
BLACK
6
CONTINUOUS
10
1.2707804330708661
20
0.5084672047244094
11
1.2686526771653543
21
0.5102798031496063
0
LINE
8
BLACK
6
CONTINUOUS
10
1.2686526771653543
20
0.5102798031496063
11
1.2680318897637795
21
0.5116391732283464
0
LINE
8
BLACK
6
CONTINUOUS
10
1.2680318897637795
20
0.5116391732283464
11
1.2674564960629922
21
0.5136614173228347
0
LINE
8
BLACK
6
CONTINUOUS
10
1.2674564960629922
20
0.5136614173228347
11
1.2670641338582678
21
0.5150404724409449
0
LINE
8
BLACK
6
CONTINUOUS
10
1.2670641338582678
20
0.5150404724409449
11
1.2670639763779528
21
0.5150408267716535
0
LINE
8
BLACK
6
CONTINUOUS
10
1.2670639763779528
20
0.5150408267716535
11
1.2631598818897638
21
0.5228812598425197
0
LINE
8
BLACK
6
CONTINUOUS
10
1.2631598818897638
20
0.5228812598425197
11
1.2631598031496063
21
0.5228813779527559
0
LINE
8
BLACK
6
CONTINUOUS
10
1.2631598031496063
20
0.5228813779527559
11
1.2631597637795275
21
0.5228814566929134
0
LINE
8
BLACK
6
CONTINUOUS
10
1.2631597637795275
20
0.5228814566929134
11
1.2578811417322835
21
0.5298714960629921
0
LINE
8
BLACK
6
CONTINUOUS
10
1.2578811417322835
20
0.5298714960629921
11
1.2514079527559054
21
0.5357725984251969
0
LINE
8
BLACK
6
CONTINUOUS
10
1.2514079527559054
20
0.5357725984251969
11
1.2439606692913385
21
0.5403837401574803
0
LINE
8
BLACK
6
CONTINUOUS
10
1.2439606692913385
20
0.5403837401574803
11
1.2370551181102363
21
0.5430589763779528
0
LINE
8
BLACK
6
CONTINUOUS
10
1.2370551181102363
20
0.5430589763779528
11
1.2357931496062993
21
0.543547874015748
0
LINE
8
BLACK
6
CONTINUOUS
10
1.2357931496062993
20
0.543547874015748
11
1.2357930708661418
21
0.543547874015748
0
LINE
8
BLACK
6
CONTINUOUS
10
1.2357930708661418
20
0.543547874015748
11
1.2357929133858268
21
0.5435479527559055
0
LINE
8
BLACK
6
CONTINUOUS
10
1.2357929133858268
20
0.5435479527559055
11
1.2271827952755905
21
0.5451574803149606
0
LINE
8
BLACK
6
CONTINUOUS
10
1.2271827952755905
20
0.5451574803149606
11
1.2184235039370079
21
0.5451574803149606
0
LINE
8
BLACK
6
CONTINUOUS
10
1.2184235039370079
20
0.5451574803149606
11
1.2098133858267717
21
0.5435479527559055
0
LINE
8
BLACK
6
CONTINUOUS
10
1.2098133858267717
20
0.5435479527559055
11
1.2098132283464567
21
0.543547874015748
0
LINE
8
BLACK
6
CONTINUOUS
10
1.2098132283464567
20
0.543547874015748
11
1.2098131102362204
21
0.543547874015748
0
LINE
8
BLACK
6
CONTINUOUS
10
1.2098131102362204
20
0.543547874015748
11
1.2052042913385828
21
0.5417623622047244
0
LINE
8
BLACK
6
CONTINUOUS
10
1.2052042913385828
20
0.5417623622047244
11
1.2016456299212599
21
0.5403837401574803
0
LINE
8
BLACK
6
CONTINUOUS
10
1.2016456299212599
20
0.5403837401574803
11
1.2016452755905511
21
0.5403835039370078
0
LINE
8
BLACK
6
CONTINUOUS
10
1.2016452755905511
20
0.5403835039370078
11
1.2016451574803149
21
0.5403834645669291
0
LINE
8
BLACK
6
CONTINUOUS
10
1.2016451574803149
20
0.5403834645669291
11
1.1941983858267717
21
0.5357726377952756
0
LINE
8
BLACK
6
CONTINUOUS
10
1.1941983858267717
20
0.5357726377952756
11
1.194198346456693
21
0.5357725984251969
0
LINE
8
BLACK
6
CONTINUOUS
10
1.194198346456693
20
0.5357725984251969
11
1.1877250787401574
21
0.5298714566929134
0
LINE
8
BLACK
6
CONTINUOUS
10
1.1877250787401574
20
0.5298714566929134
11
1.1824465354330709
21
0.5228814566929134
0
LINE
8
BLACK
6
CONTINUOUS
10
1.1824465354330709
20
0.5228814566929134
11
1.1824463779527559
21
0.5228812598425197
0
LINE
8
BLACK
6
CONTINUOUS
10
1.1824463779527559
20
0.5228812598425197
11
1.1795328346456693
21
0.5170300393700787
0
LINE
8
BLACK
6
CONTINUOUS
10
1.1795328346456693
20
0.5170300393700787
11
1.1776324803149607
21
0.5149802755905512
0
LINE
8
BLACK
6
CONTINUOUS
10
1.1776324803149607
20
0.5149802755905512
11
1.1749256299212598
21
0.5142833464566929
0
LINE
8
BLACK
6
CONTINUOUS
10
1.1749256299212598
20
0.5142833464566929
11
1.1722716929133858
21
0.5151604724409449
0
LINE
8
BLACK
6
CONTINUOUS
10
1.1722716929133858
20
0.5151604724409449
11
1.1715847637795276
21
0.5157333070866141
0
LINE
8
BLACK
6
CONTINUOUS
10
1.1715847637795276
20
0.5157333070866141
11
1.1704911811023622
21
0.5168269291338583
0
LINE
8
BLACK
6
CONTINUOUS
10
1.1704911811023622
20
0.5168269291338583
11
1.1704911417322834
21
0.5168269291338583
0
LINE
8
BLACK
6
CONTINUOUS
10
1.1704911417322834
20
0.5168269291338583
11
1.1702083464566928
21
0.5171097637795276
0
LINE
8
BLACK
6
CONTINUOUS
10
1.1702083464566928
20
0.5171097637795276
11
1.170208031496063
21
0.51711
0
LINE
8
BLACK
6
CONTINUOUS
10
1.170208031496063
20
0.51711
11
1.169602716535433
21
0.5177153543307087
0
LINE
8
BLACK
6
CONTINUOUS
10
1.169602716535433
20
0.5177153543307087
11
1.1688310236220472
21
0.5181085039370079
0
LINE
8
BLACK
6
CONTINUOUS
10
1.1688310236220472
20
0.5181085039370079
11
1.1681676377952757
21
0.5185150393700787
0
LINE
8
BLACK
6
CONTINUOUS
10
1.1681676377952757
20
0.5185150393700787
11
1.1674668110236219
21
0.5190242519685039
0
LINE
8
BLACK
6
CONTINUOUS
10
1.1674668110236219
20
0.5190242519685039
11
1.1666428346456692
21
0.5192919291338582
0
LINE
8
BLACK
6
CONTINUOUS
10
1.1666428346456692
20
0.5192919291338582
11
1.1659242913385826
21
0.5195895669291338
0
LINE
8
BLACK
6
CONTINUOUS
10
1.1659242913385826
20
0.5195895669291338
11
1.1651524015748032
21
0.5199829133858268
0
LINE
8
BLACK
6
CONTINUOUS
10
1.1651524015748032
20
0.5199829133858268
11
1.1642966929133858
21
0.5201184251968504
0
LINE
8
BLACK
6
CONTINUOUS
10
1.1642966929133858
20
0.5201184251968504
11
1.1635404330708661
21
0.5203
0
LINE
8
BLACK
6
CONTINUOUS
10
1.1635404330708661
20
0.5203
11
1.1627165354330709
21
0.5205677165354331
0
LINE
8
BLACK
6
CONTINUOUS
10
1.1627165354330709
20
0.5205677165354331
11
1.1627164566929133
21
0.5205677165354331
0
LINE
8
BLACK
6
CONTINUOUS
10
1.1627164566929133
20
0.5205677165354331
11
1.0712172440944883
21
0.5205677165354331
0
LINE
8
BLACK
6
CONTINUOUS
10
1.0712172440944883
20
0.5205677165354331
11
1.0693188976377952
21
0.5209453149606299
0
LINE
8
BLACK
6
CONTINUOUS
10
1.0693188976377952
20
0.5209453149606299
11
1.06898
21
0.5210856692913386
0
LINE
8
BLACK
6
CONTINUOUS
10
1.06898
20
0.5210856692913386
11
1.0689799606299213
21
0.5210857086614173
0
LINE
8
BLACK
6
CONTINUOUS
10
1.0689799606299213
20
0.5210857086614173
11
1.0666774803149606
21
0.5215437007874015
0
LINE
8
BLACK
6
CONTINUOUS
10
1.0666774803149606
20
0.5215437007874015
11
1.0533225196850393
21
0.5215437007874015
0
LINE
8
BLACK
6
CONTINUOUS
10
1.0533225196850393
20
0.5215437007874015
11
1.0510200393700788
21
0.5210857086614173
0
LINE
8
BLACK
6
CONTINUOUS
10
1.0510200393700788
20
0.5210857086614173
11
1.0484089763779527
21
0.5193410236220473
0
LINE
8
BLACK
6
CONTINUOUS
10
1.0484089763779527
20
0.5193410236220473
11
1.046791338582677
21
0.5169201181102362
0
LINE
8
BLACK
6
CONTINUOUS
10
1.046791338582677
20
0.5169201181102362
11
1.0466642913385826
21
0.5167299606299213
0
LINE
8
BLACK
6
CONTINUOUS
10
1.0466642913385826
20
0.5167299606299213
11
1.0466642519685039
21
0.516729842519685
0
LINE
8
BLACK
6
CONTINUOUS
10
1.0466642519685039
20
0.516729842519685
11
1.0462062992125984
21
0.5144275590551181
0
LINE
8
BLACK
6
CONTINUOUS
10
1.0462062992125984
20
0.5144275590551181
11
1.0462062992125984
21
0.5065951574803149
0
LINE
8
BLACK
6
CONTINUOUS
10
1.0462062992125984
20
0.5065951574803149
11
1.0462
21
0.5065150787401574
0
LINE
8
BLACK
6
CONTINUOUS
10
1.0462
20
0.5065150787401574
11
1.0462
21
0.5030848818897637
0
LINE
8
BLACK
6
CONTINUOUS
10
1.0462
20
0.5030848818897637
11
1.0462062992125984
21
0.503004842519685
0
LINE
8
BLACK
6
CONTINUOUS
10
1.0462062992125984
20
0.503004842519685
11
1.0462062992125984
21
0.4951724015748031
0
LINE
8
BLACK
6
CONTINUOUS
10
1.0462062992125984
20
0.4951724015748031
11
1.0466642519685039
21
0.4928701181102362
0
LINE
8
BLACK
6
CONTINUOUS
10
1.0466642519685039
20
0.4928701181102362
11
1.0466642913385826
21
0.49287
0
LINE
8
BLACK
6
CONTINUOUS
10
1.0466642913385826
20
0.49287
11
1.0484089763779527
21
0.4902589763779527
0
LINE
8
BLACK
6
CONTINUOUS
10
1.0484089763779527
20
0.4902589763779527
11
1.0510200000000001
21
0.4885142913385827
0
LINE
8
BLACK
6
CONTINUOUS
10
1.0510200000000001
20
0.4885142913385827
11
1.0510201181102361
21
0.4885142519685039
0
LINE
8
BLACK
6
CONTINUOUS
10
1.0510201181102361
20
0.4885142519685039
11
1.0533224015748031
21
0.4880562992125984
0
LINE
8
BLACK
6
CONTINUOUS
10
1.0533224015748031
20
0.4880562992125984
11
1.0533225196850393
21
0.4880562992125984
0
LINE
8
BLACK
6
CONTINUOUS
10
1.0533225196850393
20
0.4880562992125984
11
1.0666775590551181
21
0.4880562992125984
0
LINE
8
BLACK
6
CONTINUOUS
10
1.0666775590551181
20
0.4880562992125984
11
1.0689799212598425
21
0.4885142519685039
0
LINE
8
BLACK
6
CONTINUOUS
10
1.0689799212598425
20
0.4885142519685039
11
1.0693188976377952
21
0.48865468503937
0
LINE
8
BLACK
6
CONTINUOUS
10
1.0693188976377952
20
0.48865468503937
11
1.0712172440944883
21
0.4890322834645669
0
LINE
8
BLACK
6
CONTINUOUS
10
1.0712172440944883
20
0.4890322834645669
11
1.1516332677165355
21
0.4890322834645669
0
LINE
8
BLACK
6
CONTINUOUS
10
1.1516332677165355
20
0.4890322834645669
11
1.1543151968503937
21
0.4882448031496063
0
LINE
8
BLACK
6
CONTINUOUS
10
1.1543151968503937
20
0.4882448031496063
11
1.1551407480314961
21
0.4875794881889763
0
LINE
8
BLACK
6
CONTINUOUS
10
1.1551407480314961
20
0.4875794881889763
11
1.1564655905511811
21
0.4862546850393701
0
LINE
8
BLACK
6
CONTINUOUS
10
1.1564655905511811
20
0.4862546850393701
11
1.157741968503937
21
0.4849783070866142
0
LINE
8
BLACK
6
CONTINUOUS
10
1.157741968503937
20
0.4849783070866142
11
1.1577420472440945
21
0.4849782283464567
0
LINE
8
BLACK
6
CONTINUOUS
10
1.1577420472440945
20
0.4849782283464567
11
1.1585137007874016
21
0.4845850393700787
0
LINE
8
BLACK
6
CONTINUOUS
10
1.1585137007874016
20
0.4845850393700787
11
1.159177125984252
21
0.4841785039370078
0
LINE
8
BLACK
6
CONTINUOUS
10
1.159177125984252
20
0.4841785039370078
11
1.1598777952755905
21
0.4836694488188976
0
LINE
8
BLACK
6
CONTINUOUS
10
1.1598777952755905
20
0.4836694488188976
11
1.1598777559055118
21
0.4836694488188976
0
LINE
8
BLACK
6
CONTINUOUS
10
1.1598777559055118
20
0.4836694488188976
11
1.1607015748031495
21
0.4834017716535433
0
LINE
8
BLACK
6
CONTINUOUS
10
1.1607015748031495
20
0.4834017716535433
11
1.1614203543307087
21
0.4831040157480315
0
LINE
8
BLACK
6
CONTINUOUS
10
1.1614203543307087
20
0.4831040157480315
11
1.1621921653543308
21
0.4827107874015748
0
LINE
8
BLACK
6
CONTINUOUS
10
1.1621921653543308
20
0.4827107874015748
11
1.1630477559055117
21
0.4825752755905512
0
LINE
8
BLACK
6
CONTINUOUS
10
1.1630477559055117
20
0.4825752755905512
11
1.1638044881889764
21
0.4823935826771654
0
LINE
8
BLACK
6
CONTINUOUS
10
1.1638044881889764
20
0.4823935826771654
11
1.1646280314960629
21
0.4821260236220472
0
LINE
8
BLACK
6
CONTINUOUS
10
1.1646280314960629
20
0.4821260236220472
11
1.1646281102362204
21
0.4821260236220472
0
LINE
8
BLACK
6
CONTINUOUS
10
1.1646281102362204
20
0.4821260236220472
11
1.1656791732283465
21
0.4821260236220472
0
LINE
8
BLACK
6
CONTINUOUS
10
1.1656791732283465
20
0.4821260236220472
11
1.1656801181102361
21
0.4821259842519685
0
LINE
8
BLACK
6
CONTINUOUS
10
1.1656801181102361
20
0.4821259842519685
11
1.1658845669291338
21
0.4821259842519685
0
LINE
8
BLACK
6
CONTINUOUS
10
1.1658845669291338
20
0.4821259842519685
11
1.1747840157480314
21
0.4821259842519685
0
LINE
8
BLACK
6
CONTINUOUS
10
1.1747840157480314
20
0.4821259842519685
11
1.1774659448818898
21
0.4813385039370079
0
LINE
8
BLACK
6
CONTINUOUS
10
1.1774659448818898
20
0.4813385039370079
11
1.1792244881889764
21
0.4793765748031496
0
LINE
8
BLACK
6
CONTINUOUS
10
1.1792244881889764
20
0.4793765748031496
11
1.1811849606299212
21
0.4754395275590551
0
LINE
8
BLACK
6
CONTINUOUS
10
1.1811849606299212
20
0.4754395275590551
11
1.1824465748031496
21
0.4729058661417322
0
LINE
8
BLACK
6
CONTINUOUS
10
1.1824465748031496
20
0.4729058661417322
11
1.1877250787401574
21
0.465915905511811
0
LINE
8
BLACK
6
CONTINUOUS
10
1.1877250787401574
20
0.465915905511811
11
1.1933701574803148
21
0.4607697637795276
0
LINE
8
BLACK
6
CONTINUOUS
10
1.1933701574803148
20
0.4607697637795276
11
1.1948215748031497
21
0.4583810236220472
0
LINE
8
BLACK
6
CONTINUOUS
10
1.1948215748031497
20
0.4583810236220472
11
1.1947511417322834
21
0.4555867322834646
0
LINE
8
BLACK
6
CONTINUOUS
10
1.1947511417322834
20
0.4555867322834646
11
1.1932766929133858
21
0.4533548031496063
0
LINE
8
BLACK
6
CONTINUOUS
10
1.1932766929133858
20
0.4533548031496063
11
1.1927541338582677
21
0.4529020078740157
0
LINE
8
BLACK
6
CONTINUOUS
10
1.1927541338582677
20
0.4529020078740157
11
1.1924785826771653
21
0.4526799606299213
0
LINE
8
BLACK
6
CONTINUOUS
10
1.1924785826771653
20
0.4526799606299213
11
1.1920553149606299
21
0.4523631102362204
0
LINE
8
BLACK
6
CONTINUOUS
10
1.1920553149606299
20
0.4523631102362204
11
1.191681377952756
21
0.4519891732283464
0
LINE
8
BLACK
6
CONTINUOUS
10
1.191681377952756
20
0.4519891732283464
11
1.1914226377952755
21
0.4517482677165354
0
LINE
8
BLACK
6
CONTINUOUS
10
1.1914226377952755
20
0.4517482677165354
11
1.1899470078740157
21
0.4504696456692913
0
LINE
8
BLACK
6
CONTINUOUS
10
1.1899470078740157
20
0.4504696456692913
11
1.1898488188976377
21
0.4503168503937008
0
LINE
8
BLACK
6
CONTINUOUS
10
1.1898488188976377
20
0.4503168503937008
11
1.1891834251968503
21
0.4494912204724409
0
LINE
8
BLACK
6
CONTINUOUS
10
1.1891834251968503
20
0.4494912204724409
11
1.1854167322834646
21
0.4457245275590551
0
LINE
8
BLACK
6
CONTINUOUS
10
1.1854167322834646
20
0.4457245275590551
11
1.1829635039370079
21
0.4443849212598425
0
LINE
8
BLACK
6
CONTINUOUS
10
1.1829635039370079
20
0.4443849212598425
11
1.1819090551181102
21
0.4442715748031496
0
LINE
8
BLACK
6
CONTINUOUS
10
1.1819090551181102
20
0.4442715748031496
11
1.0430864173228347
21
0.4442715748031496
0
LINE
8
BLACK
6
CONTINUOUS
10
1.0430864173228347
20
0.4442715748031496
11
1.0404044881889765
21
0.4450590551181102
0
LINE
8
BLACK
6
CONTINUOUS
10
1.0404044881889765
20
0.4450590551181102
11
1.0385740551181102
21
0.4471714960629921
0
LINE
8
BLACK
6
CONTINUOUS
10
1.0385740551181102
20
0.4471714960629921
11
1.0381762598425197
21
0.4499381889763779
0
LINE
8
BLACK
6
CONTINUOUS
10
1.0381762598425197
20
0.4499381889763779
11
1.0391509055118111
21
0.4522520472440945
0
LINE
8
BLACK
6
CONTINUOUS
10
1.0391509055118111
20
0.4522520472440945
11
1.0406508267716534
21
0.4542067716535433
0
LINE
8
BLACK
6
CONTINUOUS
10
1.0406508267716534
20
0.4542067716535433
11
1.0406508661417322
21
0.4542068503937008
0
LINE
8
BLACK
6
CONTINUOUS
10
1.0406508661417322
20
0.4542068503937008
11
1.0406510236220472
21
0.4542070472440945
0
LINE
8
BLACK
6
CONTINUOUS
10
1.0406510236220472
20
0.4542070472440945
11
1.0430332283464567
21
0.459958188976378
0
LINE
8
BLACK
6
CONTINUOUS
10
1.0430332283464567
20
0.459958188976378
11
1.043845748031496
21
0.4661299212598425
0
LINE
8
BLACK
6
CONTINUOUS
10
1.043845748031496
20
0.4661299212598425
11
1.0430332283464567
21
0.4723016535433071
0
LINE
8
BLACK
6
CONTINUOUS
10
1.0430332283464567
20
0.4723016535433071
11
1.0406510236220472
21
0.4780527952755905
0
LINE
8
BLACK
6
CONTINUOUS
10
1.0406510236220472
20
0.4780527952755905
11
1.036861496062992
21
0.4829914173228346
0
LINE
8
BLACK
6
CONTINUOUS
10
1.036861496062992
20
0.4829914173228346
11
1.0363400393700788
21
0.4833915354330708
0
LINE
8
BLACK
6
CONTINUOUS
10
1.0363400393700788
20
0.4833915354330708
11
1.0346916929133858
21
0.4856488582677165
0
LINE
8
BLACK
6
CONTINUOUS
10
1.0346916929133858
20
0.4856488582677165
11
1.0343992125984252
21
0.4873270866141732
0
LINE
8
BLACK
6
CONTINUOUS
10
1.0343992125984252
20
0.4873270866141732
11
1.0343992125984252
21
0.5060820078740157
0
LINE
8
BLACK
6
CONTINUOUS
10
1.0343992125984252
20
0.5060820078740157
11
1.0343937007874016
21
0.5062150787401575
0
LINE
8
BLACK
6
CONTINUOUS
10
1.0343937007874016
20
0.5062150787401575
11
1.0343937007874016
21
0.5144274015748032
0
LINE
8
BLACK
6
CONTINUOUS
10
1.0343937007874016
20
0.5144274015748032
11
1.0343937007874016
21
0.5144274803149607
0
LINE
8
BLACK
6
CONTINUOUS
10
1.0343937007874016
20
0.5144274803149607
11
1.0339357086614174
21
0.5167299606299213
0
LINE
8
BLACK
6
CONTINUOUS
10
1.0339357086614174
20
0.5167299606299213
11
1.0321910236220473
21
0.5193410236220473
0
LINE
8
BLACK
6
CONTINUOUS
10
1.0321910236220473
20
0.5193410236220473
11
1.0295799606299212
21
0.5210857086614173
0
LINE
8
BLACK
6
CONTINUOUS
10
1.0295799606299212
20
0.5210857086614173
11
1.0272774803149607
21
0.5215437007874015
0
LINE
8
BLACK
6
CONTINUOUS
10
1.0272774803149607
20
0.5215437007874015
11
1.0139225196850394
21
0.5215437007874015
0
LINE
8
BLACK
6
CONTINUOUS
10
1.0139225196850394
20
0.5215437007874015
11
1.0116200393700787
21
0.5210857086614173
0
LINE
8
BLACK
6
CONTINUOUS
10
1.0116200393700787
20
0.5210857086614173
11
1.0090089763779528
21
0.5193410236220473
0
LINE
8
BLACK
6
CONTINUOUS
10
1.0090089763779528
20
0.5193410236220473
11
1.0073913385826772
21
0.5169201181102362
0
LINE
8
BLACK
6
CONTINUOUS
10
1.0073913385826772
20
0.5169201181102362
11
1.0072642913385828
21
0.5167299606299213
0
LINE
8
BLACK
6
CONTINUOUS
10
1.0072642913385828
20
0.5167299606299213
11
1.007264251968504
21
0.516729842519685
0
LINE
8
BLACK
6
CONTINUOUS
10
1.007264251968504
20
0.516729842519685
11
1.0068062992125983
21
0.5144275590551181
0
LINE
8
BLACK
6
CONTINUOUS
10
1.0068062992125983
20
0.5144275590551181
11
1.0068062992125983
21
0.5075474409448819
0
LINE
8
BLACK
6
CONTINUOUS
10
1.0068062992125983
20
0.5075474409448819
11
1.0068007874015747
21
0.5074810236220473
0
LINE
8
BLACK
6
CONTINUOUS
10
1.0068007874015747
20
0.5074810236220473
11
1.0068007874015747
21
0.488247874015748
0
LINE
8
BLACK
6
CONTINUOUS
10
1.0068007874015747
20
0.488247874015748
11
1.0060133070866142
21
0.4855659448818898
0
LINE
8
BLACK
6
CONTINUOUS
10
1.0060133070866142
20
0.4855659448818898
11
1.0048599606299213
21
0.4843123228346456
0
LINE
8
BLACK
6
CONTINUOUS
10
1.0048599606299213
20
0.4843123228346456
11
1.0035898818897637
21
0.4833377559055118
0
LINE
8
BLACK
6
CONTINUOUS
10
1.0035898818897637
20
0.4833377559055118
11
1.0031385039370078
21
0.4829914173228346
0
LINE
8
BLACK
6
CONTINUOUS
10
1.0031385039370078
20
0.4829914173228346
11
0.9993664960629921
21
0.4780755905511811
0
LINE
8
BLACK
6
CONTINUOUS
10
0.9993664960629921
20
0.4780755905511811
11
0.9993490157480315
21
0.4780528346456693
0
LINE
8
BLACK
6
CONTINUOUS
10
0.9993490157480315
20
0.4780528346456693
11
0.999348937007874
21
0.4780527165354331
0
LINE
8
BLACK
6
CONTINUOUS
10
0.999348937007874
20
0.4780527165354331
11
0.9969667322834646
21
0.4723015748031496
0
LINE
8
BLACK
6
CONTINUOUS
10
0.9969667322834646
20
0.4723015748031496
11
0.9961542519685039
21
0.4661299212598425
0
LINE
8
BLACK
6
CONTINUOUS
10
0.9961542519685039
20
0.4661299212598425
11
0.9961542519685039
21
0.4661298818897638
0
LINE
8
BLACK
6
CONTINUOUS
10
0.9961542519685039
20
0.4661298818897638
11
0.9969667322834646
21
0.4599582283464567
0
LINE
8
BLACK
6
CONTINUOUS
10
0.9969667322834646
20
0.4599582283464567
11
0.999348937007874
21
0.4542070866141732
0
LINE
8
BLACK
6
CONTINUOUS
10
0.999348937007874
20
0.4542070866141732
11
0.9993491338582677
21
0.4542067716535433
0
LINE
8
BLACK
6
CONTINUOUS
10
0.9993491338582677
20
0.4542067716535433
11
1.0008490944881889
21
0.4522520472440945
0
LINE
8
BLACK
6
CONTINUOUS
10
1.0008490944881889
20
0.4522520472440945
11
1.0018570078740157
21
0.4496449606299213
0
LINE
8
BLACK
6
CONTINUOUS
10
1.0018570078740157
20
0.4496449606299213
11
1.0012953937007874
21
0.4469068110236221
0
LINE
8
BLACK
6
CONTINUOUS
10
1.0012953937007874
20
0.4469068110236221
11
0.9993425984251968
21
0.444906968503937
0
LINE
8
BLACK
6
CONTINUOUS
10
0.9993425984251968
20
0.444906968503937
11
0.9969135826771653
21
0.4442715748031496
0
LINE
8
BLACK
6
CONTINUOUS
10
0.9969135826771653
20
0.4442715748031496
11
0.9063467322834645
21
0.4442715748031496
0
LINE
8
BLACK
6
CONTINUOUS
10
0.9063467322834645
20
0.4442715748031496
11
0.9036648031496063
21
0.4450590551181102
0
LINE
8
BLACK
6
CONTINUOUS
10
0.9036648031496063
20
0.4450590551181102
11
0.9028390551181102
21
0.4457244881889764
0
LINE
8
BLACK
6
CONTINUOUS
10
0.9028390551181102
20
0.4457244881889764
11
0.8901825196850394
21
0.4583810236220472
0
LINE
8
BLACK
6
CONTINUOUS
10
0.8901825196850394
20
0.4583810236220472
11
0.8749058267716535
21
0.4736576377952756
0
LINE
8
BLACK
6
CONTINUOUS
10
0.8749058267716535
20
0.4736576377952756
11
0.8735662992125984
21
0.476110905511811
0
LINE
8
BLACK
6
CONTINUOUS
10
0.8735662992125984
20
0.476110905511811
11
0.8737656692913386
21
0.4788988976377953
0
LINE
8
BLACK
6
CONTINUOUS
10
0.8737656692913386
20
0.4788988976377953
11
0.8754407480314961
21
0.4811365354330708
0
LINE
8
BLACK
6
CONTINUOUS
10
0.8754407480314961
20
0.4811365354330708
11
0.8780596456692913
21
0.4821133464566929
0
LINE
8
BLACK
6
CONTINUOUS
10
0.8780596456692913
20
0.4821133464566929
11
0.8784135433070865
21
0.4821259842519685
0
LINE
8
BLACK
6
CONTINUOUS
10
0.8784135433070865
20
0.4821259842519685
11
0.8809782283464567
21
0.4821259842519685
0
LINE
8
BLACK
6
CONTINUOUS
10
0.8809782283464567
20
0.4821259842519685
11
0.8818020078740157
21
0.4823936220472441
0
LINE
8
BLACK
6
CONTINUOUS
10
0.8818020078740157
20
0.4823936220472441
11
0.8825586614173229
21
0.4825752755905512
0
LINE
8
BLACK
6
CONTINUOUS
10
0.8825586614173229
20
0.4825752755905512
11
0.8834138976377952
21
0.4827107480314961
0
LINE
8
BLACK
6
CONTINUOUS
10
0.8834138976377952
20
0.4827107480314961
11
0.8834139763779527
21
0.4827107480314961
0
LINE
8
BLACK
6
CONTINUOUS
10
0.8834139763779527
20
0.4827107480314961
11
0.8834140551181102
21
0.4827107874015748
0
LINE
8
BLACK
6
CONTINUOUS
10
0.8834140551181102
20
0.4827107874015748
11
0.8834141338582677
21
0.4827108267716536
0
LINE
8
BLACK
6
CONTINUOUS
10
0.8834141338582677
20
0.4827108267716536
11
0.8841857874015748
21
0.4831039763779528
0
LINE
8
BLACK
6
CONTINUOUS
10
0.8841857874015748
20
0.4831039763779528
11
0.8849048031496063
21
0.4834018110236221
0
LINE
8
BLACK
6
CONTINUOUS
10
0.8849048031496063
20
0.4834018110236221
11
0.8857284251968504
21
0.4836694094488189
0
LINE
8
BLACK
6
CONTINUOUS
10
0.8857284251968504
20
0.4836694094488189
11
0.8857285039370079
21
0.4836694488188976
0
LINE
8
BLACK
6
CONTINUOUS
10
0.8857285039370079
20
0.4836694488188976
11
0.8864289763779527
21
0.4841783858267716
0
LINE
8
BLACK
6
CONTINUOUS
10
0.8864289763779527
20
0.4841783858267716
11
0.8870925590551181
21
0.4845850393700787
0
LINE
8
BLACK
6
CONTINUOUS
10
0.8870925590551181
20
0.4845850393700787
11
0.8878643700787401
21
0.4849783070866142
0
LINE
8
BLACK
6
CONTINUOUS
10
0.8878643700787401
20
0.4849783070866142
11
0.8880653937007874
21
0.4851793307086614
0
LINE
8
BLACK
6
CONTINUOUS
10
0.8880653937007874
20
0.4851793307086614
11
0.8905186220472441
21
0.486518937007874
0
LINE
8
BLACK
6
CONTINUOUS
10
0.8905186220472441
20
0.486518937007874
11
0.8915730708661417
21
0.4866322834645669
0
LINE
8
BLACK
6
CONTINUOUS
10
0.8915730708661417
20
0.4866322834645669
11
0.9190827559055118
21
0.4866322834645669
0
LINE
8
BLACK
6
CONTINUOUS
10
0.9190827559055118
20
0.4866322834645669
11
0.9209811023622047
21
0.4862546850393701
0
LINE
8
BLACK
6
CONTINUOUS
10
0.9209811023622047
20
0.4862546850393701
11
0.9213200393700787
21
0.4861142519685039
0
LINE
8
BLACK
6
CONTINUOUS
10
0.9213200393700787
20
0.4861142519685039
11
0.9236224015748031
21
0.4856562992125984
0
LINE
8
BLACK
6
CONTINUOUS
10
0.9236224015748031
20
0.4856562992125984
11
0.9236225196850394
21
0.4856562992125984
0
LINE
8
BLACK
6
CONTINUOUS
10
0.9236225196850394
20
0.4856562992125984
11
0.936977559055118
21
0.4856562992125984
0
LINE
8
BLACK
6
CONTINUOUS
10
0.936977559055118
20
0.4856562992125984
11
0.939279842519685
21
0.4861142519685039
0
LINE
8
BLACK
6
CONTINUOUS
10
0.939279842519685
20
0.4861142519685039
11
0.9392799606299213
21
0.4861142913385827
0
LINE
8
BLACK
6
CONTINUOUS
10
0.9392799606299213
20
0.4861142913385827
11
0.9398855511811023
21
0.486518937007874
0
LINE
8
BLACK
6
CONTINUOUS
10
0.9398855511811023
20
0.486518937007874
11
0.9418910236220472
21
0.4878589763779527
0
LINE
8
BLACK
6
CONTINUOUS
10
0.9418910236220472
20
0.4878589763779527
11
0.9436357086614173
21
0.4904700393700787
0
LINE
8
BLACK
6
CONTINUOUS
10
0.9436357086614173
20
0.4904700393700787
11
0.9440936614173228
21
0.4927724015748031
0
LINE
8
BLACK
6
CONTINUOUS
10
0.9440936614173228
20
0.4927724015748031
11
0.9440937007874015
21
0.4927725196850394
0
LINE
8
BLACK
6
CONTINUOUS
10
0.9440937007874015
20
0.4927725196850394
11
0.9440937007874015
21
0.5006048425196851
0
LINE
8
BLACK
6
CONTINUOUS
10
0.9440937007874015
20
0.5006048425196851
11
0.9440999999999999
21
0.5006848818897638
0
LINE
8
BLACK
6
CONTINUOUS
10
0.9440999999999999
20
0.5006848818897638
11
0.9440999999999999
21
0.5041150787401575
0
LINE
8
BLACK
6
CONTINUOUS
10
0.9440999999999999
20
0.5041150787401575
11
0.9440937007874015
21
0.504195157480315
0
LINE
8
BLACK
6
CONTINUOUS
10
0.9440937007874015
20
0.504195157480315
11
0.9440937007874015
21
0.5120274015748031
0
LINE
8
BLACK
6
CONTINUOUS
10
0.9440937007874015
20
0.5120274015748031
11
0.9440937007874015
21
0.5120274803149606
0
LINE
8
BLACK
6
CONTINUOUS
10
0.9440937007874015
20
0.5120274803149606
11
0.9436357086614173
21
0.5143299606299212
0
LINE
8
BLACK
6
CONTINUOUS
10
0.9436357086614173
20
0.5143299606299212
11
0.9418910236220472
21
0.5169410236220472
0
LINE
8
BLACK
6
CONTINUOUS
10
0.9418910236220472
20
0.5169410236220472
11
0.9392799606299213
21
0.5186857086614173
0
LINE
8
BLACK
6
CONTINUOUS
10
0.9392799606299213
20
0.5186857086614173
11
0.9369774803149606
21
0.5191437007874016
0
LINE
8
BLACK
6
CONTINUOUS
10
0.9369774803149606
20
0.5191437007874016
11
0.9236225196850394
21
0.5191437007874016
0
LINE
8
BLACK
6
CONTINUOUS
10
0.9236225196850394
20
0.5191437007874016
11
0.9213200393700787
21
0.5186857086614173
0
LINE
8
BLACK
6
CONTINUOUS
10
0.9213200393700787
20
0.5186857086614173
11
0.9209811023622047
21
0.5185453149606299
0
LINE
8
BLACK
6
CONTINUOUS
10
0.9209811023622047
20
0.5185453149606299
11
0.9190827559055118
21
0.518167716535433
0
LINE
8
BLACK
6
CONTINUOUS
10
0.9190827559055118
20
0.518167716535433
11
0.8854844881889764
21
0.518167716535433
0
LINE
8
BLACK
6
CONTINUOUS
10
0.8854844881889764
20
0.518167716535433
11
0.8804897637795276
21
0.518167716535433
0
LINE
8
BLACK
6
CONTINUOUS
10
0.8804897637795276
20
0.518167716535433
11
0.8796657086614174
21
0.5178999606299213
0
LINE
8
BLACK
6
CONTINUOUS
10
0.8796657086614174
20
0.5178999606299213
11
0.8789096062992126
21
0.5177184251968504
0
LINE
8
BLACK
6
CONTINUOUS
10
0.8789096062992126
20
0.5177184251968504
11
0.8780538976377953
21
0.5175829133858267
0
LINE
8
BLACK
6
CONTINUOUS
10
0.8780538976377953
20
0.5175829133858267
11
0.8773818503937008
21
0.5172404724409448
0
LINE
8
BLACK
6
CONTINUOUS
10
0.8773818503937008
20
0.5172404724409448
11
0.8772822440944882
21
0.5171897244094488
0
LINE
8
BLACK
6
CONTINUOUS
10
0.8772822440944882
20
0.5171897244094488
11
0.8765629921259842
21
0.516891811023622
0
LINE
8
BLACK
6
CONTINUOUS
10
0.8765629921259842
20
0.516891811023622
11
0.8757394881889764
21
0.5166242519685039
0
LINE
8
BLACK
6
CONTINUOUS
10
0.8757394881889764
20
0.5166242519685039
11
0.8757394094488189
21
0.5166242125984252
0
LINE
8
BLACK
6
CONTINUOUS
10
0.8757394094488189
20
0.5166242125984252
11
0.8750388188976378
21
0.5161151968503936
0
LINE
8
BLACK
6
CONTINUOUS
10
0.8750388188976378
20
0.5161151968503936
11
0.8743750787401574
21
0.5157084645669291
0
LINE
8
BLACK
6
CONTINUOUS
10
0.8743750787401574
20
0.5157084645669291
11
0.8736035433070866
21
0.5153153543307086
0
LINE
8
BLACK
6
CONTINUOUS
10
0.8736035433070866
20
0.5153153543307086
11
0.8734440157480314
21
0.5151994488188977
0
LINE
8
BLACK
6
CONTINUOUS
10
0.8734440157480314
20
0.5151994488188977
11
0.8708114566929134
21
0.5142601181102362
0
LINE
8
BLACK
6
CONTINUOUS
10
0.8708114566929134
20
0.5142601181102362
11
0.868088937007874
21
0.5148931496062992
0
LINE
8
BLACK
6
CONTINUOUS
10
0.868088937007874
20
0.5148931496062992
11
0.8661408661417322
21
0.5168975984251969
0
LINE
8
BLACK
6
CONTINUOUS
10
0.8661408661417322
20
0.5168975984251969
11
0.8660895275590551
21
0.516997716535433
0
LINE
8
BLACK
6
CONTINUOUS
10
0.8660895275590551
20
0.516997716535433
11
0.8631597637795275
21
0.5228814566929134
0
LINE
8
BLACK
6
CONTINUOUS
10
0.8631597637795275
20
0.5228814566929134
11
0.8578811417322835
21
0.5298714960629921
0
LINE
8
BLACK
6
CONTINUOUS
10
0.8578811417322835
20
0.5298714960629921
11
0.8514079527559055
21
0.5357725984251969
0
LINE
8
BLACK
6
CONTINUOUS
10
0.8514079527559055
20
0.5357725984251969
11
0.8439606692913386
21
0.5403837401574803
0
LINE
8
BLACK
6
CONTINUOUS
10
0.8439606692913386
20
0.5403837401574803
11
0.8370551181102363
21
0.5430589763779528
0
LINE
8
BLACK
6
CONTINUOUS
10
0.8370551181102363
20
0.5430589763779528
11
0.8357931496062992
21
0.543547874015748
0
LINE
8
BLACK
6
CONTINUOUS
10
0.8357931496062992
20
0.543547874015748
11
0.8357930708661417
21
0.543547874015748
0
LINE
8
BLACK
6
CONTINUOUS
10
0.8357930708661417
20
0.543547874015748
11
0.8357929133858267
21
0.5435479527559055
0
LINE
8
BLACK
6
CONTINUOUS
10
0.8357929133858267
20
0.5435479527559055
11
0.8271827952755906
21
0.5451574803149606
0
LINE
8
BLACK
6
CONTINUOUS
10
0.8271827952755906
20
0.5451574803149606
11
0.8184235039370078
21
0.5451574803149606
0
LINE
8
BLACK
6
CONTINUOUS
10
0.8184235039370078
20
0.5451574803149606
11
0.8098133858267716
21
0.5435479527559055
0
LINE
8
BLACK
6
CONTINUOUS
10
0.8098133858267716
20
0.5435479527559055
11
0.8098132283464566
21
0.543547874015748
0
LINE
8
BLACK
6
CONTINUOUS
10
0.8098132283464566
20
0.543547874015748
11
0.8098131102362205
21
0.543547874015748
0
LINE
8
BLACK
6
CONTINUOUS
10
0.8098131102362205
20
0.543547874015748
11
0.8052042913385826
21
0.5417623622047244
0
LINE
8
BLACK
6
CONTINUOUS
10
0.8052042913385826
20
0.5417623622047244
11
0.8016456299212599
21
0.5403837401574803
0
LINE
8
BLACK
6
CONTINUOUS
10
0.8016456299212599
20
0.5403837401574803
11
0.8016452755905512
21
0.5403835039370078
0
LINE
8
BLACK
6
CONTINUOUS
10
0.8016452755905512
20
0.5403835039370078
11
0.801645157480315
21
0.5403834645669291
0
LINE
8
BLACK
6
CONTINUOUS
10
0.801645157480315
20
0.5403834645669291
11
0.7941983858267716
21
0.5357726377952756
0
LINE
8
BLACK
6
CONTINUOUS
10
0.7941983858267716
20
0.5357726377952756
11
0.7941983464566928
21
0.5357725984251969
0
LINE
8
BLACK
6
CONTINUOUS
10
0.7941983464566928
20
0.5357725984251969
11
0.7877250787401575
21
0.5298714566929134
0
LINE
8
BLACK
6
CONTINUOUS
10
0.7877250787401575
20
0.5298714566929134
11
0.7824465354330709
21
0.5228814566929134
0
LINE
8
BLACK
6
CONTINUOUS
10
0.7824465354330709
20
0.5228814566929134
11
0.7824463779527558
21
0.5228812598425197
0
LINE
8
BLACK
6
CONTINUOUS
10
0.7824463779527558
20
0.5228812598425197
11
0.7785422834645669
21
0.5150408267716535
0
LINE
8
BLACK
6
CONTINUOUS
10
0.7785422834645669
20
0.5150408267716535
11
0.7785420472440945
21
0.515040157480315
0
LINE
8
BLACK
6
CONTINUOUS
10
0.7785420472440945
20
0.515040157480315
11
0.7775744094488188
21
0.5116391732283464
0
LINE
8
BLACK
6
CONTINUOUS
10
0.7775744094488188
20
0.5116391732283464
11
0.7760830708661417
21
0.5092751181102362
0
LINE
8
BLACK
6
CONTINUOUS
10
0.7760830708661417
20
0.5092751181102362
11
0.7735503543307086
21
0.5080926771653543
0
LINE
8
BLACK
6
CONTINUOUS
10
0.7735503543307086
20
0.5080926771653543
11
0.7707804330708661
21
0.5084672047244094
0
LINE
8
BLACK
6
CONTINUOUS
10
0.7707804330708661
20
0.5084672047244094
11
0.7686526771653543
21
0.5102798031496063
0
LINE
8
BLACK
6
CONTINUOUS
10
0.7686526771653543
20
0.5102798031496063
11
0.7680318897637796
21
0.5116391732283464
0
LINE
8
BLACK
6
CONTINUOUS
10
0.7680318897637796
20
0.5116391732283464
11
0.7674564960629922
21
0.5136614173228347
0
LINE
8
BLACK
6
CONTINUOUS
10
0.7674564960629922
20
0.5136614173228347
11
0.7670641338582677
21
0.5150404724409449
0
LINE
8
BLACK
6
CONTINUOUS
10
0.7670641338582677
20
0.5150404724409449
11
0.7670639763779528
21
0.5150408267716535
0
LINE
8
BLACK
6
CONTINUOUS
10
0.7670639763779528
20
0.5150408267716535
11
0.7631598818897638
21
0.5228812598425197
0
LINE
8
BLACK
6
CONTINUOUS
10
0.7631598818897638
20
0.5228812598425197
11
0.7631598031496063
21
0.5228813779527559
0
LINE
8
BLACK
6
CONTINUOUS
10
0.7631598031496063
20
0.5228813779527559
11
0.7631597637795275
21
0.5228814566929134
0
LINE
8
BLACK
6
CONTINUOUS
10
0.7631597637795275
20
0.5228814566929134
11
0.7578811417322835
21
0.5298714960629921
0
LINE
8
BLACK
6
CONTINUOUS
10
0.7578811417322835
20
0.5298714960629921
11
0.7514079527559054
21
0.5357725984251969
0
LINE
8
BLACK
6
CONTINUOUS
10
0.7514079527559054
20
0.5357725984251969
11
0.7439606692913385
21
0.5403837401574803
0
LINE
8
BLACK
6
CONTINUOUS
10
0.7439606692913385
20
0.5403837401574803
11
0.7370551181102362
21
0.5430589763779528
0
LINE
8
BLACK
6
CONTINUOUS
10
0.7370551181102362
20
0.5430589763779528
11
0.7357931496062992
21
0.543547874015748
0
LINE
8
BLACK
6
CONTINUOUS
10
0.7357931496062992
20
0.543547874015748
11
0.7357930708661418
21
0.543547874015748
0
LINE
8
BLACK
6
CONTINUOUS
10
0.7357930708661418
20
0.543547874015748
11
0.7357929133858268
21
0.5435479527559055
0
LINE
8
BLACK
6
CONTINUOUS
10
0.7357929133858268
20
0.5435479527559055
11
0.7271827952755905
21
0.5451574803149606
0
LINE
8
BLACK
6
CONTINUOUS
10
0.7271827952755905
20
0.5451574803149606
11
0.7184235039370078
21
0.5451574803149606
0
LINE
8
BLACK
6
CONTINUOUS
10
0.7184235039370078
20
0.5451574803149606
11
0.7098133858267717
21
0.5435479527559055
0
LINE
8
BLACK
6
CONTINUOUS
10
0.7098133858267717
20
0.5435479527559055
11
0.7098132283464567
21
0.543547874015748
0
LINE
8
BLACK
6
CONTINUOUS
10
0.7098132283464567
20
0.543547874015748
11
0.7098131102362204
21
0.543547874015748
0
LINE
8
BLACK
6
CONTINUOUS
10
0.7098131102362204
20
0.543547874015748
11
0.7052042913385826
21
0.5417623622047244
0
LINE
8
BLACK
6
CONTINUOUS
10
0.7052042913385826
20
0.5417623622047244
11
0.7016456299212598
21
0.5403837401574803
0
LINE
8
BLACK
6
CONTINUOUS
10
0.7016456299212598
20
0.5403837401574803
11
0.7016452755905511
21
0.5403835039370078
0
LINE
8
BLACK
6
CONTINUOUS
10
0.7016452755905511
20
0.5403835039370078
11
0.701645157480315
21
0.5403834645669291
0
LINE
8
BLACK
6
CONTINUOUS
10
0.701645157480315
20
0.5403834645669291
11
0.6941983858267716
21
0.5357726377952756
0
LINE
8
BLACK
6
CONTINUOUS
10
0.6941983858267716
20
0.5357726377952756
11
0.6941983464566929
21
0.5357725984251969
0
LINE
8
BLACK
6
CONTINUOUS
10
0.6941983464566929
20
0.5357725984251969
11
0.6877250787401574
21
0.5298714566929134
0
LINE
8
BLACK
6
CONTINUOUS
10
0.6877250787401574
20
0.5298714566929134
11
0.6824465354330709
21
0.5228814566929134
0
LINE
8
BLACK
6
CONTINUOUS
10
0.6824465354330709
20
0.5228814566929134
11
0.6824463779527559
21
0.5228812598425197
0
LINE
8
BLACK
6
CONTINUOUS
10
0.6824463779527559
20
0.5228812598425197
11
0.6785422834645669
21
0.5150408267716535
0
LINE
8
BLACK
6
CONTINUOUS
10
0.6785422834645669
20
0.5150408267716535
11
0.6785420472440945
21
0.515040157480315
0
LINE
8
BLACK
6
CONTINUOUS
10
0.6785420472440945
20
0.515040157480315
11
0.6775744094488189
21
0.5116391732283464
0
LINE
8
BLACK
6
CONTINUOUS
10
0.6775744094488189
20
0.5116391732283464
11
0.6760830708661417
21
0.5092751181102362
0
LINE
8
BLACK
6
CONTINUOUS
10
0.6760830708661417
20
0.5092751181102362
11
0.6735503543307086
21
0.5080926771653543
0
LINE
8
BLACK
6
CONTINUOUS
10
0.6735503543307086
20
0.5080926771653543
11
0.6707804330708661
21
0.5084672047244094
0
LINE
8
BLACK
6
CONTINUOUS
10
0.6707804330708661
20
0.5084672047244094
11
0.6686526771653544
21
0.5102798031496063
0
LINE
8
BLACK
6
CONTINUOUS
10
0.6686526771653544
20
0.5102798031496063
11
0.6680318897637795
21
0.5116391732283464
0
LINE
8
BLACK
6
CONTINUOUS
10
0.6680318897637795
20
0.5116391732283464
11
0.6674564960629921
21
0.5136614173228347
0
LINE
8
BLACK
6
CONTINUOUS
10
0.6674564960629921
20
0.5136614173228347
11
0.6670641338582677
21
0.5150404724409449
0
LINE
8
BLACK
6
CONTINUOUS
10
0.6670641338582677
20
0.5150404724409449
11
0.6670639763779528
21
0.5150408267716535
0
LINE
8
BLACK
6
CONTINUOUS
10
0.6670639763779528
20
0.5150408267716535
11
0.6631598818897637
21
0.5228812598425197
0
LINE
8
BLACK
6
CONTINUOUS
10
0.6631598818897637
20
0.5228812598425197
11
0.6631598031496063
21
0.5228813779527559
0
LINE
8
BLACK
6
CONTINUOUS
10
0.6631598031496063
20
0.5228813779527559
11
0.6631597637795276
21
0.5228814566929134
0
LINE
8
BLACK
6
CONTINUOUS
10
0.6631597637795276
20
0.5228814566929134
11
0.6578811417322834
21
0.5298714960629921
0
LINE
8
BLACK
6
CONTINUOUS
10
0.6578811417322834
20
0.5298714960629921
11
0.6514079527559055
21
0.5357725984251969
0
LINE
8
BLACK
6
CONTINUOUS
10
0.6514079527559055
20
0.5357725984251969
11
0.6439606692913385
21
0.5403837401574803
0
LINE
8
BLACK
6
CONTINUOUS
10
0.6439606692913385
20
0.5403837401574803
11
0.6370551181102362
21
0.5430589763779528
0
LINE
8
BLACK
6
CONTINUOUS
10
0.6370551181102362
20
0.5430589763779528
11
0.6357931496062992
21
0.543547874015748
0
LINE
8
BLACK
6
CONTINUOUS
10
0.6357931496062992
20
0.543547874015748
11
0.6357930708661417
21
0.543547874015748
0
LINE
8
BLACK
6
CONTINUOUS
10
0.6357930708661417
20
0.543547874015748
11
0.6357929133858268
21
0.5435479527559055
0
LINE
8
BLACK
6
CONTINUOUS
10
0.6357929133858268
20
0.5435479527559055
11
0.6271827952755905
21
0.5451574803149606
0
LINE
8
BLACK
6
CONTINUOUS
10
0.6271827952755905
20
0.5451574803149606
11
0.6184235039370078
21
0.5451574803149606
0
LINE
8
BLACK
6
CONTINUOUS
10
0.6184235039370078
20
0.5451574803149606
11
0.6098133858267717
21
0.5435479527559055
0
LINE
8
BLACK
6
CONTINUOUS
10
0.6098133858267717
20
0.5435479527559055
11
0.6098132283464567
21
0.543547874015748
0
LINE
8
BLACK
6
CONTINUOUS
10
0.6098132283464567
20
0.543547874015748
11
0.6098131102362204
21
0.543547874015748
0
LINE
8
BLACK
6
CONTINUOUS
10
0.6098131102362204
20
0.543547874015748
11
0.6052042913385827
21
0.5417623622047244
0
LINE
8
BLACK
6
CONTINUOUS
10
0.6052042913385827
20
0.5417623622047244
11
0.6016456299212598
21
0.5403837401574803
0
LINE
8
BLACK
6
CONTINUOUS
10
0.6016456299212598
20
0.5403837401574803
11
0.6016452755905511
21
0.5403835039370078
0
LINE
8
BLACK
6
CONTINUOUS
10
0.6016452755905511
20
0.5403835039370078
11
0.601645157480315
21
0.5403834645669291
0
LINE
8
BLACK
6
CONTINUOUS
10
0.601645157480315
20
0.5403834645669291
11
0.5941983858267716
21
0.5357726377952756
0
LINE
8
BLACK
6
CONTINUOUS
10
0.5941983858267716
20
0.5357726377952756
11
0.5941983464566929
21
0.5357725984251969
0
LINE
8
BLACK
6
CONTINUOUS
10
0.5941983464566929
20
0.5357725984251969
11
0.5877250787401574
21
0.5298714566929134
0
LINE
8
BLACK
6
CONTINUOUS
10
0.5877250787401574
20
0.5298714566929134
11
0.5824465354330709
21
0.5228814566929134
0
LINE
8
BLACK
6
CONTINUOUS
10
0.5824465354330709
20
0.5228814566929134
11
0.5824464960629921
21
0.5228813779527559
0
LINE
8
BLACK
6
CONTINUOUS
10
0.5824464960629921
20
0.5228813779527559
11
0.5811849212598426
21
0.520347874015748
0
LINE
8
BLACK
6
CONTINUOUS
10
0.5811849212598426
20
0.520347874015748
11
0.5792845669291339
21
0.5182981496062992
0
LINE
8
BLACK
6
CONTINUOUS
10
0.5792845669291339
20
0.5182981496062992
11
0.5767443700787401
21
0.5175984251968504
0
LINE
8
BLACK
6
CONTINUOUS
10
0.5767443700787401
20
0.5175984251968504
11
0.5323229921259842
21
0.5175984251968504
0
LINE
8
BLACK
6
CONTINUOUS
10
0.5323229921259842
20
0.5175984251968504
11
0.529641062992126
21
0.518385905511811
0
LINE
8
BLACK
6
CONTINUOUS
10
0.529641062992126
20
0.518385905511811
11
0.5288153149606299
21
0.5190513779527559
0
LINE
8
BLACK
6
CONTINUOUS
10
0.5288153149606299
20
0.5190513779527559
11
0.4791576771653543
21
0.5687090157480315
0
LINE
8
BLACK
6
CONTINUOUS
10
0.4791576771653543
20
0.5687090157480315
11
0.4778180708661417
21
0.5711622440944881
0
LINE
8
BLACK
6
CONTINUOUS
10
0.4778180708661417
20
0.5711622440944881
11
0.4777047244094488
21
0.5722166929133858
0
LINE
8
BLACK
6
CONTINUOUS
10
0.4777047244094488
20
0.5722166929133858
11
0.4777047244094488
21
0.6799999606299213
0
LINE
8
BLACK
6
CONTINUOUS
10
0.4777047244094488
20
0.6799999606299213
11
0.4777047244094488
21
0.7037833070866142
0
LINE
8
BLACK
6
CONTINUOUS
10
0.4777047244094488
20
0.7037833070866142
11
0.4784922047244095
21
0.7064652362204724
0
LINE
8
BLACK
6
CONTINUOUS
10
0.4784922047244095
20
0.7064652362204724
11
0.4791576771653543
21
0.7072909842519685
0
LINE
8
BLACK
6
CONTINUOUS
10
0.4791576771653543
20
0.7072909842519685
11
0.5107090157480315
21
0.7388423228346457
0
LINE
8
BLACK
6
CONTINUOUS
10
0.5107090157480315
20
0.7388423228346457
11
0.5131622440944882
21
0.7401819291338583
0
LINE
8
BLACK
6
CONTINUOUS
10
0.5131622440944882
20
0.7401819291338583
11
0.5142166929133858
21
0.7402952755905512
0
LINE
8
BLACK
6
CONTINUOUS
10
0.5142166929133858
20
0.7402952755905512
11
0.6221456692913385
21
0.7402952755905512
0
LINE
8
BLACK
6
CONTINUOUS
10
0.6221456692913385
20
0.7402952755905512
11
0.6248275984251969
21
0.7395077952755905
0
LINE
8
BLACK
6
CONTINUOUS
10
0.6248275984251969
20
0.7395077952755905
11
0.626658031496063
21
0.7373953543307087
0
LINE
8
BLACK
6
CONTINUOUS
10
0.626658031496063
20
0.7373953543307087
11
0.6271062992125984
21
0.7353346456692913
0
LINE
8
BLACK
6
CONTINUOUS
10
0.6271062992125984
20
0.7353346456692913
11
0.6271062992125984
21
0.7317224015748032
0
LINE
8
BLACK
6
CONTINUOUS
10
0.6271062992125984
20
0.7317224015748032
11
0.627564251968504
21
0.7294201181102362
0
LINE
8
BLACK
6
CONTINUOUS
10
0.627564251968504
20
0.7294201181102362
11
0.6275642913385827
21
0.72942
0
LINE
8
BLACK
6
CONTINUOUS
10
0.6275642913385827
20
0.72942
11
0.6293089763779527
21
0.7268089763779527
0
LINE
8
BLACK
6
CONTINUOUS
10
0.6293089763779527
20
0.7268089763779527
11
0.63192
21
0.7250642913385826
0
LINE
8
BLACK
6
CONTINUOUS
10
0.63192
20
0.7250642913385826
11
0.6319201181102362
21
0.7250642519685039
0
LINE
8
BLACK
6
CONTINUOUS
10
0.6319201181102362
20
0.7250642519685039
11
0.6342224015748031
21
0.7246062992125984
0
LINE
8
BLACK
6
CONTINUOUS
10
0.6342224015748031
20
0.7246062992125984
11
0.6342225196850394
21
0.7246062992125984
0
LINE
8
BLACK
6
CONTINUOUS
10
0.6342225196850394
20
0.7246062992125984
11
0.670777559055118
21
0.7246062992125984
0
LINE
8
BLACK
6
CONTINUOUS
10
0.670777559055118
20
0.7246062992125984
11
0.673079842519685
21
0.7250642519685039
0
LINE
8
BLACK
6
CONTINUOUS
10
0.673079842519685
20
0.7250642519685039
11
0.6730799606299213
21
0.7250642913385826
0
LINE
8
BLACK
6
CONTINUOUS
10
0.6730799606299213
20
0.7250642913385826
11
0.6744092519685039
21
0.7259525196850394
0
LINE
8
BLACK
6
CONTINUOUS
10
0.6744092519685039
20
0.7259525196850394
11
0.6756910236220472
21
0.7268089763779527
0
LINE
8
BLACK
6
CONTINUOUS
10
0.6756910236220472
20
0.7268089763779527
11
0.6774357086614173
21
0.7294200393700787
0
LINE
8
BLACK
6
CONTINUOUS
10
0.6774357086614173
20
0.7294200393700787
11
0.6778937007874015
21
0.7317225196850393
0
LINE
8
BLACK
6
CONTINUOUS
10
0.6778937007874015
20
0.7317225196850393
11
0.6778937007874015
21
0.7882774803149606
0
LINE
8
BLACK
6
CONTINUOUS
10
0.6778937007874015
20
0.7882774803149606
11
0.6774357086614173
21
0.7905799606299212
0
LINE
8
BLACK
6
CONTINUOUS
10
0.6774357086614173
20
0.7905799606299212
11
0.6756910236220472
21
0.7931910236220472
0
LINE
8
BLACK
6
CONTINUOUS
10
0.6756910236220472
20
0.7931910236220472
11
0.6744093307086614
21
0.7940474015748031
0
LINE
8
BLACK
6
CONTINUOUS
10
0.6744093307086614
20
0.7940474015748031
11
0.6726169291338583
21
0.7961921653543307
0
LINE
8
BLACK
6
CONTINUOUS
10
0.6726169291338583
20
0.7961921653543307
11
0.6722047244094488
21
0.7981720078740158
0
LINE
8
BLACK
6
CONTINUOUS
10
0.6722047244094488
20
0.7981720078740158
11
0.6722047244094488
21
0.9071456692913386
0
LINE
8
BLACK
6
CONTINUOUS
10
0.6722047244094488
20
0.9071456692913386
11
0.6729922047244095
21
0.9098275984251968
0
LINE
8
BLACK
6
CONTINUOUS
10
0.6729922047244095
20
0.9098275984251968
11
0.6751046456692913
21
0.9116580314960629
0
LINE
8
BLACK
6
CONTINUOUS
10
0.6751046456692913
20
0.9116580314960629
11
0.6771653543307087
21
0.9121062992125984
0
LINE
8
BLACK
6
CONTINUOUS
10
0.6771653543307087
20
0.9121062992125984
11
0.6807775590551181
21
0.9121062992125984
0
LINE
8
BLACK
6
CONTINUOUS
10
0.6807775590551181
20
0.9121062992125984
11
0.683079842519685
21
0.9125642519685039
0
LINE
8
BLACK
6
CONTINUOUS
10
0.683079842519685
20
0.9125642519685039
11
0.6830799606299213
21
0.9125642913385826
0
LINE
8
BLACK
6
CONTINUOUS
10
0.6830799606299213
20
0.9125642913385826
11
0.6856910236220473
21
0.9143089763779527
0
LINE
8
BLACK
6
CONTINUOUS
10
0.6856910236220473
20
0.9143089763779527
11
0.6874357086614173
21
0.9169200393700787
0
LINE
8
BLACK
6
CONTINUOUS
10
0.6874357086614173
20
0.9169200393700787
11
0.6878937007874015
21
0.9192225196850393
0
LINE
8
BLACK
6
CONTINUOUS
10
0.6878937007874015
20
0.9192225196850393
11
0.6878937007874015
21
0.9807774803149606
0
LINE
8
BLACK
6
CONTINUOUS
10
0.6878937007874015
20
0.9807774803149606
11
0.6874357086614173
21
0.9830799606299212
0
LINE
8
BLACK
6
CONTINUOUS
10
0.6874357086614173
20
0.9830799606299212
11
0.6856910236220473
21
0.9856910236220472
0
LINE
8
BLACK
6
CONTINUOUS
10
0.6856910236220473
20
0.9856910236220472
11
0.6830799606299213
21
0.9874357086614173
0
LINE
8
BLACK
6
CONTINUOUS
10
0.6830799606299213
20
0.9874357086614173
11
0.6807774803149607
21
0.9878937007874016
0
LINE
8
BLACK
6
CONTINUOUS
10
0.6807774803149607
20
0.9878937007874016
11
0.6807774409448819
21
0.9878937007874016
0
LINE
8
BLACK
6
CONTINUOUS
10
0.6807774409448819
20
0.9878937007874016
11
0.6746653543307086
21
0.9878937007874016
0
LINE
8
BLACK
6
CONTINUOUS
10
0.6746653543307086
20
0.9878937007874016
11
0.6719834251968504
21
0.9886811811023621
0
LINE
8
BLACK
6
CONTINUOUS
10
0.6719834251968504
20
0.9886811811023621
11
0.6701529921259842
21
0.9907936220472441
0
LINE
8
BLACK
6
CONTINUOUS
10
0.6701529921259842
20
0.9907936220472441
11
0.6697047244094488
21
0.9928543307086614
0
LINE
8
BLACK
6
CONTINUOUS
10
0.6697047244094488
20
0.9928543307086614
11
0.6697047244094488
21
1.0071456692913385
0
LINE
8
BLACK
6
CONTINUOUS
10
0.6697047244094488
20
1.0071456692913385
11
0.6704922047244094
21
1.0098275984251968
0
LINE
8
BLACK
6
CONTINUOUS
10
0.6704922047244094
20
1.0098275984251968
11
0.6726046456692913
21
1.011658031496063
0
LINE
8
BLACK
6
CONTINUOUS
10
0.6726046456692913
20
1.011658031496063
11
0.6746653543307086
21
1.0121062992125984
0
LINE
8
BLACK
6
CONTINUOUS
10
0.6746653543307086
20
1.0121062992125984
11
0.6807775590551181
21
1.0121062992125984
0
LINE
8
BLACK
6
CONTINUOUS
10
0.6807775590551181
20
1.0121062992125984
11
0.683079842519685
21
1.0125642519685039
0
LINE
8
BLACK
6
CONTINUOUS
10
0.683079842519685
20
1.0125642519685039
11
0.6830799606299213
21
1.0125642913385826
0
LINE
8
BLACK
6
CONTINUOUS
10
0.6830799606299213
20
1.0125642913385826
11
0.6856910236220473
21
1.0143089763779527
0
LINE
8
BLACK
6
CONTINUOUS
10
0.6856910236220473
20
1.0143089763779527
11
0.6874357086614173
21
1.0169200393700788
0
LINE
8
BLACK
6
CONTINUOUS
10
0.6874357086614173
20
1.0169200393700788
11
0.6878937007874015
21
1.0192225196850393
0
LINE
8
BLACK
6
CONTINUOUS
10
0.6878937007874015
20
1.0192225196850393
11
0.6878937007874015
21
1.0807774803149606
0
LINE
8
BLACK
6
CONTINUOUS
10
0.6878937007874015
20
1.0807774803149606
11
0.6874357086614173
21
1.0830799606299213
0
LINE
8
BLACK
6
CONTINUOUS
10
0.6874357086614173
20
1.0830799606299213
11
0.6856910236220473
21
1.0856910236220472
0
LINE
8
BLACK
6
CONTINUOUS
10
0.6856910236220473
20
1.0856910236220472
11
0.6830799606299213
21
1.0874357086614173
0
LINE
8
BLACK
6
CONTINUOUS
10
0.6830799606299213
20
1.0874357086614173
11
0.6807774803149607
21
1.0878937007874014
0
LINE
8
BLACK
6
CONTINUOUS
10
0.6807774803149607
20
1.0878937007874014
11
0.6192225196850394
21
1.0878937007874014
0
LINE
8
BLACK
6
CONTINUOUS
10
0.6192225196850394
20
1.0878937007874014
11
0.6169200393700788
21
1.0874357086614173
0
LINE
8
BLACK
6
CONTINUOUS
10
1.7125642519685038
20
0.4169201181102362
11
1.7125642913385826
21
0.41692
0
LINE
8
BLACK
6
CONTINUOUS
10
1.7125642913385826
20
0.41692
11
1.7143089763779527
21
0.4143089763779527
0
LINE
8
BLACK
6
CONTINUOUS
10
1.7143089763779527
20
0.4143089763779527
11
1.71692
21
0.4125642913385827
0
LINE
8
BLACK
6
CONTINUOUS
10
1.71692
20
0.4125642913385827
11
1.7169201181102363
21
0.4125642519685039
0
LINE
8
BLACK
6
CONTINUOUS
10
1.7169201181102363
20
0.4125642519685039
11
1.7192224015748032
21
0.4121062992125984
0
LINE
8
BLACK
6
CONTINUOUS
10
1.7192224015748032
20
0.4121062992125984
11
1.7192225196850393
21
0.4121062992125984
0
LINE
8
BLACK
6
CONTINUOUS
10
1.7192225196850393
20
0.4121062992125984
11
1.780777559055118
21
0.4121062992125984
0
LINE
8
BLACK
6
CONTINUOUS
10
1.780777559055118
20
0.4121062992125984
11
1.783079842519685
21
0.4125642519685039
0
LINE
8
BLACK
6
CONTINUOUS
10
1.783079842519685
20
0.4125642519685039
11
1.7830799606299212
21
0.4125642913385827
0
LINE
8
BLACK
6
CONTINUOUS
10
1.7830799606299212
20
0.4125642913385827
11
1.7856910236220471
21
0.4143089763779527
0
LINE
8
BLACK
6
CONTINUOUS
10
1.7856910236220471
20
0.4143089763779527
11
1.7874357086614172
21
0.4169200393700787
0
LINE
8
BLACK
6
CONTINUOUS
10
1.7874357086614172
20
0.4169200393700787
11
1.7878936614173229
21
0.4192224015748031
0
LINE
8
BLACK
6
CONTINUOUS
10
1.7878936614173229
20
0.4192224015748031
11
1.7878937007874016
21
0.4192225196850394
0
LINE
8
BLACK
6
CONTINUOUS
10
1.7878937007874016
20
0.4192225196850394
11
1.7878937007874016
21
0.4807774803149606
0
LINE
8
BLACK
6
CONTINUOUS
10
1.7878937007874016
20
0.4807774803149606
11
1.7874357086614172
21
0.4830799606299213
0
LINE
8
BLACK
6
CONTINUOUS
10
1.7874357086614172
20
0.4830799606299213
11
1.7856910236220471
21
0.4856910236220472
0
LINE
8
BLACK
6
CONTINUOUS
10
1.7856910236220471
20
0.4856910236220472
11
1.7830799606299212
21
0.4874357086614173
0
LINE
8
BLACK
6
CONTINUOUS
10
1.7830799606299212
20
0.4874357086614173
11
1.7807774803149605
21
0.4878937007874016
0
LINE
8
BLACK
6
CONTINUOUS
10
1.7807774803149605
20
0.4878937007874016
11
1.7192225196850393
21
0.4878937007874016
0
LINE
8
BLACK
6
CONTINUOUS
10
1.7192225196850393
20
0.4878937007874016
11
1.7169200393700788
21
0.4874357086614173
0
LINE
8
BLACK
6
CONTINUOUS
10
1.7169200393700788
20
0.4874357086614173
11
1.7143089763779527
21
0.4856910236220472
0
LINE
8
BLACK
6
CONTINUOUS
10
1.7143089763779527
20
0.4856910236220472
11
1.7125642913385826
21
0.4830799606299213
0
LINE
8
BLACK
6
CONTINUOUS
10
1.7125642913385826
20
0.4830799606299213
11
1.7125642519685038
21
0.4830798818897638
0
LINE
8
BLACK
6
CONTINUOUS
10
1.7125642519685038
20
0.4830798818897638
11
1.7125642519685038
21
0.4830798425196851
0
LINE
8
BLACK
6
CONTINUOUS
10
1.7125642519685038
20
0.4830798425196851
11
1.7121062992125984
21
0.4807775590551181
0
LINE
8
BLACK
6
CONTINUOUS
10
1.7121062992125984
20
0.4807775590551181
11
1.7121062992125984
21
0.4192224015748031
0
LINE
8
BLACK
6
CONTINUOUS
10
1.7121062992125984
20
0.4192224015748031
11
1.7125642519685038
21
0.4169201181102362
0
LINE
8
BLACK
6
CONTINUOUS
10
1.8125642519685039
20
0.4169201181102362
11
1.8125642913385827
21
0.41692
0
LINE
8
BLACK
6
CONTINUOUS
10
1.8125642913385827
20
0.41692
11
1.8143089763779527
21
0.4143089763779527
0
LINE
8
BLACK
6
CONTINUOUS
10
1.8143089763779527
20
0.4143089763779527
11
1.8169199999999999
21
0.4125642913385827
0
LINE
8
BLACK
6
CONTINUOUS
10
1.8169199999999999
20
0.4125642913385827
11
1.8169201181102361
21
0.4125642519685039
0
LINE
8
BLACK
6
CONTINUOUS
10
1.8169201181102361
20
0.4125642519685039
11
1.8192224015748031
21
0.4121062992125984
0
LINE
8
BLACK
6
CONTINUOUS
10
1.8192224015748031
20
0.4121062992125984
11
1.8192225196850393
21
0.4121062992125984
0
LINE
8
BLACK
6
CONTINUOUS
10
1.8192225196850393
20
0.4121062992125984
11
1.8807775590551181
21
0.4121062992125984
0
LINE
8
BLACK
6
CONTINUOUS
10
1.8807775590551181
20
0.4121062992125984
11
1.8830798425196851
21
0.4125642519685039
0
LINE
8
BLACK
6
CONTINUOUS
10
1.8830798425196851
20
0.4125642519685039
11
1.8830799606299211
21
0.4125642913385827
0
LINE
8
BLACK
6
CONTINUOUS
10
1.8830799606299211
20
0.4125642913385827
11
1.8856910236220472
21
0.4143089763779527
0
LINE
8
BLACK
6
CONTINUOUS
10
1.8856910236220472
20
0.4143089763779527
11
1.8874357086614173
21
0.4169200393700787
0
LINE
8
BLACK
6
CONTINUOUS
10
1.8874357086614173
20
0.4169200393700787
11
1.8878937007874015
21
0.4192225196850394
0
LINE
8
BLACK
6
CONTINUOUS
10
1.8878937007874015
20
0.4192225196850394
11
1.8878937007874015
21
0.4807774803149606
0
LINE
8
BLACK
6
CONTINUOUS
10
1.8878937007874015
20
0.4807774803149606
11
1.8874357086614173
21
0.4830799606299213
0
LINE
8
BLACK
6
CONTINUOUS
10
1.8874357086614173
20
0.4830799606299213
11
1.8856910236220472
21
0.4856910236220472
0
LINE
8
BLACK
6
CONTINUOUS
10
1.8856910236220472
20
0.4856910236220472
11
1.8830799606299211
21
0.4874357086614173
0
LINE
8
BLACK
6
CONTINUOUS
10
1.8830799606299211
20
0.4874357086614173
11
1.8807774803149606
21
0.4878937007874016
0
LINE
8
BLACK
6
CONTINUOUS
10
1.8807774803149606
20
0.4878937007874016
11
1.8192225196850393
21
0.4878937007874016
0
LINE
8
BLACK
6
CONTINUOUS
10
1.8192225196850393
20
0.4878937007874016
11
1.8169200393700786
21
0.4874357086614173
0
LINE
8
BLACK
6
CONTINUOUS
10
1.8169200393700786
20
0.4874357086614173
11
1.8143089763779527
21
0.4856910236220472
0
LINE
8
BLACK
6
CONTINUOUS
10
1.8143089763779527
20
0.4856910236220472
11
1.8125642913385827
21
0.4830799606299213
0
LINE
8
BLACK
6
CONTINUOUS
10
1.8125642913385827
20
0.4830799606299213
11
1.8125642519685039
21
0.4830798818897638
0
LINE
8
BLACK
6
CONTINUOUS
10
1.8125642519685039
20
0.4830798818897638
11
1.8125642519685039
21
0.4830798425196851
0
LINE
8
BLACK
6
CONTINUOUS
10
1.8125642519685039
20
0.4830798425196851
11
1.8121062992125985
21
0.4807775590551181
0
LINE
8
BLACK
6
CONTINUOUS
10
1.8121062992125985
20
0.4807775590551181
11
1.8121062992125985
21
0.4192224015748031
0
LINE
8
BLACK
6
CONTINUOUS
10
1.8121062992125985
20
0.4192224015748031
11
1.8125642519685039
21
0.4169201181102362
0
LINE
8
BLACK
6
CONTINUOUS
10
0.9607200393700788
20
0.5186857086614173
11
0.9581089763779528
21
0.5169410236220472
0
LINE
8
BLACK
6
CONTINUOUS
10
0.9581089763779528
20
0.5169410236220472
11
0.9564294881889763
21
0.5144275590551181
0
LINE
8
BLACK
6
CONTINUOUS
10
0.9564294881889763
20
0.5144275590551181
11
0.9563642913385827
21
0.5143299606299212
0
LINE
8
BLACK
6
CONTINUOUS
10
0.9563642913385827
20
0.5143299606299212
11
0.9563642519685039
21
0.5143298425196851
0
LINE
8
BLACK
6
CONTINUOUS
10
0.9563642519685039
20
0.5143298425196851
11
0.9559062992125984
21
0.5120275590551181
0
LINE
8
BLACK
6
CONTINUOUS
10
0.9559062992125984
20
0.5120275590551181
11
0.9559062992125984
21
0.4927724015748031
0
LINE
8
BLACK
6
CONTINUOUS
10
0.9559062992125984
20
0.4927724015748031
11
0.9563642519685039
21
0.4904701181102362
0
LINE
8
BLACK
6
CONTINUOUS
10
0.9563642519685039
20
0.4904701181102362
11
0.9563642913385827
21
0.49047
0
LINE
8
BLACK
6
CONTINUOUS
10
0.9563642913385827
20
0.49047
11
0.9581089763779528
21
0.4878589763779527
0
LINE
8
BLACK
6
CONTINUOUS
10
0.9581089763779528
20
0.4878589763779527
11
0.96072
21
0.4861142913385827
0
LINE
8
BLACK
6
CONTINUOUS
10
0.96072
20
0.4861142913385827
11
0.9607201181102362
21
0.4861142519685039
0
LINE
8
BLACK
6
CONTINUOUS
10
0.9607201181102362
20
0.4861142519685039
11
0.9630224015748031
21
0.4856562992125984
0
LINE
8
BLACK
6
CONTINUOUS
10
0.9630224015748031
20
0.4856562992125984
11
0.9630225196850394
21
0.4856562992125984
0
LINE
8
BLACK
6
CONTINUOUS
10
0.9630225196850394
20
0.4856562992125984
11
0.9763775590551181
21
0.4856562992125984
0
LINE
8
BLACK
6
CONTINUOUS
10
0.9763775590551181
20
0.4856562992125984
11
0.978679842519685
21
0.4861142519685039
0
LINE
8
BLACK
6
CONTINUOUS
10
0.978679842519685
20
0.4861142519685039
11
0.9786799606299212
21
0.4861142913385827
0
LINE
8
BLACK
6
CONTINUOUS
10
0.9786799606299212
20
0.4861142913385827
11
0.9792855511811024
21
0.486518937007874
0
LINE
8
BLACK
6
CONTINUOUS
10
0.9792855511811024
20
0.486518937007874
11
0.9812910236220472
21
0.4878589763779527
0
LINE
8
BLACK
6
CONTINUOUS
10
0.9812910236220472
20
0.4878589763779527
11
0.9830357086614173
21
0.4904700393700787
0
LINE
8
BLACK
6
CONTINUOUS
10
0.9830357086614173
20
0.4904700393700787
11
0.9834937007874015
21
0.4927725196850394
0
LINE
8
BLACK
6
CONTINUOUS
10
0.9834937007874015
20
0.4927725196850394
11
0.9834937007874015
21
0.5120274803149606
0
LINE
8
BLACK
6
CONTINUOUS
10
0.9834937007874015
20
0.5120274803149606
11
0.9830357086614173
21
0.5143299606299212
0
LINE
8
BLACK
6
CONTINUOUS
10
0.9830357086614173
20
0.5143299606299212
11
0.9812910236220472
21
0.5169410236220472
0
LINE
8
BLACK
6
CONTINUOUS
10
0.9812910236220472
20
0.5169410236220472
11
0.9786799606299212
21
0.5186857086614173
0
LINE
8
BLACK
6
CONTINUOUS
10
0.9786799606299212
20
0.5186857086614173
11
0.9763774803149606
21
0.5191437007874016
0
LINE
8
BLACK
6
CONTINUOUS
10
0.9763774803149606
20
0.5191437007874016
11
0.9630225196850394
21
0.5191437007874016
0
LINE
8
BLACK
6
CONTINUOUS
10
0.9630225196850394
20
0.5191437007874016
11
0.9607200393700788
21
0.5186857086614173
0
LINE
8
BLACK
6
CONTINUOUS
10
1.8125642519685039
20
0.5169201181102362
11
1.8125642913385827
21
0.5169199999999999
0
LINE
8
BLACK
6
CONTINUOUS
10
1.8125642913385827
20
0.5169199999999999
11
1.8143089763779527
21
0.5143089763779527
0
LINE
8
BLACK
6
CONTINUOUS
10
1.8143089763779527
20
0.5143089763779527
11
1.8169199999999999
21
0.5125642913385826
0
LINE
8
BLACK
6
CONTINUOUS
10
1.8169199999999999
20
0.5125642913385826
11
1.8169201181102361
21
0.512564251968504
0
LINE
8
BLACK
6
CONTINUOUS
10
1.8169201181102361
20
0.512564251968504
11
1.8192224015748031
21
0.5121062992125984
0
LINE
8
BLACK
6
CONTINUOUS
10
1.8192224015748031
20
0.5121062992125984
11
1.8192225196850393
21
0.5121062992125984
0
LINE
8
BLACK
6
CONTINUOUS
10
1.8192225196850393
20
0.5121062992125984
11
1.8807775590551181
21
0.5121062992125984
0
LINE
8
BLACK
6
CONTINUOUS
10
1.8807775590551181
20
0.5121062992125984
11
1.8830798425196851
21
0.512564251968504
0
LINE
8
BLACK
6
CONTINUOUS
10
1.8830798425196851
20
0.512564251968504
11
1.8830799606299211
21
0.5125642913385826
0
LINE
8
BLACK
6
CONTINUOUS
10
1.8830799606299211
20
0.5125642913385826
11
1.8847218897637794
21
0.5136614173228347
0
LINE
8
BLACK
6
CONTINUOUS
10
1.8847218897637794
20
0.5136614173228347
11
1.8856910236220472
21
0.5143089763779527
0
LINE
8
BLACK
6
CONTINUOUS
10
1.8856910236220472
20
0.5143089763779527
11
1.8874357086614173
21
0.5169200393700787
0
LINE
8
BLACK
6
CONTINUOUS
10
1.8874357086614173
20
0.5169200393700787
11
1.8878937007874015
21
0.5192225196850394
0
LINE
8
BLACK
6
CONTINUOUS
10
1.8878937007874015
20
0.5192225196850394
11
1.8878937007874015
21
0.5807774803149606
0
LINE
8
BLACK
6
CONTINUOUS
10
1.8878937007874015
20
0.5807774803149606
11
1.8874357086614173
21
0.5830799606299213
0
LINE
8
BLACK
6
CONTINUOUS
10
1.8874357086614173
20
0.5830799606299213
11
1.8856910236220472
21
0.5856910236220473
0
LINE
8
BLACK
6
CONTINUOUS
10
1.8856910236220472
20
0.5856910236220473
11
1.8830799606299211
21
0.5874357086614173
0
LINE
8
BLACK
6
CONTINUOUS
10
1.8830799606299211
20
0.5874357086614173
11
1.8807774803149606
21
0.5878937007874016
0
LINE
8
BLACK
6
CONTINUOUS
10
1.8807774803149606
20
0.5878937007874016
11
1.8192225196850393
21
0.5878937007874016
0
LINE
8
BLACK
6
CONTINUOUS
10
1.8192225196850393
20
0.5878937007874016
11
1.8169200393700786
21
0.5874357086614173
0
LINE
8
BLACK
6
CONTINUOUS
10
1.8169200393700786
20
0.5874357086614173
11
1.8143089763779527
21
0.5856910236220473
0
LINE
8
BLACK
6
CONTINUOUS
10
1.8143089763779527
20
0.5856910236220473
11
1.8125642913385827
21
0.5830799606299213
0
LINE
8
BLACK
6
CONTINUOUS
10
1.8125642913385827
20
0.5830799606299213
11
1.8125642519685039
21
0.5830798818897638
0
LINE
8
BLACK
6
CONTINUOUS
10
1.8125642519685039
20
0.5830798818897638
11
1.8125642519685039
21
0.583079842519685
0
LINE
8
BLACK
6
CONTINUOUS
10
1.8125642519685039
20
0.583079842519685
11
1.8121062992125985
21
0.5807775590551181
0
LINE
8
BLACK
6
CONTINUOUS
10
1.8121062992125985
20
0.5807775590551181
11
1.8121062992125985
21
0.5192224015748031
0
LINE
8
BLACK
6
CONTINUOUS
10
1.8121062992125985
20
0.5192224015748031
11
1.8125642519685039
21
0.5169201181102362
0
LINE
8
BLACK
6
CONTINUOUS
10
0.5069667322834646
20
0.6738283070866141
11
0.509348937007874
21
0.6680771653543307
0
LINE
8
BLACK
6
CONTINUOUS
10
0.509348937007874
20
0.6680771653543307
11
0.5093490157480315
21
0.6680770472440944
0
LINE
8
BLACK
6
CONTINUOUS
10
0.5093490157480315
20
0.6680770472440944
11
0.5131385039370079
21
0.6631385039370079
0
LINE
8
BLACK
6
CONTINUOUS
10
0.5131385039370079
20
0.6631385039370079
11
0.5180770472440944
21
0.6593490157480315
0
LINE
8
BLACK
6
CONTINUOUS
10
0.5180770472440944
20
0.6593490157480315
11
0.5180771653543307
21
0.659348937007874
0
LINE
8
BLACK
6
CONTINUOUS
10
0.5180771653543307
20
0.659348937007874
11
0.5238283070866142
21
0.6569667322834646
0
LINE
8
BLACK
6
CONTINUOUS
10
0.5238283070866142
20
0.6569667322834646
11
0.53
21
0.656154251968504
0
LINE
8
BLACK
6
CONTINUOUS
10
0.53
20
0.656154251968504
11
0.5312272834645669
21
0.6563158267716536
0
LINE
8
BLACK
6
CONTINUOUS
10
0.5312272834645669
20
0.6563158267716536
11
0.5318747637795276
21
0.6563582677165354
0
LINE
8
BLACK
6
CONTINUOUS
10
0.5318747637795276
20
0.6563582677165354
11
0.6781252362204724
21
0.6563582677165354
0
LINE
8
BLACK
6
CONTINUOUS
10
0.6781252362204724
20
0.6563582677165354
11
0.6787726771653543
21
0.6563158267716536
0
LINE
8
BLACK
6
CONTINUOUS
10
0.6787726771653543
20
0.6563158267716536
11
0.6799999999999999
21
0.656154251968504
0
LINE
8
BLACK
6
CONTINUOUS
10
0.6799999999999999
20
0.656154251968504
11
0.6861716535433071
21
0.6569667322834646
0
LINE
8
BLACK
6
CONTINUOUS
10
0.6861716535433071
20
0.6569667322834646
11
0.690237874015748
21
0.6586510236220472
0
LINE
8
BLACK
6
CONTINUOUS
10
0.690237874015748
20
0.6586510236220472
11
0.691922874015748
21
0.6593489763779528
0
LINE
8
BLACK
6
CONTINUOUS
10
0.691922874015748
20
0.6593489763779528
11
0.6919229527559055
21
0.6593490157480315
0
LINE
8
BLACK
6
CONTINUOUS
10
0.6919229527559055
20
0.6593490157480315
11
0.6926800787401575
21
0.65993
0
LINE
8
BLACK
6
CONTINUOUS
10
0.6926800787401575
20
0.65993
11
0.6926801181102362
21
0.6599300393700788
0
LINE
8
BLACK
6
CONTINUOUS
10
0.6926801181102362
20
0.6599300393700788
11
0.6940637007874015
21
0.6609916929133858
0
LINE
8
BLACK
6
CONTINUOUS
10
0.6940637007874015
20
0.6609916929133858
11
0.6966708267716535
21
0.6619995669291339
0
LINE
8
BLACK
6
CONTINUOUS
10
0.6966708267716535
20
0.6619995669291339
11
0.699408937007874
21
0.6614379527559054
0
LINE
8
BLACK
6
CONTINUOUS
10
0.699408937007874
20
0.6614379527559054
11
0.7014087795275591
21
0.659485157480315
0
LINE
8
BLACK
6
CONTINUOUS
10
0.7014087795275591
20
0.659485157480315
11
0.7020353937007874
21
0.6567611417322835
0
LINE
8
BLACK
6
CONTINUOUS
10
0.7020353937007874
20
0.6567611417322835
11
0.7010898031496063
21
0.6541307874015748
0
LINE
8
BLACK
6
CONTINUOUS
10
0.7010898031496063
20
0.6541307874015748
11
0.7005912204724409
21
0.6535484645669292
0
LINE
8
BLACK
6
CONTINUOUS
10
0.7005912204724409
20
0.6535484645669292
11
0.6915366141732283
21
0.6444938582677165
0
LINE
8
BLACK
6
CONTINUOUS
10
0.6915366141732283
20
0.6444938582677165
11
0.6890833858267716
21
0.643154251968504
0
LINE
8
BLACK
6
CONTINUOUS
10
0.6890833858267716
20
0.643154251968504
11
0.6862953937007874
21
0.6433536614173229
0
LINE
8
BLACK
6
CONTINUOUS
10
0.6862953937007874
20
0.6433536614173229
11
0.6862438976377953
21
0.6433732283464567
0
LINE
8
BLACK
6
CONTINUOUS
10
0.6862438976377953
20
0.6433732283464567
11
0.6857929133858267
21
0.6435479527559055
0
LINE
8
BLACK
6
CONTINUOUS
10
0.6857929133858267
20
0.6435479527559055
11
0.6771827952755906
21
0.6451574803149606
0
LINE
8
BLACK
6
CONTINUOUS
10
0.6771827952755906
20
0.6451574803149606
11
0.6684235039370079
21
0.6451574803149606
0
LINE
8
BLACK
6
CONTINUOUS
10
0.6684235039370079
20
0.6451574803149606
11
0.6598133858267716
21
0.6435479527559055
0
LINE
8
BLACK
6
CONTINUOUS
10
0.6598133858267716
20
0.6435479527559055
11
0.6598132283464567
21
0.643547874015748
0
LINE
8
BLACK
6
CONTINUOUS
10
0.6598132283464567
20
0.643547874015748
11
0.6598131102362205
21
0.643547874015748
0
LINE
8
BLACK
6
CONTINUOUS
10
0.6598131102362205
20
0.643547874015748
11
0.6558892125984251
21
0.642027716535433
0
LINE
8
BLACK
6
CONTINUOUS
10
0.6558892125984251
20
0.642027716535433
11
0.6516456299212599
21
0.6403837401574803
0
LINE
8
BLACK
6
CONTINUOUS
10
0.6516456299212599
20
0.6403837401574803
11
0.6516452755905512
21
0.6403835039370078
0
LINE
8
BLACK
6
CONTINUOUS
10
0.6516452755905512
20
0.6403835039370078
11
0.6516451574803149
21
0.6403834645669291
0
LINE
8
BLACK
6
CONTINUOUS
10
0.6516451574803149
20
0.6403834645669291
11
0.6441983858267717
21
0.6357726377952756
0
LINE
8
BLACK
6
CONTINUOUS
10
0.6441983858267717
20
0.6357726377952756
11
0.6441983464566929
21
0.6357725984251968
0
LINE
8
BLACK
6
CONTINUOUS
10
0.6441983464566929
20
0.6357725984251968
11
0.6377250787401575
21
0.6298714566929133
0
LINE
8
BLACK
6
CONTINUOUS
10
0.6377250787401575
20
0.6298714566929133
11
0.6324465354330708
21
0.6228814566929134
0
LINE
8
BLACK
6
CONTINUOUS
10
0.6324465354330708
20
0.6228814566929134
11
0.6324463779527559
21
0.6228812598425196
0
LINE
8
BLACK
6
CONTINUOUS
10
0.6324463779527559
20
0.6228812598425196
11
0.6285422834645669
21
0.6150408267716535
0
LINE
8
BLACK
6
CONTINUOUS
10
0.6285422834645669
20
0.6150408267716535
11
0.6285420472440945
21
0.6150401574803149
0
LINE
8
BLACK
6
CONTINUOUS
10
0.6285420472440945
20
0.6150401574803149
11
0.6275744094488189
21
0.6116391732283465
0
LINE
8
BLACK
6
CONTINUOUS
10
0.6275744094488189
20
0.6116391732283465
11
0.6260830708661417
21
0.6092751181102362
0
LINE
8
BLACK
6
CONTINUOUS
10
0.6260830708661417
20
0.6092751181102362
11
0.6235503543307086
21
0.6080926771653543
0
LINE
8
BLACK
6
CONTINUOUS
10
0.6235503543307086
20
0.6080926771653543
11
0.6207804330708662
21
0.6084672047244094
0
LINE
8
BLACK
6
CONTINUOUS
10
0.6207804330708662
20
0.6084672047244094
11
0.6186526771653543
21
0.6102798031496063
0
LINE
8
BLACK
6
CONTINUOUS
10
0.6186526771653543
20
0.6102798031496063
11
0.6180318897637795
21
0.6116391732283465
0
LINE
8
BLACK
6
CONTINUOUS
10
0.6180318897637795
20
0.6116391732283465
11
0.6173974803149607
21
0.6138688976377953
0
LINE
8
BLACK
6
CONTINUOUS
10
0.6173974803149607
20
0.6138688976377953
11
0.6170641338582677
21
0.6150404724409448
0
LINE
8
BLACK
6
CONTINUOUS
10
0.6170641338582677
20
0.6150404724409448
11
0.6170639763779527
21
0.6150408267716535
0
LINE
8
BLACK
6
CONTINUOUS
10
0.6170639763779527
20
0.6150408267716535
11
0.6131598818897638
21
0.6228812598425196
0
LINE
8
BLACK
6
CONTINUOUS
10
0.6131598818897638
20
0.6228812598425196
11
0.6131598031496063
21
0.6228813779527559
0
LINE
8
BLACK
6
CONTINUOUS
10
0.6131598031496063
20
0.6228813779527559
11
0.6131597637795275
21
0.6228814566929134
0
LINE
8
BLACK
6
CONTINUOUS
10
0.6131597637795275
20
0.6228814566929134
11
0.6078811417322835
21
0.6298714960629921
0
LINE
8
BLACK
6
CONTINUOUS
10
0.6078811417322835
20
0.6298714960629921
11
0.6014079527559055
21
0.6357725984251968
0
LINE
8
BLACK
6
CONTINUOUS
10
0.6014079527559055
20
0.6357725984251968
11
0.5939606692913386
21
0.6403837401574803
0
LINE
8
BLACK
6
CONTINUOUS
10
0.5939606692913386
20
0.6403837401574803
11
0.5868091732283465
21
0.643154251968504
0
LINE
8
BLACK
6
CONTINUOUS
10
0.5868091732283465
20
0.643154251968504
11
0.5857931496062992
21
0.643547874015748
0
LINE
8
BLACK
6
CONTINUOUS
10
0.5857931496062992
20
0.643547874015748
11
0.5857930708661417
21
0.643547874015748
0
LINE
8
BLACK
6
CONTINUOUS
10
0.5857930708661417
20
0.643547874015748
11
0.5857929133858267
21
0.6435479527559055
0
LINE
8
BLACK
6
CONTINUOUS
10
0.5857929133858267
20
0.6435479527559055
11
0.5771827952755906
21
0.6451574803149606
0
LINE
8
BLACK
6
CONTINUOUS
10
0.5771827952755906
20
0.6451574803149606
11
0.5684235039370079
21
0.6451574803149606
0
LINE
8
BLACK
6
CONTINUOUS
10
0.5684235039370079
20
0.6451574803149606
11
0.5598133858267716
21
0.6435479527559055
0
LINE
8
BLACK
6
CONTINUOUS
10
0.5598133858267716
20
0.6435479527559055
11
0.5598132283464566
21
0.643547874015748
0
LINE
8
BLACK
6
CONTINUOUS
10
0.5598132283464566
20
0.643547874015748
11
0.5598131102362205
21
0.643547874015748
0
LINE
8
BLACK
6
CONTINUOUS
10
0.5598131102362205
20
0.643547874015748
11
0.5558892125984252
21
0.642027716535433
0
LINE
8
BLACK
6
CONTINUOUS
10
0.5558892125984252
20
0.642027716535433
11
0.5516456299212599
21
0.6403837401574803
0
LINE
8
BLACK
6
CONTINUOUS
10
0.5516456299212599
20
0.6403837401574803
11
0.5516452755905512
21
0.6403835039370078
0
LINE
8
BLACK
6
CONTINUOUS
10
0.5516452755905512
20
0.6403835039370078
11
0.551645157480315
21
0.6403834645669291
0
LINE
8
BLACK
6
CONTINUOUS
10
0.551645157480315
20
0.6403834645669291
11
0.5441983858267716
21
0.6357726377952756
0
LINE
8
BLACK
6
CONTINUOUS
10
0.5441983858267716
20
0.6357726377952756
11
0.5441983464566928
21
0.6357725984251968
0
LINE
8
BLACK
6
CONTINUOUS
10
0.5441983464566928
20
0.6357725984251968
11
0.5377250787401575
21
0.6298714566929133
0
LINE
8
BLACK
6
CONTINUOUS
10
0.5377250787401575
20
0.6298714566929133
11
0.5324465354330709
21
0.6228814566929134
0
LINE
8
BLACK
6
CONTINUOUS
10
0.5324465354330709
20
0.6228814566929134
11
0.5324463779527558
21
0.6228812598425196
0
LINE
8
BLACK
6
CONTINUOUS
10
0.5324463779527558
20
0.6228812598425196
11
0.5285422834645669
21
0.6150408267716535
0
LINE
8
BLACK
6
CONTINUOUS
10
0.5285422834645669
20
0.6150408267716535
11
0.5285420472440945
21
0.6150401574803149
0
LINE
8
BLACK
6
CONTINUOUS
10
0.5285420472440945
20
0.6150401574803149
11
0.5261450787401575
21
0.6066157086614173
0
LINE
8
BLACK
6
CONTINUOUS
10
0.5261450787401575
20
0.6066157086614173
11
0.5253368897637796
21
0.5978937007874016
0
LINE
8
BLACK
6
CONTINUOUS
10
0.5253368897637796
20
0.5978937007874016
11
0.5261450787401575
21
0.589171653543307
0
LINE
8
BLACK
6
CONTINUOUS
10
0.5261450787401575
20
0.589171653543307
11
0.5285420472440945
21
0.5807472047244094
0
LINE
8
BLACK
6
CONTINUOUS
10
0.5285420472440945
20
0.5807472047244094
11
0.5285422834645669
21
0.5807465354330709
0
LINE
8
BLACK
6
CONTINUOUS
10
0.5285422834645669
20
0.5807465354330709
11
0.5324463779527558
21
0.5729061023622047
0
LINE
8
BLACK
6
CONTINUOUS
10
0.5324463779527558
20
0.5729061023622047
11
0.5324465354330709
21
0.572905905511811
0
LINE
8
BLACK
6
CONTINUOUS
10
0.5324465354330709
20
0.572905905511811
11
0.5377250787401575
21
0.565915905511811
0
LINE
8
BLACK
6
CONTINUOUS
10
0.5377250787401575
20
0.565915905511811
11
0.5441983464566928
21
0.5600147637795275
0
LINE
8
BLACK
6
CONTINUOUS
10
0.5441983464566928
20
0.5600147637795275
11
0.5441983858267716
21
0.5600147244094488
0
LINE
8
BLACK
6
CONTINUOUS
10
0.5441983858267716
20
0.5600147244094488
11
0.551645157480315
21
0.5554038976377953
0
LINE
8
BLACK
6
CONTINUOUS
10
0.551645157480315
20
0.5554038976377953
11
0.5516457874015748
21
0.5554035826771654
0
LINE
8
BLACK
6
CONTINUOUS
10
0.5516457874015748
20
0.5554035826771654
11
0.5598131102362205
21
0.5522394881889764
0
LINE
8
BLACK
6
CONTINUOUS
10
0.5598131102362205
20
0.5522394881889764
11
0.5628690551181103
21
0.5516682283464567
0
LINE
8
BLACK
6
CONTINUOUS
10
0.5628690551181103
20
0.5516682283464567
11
0.5684235039370079
21
0.5506299212598426
0
LINE
8
BLACK
6
CONTINUOUS
10
0.5684235039370079
20
0.5506299212598426
11
0.5684236220472441
21
0.5506299212598426
0
LINE
8
BLACK
6
CONTINUOUS
10
0.5684236220472441
20
0.5506299212598426
11
0.5771826771653543
21
0.5506299212598426
0
LINE
8
BLACK
6
CONTINUOUS
10
0.5771826771653543
20
0.5506299212598426
11
0.5771827952755906
21
0.5506299212598426
0
LINE
8
BLACK
6
CONTINUOUS
10
0.5771827952755906
20
0.5506299212598426
11
0.5842587401574802
21
0.5519526377952756
0
LINE
8
BLACK
6
CONTINUOUS
10
0.5842587401574802
20
0.5519526377952756
11
0.5857931496062992
21
0.5522394881889764
0
LINE
8
BLACK
6
CONTINUOUS
10
0.5857931496062992
20
0.5522394881889764
11
0.5939604724409449
21
0.5554035826771654
0
LINE
8
BLACK
6
CONTINUOUS
10
0.5939604724409449
20
0.5554035826771654
11
0.5939606692913386
21
0.5554036614173228
0
LINE
8
BLACK
6
CONTINUOUS
10
0.5939606692913386
20
0.5554036614173228
11
0.5939608267716535
21
0.5554037401574803
0
LINE
8
BLACK
6
CONTINUOUS
10
0.5939608267716535
20
0.5554037401574803
11
0.5939611023622047
21
0.5554038976377953
0
LINE
8
BLACK
6
CONTINUOUS
10
0.5939611023622047
20
0.5554038976377953
11
0.601407874015748
21
0.5600147244094488
0
LINE
8
BLACK
6
CONTINUOUS
10
0.601407874015748
20
0.5600147244094488
11
0.6014079133858268
21
0.5600147637795275
0
LINE
8
BLACK
6
CONTINUOUS
10
0.6014079133858268
20
0.5600147637795275
11
0.6078811811023622
21
0.565915905511811
0
LINE
8
BLACK
6
CONTINUOUS
10
0.6078811811023622
20
0.565915905511811
11
0.6126392519685039
21
0.5722166929133858
0
LINE
8
BLACK
6
CONTINUOUS
10
0.6126392519685039
20
0.5722166929133858
11
0.6131597637795275
21
0.5729059448818897
0
LINE
8
BLACK
6
CONTINUOUS
10
0.6131597637795275
20
0.5729059448818897
11
0.6131598818897638
21
0.5729061023622047
0
LINE
8
BLACK
6
CONTINUOUS
10
0.6131598818897638
20
0.5729061023622047
11
0.6170639763779527
21
0.5807465354330709
0
LINE
8
BLACK
6
CONTINUOUS
10
0.6170639763779527
20
0.5807465354330709
11
0.6170642125984251
21
0.5807472047244094
0
LINE
8
BLACK
6
CONTINUOUS
10
0.6170642125984251
20
0.5807472047244094
11
0.6180318897637795
21
0.584148188976378
0
LINE
8
BLACK
6
CONTINUOUS
10
0.6180318897637795
20
0.584148188976378
11
0.6195232283464567
21
0.5865122440944882
0
LINE
8
BLACK
6
CONTINUOUS
10
0.6195232283464567
20
0.5865122440944882
11
0.6220559448818898
21
0.5876946850393701
0
LINE
8
BLACK
6
CONTINUOUS
10
0.6220559448818898
20
0.5876946850393701
11
0.6248259055118111
21
0.587320157480315
0
LINE
8
BLACK
6
CONTINUOUS
10
0.6248259055118111
20
0.587320157480315
11
0.626953622047244
21
0.5855075590551181
0
LINE
8
BLACK
6
CONTINUOUS
10
0.626953622047244
20
0.5855075590551181
11
0.6275744094488189
21
0.584148188976378
0
LINE
8
BLACK
6
CONTINUOUS
10
0.6275744094488189
20
0.584148188976378
11
0.6285420472440945
21
0.5807472047244094
0
LINE
8
BLACK
6
CONTINUOUS
10
0.6285420472440945
20
0.5807472047244094
11
0.6285422834645669
21
0.5807465354330709
0
LINE
8
BLACK
6
CONTINUOUS
10
0.6285422834645669
20
0.5807465354330709
11
0.6324463779527559
21
0.5729061023622047
0
LINE
8
BLACK
6
CONTINUOUS
10
0.6324463779527559
20
0.5729061023622047
11
0.6324465354330708
21
0.572905905511811
0
LINE
8
BLACK
6
CONTINUOUS
10
0.6324465354330708
20
0.572905905511811
11
0.6377250787401575
21
0.565915905511811
0
LINE
8
BLACK
6
CONTINUOUS
10
0.6377250787401575
20
0.565915905511811
11
0.6441983464566929
21
0.5600147637795275
0
LINE
8
BLACK
6
CONTINUOUS
10
0.6441983464566929
20
0.5600147637795275
11
0.6441983858267717
21
0.5600147244094488
0
LINE
8
BLACK
6
CONTINUOUS
10
0.6441983858267717
20
0.5600147244094488
11
0.6516451574803149
21
0.5554038976377953
0
LINE
8
BLACK
6
CONTINUOUS
10
0.6516451574803149
20
0.5554038976377953
11
0.6516457874015747
21
0.5554035826771654
0
LINE
8
BLACK
6
CONTINUOUS
10
0.6516457874015747
20
0.5554035826771654
11
0.6598131102362205
21
0.5522394881889764
0
LINE
8
BLACK
6
CONTINUOUS
10
0.6598131102362205
20
0.5522394881889764
11
0.6628690551181102
21
0.5516682283464567
0
LINE
8
BLACK
6
CONTINUOUS
10
0.6628690551181102
20
0.5516682283464567
11
0.6684235039370079
21
0.5506299212598426
0
LINE
8
BLACK
6
CONTINUOUS
10
0.6684235039370079
20
0.5506299212598426
11
0.668423622047244
21
0.5506299212598426
0
LINE
8
BLACK
6
CONTINUOUS
10
0.668423622047244
20
0.5506299212598426
11
0.6771826771653543
21
0.5506299212598426
0
LINE
8
BLACK
6
CONTINUOUS
10
0.6771826771653543
20
0.5506299212598426
11
0.6771827952755906
21
0.5506299212598426
0
LINE
8
BLACK
6
CONTINUOUS
10
0.6771827952755906
20
0.5506299212598426
11
0.6842587401574803
21
0.5519526377952756
0
LINE
8
BLACK
6
CONTINUOUS
10
0.6842587401574803
20
0.5519526377952756
11
0.6857931496062992
21
0.5522394881889764
0
LINE
8
BLACK
6
CONTINUOUS
10
0.6857931496062992
20
0.5522394881889764
11
0.6939604724409448
21
0.5554035826771654
0
LINE
8
BLACK
6
CONTINUOUS
10
0.6939604724409448
20
0.5554035826771654
11
0.6939606692913386
21
0.5554036614173228
0
LINE
8
BLACK
6
CONTINUOUS
10
0.6939606692913386
20
0.5554036614173228
11
0.6939608267716535
21
0.5554037401574803
0
LINE
8
BLACK
6
CONTINUOUS
10
0.6939608267716535
20
0.5554037401574803
11
0.6939611023622048
21
0.5554038976377953
0
LINE
8
BLACK
6
CONTINUOUS
10
0.6939611023622048
20
0.5554038976377953
11
0.701407874015748
21
0.5600147244094488
0
LINE
8
BLACK
6
CONTINUOUS
10
0.701407874015748
20
0.5600147244094488
11
0.7014079133858268
21
0.5600147637795275
0
LINE
8
BLACK
6
CONTINUOUS
10
0.7014079133858268
20
0.5600147637795275
11
0.7078811811023622
21
0.565915905511811
0
LINE
8
BLACK
6
CONTINUOUS
10
0.7078811811023622
20
0.565915905511811
11
0.712639251968504
21
0.5722166929133858
0
LINE
8
BLACK
6
CONTINUOUS
10
0.712639251968504
20
0.5722166929133858
11
0.7131597637795275
21
0.5729059448818897
0
LINE
8
BLACK
6
CONTINUOUS
10
0.7131597637795275
20
0.5729059448818897
11
0.7131598818897638
21
0.5729061023622047
0
LINE
8
BLACK
6
CONTINUOUS
10
0.7131598818897638
20
0.5729061023622047
11
0.7170639763779527
21
0.5807465354330709
0
LINE
8
BLACK
6
CONTINUOUS
10
0.7170639763779527
20
0.5807465354330709
11
0.7170642125984252
21
0.5807472047244094
0
LINE
8
BLACK
6
CONTINUOUS
10
0.7170642125984252
20
0.5807472047244094
11
0.7180318897637795
21
0.584148188976378
0
LINE
8
BLACK
6
CONTINUOUS
10
0.7180318897637795
20
0.584148188976378
11
0.7195232283464567
21
0.5865122440944882
0
LINE
8
BLACK
6
CONTINUOUS
10
0.7195232283464567
20
0.5865122440944882
11
0.7220559448818897
21
0.5876946850393701
0
LINE
8
BLACK
6
CONTINUOUS
10
0.7220559448818897
20
0.5876946850393701
11
0.724825905511811
21
0.587320157480315
0
LINE
8
BLACK
6
CONTINUOUS
10
0.724825905511811
20
0.587320157480315
11
0.7269536220472441
21
0.5855075590551181
0
LINE
8
BLACK
6
CONTINUOUS
10
0.7269536220472441
20
0.5855075590551181
11
0.7275744094488189
21
0.584148188976378
0
LINE
8
BLACK
6
CONTINUOUS
10
0.7275744094488189
20
0.584148188976378
11
0.7285420472440944
21
0.5807472047244094
0
LINE
8
BLACK
6
CONTINUOUS
10
0.7285420472440944
20
0.5807472047244094
11
0.728542283464567
21
0.5807465354330709
0
LINE
8
BLACK
6
CONTINUOUS
10
0.728542283464567
20
0.5807465354330709
11
0.7324463779527559
21
0.5729061023622047
0
LINE
8
BLACK
6
CONTINUOUS
10
0.7324463779527559
20
0.5729061023622047
11
0.7324465354330708
21
0.572905905511811
0
LINE
8
BLACK
6
CONTINUOUS
10
0.7324465354330708
20
0.572905905511811
11
0.7377250787401575
21
0.565915905511811
0
LINE
8
BLACK
6
CONTINUOUS
10
0.7377250787401575
20
0.565915905511811
11
0.7441983464566929
21
0.5600147637795275
0
LINE
8
BLACK
6
CONTINUOUS
10
0.7441983464566929
20
0.5600147637795275
11
0.7441983858267717
21
0.5600147244094488
0
LINE
8
BLACK
6
CONTINUOUS
10
0.7441983858267717
20
0.5600147244094488
11
0.7516451574803149
21
0.5554038976377953
0
LINE
8
BLACK
6
CONTINUOUS
10
0.7516451574803149
20
0.5554038976377953
11
0.7516457874015748
21
0.5554035826771654
0
LINE
8
BLACK
6
CONTINUOUS
10
0.7516457874015748
20
0.5554035826771654
11
0.7598131102362204
21
0.5522394881889764
0
LINE
8
BLACK
6
CONTINUOUS
10
0.7598131102362204
20
0.5522394881889764
11
0.7628690551181102
21
0.5516682283464567
0
LINE
8
BLACK
6
CONTINUOUS
10
0.7628690551181102
20
0.5516682283464567
11
0.7684235039370079
21
0.5506299212598426
0
LINE
8
BLACK
6
CONTINUOUS
10
0.7684235039370079
20
0.5506299212598426
11
0.7684236220472441
21
0.5506299212598426
0
LINE
8
BLACK
6
CONTINUOUS
10
0.7684236220472441
20
0.5506299212598426
11
0.7771826771653543
21
0.5506299212598426
0
LINE
8
BLACK
6
CONTINUOUS
10
0.7771826771653543
20
0.5506299212598426
11
0.7771827952755905
21
0.5506299212598426
0
LINE
8
BLACK
6
CONTINUOUS
10
0.7771827952755905
20
0.5506299212598426
11
0.7842587401574803
21
0.5519526377952756
0
LINE
8
BLACK
6
CONTINUOUS
10
0.7842587401574803
20
0.5519526377952756
11
0.7857931496062992
21
0.5522394881889764
0
LINE
8
BLACK
6
CONTINUOUS
10
0.7857931496062992
20
0.5522394881889764
11
0.7939604724409448
21
0.5554035826771654
0
LINE
8
BLACK
6
CONTINUOUS
10
0.7939604724409448
20
0.5554035826771654
11
0.7939606692913386
21
0.5554036614173228
0
LINE
8
BLACK
6
CONTINUOUS
10
0.7939606692913386
20
0.5554036614173228
11
0.7939608267716535
21
0.5554037401574803
0
LINE
8
BLACK
6
CONTINUOUS
10
0.7939608267716535
20
0.5554037401574803
11
0.7939611023622047
21
0.5554038976377953
0
LINE
8
BLACK
6
CONTINUOUS
10
0.7939611023622047
20
0.5554038976377953
11
0.801407874015748
21
0.5600147244094488
0
LINE
8
BLACK
6
CONTINUOUS
10
0.801407874015748
20
0.5600147244094488
11
0.8014079133858267
21
0.5600147637795275
0
LINE
8
BLACK
6
CONTINUOUS
10
0.8014079133858267
20
0.5600147637795275
11
0.8078811811023622
21
0.565915905511811
0
LINE
8
BLACK
6
CONTINUOUS
10
0.8078811811023622
20
0.565915905511811
11
0.812639251968504
21
0.5722166929133858
0
LINE
8
BLACK
6
CONTINUOUS
10
0.812639251968504
20
0.5722166929133858
11
0.8131597637795276
21
0.5729059448818897
0
LINE
8
BLACK
6
CONTINUOUS
10
0.8131597637795276
20
0.5729059448818897
11
0.8164346850393701
21
0.5794828346456693
0
LINE
8
BLACK
6
CONTINUOUS
10
0.8164346850393701
20
0.5794828346456693
11
0.8183350393700787
21
0.5815325590551181
0
LINE
8
BLACK
6
CONTINUOUS
10
0.8183350393700787
20
0.5815325590551181
11
0.8208752362204724
21
0.5822322834645669
0
LINE
8
BLACK
6
CONTINUOUS
10
0.8208752362204724
20
0.5822322834645669
11
0.8813140551181102
21
0.5822322834645669
0
LINE
8
BLACK
6
CONTINUOUS
10
0.8813140551181102
20
0.5822322834645669
11
0.8839959842519685
21
0.5814448031496063
0
LINE
8
BLACK
6
CONTINUOUS
10
0.8839959842519685
20
0.5814448031496063
11
0.8848215354330708
21
0.5807794881889764
0
LINE
8
BLACK
6
CONTINUOUS
10
0.8848215354330708
20
0.5807794881889764
11
0.9001608661417323
21
0.5654401968503937
0
LINE
8
BLACK
6
CONTINUOUS
10
0.9001608661417323
20
0.5654401968503937
11
0.9151635826771654
21
0.5504374803149606
0
LINE
8
BLACK
6
CONTINUOUS
10
0.9151635826771654
20
0.5504374803149606
11
0.9165031496062992
21
0.547984251968504
0
LINE
8
BLACK
6
CONTINUOUS
10
0.9165031496062992
20
0.547984251968504
11
0.9165211811023621
21
0.5478975984251968
0
LINE
8
BLACK
6
CONTINUOUS
10
0.9165211811023621
20
0.5478975984251968
11
0.916964251968504
21
0.5456701181102362
0
LINE
8
BLACK
6
CONTINUOUS
10
0.916964251968504
20
0.5456701181102362
11
0.9169642913385827
21
0.54567
0
LINE
8
BLACK
6
CONTINUOUS
10
0.9169642913385827
20
0.54567
11
0.9187089763779527
21
0.5430589763779528
0
LINE
8
BLACK
6
CONTINUOUS
10
0.9187089763779527
20
0.5430589763779528
11
0.92132
21
0.5413142913385827
0
LINE
8
BLACK
6
CONTINUOUS
10
0.92132
20
0.5413142913385827
11
0.9213201181102362
21
0.5413142519685039
0
LINE
8
BLACK
6
CONTINUOUS
10
0.9213201181102362
20
0.5413142519685039
11
0.9236224015748031
21
0.5408562992125984
0
LINE
8
BLACK
6
CONTINUOUS
10
0.9236224015748031
20
0.5408562992125984
11
0.9236225196850394
21
0.5408562992125984
0
LINE
8
BLACK
6
CONTINUOUS
10
0.9236225196850394
20
0.5408562992125984
11
0.936977559055118
21
0.5408562992125984
0
LINE
8
BLACK
6
CONTINUOUS
10
0.936977559055118
20
0.5408562992125984
11
0.939279842519685
21
0.5413142519685039
0
LINE
8
BLACK
6
CONTINUOUS
10
0.939279842519685
20
0.5413142519685039
11
0.9392799606299213
21
0.5413142913385827
0
LINE
8
BLACK
6
CONTINUOUS
10
0.9392799606299213
20
0.5413142913385827
11
0.9418910236220472
21
0.5430589763779528
0
LINE
8
BLACK
6
CONTINUOUS
10
0.9418910236220472
20
0.5430589763779528
11
0.9436357086614173
21
0.5456700393700787
0
LINE
8
BLACK
6
CONTINUOUS
10
0.9436357086614173
20
0.5456700393700787
11
0.9440937007874015
21
0.5479725196850393
0
LINE
8
BLACK
6
CONTINUOUS
10
0.9440937007874015
20
0.5479725196850393
11
0.9440937007874015
21
0.5483164566929134
0
LINE
8
BLACK
6
CONTINUOUS
10
0.9440937007874015
20
0.5483164566929134
11
0.9444867716535433
21
0.549954094488189
0
LINE
8
BLACK
6
CONTINUOUS
10
0.9444867716535433
20
0.549954094488189
11
0.944403622047244
21
0.5499811417322834
0
LINE
8
BLACK
6
CONTINUOUS
10
0.944403622047244
20
0.5499811417322834
11
0.9461883464566929
21
0.555473937007874
0
LINE
8
BLACK
6
CONTINUOUS
10
0.9461883464566929
20
0.555473937007874
11
0.9462735826771653
21
0.555446220472441
0
LINE
8
BLACK
6
CONTINUOUS
10
0.9462735826771653
20
0.555446220472441
11
0.9472434251968503
21
0.5574920472440945
0
LINE
8
BLACK
6
CONTINUOUS
10
0.9472434251968503
20
0.5574920472440945
11
0.947461220472441
21
0.5576276771653543
0
LINE
8
BLACK
6
CONTINUOUS
10
0.947461220472441
20
0.5576276771653543
11
0.9474458661417322
21
0.5576515748031496
0
LINE
8
BLACK
6
CONTINUOUS
10
0.9474458661417322
20
0.5576515748031496
11
0.9461859842519685
21
0.5596120078740158
0
LINE
8
BLACK
6
CONTINUOUS
10
0.9461859842519685
20
0.5596120078740158
11
0.9460972047244094
21
0.5600065354330709
0
LINE
8
BLACK
6
CONTINUOUS
10
0.9460972047244094
20
0.5600065354330709
11
0.944403622047244
21
0.5652190157480315
0
LINE
8
BLACK
6
CONTINUOUS
10
0.944403622047244
20
0.5652190157480315
11
0.9444869291338582
21
0.565246062992126
0
LINE
8
BLACK
6
CONTINUOUS
10
0.9444869291338582
20
0.565246062992126
11
0.9440937007874015
21
0.5668835826771653
0
LINE
8
BLACK
6
CONTINUOUS
10
0.9440937007874015
20
0.5668835826771653
11
0.9440937007874015
21
0.5672274015748031
0
LINE
8
BLACK
6
CONTINUOUS
10
0.9440937007874015
20
0.5672274015748031
11
0.9440937007874015
21
0.5672274803149606
0
LINE
8
BLACK
6
CONTINUOUS
10
0.9440937007874015
20
0.5672274803149606
11
0.9436357086614173
21
0.5695299606299212
0
LINE
8
BLACK
6
CONTINUOUS
10
0.9436357086614173
20
0.5695299606299212
11
0.9418910236220472
21
0.5721410236220472
0
LINE
8
BLACK
6
CONTINUOUS
10
0.9418910236220472
20
0.5721410236220472
11
0.9392799606299213
21
0.5738857086614173
0
LINE
8
BLACK
6
CONTINUOUS
10
0.9392799606299213
20
0.5738857086614173
11
0.9370524015748031
21
0.574328779527559
0
LINE
8
BLACK
6
CONTINUOUS
10
0.9370524015748031
20
0.574328779527559
11
0.9345756692913385
21
0.5756243307086614
0
LINE
8
BLACK
6
CONTINUOUS
10
0.9345756692913385
20
0.5756243307086614
11
0.9345146850393701
21
0.5756841732283464
0
LINE
8
BLACK
6
CONTINUOUS
10
0.9345146850393701
20
0.5756841732283464
11
0.9001720078740157
21
0.6100269291338583
0
LINE
8
BLACK
6
CONTINUOUS
10
0.9001720078740157
20
0.6100269291338583
11
0.900171968503937
21
0.6100269291338583
0
LINE
8
BLACK
6
CONTINUOUS
10
0.900171968503937
20
0.6100269291338583
11
0.8998892125984251
21
0.6103097244094488
0
LINE
8
BLACK
6
CONTINUOUS
10
0.8998892125984251
20
0.6103097244094488
11
0.8998888582677165
21
0.6103099606299213
0
LINE
8
BLACK
6
CONTINUOUS
10
0.8998888582677165
20
0.6103099606299213
11
0.8992835433070866
21
0.6109153543307086
0
LINE
8
BLACK
6
CONTINUOUS
10
0.8992835433070866
20
0.6109153543307086
11
0.8992831889763779
21
0.6109155118110237
0
LINE
8
BLACK
6
CONTINUOUS
10
0.8992831889763779
20
0.6109155118110237
11
0.8989676377952756
21
0.611144842519685
0
LINE
8
BLACK
6
CONTINUOUS
10
0.8989676377952756
20
0.611144842519685
11
0.8989975590551181
21
0.6111860236220472
0
LINE
8
BLACK
6
CONTINUOUS
10
0.8989975590551181
20
0.6111860236220472
11
0.8972527952755905
21
0.612833779527559
0
LINE
8
BLACK
6
CONTINUOUS
10
0.8972527952755905
20
0.612833779527559
11
0.8965807874015748
21
0.6155469291338582
0
LINE
8
BLACK
6
CONTINUOUS
10
0.8965807874015748
20
0.6155469291338582
11
0.8974823228346457
21
0.6181927165354331
0
LINE
8
BLACK
6
CONTINUOUS
10
0.8974823228346457
20
0.6181927165354331
11
0.8996711811023622
21
0.619931062992126
0
LINE
8
BLACK
6
CONTINUOUS
10
0.8996711811023622
20
0.619931062992126
11
0.9015368897637795
21
0.6202952755905512
0
LINE
8
BLACK
6
CONTINUOUS
10
0.9015368897637795
20
0.6202952755905512
11
0.988590590551181
21
0.6202952755905512
0
LINE
8
BLACK
6
CONTINUOUS
10
0.988590590551181
20
0.6202952755905512
11
1.0085535433070867
21
0.6202952755905512
0
LINE
8
BLACK
6
CONTINUOUS
10
1.0085535433070867
20
0.6202952755905512
11
1.0112354724409449
21
0.6195077952755905
0
LINE
8
BLACK
6
CONTINUOUS
10
1.0112354724409449
20
0.6195077952755905
11
1.0115733858267717
21
0.619270157480315
0
LINE
8
BLACK
6
CONTINUOUS
10
1.0115733858267717
20
0.619270157480315
11
1.0140768503937008
21
0.6173491338582677
0
LINE
8
BLACK
6
CONTINUOUS
10
1.0140768503937008
20
0.6173491338582677
11
1.0140771653543308
21
0.617348937007874
0
LINE
8
BLACK
6
CONTINUOUS
10
1.0140771653543308
20
0.617348937007874
11
1.0198283070866141
21
0.6149667322834645
0
LINE
8
BLACK
6
CONTINUOUS
10
1.0198283070866141
20
0.6149667322834645
11
1.026
21
0.6141542519685039
0
LINE
8
BLACK
6
CONTINUOUS
10
1.026
20
0.6141542519685039
11
1.032171653543307
21
0.6149667322834645
0
LINE
8
BLACK
6
CONTINUOUS
10
1.032171653543307
20
0.6149667322834645
11
1.0335723622047244
21
0.6155469291338582
0
LINE
8
BLACK
6
CONTINUOUS
10
1.0335723622047244
20
0.6155469291338582
11
1.0348694488188976
21
0.6160842125984252
0
LINE
8
BLACK
6
CONTINUOUS
10
1.0348694488188976
20
0.6160842125984252
11
1.0376485826771653
21
0.6163829921259842
0
LINE
8
BLACK
6
CONTINUOUS
10
1.0376485826771653
20
0.6163829921259842
11
1.0401480708661417
21
0.6151318503937008
0
LINE
8
BLACK
6
CONTINUOUS
10
1.0401480708661417
20
0.6151318503937008
11
1.0415743307086613
21
0.6127279527559055
0
LINE
8
BLACK
6
CONTINUOUS
10
1.0415743307086613
20
0.6127279527559055
11
1.0417284251968504
21
0.6115011811023622
0
LINE
8
BLACK
6
CONTINUOUS
10
1.0417284251968504
20
0.6115011811023622
11
1.0417284251968504
21
0.605648188976378
0
LINE
8
BLACK
6
CONTINUOUS
10
1.0417284251968504
20
0.605648188976378
11
1.0409409448818898
21
0.6029662598425197
0
LINE
8
BLACK
6
CONTINUOUS
10
1.0409409448818898
20
0.6029662598425197
11
1.0402754724409449
21
0.6021405118110236
0
LINE
8
BLACK
6
CONTINUOUS
10
1.0402754724409449
20
0.6021405118110236
11
1.0161801574803149
21
0.5780451968503937
0
LINE
8
BLACK
6
CONTINUOUS
10
1.0161801574803149
20
0.5780451968503937
11
1.0137269291338582
21
0.5767055905511811
0
LINE
8
BLACK
6
CONTINUOUS
10
1.0137269291338582
20
0.5767055905511811
11
1.0136402362204724
21
0.5766875590551181
0
LINE
8
BLACK
6
CONTINUOUS
10
1.0136402362204724
20
0.5766875590551181
11
1.0131281102362204
21
0.5765856692913386
0
LINE
8
BLACK
6
CONTINUOUS
10
1.0131281102362204
20
0.5765856692913386
11
1.0116200393700787
21
0.5762857086614173
0
LINE
8
BLACK
6
CONTINUOUS
10
1.0116200393700787
20
0.5762857086614173
11
1.0090089763779528
21
0.5745410236220472
0
LINE
8
BLACK
6
CONTINUOUS
10
1.0090089763779528
20
0.5745410236220472
11
1.0072642913385828
21
0.5719299606299213
0
LINE
8
BLACK
6
CONTINUOUS
10
1.0072642913385828
20
0.5719299606299213
11
1.007264251968504
21
0.571929842519685
0
LINE
8
BLACK
6
CONTINUOUS
10
1.007264251968504
20
0.571929842519685
11
1.0068062992125983
21
0.5696275590551181
0
LINE
8
BLACK
6
CONTINUOUS
10
1.0068062992125983
20
0.5696275590551181
11
1.0068062992125983
21
0.5657011023622047
0
LINE
8
BLACK
6
CONTINUOUS
10
1.0068062992125983
20
0.5657011023622047
11
1.0067679921259842
21
0.5650858267716535
0
LINE
8
BLACK
6
CONTINUOUS
10
1.0067679921259842
20
0.5650858267716535
11
1.0067661811023623
21
0.5650713385826771
0
LINE
8
BLACK
6
CONTINUOUS
10
1.0067661811023623
20
0.5650713385826771
11
1.0067631102362204
21
0.5650504330708661
0
LINE
8
BLACK
6
CONTINUOUS
10
1.0067631102362204
20
0.5650504330708661
11
1.0067626771653544
21
0.5650431102362204
0
LINE
8
BLACK
6
CONTINUOUS
10
1.0067626771653544
20
0.5650431102362204
11
1.0067174015748031
21
0.5646802755905511
0
LINE
8
BLACK
6
CONTINUOUS
10
1.0067174015748031
20
0.5646802755905511
11
1.0067965354330708
21
0.5627680708661417
0
LINE
8
BLACK
6
CONTINUOUS
10
1.0067965354330708
20
0.5627680708661417
11
1.0068007874015747
21
0.562563031496063
0
LINE
8
BLACK
6
CONTINUOUS
10
1.0068007874015747
20
0.562563031496063
11
1.0068007874015747
21
0.5587181102362204
0
LINE
8
BLACK
6
CONTINUOUS
10
1.0068007874015747
20
0.5587181102362204
11
1.0068062992125983
21
0.5585850393700788
0
LINE
8
BLACK
6
CONTINUOUS
10
1.0068062992125983
20
0.5585850393700788
11
1.0068062992125983
21
0.5503724015748032
0
LINE
8
BLACK
6
CONTINUOUS
10
1.0068062992125983
20
0.5503724015748032
11
1.007264251968504
21
0.5480701181102362
0
LINE
8
BLACK
6
CONTINUOUS
10
1.007264251968504
20
0.5480701181102362
11
1.0072642913385828
21
0.5480699999999999
0
LINE
8
BLACK
6
CONTINUOUS
10
1.0072642913385828
20
0.5480699999999999
11
1.0090089763779528
21
0.5454589763779527
0
LINE
8
BLACK
6
CONTINUOUS
10
1.0090089763779528
20
0.5454589763779527
11
1.01162
21
0.5437142913385826
0
LINE
8
BLACK
6
CONTINUOUS
10
1.01162
20
0.5437142913385826
11
1.0116201181102362
21
0.5437142519685039
0
LINE
8
BLACK
6
CONTINUOUS
10
1.0116201181102362
20
0.5437142519685039
11
1.0139224015748032
21
0.5432562992125984
0
LINE
8
BLACK
6
CONTINUOUS
10
1.0139224015748032
20
0.5432562992125984
11
1.0139225196850394
21
0.5432562992125984
0
LINE
8
BLACK
6
CONTINUOUS
10
1.0139225196850394
20
0.5432562992125984
11
1.0272775590551182
21
0.5432562992125984
0
LINE
8
BLACK
6
CONTINUOUS
10
1.0272775590551182
20
0.5432562992125984
11
1.0295798425196849
21
0.5437142519685039
0
LINE
8
BLACK
6
CONTINUOUS
10
1.0295798425196849
20
0.5437142519685039
11
1.0295799606299212
21
0.5437142913385826
0
LINE
8
BLACK
6
CONTINUOUS
10
1.0295799606299212
20
0.5437142913385826
11
1.0297900787401575
21
0.5438546850393701
0
LINE
8
BLACK
6
CONTINUOUS
10
1.0297900787401575
20
0.5438546850393701
11
1.0321910236220473
21
0.5454589763779527
0
LINE
8
BLACK
6
CONTINUOUS
10
1.0321910236220473
20
0.5454589763779527
11
1.0339357086614174
21
0.5480700393700787
0
LINE
8
BLACK
6
CONTINUOUS
10
1.0339357086614174
20
0.5480700393700787
11
1.0343937007874016
21
0.5503725196850393
0
LINE
8
BLACK
6
CONTINUOUS
10
1.0343937007874016
20
0.5503725196850393
11
1.0343937007874016
21
0.555173937007874
0
LINE
8
BLACK
6
CONTINUOUS
10
1.0343937007874016
20
0.555173937007874
11
1.0351811811023621
21
0.5578558661417323
0
LINE
8
BLACK
6
CONTINUOUS
10
1.0351811811023621
20
0.5578558661417323
11
1.0358466535433071
21
0.5586816141732284
0
LINE
8
BLACK
6
CONTINUOUS
10
1.0358466535433071
20
0.5586816141732284
11
1.0362120472440945
21
0.5590470078740157
0
LINE
8
BLACK
6
CONTINUOUS
10
1.0362120472440945
20
0.5590470078740157
11
1.0386652755905512
21
0.5603866141732283
0
LINE
8
BLACK
6
CONTINUOUS
10
1.0386652755905512
20
0.5603866141732283
11
1.0414532677165353
21
0.5601872047244094
0
LINE
8
BLACK
6
CONTINUOUS
10
1.0414532677165353
20
0.5601872047244094
11
1.0436909055118111
21
0.5585121259842519
0
LINE
8
BLACK
6
CONTINUOUS
10
1.0436909055118111
20
0.5585121259842519
11
1.0446192519685038
21
0.5563154330708662
0
LINE
8
BLACK
6
CONTINUOUS
10
1.0446192519685038
20
0.5563154330708662
11
1.0448170078740158
21
0.555066811023622
0
LINE
8
BLACK
6
CONTINUOUS
10
1.0448170078740158
20
0.555066811023622
11
1.0456656299212599
21
0.5534013385826771
0
LINE
8
BLACK
6
CONTINUOUS
10
1.0456656299212599
20
0.5534013385826771
11
1.0462062992125984
21
0.5511492913385827
0
LINE
8
BLACK
6
CONTINUOUS
10
1.0462062992125984
20
0.5511492913385827
11
1.0462062992125984
21
0.5503724015748032
0
LINE
8
BLACK
6
CONTINUOUS
10
1.0462062992125984
20
0.5503724015748032
11
1.0466642519685039
21
0.5480701181102362
0
LINE
8
BLACK
6
CONTINUOUS
10
1.0466642519685039
20
0.5480701181102362
11
1.0466642913385826
21
0.5480699999999999
0
LINE
8
BLACK
6
CONTINUOUS
10
1.0466642913385826
20
0.5480699999999999
11
1.0484089763779527
21
0.5454589763779527
0
LINE
8
BLACK
6
CONTINUOUS
10
1.0484089763779527
20
0.5454589763779527
11
1.0510200000000001
21
0.5437142913385826
0
LINE
8
BLACK
6
CONTINUOUS
10
1.0510200000000001
20
0.5437142913385826
11
1.0510201181102361
21
0.5437142519685039
0
LINE
8
BLACK
6
CONTINUOUS
10
1.0510201181102361
20
0.5437142519685039
11
1.0533224015748031
21
0.5432562992125984
0
LINE
8
BLACK
6
CONTINUOUS
10
1.0533224015748031
20
0.5432562992125984
11
1.0533225196850393
21
0.5432562992125984
0
LINE
8
BLACK
6
CONTINUOUS
10
1.0533225196850393
20
0.5432562992125984
11
1.0666775590551181
21
0.5432562992125984
0
LINE
8
BLACK
6
CONTINUOUS
10
1.0666775590551181
20
0.5432562992125984
11
1.0689799212598425
21
0.5437142519685039
0
LINE
8
BLACK
6
CONTINUOUS
10
1.0689799212598425
20
0.5437142519685039
11
1.0693188976377952
21
0.5438546850393701
0
LINE
8
BLACK
6
CONTINUOUS
10
1.0693188976377952
20
0.5438546850393701
11
1.0712172440944883
21
0.5442322834645669
0
LINE
8
BLACK
6
CONTINUOUS
10
1.0712172440944883
20
0.5442322834645669
11
1.1374068503937007
21
0.5442322834645669
0
LINE
8
BLACK
6
CONTINUOUS
10
1.1374068503937007
20
0.5442322834645669
11
1.1382306299212599
21
0.5444999212598425
0
LINE
8
BLACK
6
CONTINUOUS
10
1.1382306299212599
20
0.5444999212598425
11
1.1389872834645669
21
0.5446815748031496
0
LINE
8
BLACK
6
CONTINUOUS
10
1.1389872834645669
20
0.5446815748031496
11
1.1398425196850392
21
0.5448170472440945
0
LINE
8
BLACK
6
CONTINUOUS
10
1.1398425196850392
20
0.5448170472440945
11
1.1398425984251968
21
0.5448170472440945
0
LINE
8
BLACK
6
CONTINUOUS
10
1.1398425984251968
20
0.5448170472440945
11
1.1398426771653543
21
0.5448170866141732
0
LINE
8
BLACK
6
CONTINUOUS
10
1.1398426771653543
20
0.5448170866141732
11
1.1398427559055118
21
0.5448171259842519
0
LINE
8
BLACK
6
CONTINUOUS
10
1.1398427559055118
20
0.5448171259842519
11
1.1406144094488189
21
0.5452102755905511
0
LINE
8
BLACK
6
CONTINUOUS
10
1.1406144094488189
20
0.5452102755905511
11
1.1413334251968503
21
0.5455081102362205
0
LINE
8
BLACK
6
CONTINUOUS
10
1.1413334251968503
20
0.5455081102362205
11
1.1421570472440945
21
0.5457757086614173
0
LINE
8
BLACK
6
CONTINUOUS
10
1.1421570472440945
20
0.5457757086614173
11
1.142157125984252
21
0.5457757480314961
0
LINE
8
BLACK
6
CONTINUOUS
10
1.142157125984252
20
0.5457757480314961
11
1.1428575984251967
21
0.5462846850393701
0
LINE
8
BLACK
6
CONTINUOUS
10
1.1428575984251967
20
0.5462846850393701
11
1.1435211811023622
21
0.5466913385826772
0
LINE
8
BLACK
6
CONTINUOUS
10
1.1435211811023622
20
0.5466913385826772
11
1.1442929133858268
21
0.5470845669291339
0
LINE
8
BLACK
6
CONTINUOUS
10
1.1442929133858268
20
0.5470845669291339
11
1.1442929921259841
21
0.5470846456692914
0
LINE
8
BLACK
6
CONTINUOUS
10
1.1442929921259841
20
0.5470846456692914
11
1.1450568897637794
21
0.5478485433070867
0
LINE
8
BLACK
6
CONTINUOUS
10
1.1450568897637794
20
0.5478485433070867
11
1.1450574803149607
21
0.547849094488189
0
LINE
8
BLACK
6
CONTINUOUS
10
1.1450574803149607
20
0.547849094488189
11
1.1471895275590551
21
0.5499811417322834
0
LINE
8
BLACK
6
CONTINUOUS
10
1.1471895275590551
20
0.5499811417322834
11
1.1500565748031495
21
0.5528481889763779
0
LINE
8
BLACK
6
CONTINUOUS
10
1.1500565748031495
20
0.5528481889763779
11
1.1525097244094489
21
0.5541877165354331
0
LINE
8
BLACK
6
CONTINUOUS
10
1.1525097244094489
20
0.5541877165354331
11
1.1552977559055118
21
0.5539883464566929
0
LINE
8
BLACK
6
CONTINUOUS
10
1.1552977559055118
20
0.5539883464566929
11
1.1553561417322835
21
0.5539661417322834
0
LINE
8
BLACK
6
CONTINUOUS
10
1.1553561417322835
20
0.5539661417322834
11
1.1598132283464566
21
0.5522394881889764
0
LINE
8
BLACK
6
CONTINUOUS
10
1.1598132283464566
20
0.5522394881889764
11
1.1598133070866141
21
0.5522394488188976
0
LINE
8
BLACK
6
CONTINUOUS
10
1.1598133070866141
20
0.5522394488188976
11
1.1598133858267716
21
0.5522394488188976
0
LINE
8
BLACK
6
CONTINUOUS
10
1.1598133858267716
20
0.5522394488188976
11
1.1684235039370079
21
0.5506299212598426
0
LINE
8
BLACK
6
CONTINUOUS
10
1.1684235039370079
20
0.5506299212598426
11
1.1684236220472441
21
0.5506299212598426
0
LINE
8
BLACK
6
CONTINUOUS
10
1.1684236220472441
20
0.5506299212598426
11
1.1771826771653544
21
0.5506299212598426
0
LINE
8
BLACK
6
CONTINUOUS
10
1.1771826771653544
20
0.5506299212598426
11
1.1771827952755904
21
0.5506299212598426
0
LINE
8
BLACK
6
CONTINUOUS
10
1.1771827952755904
20
0.5506299212598426
11
1.1842587401574802
21
0.5519526377952756
0
LINE
8
BLACK
6
CONTINUOUS
10
1.1842587401574802
20
0.5519526377952756
11
1.1857931496062992
21
0.5522394881889764
0
LINE
8
BLACK
6
CONTINUOUS
10
1.1857931496062992
20
0.5522394881889764
11
1.1939604724409449
21
0.5554035826771654
0
LINE
8
BLACK
6
CONTINUOUS
10
1.1939604724409449
20
0.5554035826771654
11
1.1939606692913385
21
0.5554036614173228
0
LINE
8
BLACK
6
CONTINUOUS
10
1.1939606692913385
20
0.5554036614173228
11
1.1939608267716535
21
0.5554037401574803
0
LINE
8
BLACK
6
CONTINUOUS
10
1.1939608267716535
20
0.5554037401574803
11
1.1939611023622048
21
0.5554038976377953
0
LINE
8
BLACK
6
CONTINUOUS
10
1.1939611023622048
20
0.5554038976377953
11
1.2014078740157481
21
0.5600147244094488
0
LINE
8
BLACK
6
CONTINUOUS
10
1.2014078740157481
20
0.5600147244094488
11
1.2014079133858266
21
0.5600147637795275
0
LINE
8
BLACK
6
CONTINUOUS
10
1.2014079133858266
20
0.5600147637795275
11
1.2078811811023622
21
0.565915905511811
0
LINE
8
BLACK
6
CONTINUOUS
10
1.2078811811023622
20
0.565915905511811
11
1.2126392519685039
21
0.5722166929133858
0
LINE
8
BLACK
6
CONTINUOUS
10
1.2126392519685039
20
0.5722166929133858
11
1.2131597637795275
21
0.5729059448818897
0
LINE
8
BLACK
6
CONTINUOUS
10
1.2131597637795275
20
0.5729059448818897
11
1.2131598818897638
21
0.5729061023622047
0
LINE
8
BLACK
6
CONTINUOUS
10
1.2131598818897638
20
0.5729061023622047
11
1.2170639763779527
21
0.5807465354330709
0
LINE
8
BLACK
6
CONTINUOUS
10
1.2170639763779527
20
0.5807465354330709
11
1.2170642125984252
21
0.5807472047244094
0
LINE
8
BLACK
6
CONTINUOUS
10
1.2170642125984252
20
0.5807472047244094
11
1.2180318897637794
21
0.584148188976378
0
LINE
8
BLACK
6
CONTINUOUS
10
1.2180318897637794
20
0.584148188976378
11
1.2195232283464568
21
0.5865122440944882
0
LINE
8
BLACK
6
CONTINUOUS
10
1.2195232283464568
20
0.5865122440944882
11
1.2220559448818897
21
0.5876946850393701
0
LINE
8
BLACK
6
CONTINUOUS
10
1.2220559448818897
20
0.5876946850393701
11
1.2248259055118109
21
0.587320157480315
0
LINE
8
BLACK
6
CONTINUOUS
10
1.2248259055118109
20
0.587320157480315
11
1.2269536220472441
21
0.5855075590551181
0
LINE
8
BLACK
6
CONTINUOUS
10
1.2269536220472441
20
0.5855075590551181
11
1.2275744094488188
21
0.584148188976378
0
LINE
8
BLACK
6
CONTINUOUS
10
1.2275744094488188
20
0.584148188976378
11
1.2285420472440944
21
0.5807472047244094
0
LINE
8
BLACK
6
CONTINUOUS
10
1.2285420472440944
20
0.5807472047244094
11
1.228542283464567
21
0.5807465354330709
0
LINE
8
BLACK
6
CONTINUOUS
10
1.228542283464567
20
0.5807465354330709
11
1.2324463779527559
21
0.5729061023622047
0
LINE
8
BLACK
6
CONTINUOUS
10
1.2324463779527559
20
0.5729061023622047
11
1.2324465354330709
21
0.572905905511811
0
LINE
8
BLACK
6
CONTINUOUS
10
1.2324465354330709
20
0.572905905511811
11
1.2377250787401575
21
0.565915905511811
0
LINE
8
BLACK
6
CONTINUOUS
10
1.2377250787401575
20
0.565915905511811
11
1.2441983464566928
21
0.5600147637795275
0
LINE
8
BLACK
6
CONTINUOUS
10
1.2441983464566928
20
0.5600147637795275
11
1.2441983858267716
21
0.5600147244094488
0
LINE
8
BLACK
6
CONTINUOUS
10
1.2441983858267716
20
0.5600147244094488
11
1.2516451574803149
21
0.5554038976377953
0
LINE
8
BLACK
6
CONTINUOUS
10
1.2516451574803149
20
0.5554038976377953
11
1.2516457874015747
21
0.5554035826771654
0
LINE
8
BLACK
6
CONTINUOUS
10
1.2516457874015747
20
0.5554035826771654
11
1.2598131102362204
21
0.5522394881889764
0
LINE
8
BLACK
6
CONTINUOUS
10
1.2598131102362204
20
0.5522394881889764
11
1.2628690551181103
21
0.5516682283464567
0
LINE
8
BLACK
6
CONTINUOUS
10
1.2628690551181103
20
0.5516682283464567
11
1.2684235039370078
21
0.5506299212598426
0
LINE
8
BLACK
6
CONTINUOUS
10
1.2684235039370078
20
0.5506299212598426
11
1.268423622047244
21
0.5506299212598426
0
LINE
8
BLACK
6
CONTINUOUS
10
1.268423622047244
20
0.5506299212598426
11
1.2771826771653543
21
0.5506299212598426
0
LINE
8
BLACK
6
CONTINUOUS
10
1.2771826771653543
20
0.5506299212598426
11
1.2771827952755905
21
0.5506299212598426
0
LINE
8
BLACK
6
CONTINUOUS
10
1.2771827952755905
20
0.5506299212598426
11
1.2842587401574803
21
0.5519526377952756
0
LINE
8
BLACK
6
CONTINUOUS
10
1.2842587401574803
20
0.5519526377952756
11
1.2857931496062991
21
0.5522394881889764
0
LINE
8
BLACK
6
CONTINUOUS
10
1.2857931496062991
20
0.5522394881889764
11
1.2939604724409448
21
0.5554035826771654
0
LINE
8
BLACK
6
CONTINUOUS
10
1.2939604724409448
20
0.5554035826771654
11
1.2939606692913386
21
0.5554036614173228
0
LINE
8
BLACK
6
CONTINUOUS
10
1.2939606692913386
20
0.5554036614173228
11
1.2939608267716536
21
0.5554037401574803
0
LINE
8
BLACK
6
CONTINUOUS
10
1.2939608267716536
20
0.5554037401574803
11
1.2939611023622046
21
0.5554038976377953
0
LINE
8
BLACK
6
CONTINUOUS
10
1.2939611023622046
20
0.5554038976377953
11
1.301407874015748
21
0.5600147244094488
0
LINE
8
BLACK
6
CONTINUOUS
10
1.301407874015748
20
0.5600147244094488
11
1.3014079133858267
21
0.5600147637795275
0
LINE
8
BLACK
6
CONTINUOUS
10
1.3014079133858267
20
0.5600147637795275
11
1.3078811811023621
21
0.565915905511811
0
LINE
8
BLACK
6
CONTINUOUS
10
1.3078811811023621
20
0.565915905511811
11
1.312639251968504
21
0.5722166929133858
0
LINE
8
BLACK
6
CONTINUOUS
10
1.312639251968504
20
0.5722166929133858
11
1.3131597637795276
21
0.5729059448818897
0
LINE
8
BLACK
6
CONTINUOUS
10
1.3131597637795276
20
0.5729059448818897
11
1.3131598818897638
21
0.5729061023622047
0
LINE
8
BLACK
6
CONTINUOUS
10
1.3131598818897638
20
0.5729061023622047
11
1.3170639763779528
21
0.5807465354330709
0
LINE
8
BLACK
6
CONTINUOUS
10
1.3170639763779528
20
0.5807465354330709
11
1.3170642125984251
21
0.5807472047244094
0
LINE
8
BLACK
6
CONTINUOUS
10
1.3170642125984251
20
0.5807472047244094
11
1.3180318897637795
21
0.584148188976378
0
LINE
8
BLACK
6
CONTINUOUS
10
1.3180318897637795
20
0.584148188976378
11
1.3195232283464566
21
0.5865122440944882
0
LINE
8
BLACK
6
CONTINUOUS
10
1.3195232283464566
20
0.5865122440944882
11
1.3220559448818898
21
0.5876946850393701
0
LINE
8
BLACK
6
CONTINUOUS
10
1.3220559448818898
20
0.5876946850393701
11
1.324825905511811
21
0.587320157480315
0
LINE
8
BLACK
6
CONTINUOUS
10
1.324825905511811
20
0.587320157480315
11
1.326953622047244
21
0.5855075590551181
0
LINE
8
BLACK
6
CONTINUOUS
10
1.326953622047244
20
0.5855075590551181
11
1.3275744094488189
21
0.584148188976378
0
LINE
8
BLACK
6
CONTINUOUS
10
1.3275744094488189
20
0.584148188976378
11
1.3285420472440945
21
0.5807472047244094
0
LINE
8
BLACK
6
CONTINUOUS
10
1.3285420472440945
20
0.5807472047244094
11
1.3285422834645668
21
0.5807465354330709
0
LINE
8
BLACK
6
CONTINUOUS
10
1.3285422834645668
20
0.5807465354330709
11
1.3324463779527558
21
0.5729061023622047
0
LINE
8
BLACK
6
CONTINUOUS
10
1.3324463779527558
20
0.5729061023622047
11
1.3324465354330708
21
0.572905905511811
0
LINE
8
BLACK
6
CONTINUOUS
10
1.3324465354330708
20
0.572905905511811
11
1.3377250787401576
21
0.565915905511811
0
LINE
8
BLACK
6
CONTINUOUS
10
1.3377250787401576
20
0.565915905511811
11
1.3441983464566929
21
0.5600147637795275
0
LINE
8
BLACK
6
CONTINUOUS
10
1.3441983464566929
20
0.5600147637795275
11
1.3441983858267716
21
0.5600147244094488
0
LINE
8
BLACK
6
CONTINUOUS
10
1.3441983858267716
20
0.5600147244094488
11
1.351645157480315
21
0.5554038976377953
0
LINE
8
BLACK
6
CONTINUOUS
10
1.351645157480315
20
0.5554038976377953
11
1.3516457874015748
21
0.5554035826771654
0
LINE
8
BLACK
6
CONTINUOUS
10
1.3516457874015748
20
0.5554035826771654
11
1.3598131102362205
21
0.5522394881889764
0
LINE
8
BLACK
6
CONTINUOUS
10
1.3598131102362205
20
0.5522394881889764
11
1.3628690551181102
21
0.5516682283464567
0
LINE
8
BLACK
6
CONTINUOUS
10
1.3628690551181102
20
0.5516682283464567
11
1.3684235039370078
21
0.5506299212598426
0
LINE
8
BLACK
6
CONTINUOUS
10
1.3684235039370078
20
0.5506299212598426
11
1.3684236220472441
21
0.5506299212598426
0
LINE
8
BLACK
6
CONTINUOUS
10
1.3684236220472441
20
0.5506299212598426
11
1.3771826771653544
21
0.5506299212598426
0
LINE
8
BLACK
6
CONTINUOUS
10
1.3771826771653544
20
0.5506299212598426
11
1.3771827952755906
21
0.5506299212598426
0
LINE
8
BLACK
6
CONTINUOUS
10
1.3771827952755906
20
0.5506299212598426
11
1.3842587401574802
21
0.5519526377952756
0
LINE
8
BLACK
6
CONTINUOUS
10
1.3842587401574802
20
0.5519526377952756
11
1.3857931496062992
21
0.5522394881889764
0
LINE
8
BLACK
6
CONTINUOUS
10
1.3857931496062992
20
0.5522394881889764
11
1.3939604724409449
21
0.5554035826771654
0
LINE
8
BLACK
6
CONTINUOUS
10
1.3939604724409449
20
0.5554035826771654
11
1.3939606692913387
21
0.5554036614173228
0
LINE
8
BLACK
6
CONTINUOUS
10
1.3939606692913387
20
0.5554036614173228
11
1.3939608267716534
21
0.5554037401574803
0
LINE
8
BLACK
6
CONTINUOUS
10
1.3939608267716534
20
0.5554037401574803
11
1.3939611023622047
21
0.5554038976377953
0
LINE
8
BLACK
6
CONTINUOUS
10
1.3939611023622047
20
0.5554038976377953
11
1.4014078740157481
21
0.5600147244094488
0
LINE
8
BLACK
6
CONTINUOUS
10
1.4014078740157481
20
0.5600147244094488
11
1.4014079133858268
21
0.5600147637795275
0
LINE
8
BLACK
6
CONTINUOUS
10
1.4014079133858268
20
0.5600147637795275
11
1.4078811811023622
21
0.565915905511811
0
LINE
8
BLACK
6
CONTINUOUS
10
1.4078811811023622
20
0.565915905511811
11
1.4126392519685038
21
0.5722166929133858
0
LINE
8
BLACK
6
CONTINUOUS
10
1.4126392519685038
20
0.5722166929133858
11
1.4131597637795275
21
0.5729059448818897
0
LINE
8
BLACK
6
CONTINUOUS
10
1.4131597637795275
20
0.5729059448818897
11
1.4139739370078739
21
0.5745410236220472
0
LINE
8
BLACK
6
CONTINUOUS
10
1.4139739370078739
20
0.5745410236220472
11
1.4144213779527559
21
0.5754395275590551
0
LINE
8
BLACK
6
CONTINUOUS
10
1.4144213779527559
20
0.5754395275590551
11
1.4163217322834645
21
0.5774892519685039
0
LINE
8
BLACK
6
CONTINUOUS
10
1.4163217322834645
20
0.5774892519685039
11
1.4188619291338582
21
0.5781889763779527
0
LINE
8
BLACK
6
CONTINUOUS
10
1.4188619291338582
20
0.5781889763779527
11
1.4649268897637795
21
0.5781889763779527
0
LINE
8
BLACK
6
CONTINUOUS
10
1.4649268897637795
20
0.5781889763779527
11
1.4659814173228347
21
0.5780755905511811
0
LINE
8
BLACK
6
CONTINUOUS
10
1.4659814173228347
20
0.5780755905511811
11
1.4661585433070865
21
0.5780370472440944
0
LINE
8
BLACK
6
CONTINUOUS
10
1.4661585433070865
20
0.5780370472440944
11
1.4661585826771653
21
0.5780370472440944
0
LINE
8
BLACK
6
CONTINUOUS
10
1.4661585826771653
20
0.5780370472440944
11
1.4681060236220471
21
0.5781763385826771
0
LINE
8
BLACK
6
CONTINUOUS
10
1.4681060236220471
20
0.5781763385826771
11
1.4684598818897638
21
0.5781889763779527
0
LINE
8
BLACK
6
CONTINUOUS
10
1.4684598818897638
20
0.5781889763779527
11
1.4689881102362203
21
0.5781889763779527
0
LINE
8
BLACK
6
CONTINUOUS
10
1.4689881102362203
20
0.5781889763779527
11
1.4689881889763778
21
0.5781889763779527
0
LINE
8
BLACK
6
CONTINUOUS
10
1.4689881889763778
20
0.5781889763779527
11
1.4692407874015747
21
0.5782252755905511
0
LINE
8
BLACK
6
CONTINUOUS
10
1.4692407874015747
20
0.5782252755905511
11
1.4695113779527558
21
0.5782641732283464
0
LINE
8
BLACK
6
CONTINUOUS
10
1.4695113779527558
20
0.5782641732283464
11
1.4698629921259843
21
0.578301968503937
0
LINE
8
BLACK
6
CONTINUOUS
10
1.4698629921259843
20
0.578301968503937
11
1.4718103149606299
21
0.5784412598425197
0
LINE
8
BLACK
6
CONTINUOUS
10
1.4718103149606299
20
0.5784412598425197
11
1.4718105905511811
21
0.5784413385826771
0
LINE
8
BLACK
6
CONTINUOUS
10
1.4718105905511811
20
0.5784413385826771
11
1.4719806692913386
21
0.5785047637795275
0
LINE
8
BLACK
6
CONTINUOUS
10
1.4719806692913386
20
0.5785047637795275
11
1.4730072440944881
21
0.578766811023622
0
LINE
8
BLACK
6
CONTINUOUS
10
1.4730072440944881
20
0.578766811023622
11
1.4731872440944882
21
0.5787926771653543
0
LINE
8
BLACK
6
CONTINUOUS
10
1.4731872440944882
20
0.5787926771653543
11
1.4731875196850392
21
0.5787927559055118
0
LINE
8
BLACK
6
CONTINUOUS
10
1.4731875196850392
20
0.5787927559055118
11
1.4749629527559054
21
0.5796035826771654
0
LINE
8
BLACK
6
CONTINUOUS
10
1.4749629527559054
20
0.5796035826771654
11
1.4752899606299212
21
0.5797390551181102
0
LINE
8
BLACK
6
CONTINUOUS
10
1.4752899606299212
20
0.5797390551181102
11
1.4762059055118111
21
0.5800807086614173
0
LINE
8
BLACK
6
CONTINUOUS
10
1.4762059055118111
20
0.5800807086614173
11
1.4771193700787402
21
0.5804214173228346
0
LINE
8
BLACK
6
CONTINUOUS
10
1.4771193700787402
20
0.5804214173228346
11
1.4771695669291338
21
0.5804589763779527
0
LINE
8
BLACK
6
CONTINUOUS
10
1.4771695669291338
20
0.5804589763779527
11
1.4772647637795275
21
0.5805302362204724
0
LINE
8
BLACK
6
CONTINUOUS
10
1.4772647637795275
20
0.5805302362204724
11
1.4781763385826772
21
0.5810711023622047
0
LINE
8
BLACK
6
CONTINUOUS
10
1.4781763385826772
20
0.5810711023622047
11
1.4783412598425196
21
0.5811464173228347
0
LINE
8
BLACK
6
CONTINUOUS
10
1.4783412598425196
20
0.5811464173228347
11
1.4783413779527559
21
0.5811464960629921
0
LINE
8
BLACK
6
CONTINUOUS
10
1.4783413779527559
20
0.5811464960629921
11
1.4783414173228346
21
0.5811465354330708
0
LINE
8
BLACK
6
CONTINUOUS
10
1.4783414173228346
20
0.5811465354330708
11
1.4783414960629921
21
0.5811465748031496
0
LINE
8
BLACK
6
CONTINUOUS
10
1.4783414960629921
20
0.5811465748031496
11
1.4798169685039371
21
0.5824250393700787
0
LINE
8
BLACK
6
CONTINUOUS
10
1.4798169685039371
20
0.5824250393700787
11
1.4800924015748032
21
0.5826470078740157
0
LINE
8
BLACK
6
CONTINUOUS
10
1.4800924015748032
20
0.5826470078740157
11
1.4805155118110236
21
0.5829637401574803
0
LINE
8
BLACK
6
CONTINUOUS
10
1.4805155118110236
20
0.5829637401574803
11
1.4808893307086615
21
0.5833375590551181
0
LINE
8
BLACK
6
CONTINUOUS
10
1.4808893307086615
20
0.5833375590551181
11
1.4811481102362205
21
0.5835785039370078
0
LINE
8
BLACK
6
CONTINUOUS
10
1.4811481102362205
20
0.5835785039370078
11
1.4826237007874015
21
0.5848570866141732
0
LINE
8
BLACK
6
CONTINUOUS
10
1.4826237007874015
20
0.5848570866141732
11
1.482623779527559
21
0.5848571653543307
0
LINE
8
BLACK
6
CONTINUOUS
10
1.482623779527559
20
0.5848571653543307
11
1.4827218897637795
21
0.5850098818897638
0
LINE
8
BLACK
6
CONTINUOUS
10
1.4827218897637795
20
0.5850098818897638
11
1.4833873228346457
21
0.5858355511811023
0
LINE
8
BLACK
6
CONTINUOUS
10
1.4833873228346457
20
0.5858355511811023
11
1.680394094488189
21
0.7828423228346456
0
LINE
8
BLACK
6
CONTINUOUS
10
1.680394094488189
20
0.7828423228346456
11
1.6828473228346457
21
0.7841819291338582
0
LINE
8
BLACK
6
CONTINUOUS
10
1.6828473228346457
20
0.7841819291338582
11
1.6839017716535434
21
0.7842952755905511
0
LINE
8
BLACK
6
CONTINUOUS
10
1.6839017716535434
20
0.7842952755905511
11
1.7071456692913385
21
0.7842952755905511
0
LINE
8
BLACK
6
CONTINUOUS
10
1.7071456692913385
20
0.7842952755905511
11
1.7098275984251967
21
0.7835077952755906
0
LINE
8
BLACK
6
CONTINUOUS
10
1.7098275984251967
20
0.7835077952755906
11
1.711658031496063
21
0.7813953543307086
0
LINE
8
BLACK
6
CONTINUOUS
10
1.711658031496063
20
0.7813953543307086
11
1.7121062992125984
21
0.7793346456692913
0
LINE
8
BLACK
6
CONTINUOUS
10
1.7121062992125984
20
0.7793346456692913
11
1.7121062992125984
21
0.7192224015748031
0
LINE
8
BLACK
6
CONTINUOUS
10
1.7121062992125984
20
0.7192224015748031
11
1.7125642519685038
21
0.7169201181102363
0
LINE
8
BLACK
6
CONTINUOUS
10
1.7125642519685038
20
0.7169201181102363
11
1.7125642913385826
21
0.71692
0
LINE
8
BLACK
6
CONTINUOUS
10
1.7125642913385826
20
0.71692
11
1.7143089763779527
21
0.7143089763779528
0
LINE
8
BLACK
6
CONTINUOUS
10
1.7143089763779527
20
0.7143089763779528
11
1.71692
21
0.7125642913385827
0
LINE
8
BLACK
6
CONTINUOUS
10
1.71692
20
0.7125642913385827
11
1.7169201181102363
21
0.7125642519685039
0
LINE
8
BLACK
6
CONTINUOUS
10
1.7169201181102363
20
0.7125642519685039
11
1.7192224015748032
21
0.7121062992125984
0
LINE
8
BLACK
6
CONTINUOUS
10
1.7192224015748032
20
0.7121062992125984
11
1.7192225196850393
21
0.7121062992125984
0
LINE
8
BLACK
6
CONTINUOUS
10
1.7192225196850393
20
0.7121062992125984
11
1.780777559055118
21
0.7121062992125984
0
LINE
8
BLACK
6
CONTINUOUS
10
1.780777559055118
20
0.7121062992125984
11
1.783079842519685
21
0.7125642519685039
0
LINE
8
BLACK
6
CONTINUOUS
10
1.783079842519685
20
0.7125642519685039
11
1.7830799606299212
21
0.7125642913385827
0
LINE
8
BLACK
6
CONTINUOUS
10
1.7830799606299212
20
0.7125642913385827
11
1.7840929133858268
21
0.7132411417322835
0
LINE
8
BLACK
6
CONTINUOUS
10
1.7840929133858268
20
0.7132411417322835
11
1.7856910236220471
21
0.7143089763779528
0
LINE
8
BLACK
6
CONTINUOUS
10
1.7856910236220471
20
0.7143089763779528
11
1.7874357086614172
21
0.7169200393700788
0
LINE
8
BLACK
6
CONTINUOUS
10
1.7874357086614172
20
0.7169200393700788
11
1.7878937007874016
21
0.7192225196850394
0
LINE
8
BLACK
6
CONTINUOUS
10
1.7878937007874016
20
0.7192225196850394
11
1.7878937007874016
21
0.7722636220472441
0
LINE
8
BLACK
6
CONTINUOUS
10
1.7878937007874016
20
0.7722636220472441
11
1.7886811811023622
21
0.7749455511811023
0
LINE
8
BLACK
6
CONTINUOUS
10
1.7886811811023622
20
0.7749455511811023
11
1.790793622047244
21
0.7767759842519685
0
LINE
8
BLACK
6
CONTINUOUS
10
1.790793622047244
20
0.7767759842519685
11
1.7935603149606298
21
0.7771737795275591
0
LINE
8
BLACK
6
CONTINUOUS
10
1.7935603149606298
20
0.7771737795275591
11
1.7961028346456693
21
0.7760125984251969
0
LINE
8
BLACK
6
CONTINUOUS
10
1.7961028346456693
20
0.7760125984251969
11
1.7963620078740157
21
0.7757712992125984
0
LINE
8
BLACK
6
CONTINUOUS
10
1.7963620078740157
20
0.7757712992125984
11
1.810653346456693
21
0.7614799606299213
0
LINE
8
BLACK
6
CONTINUOUS
10
1.810653346456693
20
0.7614799606299213
11
1.8119929527559056
21
0.7590267322834645
0
LINE
8
BLACK
6
CONTINUOUS
10
1.8119929527559056
20
0.7590267322834645
11
1.8121062992125985
21
0.7579722834645669
0
LINE
8
BLACK
6
CONTINUOUS
10
1.8121062992125985
20
0.7579722834645669
11
1.8121062992125985
21
0.7192224015748031
0
LINE
8
BLACK
6
CONTINUOUS
10
1.8121062992125985
20
0.7192224015748031
11
1.8125642519685039
21
0.7169201181102363
0
LINE
8
BLACK
6
CONTINUOUS
10
1.8125642519685039
20
0.7169201181102363
11
1.8125642913385827
21
0.71692
0
LINE
8
BLACK
6
CONTINUOUS
10
1.8125642913385827
20
0.71692
11
1.8143089763779527
21
0.7143089763779528
0
LINE
8
BLACK
6
CONTINUOUS
10
1.8143089763779527
20
0.7143089763779528
11
1.8169199999999999
21
0.7125642913385827
0
LINE
8
BLACK
6
CONTINUOUS
10
1.8169199999999999
20
0.7125642913385827
11
1.8169201181102361
21
0.7125642519685039
0
LINE
8
BLACK
6
CONTINUOUS
10
1.8169201181102361
20
0.7125642519685039
11
1.8192224015748031
21
0.7121062992125984
0
LINE
8
BLACK
6
CONTINUOUS
10
1.8192224015748031
20
0.7121062992125984
11
1.8192225196850393
21
0.7121062992125984
0
LINE
8
BLACK
6
CONTINUOUS
10
1.8192225196850393
20
0.7121062992125984
11
1.8807775590551181
21
0.7121062992125984
0
LINE
8
BLACK
6
CONTINUOUS
10
1.8807775590551181
20
0.7121062992125984
11
1.8830798425196851
21
0.7125642519685039
0
LINE
8
BLACK
6
CONTINUOUS
10
1.8830798425196851
20
0.7125642519685039
11
1.8830799606299211
21
0.7125642913385827
0
LINE
8
BLACK
6
CONTINUOUS
10
1.8830799606299211
20
0.7125642913385827
11
1.8840929133858266
21
0.7132411417322835
0
LINE
8
BLACK
6
CONTINUOUS
10
1.8840929133858266
20
0.7132411417322835
11
1.8856910236220472
21
0.7143089763779528
0
LINE
8
BLACK
6
CONTINUOUS
10
1.8856910236220472
20
0.7143089763779528
11
1.8874357086614173
21
0.7169200393700788
0
LINE
8
BLACK
6
CONTINUOUS
10
1.8874357086614173
20
0.7169200393700788
11
1.8878937007874015
21
0.7192225196850394
0
LINE
8
BLACK
6
CONTINUOUS
10
1.8878937007874015
20
0.7192225196850394
11
1.8878937007874015
21
0.7807774803149606
0
LINE
8
BLACK
6
CONTINUOUS
10
1.8878937007874015
20
0.7807774803149606
11
1.8874357086614173
21
0.7830799606299212
0
LINE
8
BLACK
6
CONTINUOUS
10
1.8874357086614173
20
0.7830799606299212
11
1.8856910236220472
21
0.7856910236220472
0
LINE
8
BLACK
6
CONTINUOUS
10
1.8856910236220472
20
0.7856910236220472
11
1.8830799606299211
21
0.7874357086614173
0
LINE
8
BLACK
6
CONTINUOUS
10
1.8830799606299211
20
0.7874357086614173
11
1.8807774803149606
21
0.7878937007874015
0
LINE
8
BLACK
6
CONTINUOUS
10
1.8807774803149606
20
0.7878937007874015
11
1.8807774409448819
21
0.7878937007874015
0
LINE
8
BLACK
6
CONTINUOUS
10
1.8807774409448819
20
0.7878937007874015
11
1.8420276771653543
21
0.7878937007874015
0
LINE
8
BLACK
6
CONTINUOUS
10
1.8420276771653543
20
0.7878937007874015
11
1.8393457480314961
21
0.7886811811023622
0
LINE
8
BLACK
6
CONTINUOUS
10
1.8393457480314961
20
0.7886811811023622
11
1.8385201968503937
21
0.7893464173228346
0
LINE
8
BLACK
6
CONTINUOUS
10
1.8385201968503937
20
0.7893464173228346
11
1.8118082677165355
21
0.8160583464566928
0
LINE
8
BLACK
6
CONTINUOUS
10
1.8118082677165355
20
0.8160583464566928
11
1.8111429527559055
21
0.816884094488189
0
LINE
8
BLACK
6
CONTINUOUS
10
1.8111429527559055
20
0.816884094488189
11
1.811045
21
0.8170365354330709
0
LINE
8
BLACK
6
CONTINUOUS
10
1.811045
20
0.8170365354330709
11
1.8095688188976378
21
0.8183155511811023
0
LINE
8
BLACK
6
CONTINUOUS
10
1.8095688188976378
20
0.8183155511811023
11
1.8093101181102362
21
0.8185565354330708
0
LINE
8
BLACK
6
CONTINUOUS
10
1.8093101181102362
20
0.8185565354330708
11
1.8089368897637794
21
0.8189298031496063
0
LINE
8
BLACK
6
CONTINUOUS
10
1.8089368897637794
20
0.8189298031496063
11
1.8089368503937007
21
0.8189298031496063
0
LINE
8
BLACK
6
CONTINUOUS
10
1.8089368503937007
20
0.8189298031496063
11
1.8089367322834646
21
0.8189299606299213
0
LINE
8
BLACK
6
CONTINUOUS
10
1.8089367322834646
20
0.8189299606299213
11
1.8085135433070865
21
0.8192466929133858
0
LINE
8
BLACK
6
CONTINUOUS
10
1.8085135433070865
20
0.8192466929133858
11
1.8082380314960629
21
0.8194687401574803
0
LINE
8
BLACK
6
CONTINUOUS
10
1.8082380314960629
20
0.8194687401574803
11
1.8067628346456692
21
0.8207470078740158
0
LINE
8
BLACK
6
CONTINUOUS
10
1.8067628346456692
20
0.8207470078740158
11
1.806762716535433
21
0.8207471259842519
0
LINE
8
BLACK
6
CONTINUOUS
10
1.806762716535433
20
0.8207471259842519
11
1.8065977559055117
21
0.8208224015748031
0
LINE
8
BLACK
6
CONTINUOUS
10
1.8065977559055117
20
0.8208224015748031
11
1.8056857086614173
21
0.8213636220472441
0
LINE
8
BLACK
6
CONTINUOUS
10
1.8056857086614173
20
0.8213636220472441
11
1.805540590551181
21
0.8214722834645669
0
LINE
8
BLACK
6
CONTINUOUS
10
1.805540590551181
20
0.8214722834645669
11
1.8037111023622048
21
0.8221546062992126
0
LINE
8
BLACK
6
CONTINUOUS
10
1.8037111023622048
20
0.8221546062992126
11
1.8033844881889762
21
0.8222898818897637
0
LINE
8
BLACK
6
CONTINUOUS
10
1.8033844881889762
20
0.8222898818897637
11
1.8016085433070865
21
0.8231009842519685
0
LINE
8
BLACK
6
CONTINUOUS
10
1.8016085433070865
20
0.8231009842519685
11
1.8014291732283465
21
0.8231267322834646
0
LINE
8
BLACK
6
CONTINUOUS
10
1.8014291732283465
20
0.8231267322834646
11
1.8004012204724409
21
0.823389094488189
0
LINE
8
BLACK
6
CONTINUOUS
10
1.8004012204724409
20
0.823389094488189
11
1.8002316141732284
21
0.8234524015748032
0
LINE
8
BLACK
6
CONTINUOUS
10
1.8002316141732284
20
0.8234524015748032
11
1.7982838188976378
21
0.8235916929133859
0
LINE
8
BLACK
6
CONTINUOUS
10
1.7982838188976378
20
0.8235916929133859
11
1.7979330708661416
21
0.8236294094488189
0
LINE
8
BLACK
6
CONTINUOUS
10
1.7979330708661416
20
0.8236294094488189
11
1.7974094094488189
21
0.8237047244094488
0
LINE
8
BLACK
6
CONTINUOUS
10
1.7974094094488189
20
0.8237047244094488
11
1.7974093700787401
21
0.8237047244094488
0
LINE
8
BLACK
6
CONTINUOUS
10
1.7974093700787401
20
0.8237047244094488
11
1.7968811023622047
21
0.8237047244094488
0
LINE
8
BLACK
6
CONTINUOUS
10
1.7968811023622047
20
0.8237047244094488
11
1.7965272440944882
21
0.8237173228346456
0
LINE
8
BLACK
6
CONTINUOUS
10
1.7965272440944882
20
0.8237173228346456
11
1.7945798031496063
21
0.8238566535433071
0
LINE
8
BLACK
6
CONTINUOUS
10
1.7945798031496063
20
0.8238566535433071
11
1.7944026377952755
21
0.8238181102362204
0
LINE
8
BLACK
6
CONTINUOUS
10
1.7944026377952755
20
0.8238181102362204
11
1.7933481102362205
21
0.8237047244094488
0
LINE
8
BLACK
6
CONTINUOUS
10
1.7933481102362205
20
0.8237047244094488
11
1.6763368503937008
21
0.8237047244094488
0
LINE
8
BLACK
6
CONTINUOUS
10
1.6763368503937008
20
0.8237047244094488
11
1.6752825196850394
21
0.8238180708661417
0
LINE
8
BLACK
6
CONTINUOUS
10
1.6752825196850394
20
0.8238180708661417
11
1.6752151181102362
21
0.8238327165354331
0
LINE
8
BLACK
6
CONTINUOUS
10
1.6752151181102362
20
0.8238327165354331
11
1.6751052755905511
21
0.8238566141732283
0
LINE
8
BLACK
6
CONTINUOUS
10
1.6751052755905511
20
0.8238566141732283
11
1.6731581496062993
21
0.8237173228346456
0
LINE
8
BLACK
6
CONTINUOUS
10
1.6731581496062993
20
0.8237173228346456
11
1.6728043307086613
21
0.8237047244094488
0
LINE
8
BLACK
6
CONTINUOUS
10
1.6728043307086613
20
0.8237047244094488
11
1.672275590551181
21
0.8237047244094488
0
LINE
8
BLACK
6
CONTINUOUS
10
1.672275590551181
20
0.8237047244094488
11
1.6720500787401575
21
0.8236722834645669
0
LINE
8
BLACK
6
CONTINUOUS
10
1.6720500787401575
20
0.8236722834645669
11
1.6717521653543306
21
0.8236294094488189
0
LINE
8
BLACK
6
CONTINUOUS
10
1.6717521653543306
20
0.8236294094488189
11
1.6714006299212598
21
0.8235916141732283
0
LINE
8
BLACK
6
CONTINUOUS
10
1.6714006299212598
20
0.8235916141732283
11
1.669453464566929
21
0.8234524015748032
0
LINE
8
BLACK
6
CONTINUOUS
10
1.669453464566929
20
0.8234524015748032
11
1.669283464566929
21
0.8233889763779527
0
LINE
8
BLACK
6
CONTINUOUS
10
1.669283464566929
20
0.8233889763779527
11
1.6682559448818897
21
0.8231267716535433
0
LINE
8
BLACK
6
CONTINUOUS
10
1.6682559448818897
20
0.8231267716535433
11
1.6680765354330709
21
0.8231009842519685
0
LINE
8
BLACK
6
CONTINUOUS
10
1.6680765354330709
20
0.8231009842519685
11
1.6663001574803149
21
0.8222897244094488
0
LINE
8
BLACK
6
CONTINUOUS
10
1.6663001574803149
20
0.8222897244094488
11
1.6659737007874016
21
0.822154527559055
0
LINE
8
BLACK
6
CONTINUOUS
10
1.6659737007874016
20
0.822154527559055
11
1.6641445669291339
21
0.8214722834645669
0
LINE
8
BLACK
6
CONTINUOUS
10
1.6641445669291339
20
0.8214722834645669
11
1.6641445275590552
21
0.8214722440944882
0
LINE
8
BLACK
6
CONTINUOUS
10
1.6641445275590552
20
0.8214722440944882
11
1.6641444881889764
21
0.8214722440944882
0
LINE
8
BLACK
6
CONTINUOUS
10
1.6641444881889764
20
0.8214722440944882
11
1.6639992913385826
21
0.8213635433070866
0
LINE
8
BLACK
6
CONTINUOUS
10
1.6639992913385826
20
0.8213635433070866
11
1.6630872834645669
21
0.8208224015748031
0
LINE
8
BLACK
6
CONTINUOUS
10
1.6630872834645669
20
0.8208224015748031
11
1.6629223622047244
21
0.8207471259842519
0
LINE
8
BLACK
6
CONTINUOUS
10
1.6629223622047244
20
0.8207471259842519
11
1.6629222834645669
21
0.8207470472440944
0
LINE
8
BLACK
6
CONTINUOUS
10
1.6629222834645669
20
0.8207470472440944
11
1.6614470472440945
21
0.8194687401574803
0
LINE
8
BLACK
6
CONTINUOUS
10
1.6614470472440945
20
0.8194687401574803
11
1.6611712992125984
21
0.8192465354330708
0
LINE
8
BLACK
6
CONTINUOUS
10
1.6611712992125984
20
0.8192465354330708
11
1.660748307086614
21
0.8189299212598425
0
LINE
8
BLACK
6
CONTINUOUS
10
1.660748307086614
20
0.8189299212598425
11
1.6603744094488189
21
0.8185560236220473
0
LINE
8
BLACK
6
CONTINUOUS
10
1.6603744094488189
20
0.8185560236220473
11
1.6601157874015748
21
0.8183152362204724
0
LINE
8
BLACK
6
CONTINUOUS
10
1.6601157874015748
20
0.8183152362204724
11
1.6586400787401574
21
0.8170365354330709
0
LINE
8
BLACK
6
CONTINUOUS
10
1.6586400787401574
20
0.8170365354330709
11
1.6586400393700786
21
0.8170364960629921
0
LINE
8
BLACK
6
CONTINUOUS
10
1.6586400393700786
20
0.8170364960629921
11
1.6585418503937008
21
0.8168837007874016
0
LINE
8
BLACK
6
CONTINUOUS
10
1.6585418503937008
20
0.8168837007874016
11
1.6578764566929134
21
0.8160580708661417
0
LINE
8
BLACK
6
CONTINUOUS
10
1.6578764566929134
20
0.8160580708661417
11
1.4818861417322835
21
0.6400677559055118
0
LINE
8
BLACK
6
CONTINUOUS
10
1.4818861417322835
20
0.6400677559055118
11
1.4794329133858268
21
0.6387281496062992
0
LINE
8
BLACK
6
CONTINUOUS
10
1.4794329133858268
20
0.6387281496062992
11
1.4766449212598425
21
0.6389275590551181
0
LINE
8
BLACK
6
CONTINUOUS
10
1.4766449212598425
20
0.6389275590551181
11
1.474407283464567
21
0.6406026377952756
0
LINE
8
BLACK
6
CONTINUOUS
10
1.474407283464567
20
0.6406026377952756
11
1.473460275590551
21
0.6429279527559055
0
LINE
8
BLACK
6
CONTINUOUS
10
1.473460275590551
20
0.6429279527559055
11
1.4730332283464567
21
0.6461717322834646
0
LINE
8
BLACK
6
CONTINUOUS
10
1.4730332283464567
20
0.6461717322834646
11
1.4706510236220471
21
0.651922874015748
0
LINE
8
BLACK
6
CONTINUOUS
10
1.4706510236220471
20
0.651922874015748
11
1.4706508267716536
21
0.6519231102362204
0
LINE
8
BLACK
6
CONTINUOUS
10
1.4706508267716536
20
0.6519231102362204
11
1.4704883858267717
21
0.6522045275590551
0
LINE
8
BLACK
6
CONTINUOUS
10
1.4704883858267717
20
0.6522045275590551
11
1.4705643307086613
21
0.6522483464566929
0
LINE
8
BLACK
6
CONTINUOUS
10
1.4705643307086613
20
0.6522483464566929
11
1.4697219685039369
21
0.6544269291338582
0
LINE
8
BLACK
6
CONTINUOUS
10
1.4697219685039369
20
0.6544269291338582
11
1.4697047244094488
21
0.65484
0
LINE
8
BLACK
6
CONTINUOUS
10
1.4697047244094488
20
0.65484
11
1.4697047244094488
21
0.9071456692913386
0
LINE
8
BLACK
6
CONTINUOUS
10
1.4697047244094488
20
0.9071456692913386
11
1.4704922047244093
21
0.9098275984251968
0
LINE
8
BLACK
6
CONTINUOUS
10
1.4704922047244093
20
0.9098275984251968
11
1.4726046456692914
21
0.9116580314960629
0
LINE
8
BLACK
6
CONTINUOUS
10
1.4726046456692914
20
0.9116580314960629
11
1.4746653543307087
21
0.9121062992125984
0
LINE
8
BLACK
6
CONTINUOUS
10
1.4746653543307087
20
0.9121062992125984
11
1.480777559055118
21
0.9121062992125984
0
LINE
8
BLACK
6
CONTINUOUS
10
1.480777559055118
20
0.9121062992125984
11
1.4830798425196849
21
0.9125642519685039
0
LINE
8
BLACK
6
CONTINUOUS
10
1.4830798425196849
20
0.9125642519685039
11
1.4830799606299212
21
0.9125642913385826
0
LINE
8
BLACK
6
CONTINUOUS
10
1.4830799606299212
20
0.9125642913385826
11
1.4856910236220473
21
0.9143089763779527
0
LINE
8
BLACK
6
CONTINUOUS
10
1.4856910236220473
20
0.9143089763779527
11
1.4874357086614174
21
0.9169200393700787
0
LINE
8
BLACK
6
CONTINUOUS
10
1.4874357086614174
20
0.9169200393700787
11
1.4878937007874016
21
0.9192225196850393
0
LINE
8
BLACK
6
CONTINUOUS
10
1.4878937007874016
20
0.9192225196850393
11
1.4878937007874016
21
0.9807774803149606
0
LINE
8
BLACK
6
CONTINUOUS
10
1.4878937007874016
20
0.9807774803149606
11
1.4874357086614174
21
0.9830799606299212
0
LINE
8
BLACK
6
CONTINUOUS
10
1.4874357086614174
20
0.9830799606299212
11
1.4856910236220473
21
0.9856910236220472
0
LINE
8
BLACK
6
CONTINUOUS
10
1.4856910236220473
20
0.9856910236220472
11
1.4830799606299212
21
0.9874357086614173
0
LINE
8
BLACK
6
CONTINUOUS
10
1.4830799606299212
20
0.9874357086614173
11
1.4807774803149607
21
0.9878937007874016
0
LINE
8
BLACK
6
CONTINUOUS
10
1.4807774803149607
20
0.9878937007874016
11
1.480777440944882
21
0.9878937007874016
0
LINE
8
BLACK
6
CONTINUOUS
10
1.480777440944882
20
0.9878937007874016
11
1.4746653543307087
21
0.9878937007874016
0
LINE
8
BLACK
6
CONTINUOUS
10
1.4746653543307087
20
0.9878937007874016
11
1.4719834251968504
21
0.9886811811023621
0
LINE
8
BLACK
6
CONTINUOUS
10
1.4719834251968504
20
0.9886811811023621
11
1.4701529921259842
21
0.9907936220472441
0
LINE
8
BLACK
6
CONTINUOUS
10
1.4701529921259842
20
0.9907936220472441
11
1.4697047244094488
21
0.9928543307086614
0
LINE
8
BLACK
6
CONTINUOUS
10
1.4697047244094488
20
0.9928543307086614
11
1.4697047244094488
21
1.0071456692913385
0
LINE
8
BLACK
6
CONTINUOUS
10
1.4697047244094488
20
1.0071456692913385
11
1.4704922047244093
21
1.0098275984251968
0
LINE
8
BLACK
6
CONTINUOUS
10
1.4704922047244093
20
1.0098275984251968
11
1.4726046456692914
21
1.011658031496063
0
LINE
8
BLACK
6
CONTINUOUS
10
1.4726046456692914
20
1.011658031496063
11
1.4746653543307087
21
1.0121062992125984
0
LINE
8
BLACK
6
CONTINUOUS
10
1.4746653543307087
20
1.0121062992125984
11
1.480777559055118
21
1.0121062992125984
0
LINE
8
BLACK
6
CONTINUOUS
10
1.480777559055118
20
1.0121062992125984
11
1.4830798425196849
21
1.0125642519685039
0
LINE
8
BLACK
6
CONTINUOUS
10
1.4830798425196849
20
1.0125642519685039
11
1.4830799606299212
21
1.0125642913385826
0
LINE
8
BLACK
6
CONTINUOUS
10
1.4830799606299212
20
1.0125642913385826
11
1.4856910236220473
21
1.0143089763779527
0
LINE
8
BLACK
6
CONTINUOUS
10
1.4856910236220473
20
1.0143089763779527
11
1.4874357086614174
21
1.0169200393700788
0
LINE
8
BLACK
6
CONTINUOUS
10
1.4874357086614174
20
1.0169200393700788
11
1.4878937007874016
21
1.0192225196850393
0
LINE
8
BLACK
6
CONTINUOUS
10
1.4878937007874016
20
1.0192225196850393
11
1.4878937007874016
21
1.0807774803149606
0
LINE
8
BLACK
6
CONTINUOUS
10
1.4878937007874016
20
1.0807774803149606
11
1.4874357086614174
21
1.0830799606299213
0
LINE
8
BLACK
6
CONTINUOUS
10
1.4874357086614174
20
1.0830799606299213
11
1.4856910236220473
21
1.0856910236220472
0
LINE
8
BLACK
6
CONTINUOUS
10
1.4856910236220473
20
1.0856910236220472
11
1.4830799606299212
21
1.0874357086614173
0
LINE
8
BLACK
6
CONTINUOUS
10
1.4830799606299212
20
1.0874357086614173
11
1.4807774803149607
21
1.0878937007874014
0
LINE
8
BLACK
6
CONTINUOUS
10
1.4807774803149607
20
1.0878937007874014
11
1.4192225196850394
21
1.0878937007874014
0
LINE
8
BLACK
6
CONTINUOUS
10
1.4192225196850394
20
1.0878937007874014
11
1.4169200393700787
21
1.0874357086614173
0
LINE
8
BLACK
6
CONTINUOUS
10
1.4169200393700787
20
1.0874357086614173
11
1.4143089763779528
21
1.0856910236220472
0
LINE
8
BLACK
6
CONTINUOUS
10
1.4143089763779528
20
1.0856910236220472
11
1.4125642913385827
21
1.0830799606299213
0
LINE
8
BLACK
6
CONTINUOUS
10
1.4125642913385827
20
1.0830799606299213
11
1.412564251968504
21
1.083079842519685
0
LINE
8
BLACK
6
CONTINUOUS
10
1.412564251968504
20
1.083079842519685
11
1.4121062992125983
21
1.0807775590551181
0
LINE
8
BLACK
6
CONTINUOUS
10
1.4121062992125983
20
1.0807775590551181
11
1.4121062992125983
21
1.019222401574803
0
LINE
8
BLACK
6
CONTINUOUS
10
1.4121062992125983
20
1.019222401574803
11
1.412564251968504
21
1.0169201181102363
0
LINE
8
BLACK
6
CONTINUOUS
10
1.412564251968504
20
1.0169201181102363
11
1.4125642913385827
21
1.01692
0
LINE
8
BLACK
6
CONTINUOUS
10
1.4125642913385827
20
1.01692
11
1.4143089763779528
21
1.0143089763779527
0
LINE
8
BLACK
6
CONTINUOUS
10
1.4143089763779528
20
1.0143089763779527
11
1.41692
21
1.0125642913385826
0
LINE
8
BLACK
6
CONTINUOUS
10
1.41692
20
1.0125642913385826
11
1.4169201181102362
21
1.0125642519685039
0
LINE
8
BLACK
6
CONTINUOUS
10
1.4169201181102362
20
1.0125642519685039
11
1.4192224015748032
21
1.0121062992125984
0
LINE
8
BLACK
6
CONTINUOUS
10
1.4192224015748032
20
1.0121062992125984
11
1.4192225196850394
21
1.0121062992125984
0
LINE
8
BLACK
6
CONTINUOUS
10
1.4192225196850394
20
1.0121062992125984
11
1.4253346456692912
21
1.0121062992125984
0
LINE
8
BLACK
6
CONTINUOUS
10
1.4253346456692912
20
1.0121062992125984
11
1.4280165748031495
21
1.0113188188976379
0
LINE
8
BLACK
6
CONTINUOUS
10
1.4280165748031495
20
1.0113188188976379
11
1.4298470078740158
21
1.0092063779527558
0
LINE
8
BLACK
6
CONTINUOUS
10
1.4298470078740158
20
1.0092063779527558
11
1.4302952755905511
21
1.0071456692913385
0
LINE
8
BLACK
6
CONTINUOUS
10
1.4302952755905511
20
1.0071456692913385
11
1.4302952755905511
21
0.9928543307086614
0
LINE
8
BLACK
6
CONTINUOUS
10
1.4302952755905511
20
0.9928543307086614
11
1.4295077952755906
21
0.9901724015748031
0
LINE
8
BLACK
6
CONTINUOUS
10
1.4295077952755906
20
0.9901724015748031
11
1.4273953543307085
21
0.988341968503937
0
LINE
8
BLACK
6
CONTINUOUS
10
1.4273953543307085
20
0.988341968503937
11
1.4253346456692912
21
0.9878937007874016
0
LINE
8
BLACK
6
CONTINUOUS
10
1.4253346456692912
20
0.9878937007874016
11
1.4192225196850394
21
0.9878937007874016
0
LINE
8
BLACK
6
CONTINUOUS
10
1.4192225196850394
20
0.9878937007874016
11
1.4169200393700787
21
0.9874357086614173
0
LINE
8
BLACK
6
CONTINUOUS
10
1.4169200393700787
20
0.9874357086614173
11
1.4143089763779528
21
0.9856910236220472
0
LINE
8
BLACK
6
CONTINUOUS
10
1.4143089763779528
20
0.9856910236220472
11
1.4125642913385827
21
0.9830799606299212
0
LINE
8
BLACK
6
CONTINUOUS
10
1.4125642913385827
20
0.9830799606299212
11
1.412564251968504
21
0.9830798425196851
0
LINE
8
BLACK
6
CONTINUOUS
10
1.412564251968504
20
0.9830798425196851
11
1.4121062992125983
21
0.9807775590551181
0
LINE
8
BLACK
6
CONTINUOUS
10
1.4121062992125983
20
0.9807775590551181
11
1.4121062992125983
21
0.9192224015748032
0
LINE
8
BLACK
6
CONTINUOUS
10
1.4121062992125983
20
0.9192224015748032
11
1.412564251968504
21
0.9169201181102362
0
LINE
8
BLACK
6
CONTINUOUS
10
1.412564251968504
20
0.9169201181102362
11
1.4125642913385827
21
0.91692
0
LINE
8
BLACK
6
CONTINUOUS
10
1.4125642913385827
20
0.91692
11
1.4143089763779528
21
0.9143089763779527
0
LINE
8
BLACK
6
CONTINUOUS
10
1.4143089763779528
20
0.9143089763779527
11
1.41692
21
0.9125642913385826
0
LINE
8
BLACK
6
CONTINUOUS
10
1.41692
20
0.9125642913385826
11
1.4169201181102362
21
0.9125642519685039
0
LINE
8
BLACK
6
CONTINUOUS
10
1.4169201181102362
20
0.9125642519685039
11
1.4192224015748032
21
0.9121062992125984
0
LINE
8
BLACK
6
CONTINUOUS
10
1.4192224015748032
20
0.9121062992125984
11
1.4192225196850394
21
0.9121062992125984
0
LINE
8
BLACK
6
CONTINUOUS
10
1.4192225196850394
20
0.9121062992125984
11
1.4253346456692912
21
0.9121062992125984
0
LINE
8
BLACK
6
CONTINUOUS
10
1.4253346456692912
20
0.9121062992125984
11
1.4280165748031495
21
0.9113188188976378
0
LINE
8
BLACK
6
CONTINUOUS
10
1.4280165748031495
20
0.9113188188976378
11
1.4298470078740158
21
0.9092063779527559
0
LINE
8
BLACK
6
CONTINUOUS
10
1.4298470078740158
20
0.9092063779527559
11
1.4302952755905511
21
0.9071456692913386
0
LINE
8
BLACK
6
CONTINUOUS
10
1.4302952755905511
20
0.9071456692913386
11
1.4302952755905511
21
0.65484
0
LINE
8
BLACK
6
CONTINUOUS
10
1.4302952755905511
20
0.65484
11
1.4295077952755906
21
0.6521580708661417
0
LINE
8
BLACK
6
CONTINUOUS
10
1.4295077952755906
20
0.6521580708661417
11
1.4293793307086613
21
0.6519753937007874
0
LINE
8
BLACK
6
CONTINUOUS
10
1.4293793307086613
20
0.6519753937007874
11
1.429348937007874
21
0.6519227952755905
0
LINE
8
BLACK
6
CONTINUOUS
10
1.429348937007874
20
0.6519227952755905
11
1.4269667322834645
21
0.6461716535433071
0
LINE
8
BLACK
6
CONTINUOUS
10
1.4269667322834645
20
0.6461716535433071
11
1.426154251968504
21
0.64
0
LINE
8
BLACK
6
CONTINUOUS
10
1.426154251968504
20
0.64
11
1.426154251968504
21
0.6399999606299213
0
LINE
8
BLACK
6
CONTINUOUS
10
1.426154251968504
20
0.6399999606299213
11
1.4269667322834645
21
0.6338283070866142
0
LINE
8
BLACK
6
CONTINUOUS
10
1.4269667322834645
20
0.6338283070866142
11
1.429348937007874
21
0.6280771653543307
0
LINE
8
BLACK
6
CONTINUOUS
10
1.429348937007874
20
0.6280771653543307
11
1.4293490157480315
21
0.6280770472440945
0
LINE
8
BLACK
6
CONTINUOUS
10
1.4293490157480315
20
0.6280770472440945
11
1.4312659448818896
21
0.6255788976377953
0
LINE
8
BLACK
6
CONTINUOUS
10
1.4312659448818896
20
0.6255788976377953
11
1.4322738188976378
21
0.6229717716535433
0
LINE
8
BLACK
6
CONTINUOUS
10
1.4322738188976378
20
0.6229717716535433
11
1.4317122047244095
21
0.6202336614173228
0
LINE
8
BLACK
6
CONTINUOUS
10
1.4317122047244095
20
0.6202336614173228
11
1.4297594094488189
21
0.6182338188976377
0
LINE
8
BLACK
6
CONTINUOUS
10
1.4297594094488189
20
0.6182338188976377
11
1.4273303937007873
21
0.6175984251968504
0
LINE
8
BLACK
6
CONTINUOUS
10
1.4273303937007873
20
0.6175984251968504
11
1.4188619291338582
21
0.6175984251968504
0
LINE
8
BLACK
6
CONTINUOUS
10
1.4188619291338582
20
0.6175984251968504
11
1.41618
21
0.6183859055118111
0
LINE
8
BLACK
6
CONTINUOUS
10
1.41618
20
0.6183859055118111
11
1.4144213779527559
21
0.620347874015748
0
LINE
8
BLACK
6
CONTINUOUS
10
1.4144213779527559
20
0.620347874015748
11
1.4139365748031496
21
0.6213213779527559
0
LINE
8
BLACK
6
CONTINUOUS
10
1.4139365748031496
20
0.6213213779527559
11
1.4131597637795275
21
0.6228814566929134
0
LINE
8
BLACK
6
CONTINUOUS
10
1.4131597637795275
20
0.6228814566929134
11
1.4078811417322834
21
0.6298714960629921
0
LINE
8
BLACK
6
CONTINUOUS
10
1.4078811417322834
20
0.6298714960629921
11
1.4014079527559056
21
0.6357725984251968
0
LINE
8
BLACK
6
CONTINUOUS
10
1.4014079527559056
20
0.6357725984251968
11
1.3939606692913387
21
0.6403837401574803
0
LINE
8
BLACK
6
CONTINUOUS
10
1.3939606692913387
20
0.6403837401574803
11
1.3868091732283465
21
0.643154251968504
0
LINE
8
BLACK
6
CONTINUOUS
10
1.3868091732283465
20
0.643154251968504
11
1.3857931496062992
21
0.643547874015748
0
LINE
8
BLACK
6
CONTINUOUS
10
1.3857931496062992
20
0.643547874015748
11
1.3857930708661417
21
0.643547874015748
0
LINE
8
BLACK
6
CONTINUOUS
10
1.3857930708661417
20
0.643547874015748
11
1.3857929133858267
21
0.6435479527559055
0
LINE
8
BLACK
6
CONTINUOUS
10
1.3857929133858267
20
0.6435479527559055
11
1.3771827952755906
21
0.6451574803149606
0
LINE
8
BLACK
6
CONTINUOUS
10
1.3771827952755906
20
0.6451574803149606
11
1.3684235039370078
21
0.6451574803149606
0
LINE
8
BLACK
6
CONTINUOUS
10
1.3684235039370078
20
0.6451574803149606
11
1.3630321653543307
21
0.6441496456692913
0
LINE
8
BLACK
6
CONTINUOUS
10
1.3630321653543307
20
0.6441496456692913
11
1.3602513385826771
21
0.6444309448818898
0
LINE
8
BLACK
6
CONTINUOUS
10
1.3602513385826771
20
0.6444309448818898
11
1.3586131496062992
21
0.6455180708661418
0
LINE
8
BLACK
6
CONTINUOUS
10
1.3586131496062992
20
0.6455180708661418
11
1.2693267322834645
21
0.7348044881889764
0
LINE
8
BLACK
6
CONTINUOUS
10
1.2693267322834645
20
0.7348044881889764
11
1.2688994488188976
21
0.7352916535433071
0
LINE
8
BLACK
6
CONTINUOUS
10
1.2688994488188976
20
0.7352916535433071
11
1.2681454724409449
21
0.7362743700787402
0
LINE
8
BLACK
6
CONTINUOUS
10
1.2681454724409449
20
0.7362743700787402
11
1.2632068503937008
21
0.7400638976377952
0
LINE
8
BLACK
6
CONTINUOUS
10
1.2632068503937008
20
0.7400638976377952
11
1.2574557086614173
21
0.7424461023622048
0
LINE
8
BLACK
6
CONTINUOUS
10
1.2574557086614173
20
0.7424461023622048
11
1.252833622047244
21
0.7430546062992126
0
LINE
8
BLACK
6
CONTINUOUS
10
1.252833622047244
20
0.7430546062992126
11
1.2512839763779526
21
0.7432586220472441
0
LINE
8
BLACK
6
CONTINUOUS
10
1.2512839763779526
20
0.7432586220472441
11
1.2500566535433071
21
0.7430970078740158
0
LINE
8
BLACK
6
CONTINUOUS
10
1.2500566535433071
20
0.7430970078740158
11
1.2494092125984251
21
0.7430546062992126
0
LINE
8
BLACK
6
CONTINUOUS
10
1.2494092125984251
20
0.7430546062992126
11
0.9518747637795275
21
0.7430546062992126
0
LINE
8
BLACK
6
CONTINUOUS
10
0.9518747637795275
20
0.7430546062992126
11
0.9512272834645669
21
0.7430970078740158
0
LINE
8
BLACK
6
CONTINUOUS
10
0.9512272834645669
20
0.7430970078740158
11
0.95
21
0.7432586220472441
0
LINE
8
BLACK
6
CONTINUOUS
10
0.95
20
0.7432586220472441
11
0.9438282677165354
21
0.7424461023622048
0
LINE
8
BLACK
6
CONTINUOUS
10
0.9438282677165354
20
0.7424461023622048
11
0.938077125984252
21
0.7400638976377952
0
LINE
8
BLACK
6
CONTINUOUS
10
0.938077125984252
20
0.7400638976377952
11
0.9331385039370078
21
0.7362743700787402
0
LINE
8
BLACK
6
CONTINUOUS
10
0.9331385039370078
20
0.7362743700787402
11
0.9320103937007874
21
0.7348041732283465
0
LINE
8
BLACK
6
CONTINUOUS
10
0.9320103937007874
20
0.7348041732283465
11
0.9293490157480315
21
0.7313357874015748
0
LINE
8
BLACK
6
CONTINUOUS
10
0.9293490157480315
20
0.7313357874015748
11
0.929348937007874
21
0.7313356692913385
0
LINE
8
BLACK
6
CONTINUOUS
10
0.929348937007874
20
0.7313356692913385
11
0.9269667322834646
21
0.7255845275590551
0
LINE
8
BLACK
6
CONTINUOUS
10
0.9269667322834646
20
0.7255845275590551
11
0.9261542519685039
21
0.719412874015748
0
LINE
8
BLACK
6
CONTINUOUS
10
0.9261542519685039
20
0.719412874015748
11
0.9261542519685039
21
0.7194128346456693
0
LINE
8
BLACK
6
CONTINUOUS
10
0.9261542519685039
20
0.7194128346456693
11
0.9269667322834646
21
0.7132412598425196
0
LINE
8
BLACK
6
CONTINUOUS
10
0.9269667322834646
20
0.7132412598425196
11
0.9269667322834646
21
0.7132411417322835
0
LINE
8
BLACK
6
CONTINUOUS
10
0.9269667322834646
20
0.7132411417322835
11
0.9269667716535432
21
0.7132411417322835
0
LINE
8
BLACK
6
CONTINUOUS
10
0.9269667716535432
20
0.7132411417322835
11
0.9280843700787401
21
0.7105429527559055
0
LINE
8
BLACK
6
CONTINUOUS
10
0.9280843700787401
20
0.7105429527559055
11
0.9283831496062992
21
0.7077640157480315
0
LINE
8
BLACK
6
CONTINUOUS
10
0.9283831496062992
20
0.7077640157480315
11
0.9271320078740157
21
0.7052645275590551
0
LINE
8
BLACK
6
CONTINUOUS
10
0.9271320078740157
20
0.7052645275590551
11
0.9247281496062992
21
0.7038382283464567
0
LINE
8
BLACK
6
CONTINUOUS
10
0.9247281496062992
20
0.7038382283464567
11
0.9235013385826771
21
0.7036841338582677
0
LINE
8
BLACK
6
CONTINUOUS
10
0.9235013385826771
20
0.7036841338582677
11
0.8821653543307086
21
0.7036841338582677
0
LINE
8
BLACK
6
CONTINUOUS
10
0.8821653543307086
20
0.7036841338582677
11
0.8794834251968504
21
0.7044716141732283
0
LINE
8
BLACK
6
CONTINUOUS
10
0.8794834251968504
20
0.7044716141732283
11
0.8776529921259842
21
0.7065840551181102
0
LINE
8
BLACK
6
CONTINUOUS
10
0.8776529921259842
20
0.7065840551181102
11
0.8772047244094487
21
0.7086447637795276
0
LINE
8
BLACK
6
CONTINUOUS
10
0.8772047244094487
20
0.7086447637795276
11
0.8772047244094487
21
0.7218279527559055
0
LINE
8
BLACK
6
CONTINUOUS
10
0.8772047244094487
20
0.7218279527559055
11
0.8779922047244094
21
0.7245098818897637
0
LINE
8
BLACK
6
CONTINUOUS
10
0.8779922047244094
20
0.7245098818897637
11
0.8794092913385827
21
0.7259525196850394
0
LINE
8
BLACK
6
CONTINUOUS
10
0.8794092913385827
20
0.7259525196850394
11
0.8806910236220472
21
0.7268089763779527
0
LINE
8
BLACK
6
CONTINUOUS
10
0.8806910236220472
20
0.7268089763779527
11
0.8824356692913385
21
0.72942
0
LINE
8
BLACK
6
CONTINUOUS
10
0.8824356692913385
20
0.72942
11
0.8824357086614173
21
0.7294200393700787
0
LINE
8
BLACK
6
CONTINUOUS
10
0.8824357086614173
20
0.7294200393700787
11
0.8828937007874016
21
0.7317225196850393
0
LINE
8
BLACK
6
CONTINUOUS
10
0.8828937007874016
20
0.7317225196850393
11
0.8828937007874016
21
0.7882774803149606
0
LINE
8
BLACK
6
CONTINUOUS
10
0.8828937007874016
20
0.7882774803149606
11
0.8824357086614173
21
0.7905799606299212
0
LINE
8
BLACK
6
CONTINUOUS
10
0.8824357086614173
20
0.7905799606299212
11
0.8806910236220472
21
0.7931910236220472
0
LINE
8
BLACK
6
CONTINUOUS
10
0.8806910236220472
20
0.7931910236220472
11
0.8794093307086615
21
0.7940474015748031
0
LINE
8
BLACK
6
CONTINUOUS
10
0.8794093307086615
20
0.7940474015748031
11
0.8776169291338582
21
0.7961921653543307
0
LINE
8
BLACK
6
CONTINUOUS
10
0.8776169291338582
20
0.7961921653543307
11
0.8772047244094487
21
0.7981720078740158
0
LINE
8
BLACK
6
CONTINUOUS
10
0.8772047244094487
20
0.7981720078740158
11
0.8772047244094487
21
0.7996456692913385
0
LINE
8
BLACK
6
CONTINUOUS
10
0.8772047244094487
20
0.7996456692913385
11
0.8779922047244094
21
0.8023275984251969
0
LINE
8
BLACK
6
CONTINUOUS
10
0.8779922047244094
20
0.8023275984251969
11
0.8801046456692914
21
0.804158031496063
0
LINE
8
BLACK
6
CONTINUOUS
10
0.8801046456692914
20
0.804158031496063
11
0.8821653543307086
21
0.8046062992125984
0
LINE
8
BLACK
6
CONTINUOUS
10
0.8821653543307086
20
0.8046062992125984
11
0.9132775590551181
21
0.8046062992125984
0
LINE
8
BLACK
6
CONTINUOUS
10
0.9132775590551181
20
0.8046062992125984
11
0.915579842519685
21
0.805064251968504
0
LINE
8
BLACK
6
CONTINUOUS
10
0.915579842519685
20
0.805064251968504
11
0.9155799606299212
21
0.8050642913385827
0
LINE
8
BLACK
6
CONTINUOUS
10
0.9155799606299212
20
0.8050642913385827
11
0.9181910236220472
21
0.8068089763779528
0
LINE
8
BLACK
6
CONTINUOUS
10
0.9181910236220472
20
0.8068089763779528
11
0.9199357086614173
21
0.8094200393700787
0
LINE
8
BLACK
6
CONTINUOUS
10
0.9199357086614173
20
0.8094200393700787
11
0.9203937007874016
21
0.8117225196850394
0
LINE
8
BLACK
6
CONTINUOUS
10
0.9203937007874016
20
0.8117225196850394
11
0.9203937007874016
21
0.8682774803149607
0
LINE
8
BLACK
6
CONTINUOUS
10
0.9203937007874016
20
0.8682774803149607
11
0.9199357086614173
21
0.8705799606299213
0
LINE
8
BLACK
6
CONTINUOUS
10
0.9199357086614173
20
0.8705799606299213
11
0.9194777165354331
21
0.8712653149606299
0
LINE
8
BLACK
6
CONTINUOUS
10
0.9194777165354331
20
0.8712653149606299
11
0.9186425196850393
21
0.8739327559055118
0
LINE
8
BLACK
6
CONTINUOUS
10
0.9186425196850393
20
0.8739327559055118
11
0.9186417322834646
21
0.8740212992125984
0
LINE
8
BLACK
6
CONTINUOUS
10
0.9186417322834646
20
0.8740212992125984
11
0.9186417322834646
21
0.8831525590551181
0
LINE
8
BLACK
6
CONTINUOUS
10
0.9186417322834646
20
0.8831525590551181
11
0.9194292125984251
21
0.8858344881889764
0
LINE
8
BLACK
6
CONTINUOUS
10
0.9194292125984251
20
0.8858344881889764
11
0.9200946850393701
21
0.8866602362204724
0
LINE
8
BLACK
6
CONTINUOUS
10
0.9200946850393701
20
0.8866602362204724
11
0.9440877952755905
21
0.9106533464566929
0
LINE
8
BLACK
6
CONTINUOUS
10
0.9440877952755905
20
0.9106533464566929
11
0.9465410236220472
21
0.9119929527559055
0
LINE
8
BLACK
6
CONTINUOUS
10
0.9465410236220472
20
0.9119929527559055
11
0.9475954724409449
21
0.9121062992125984
0
LINE
8
BLACK
6
CONTINUOUS
10
0.9475954724409449
20
0.9121062992125984
11
0.9807775590551181
21
0.9121062992125984
0
LINE
8
BLACK
6
CONTINUOUS
10
0.9807775590551181
20
0.9121062992125984
11
0.9830798425196851
21
0.9125642519685039
0
LINE
8
BLACK
6
CONTINUOUS
10
0.9830798425196851
20
0.9125642519685039
11
0.9830799606299212
21
0.9125642913385826
0
LINE
8
BLACK
6
CONTINUOUS
10
0.9830799606299212
20
0.9125642913385826
11
0.9856910236220472
21
0.9143089763779527
0
LINE
8
BLACK
6
CONTINUOUS
10
0.9856910236220472
20
0.9143089763779527
11
0.9874357086614173
21
0.9169200393700787
0
LINE
8
BLACK
6
CONTINUOUS
10
0.9874357086614173
20
0.9169200393700787
11
0.9878936614173228
21
0.9192224015748032
0
LINE
8
BLACK
6
CONTINUOUS
10
0.9878936614173228
20
0.9192224015748032
11
0.9878937007874016
21
0.9192225196850393
0
LINE
8
BLACK
6
CONTINUOUS
10
0.9878937007874016
20
0.9192225196850393
11
0.9878937007874016
21
0.9807774803149606
0
LINE
8
BLACK
6
CONTINUOUS
10
0.9878937007874016
20
0.9807774803149606
11
0.9874357086614173
21
0.9830799606299212
0
LINE
8
BLACK
6
CONTINUOUS
10
0.9874357086614173
20
0.9830799606299212
11
0.9856910236220472
21
0.9856910236220472
0
LINE
8
BLACK
6
CONTINUOUS
10
0.9856910236220472
20
0.9856910236220472
11
0.9830799606299212
21
0.9874357086614173
0
LINE
8
BLACK
6
CONTINUOUS
10
0.9830799606299212
20
0.9874357086614173
11
0.9807774803149606
21
0.9878937007874016
0
LINE
8
BLACK
6
CONTINUOUS
10
0.9807774803149606
20
0.9878937007874016
11
0.9192225196850393
21
0.9878937007874016
0
LINE
8
BLACK
6
CONTINUOUS
10
0.9192225196850393
20
0.9878937007874016
11
0.9169200393700787
21
0.9874357086614173
0
LINE
8
BLACK
6
CONTINUOUS
10
0.9169200393700787
20
0.9874357086614173
11
0.9143089763779527
21
0.9856910236220472
0
LINE
8
BLACK
6
CONTINUOUS
10
0.9143089763779527
20
0.9856910236220472
11
0.9125642913385826
21
0.9830799606299212
0
LINE
8
BLACK
6
CONTINUOUS
10
0.9125642913385826
20
0.9830799606299212
11
0.9125642519685039
21
0.9830798425196851
0
LINE
8
BLACK
6
CONTINUOUS
10
0.9125642519685039
20
0.9830798425196851
11
0.9121062992125984
21
0.9807775590551181
0
LINE
8
BLACK
6
CONTINUOUS
10
0.9121062992125984
20
0.9807775590551181
11
0.9121062992125984
21
0.9475954724409449
0
LINE
8
BLACK
6
CONTINUOUS
10
0.9121062992125984
20
0.9475954724409449
11
0.9113188188976378
21
0.9449135433070865
0
LINE
8
BLACK
6
CONTINUOUS
10
0.9113188188976378
20
0.9449135433070865
11
0.9106533464566929
21
0.9440877952755905
0
LINE
8
BLACK
6
CONTINUOUS
10
0.9106533464566929
20
0.9440877952755905
11
0.8963620078740158
21
0.9297964566929133
0
LINE
8
BLACK
6
CONTINUOUS
10
0.8963620078740158
20
0.9297964566929133
11
0.893908779527559
21
0.9284568503937007
0
LINE
8
BLACK
6
CONTINUOUS
10
0.893908779527559
20
0.9284568503937007
11
0.8911207874015747
21
0.9286562598425196
0
LINE
8
BLACK
6
CONTINUOUS
10
0.8911207874015747
20
0.9286562598425196
11
0.8888831496062992
21
0.9303313385826771
0
LINE
8
BLACK
6
CONTINUOUS
10
0.8888831496062992
20
0.9303313385826771
11
0.8879063385826771
21
0.9329502362204725
0
LINE
8
BLACK
6
CONTINUOUS
10
0.8879063385826771
20
0.9329502362204725
11
0.8878937007874016
21
0.9333041338582677
0
LINE
8
BLACK
6
CONTINUOUS
10
0.8878937007874016
20
0.9333041338582677
11
0.8878937007874016
21
0.9807774015748031
0
LINE
8
BLACK
6
CONTINUOUS
10
0.8878937007874016
20
0.9807774015748031
11
0.8878937007874016
21
0.9807774803149606
0
LINE
8
BLACK
6
CONTINUOUS
10
0.8878937007874016
20
0.9807774803149606
11
0.8874357086614173
21
0.9830799606299212
0
LINE
8
BLACK
6
CONTINUOUS
10
0.8874357086614173
20
0.9830799606299212
11
0.8856910236220472
21
0.9856910236220472
0
LINE
8
BLACK
6
CONTINUOUS
10
0.8856910236220472
20
0.9856910236220472
11
0.8830799606299212
21
0.9874357086614173
0
LINE
8
BLACK
6
CONTINUOUS
10
0.8830799606299212
20
0.9874357086614173
11
0.8807774803149606
21
0.9878937007874016
0
LINE
8
BLACK
6
CONTINUOUS
10
0.8807774803149606
20
0.9878937007874016
11
0.8807774409448819
21
0.9878937007874016
0
LINE
8
BLACK
6
CONTINUOUS
10
0.8807774409448819
20
0.9878937007874016
11
0.8746653543307087
21
0.9878937007874016
0
LINE
8
BLACK
6
CONTINUOUS
10
0.8746653543307087
20
0.9878937007874016
11
0.8719834251968503
21
0.9886811811023621
0
LINE
8
BLACK
6
CONTINUOUS
10
0.8719834251968503
20
0.9886811811023621
11
0.8701529921259842
21
0.9907936220472441
0
LINE
8
BLACK
6
CONTINUOUS
10
0.8701529921259842
20
0.9907936220472441
11
0.8697047244094488
21
0.9928543307086614
0
LINE
8
BLACK
6
CONTINUOUS
10
0.8697047244094488
20
0.9928543307086614
11
0.8697047244094488
21
1.0071456692913385
0
LINE
8
BLACK
6
CONTINUOUS
10
0.8697047244094488
20
1.0071456692913385
11
0.8704922047244095
21
1.0098275984251968
0
LINE
8
BLACK
6
CONTINUOUS
10
0.8704922047244095
20
1.0098275984251968
11
0.8726046456692913
21
1.011658031496063
0
LINE
8
BLACK
6
CONTINUOUS
10
0.8726046456692913
20
1.011658031496063
11
0.8746653543307087
21
1.0121062992125984
0
LINE
8
BLACK
6
CONTINUOUS
10
0.8746653543307087
20
1.0121062992125984
11
0.8807775590551181
21
1.0121062992125984
0
LINE
8
BLACK
6
CONTINUOUS
10
0.8807775590551181
20
1.0121062992125984
11
0.883079842519685
21
1.0125642519685039
0
LINE
8
BLACK
6
CONTINUOUS
10
0.883079842519685
20
1.0125642519685039
11
0.8830799606299212
21
1.0125642913385826
0
LINE
8
BLACK
6
CONTINUOUS
10
0.8830799606299212
20
1.0125642913385826
11
0.8856910236220472
21
1.0143089763779527
0
LINE
8
BLACK
6
CONTINUOUS
10
0.8856910236220472
20
1.0143089763779527
11
0.8874357086614173
21
1.0169200393700788
0
LINE
8
BLACK
6
CONTINUOUS
10
0.8874357086614173
20
1.0169200393700788
11
0.8878936614173228
21
1.019222401574803
0
LINE
8
BLACK
6
CONTINUOUS
10
0.8878936614173228
20
1.019222401574803
11
0.8878937007874016
21
1.0192225196850393
0
LINE
8
BLACK
6
CONTINUOUS
10
0.8878937007874016
20
1.0192225196850393
11
0.8878937007874016
21
1.0807774803149606
0
LINE
8
BLACK
6
CONTINUOUS
10
0.8878937007874016
20
1.0807774803149606
11
0.8874357086614173
21
1.0830799606299213
0
LINE
8
BLACK
6
CONTINUOUS
10
0.8874357086614173
20
1.0830799606299213
11
0.8856910236220472
21
1.0856910236220472
0
LINE
8
BLACK
6
CONTINUOUS
10
0.8856910236220472
20
1.0856910236220472
11
0.8830799606299212
21
1.0874357086614173
0
LINE
8
BLACK
6
CONTINUOUS
10
0.8830799606299212
20
1.0874357086614173
11
0.8807774803149606
21
1.0878937007874014
0
LINE
8
BLACK
6
CONTINUOUS
10
0.8807774803149606
20
1.0878937007874014
11
0.8192225196850393
21
1.0878937007874014
0
LINE
8
BLACK
6
CONTINUOUS
10
0.8192225196850393
20
1.0878937007874014
11
0.8169200393700787
21
1.0874357086614173
0
LINE
8
BLACK
6
CONTINUOUS
10
0.8169200393700787
20
1.0874357086614173
11
0.8143089763779527
21
1.0856910236220472
0
LINE
8
BLACK
6
CONTINUOUS
10
0.8143089763779527
20
1.0856910236220472
11
0.8125642913385827
21
1.0830799606299213
0
LINE
8
BLACK
6
CONTINUOUS
10
0.8125642913385827
20
1.0830799606299213
11
0.8125642519685039
21
1.083079842519685
0
LINE
8
BLACK
6
CONTINUOUS
10
0.8125642519685039
20
1.083079842519685
11
0.8121062992125984
21
1.0807775590551181
0
LINE
8
BLACK
6
CONTINUOUS
10
0.8121062992125984
20
1.0807775590551181
11
0.8121062992125984
21
1.019222401574803
0
LINE
8
BLACK
6
CONTINUOUS
10
0.8121062992125984
20
1.019222401574803
11
0.8125642519685039
21
1.0169201181102363
0
LINE
8
BLACK
6
CONTINUOUS
10
0.8125642519685039
20
1.0169201181102363
11
0.8125642913385827
21
1.01692
0
LINE
8
BLACK
6
CONTINUOUS
10
0.8125642913385827
20
1.01692
11
0.8143089763779527
21
1.0143089763779527
0
LINE
8
BLACK
6
CONTINUOUS
10
0.8143089763779527
20
1.0143089763779527
11
0.81692
21
1.0125642913385826
0
LINE
8
BLACK
6
CONTINUOUS
10
0.81692
20
1.0125642913385826
11
0.8169201181102362
21
1.0125642519685039
0
LINE
8
BLACK
6
CONTINUOUS
10
0.8169201181102362
20
1.0125642519685039
11
0.8192224015748031
21
1.0121062992125984
0
LINE
8
BLACK
6
CONTINUOUS
10
0.8192224015748031
20
1.0121062992125984
11
0.8192225196850393
21
1.0121062992125984
0
LINE
8
BLACK
6
CONTINUOUS
10
0.8192225196850393
20
1.0121062992125984
11
0.8253346456692913
21
1.0121062992125984
0
LINE
8
BLACK
6
CONTINUOUS
10
0.8253346456692913
20
1.0121062992125984
11
0.8280165748031496
21
1.0113188188976379
0
LINE
8
BLACK
6
CONTINUOUS
10
0.8280165748031496
20
1.0113188188976379
11
0.8298470078740158
21
1.0092063779527558
0
LINE
8
BLACK
6
CONTINUOUS
10
0.8298470078740158
20
1.0092063779527558
11
0.8302952755905512
21
1.0071456692913385
0
LINE
8
BLACK
6
CONTINUOUS
10
0.8302952755905512
20
1.0071456692913385
11
0.8302952755905512
21
0.9928543307086614
0
LINE
8
BLACK
6
CONTINUOUS
10
0.8302952755905512
20
0.9928543307086614
11
0.8295077952755905
21
0.9901724015748031
0
LINE
8
BLACK
6
CONTINUOUS
10
0.8295077952755905
20
0.9901724015748031
11
0.8273953543307087
21
0.988341968503937
0
LINE
8
BLACK
6
CONTINUOUS
10
0.8273953543307087
20
0.988341968503937
11
0.8253346456692913
21
0.9878937007874016
0
LINE
8
BLACK
6
CONTINUOUS
10
0.8253346456692913
20
0.9878937007874016
11
0.8192225196850393
21
0.9878937007874016
0
LINE
8
BLACK
6
CONTINUOUS
10
0.8192225196850393
20
0.9878937007874016
11
0.8169200393700787
21
0.9874357086614173
0
LINE
8
BLACK
6
CONTINUOUS
10
0.8169200393700787
20
0.9874357086614173
11
0.8143089763779527
21
0.9856910236220472
0
LINE
8
BLACK
6
CONTINUOUS
10
0.8143089763779527
20
0.9856910236220472
11
0.8125642913385827
21
0.9830799606299212
0
LINE
8
BLACK
6
CONTINUOUS
10
0.8125642913385827
20
0.9830799606299212
11
0.8125642519685039
21
0.9830798425196851
0
LINE
8
BLACK
6
CONTINUOUS
10
0.8125642519685039
20
0.9830798425196851
11
0.8121062992125984
21
0.9807775590551181
0
LINE
8
BLACK
6
CONTINUOUS
10
0.8121062992125984
20
0.9807775590551181
11
0.8121062992125984
21
0.9192224015748032
0
LINE
8
BLACK
6
CONTINUOUS
10
0.8121062992125984
20
0.9192224015748032
11
0.8125642519685039
21
0.9169201181102362
0
LINE
8
BLACK
6
CONTINUOUS
10
0.8125642519685039
20
0.9169201181102362
11
0.8125642913385827
21
0.91692
0
LINE
8
BLACK
6
CONTINUOUS
10
0.8125642913385827
20
0.91692
11
0.8143089763779527
21
0.9143089763779527
0
LINE
8
BLACK
6
CONTINUOUS
10
0.8143089763779527
20
0.9143089763779527
11
0.81692
21
0.9125642913385826
0
LINE
8
BLACK
6
CONTINUOUS
10
0.81692
20
0.9125642913385826
11
0.8169201181102362
21
0.9125642519685039
0
LINE
8
BLACK
6
CONTINUOUS
10
0.8169201181102362
20
0.9125642519685039
11
0.8192224015748031
21
0.9121062992125984
0
LINE
8
BLACK
6
CONTINUOUS
10
0.8192224015748031
20
0.9121062992125984
11
0.8192225196850393
21
0.9121062992125984
0
LINE
8
BLACK
6
CONTINUOUS
10
0.8192225196850393
20
0.9121062992125984
11
0.8328346456692913
21
0.9121062992125984
0
LINE
8
BLACK
6
CONTINUOUS
10
0.8328346456692913
20
0.9121062992125984
11
0.8355165748031496
21
0.9113188188976378
0
LINE
8
BLACK
6
CONTINUOUS
10
0.8355165748031496
20
0.9113188188976378
11
0.8373470078740157
21
0.9092063779527559
0
LINE
8
BLACK
6
CONTINUOUS
10
0.8373470078740157
20
0.9092063779527559
11
0.8377952755905511
21
0.9071456692913386
0
LINE
8
BLACK
6
CONTINUOUS
10
0.8377952755905511
20
0.9071456692913386
11
0.8377952755905511
21
0.8803543307086614
0
LINE
8
BLACK
6
CONTINUOUS
10
0.8377952755905511
20
0.8803543307086614
11
0.8370077952755905
21
0.8776724015748031
0
LINE
8
BLACK
6
CONTINUOUS
10
0.8370077952755905
20
0.8776724015748031
11
0.8348953543307086
21
0.875841968503937
0
LINE
8
BLACK
6
CONTINUOUS
10
0.8348953543307086
20
0.875841968503937
11
0.8328346456692913
21
0.8753937007874015
0
LINE
8
BLACK
6
CONTINUOUS
10
0.8328346456692913
20
0.8753937007874015
11
0.8017225196850394
21
0.8753937007874015
0
LINE
8
BLACK
6
CONTINUOUS
10
0.8017225196850394
20
0.8753937007874015
11
0.7994200393700788
21
0.8749357086614173
0
LINE
8
BLACK
6
CONTINUOUS
10
0.7994200393700788
20
0.8749357086614173
11
0.7968089763779528
21
0.8731910236220473
0
LINE
8
BLACK
6
CONTINUOUS
10
0.7968089763779528
20
0.8731910236220473
11
0.7963582677165354
21
0.8725164960629921
0
LINE
8
BLACK
6
CONTINUOUS
10
0.7963582677165354
20
0.8725164960629921
11
0.7950642913385827
21
0.8705799606299213
0
LINE
8
BLACK
6
CONTINUOUS
10
0.7950642913385827
20
0.8705799606299213
11
0.7950642519685039
21
0.870579842519685
0
LINE
8
BLACK
6
CONTINUOUS
10
0.7950642519685039
20
0.870579842519685
11
0.7946062992125984
21
0.8682775590551181
0
LINE
8
BLACK
6
CONTINUOUS
10
0.7946062992125984
20
0.8682775590551181
11
0.7945904330708661
21
0.8681162992125984
0
LINE
8
BLACK
6
CONTINUOUS
10
0.7945904330708661
20
0.8681162992125984
11
0.793543937007874
21
0.8655244488188976
0
LINE
8
BLACK
6
CONTINUOUS
10
0.793543937007874
20
0.8655244488188976
11
0.7912623228346457
21
0.8639098031496063
0
LINE
8
BLACK
6
CONTINUOUS
10
0.7912623228346457
20
0.8639098031496063
11
0.7896536614173228
21
0.8636417322834645
0
LINE
8
BLACK
6
CONTINUOUS
10
0.7896536614173228
20
0.8636417322834645
11
0.7786023622047243
21
0.8636417322834645
0
LINE
8
BLACK
6
CONTINUOUS
10
0.7786023622047243
20
0.8636417322834645
11
0.7759204330708661
21
0.8644292125984252
0
LINE
8
BLACK
6
CONTINUOUS
10
0.7759204330708661
20
0.8644292125984252
11
0.7740899999999999
21
0.866541653543307
0
LINE
8
BLACK
6
CONTINUOUS
10
0.7740899999999999
20
0.866541653543307
11
0.7736417322834646
21
0.8686023622047244
0
LINE
8
BLACK
6
CONTINUOUS
10
0.7736417322834646
20
0.8686023622047244
11
0.7736417322834646
21
0.9071456692913386
0
LINE
8
BLACK
6
CONTINUOUS
10
0.7736417322834646
20
0.9071456692913386
11
0.7744292125984252
21
0.9098275984251968
0
LINE
8
BLACK
6
CONTINUOUS
10
0.7744292125984252
20
0.9098275984251968
11
0.7765416535433071
21
0.9116580314960629
0
LINE
8
BLACK
6
CONTINUOUS
10
0.7765416535433071
20
0.9116580314960629
11
0.7786023622047243
21
0.9121062992125984
0
LINE
8
BLACK
6
CONTINUOUS
10
0.7786023622047243
20
0.9121062992125984
11
0.7807775590551181
21
0.9121062992125984
0
LINE
8
BLACK
6
CONTINUOUS
10
0.7807775590551181
20
0.9121062992125984
11
0.783079842519685
21
0.9125642519685039
0
LINE
8
BLACK
6
CONTINUOUS
10
0.783079842519685
20
0.9125642519685039
11
0.7830799606299212
21
0.9125642913385826
0
LINE
8
BLACK
6
CONTINUOUS
10
0.7830799606299212
20
0.9125642913385826
11
0.7856910236220472
21
0.9143089763779527
0
LINE
8
BLACK
6
CONTINUOUS
10
0.7856910236220472
20
0.9143089763779527
11
0.7874357086614173
21
0.9169200393700787
0
LINE
8
BLACK
6
CONTINUOUS
10
0.7874357086614173
20
0.9169200393700787
11
0.7878937007874015
21
0.9192225196850393
0
LINE
8
BLACK
6
CONTINUOUS
10
0.7878937007874015
20
0.9192225196850393
11
0.7878937007874015
21
0.9807774803149606
0
LINE
8
BLACK
6
CONTINUOUS
10
0.7878937007874015
20
0.9807774803149606
11
0.7874357086614173
21
0.9830799606299212
0
LINE
8
BLACK
6
CONTINUOUS
10
0.7874357086614173
20
0.9830799606299212
11
0.7856910236220472
21
0.9856910236220472
0
LINE
8
BLACK
6
CONTINUOUS
10
0.7856910236220472
20
0.9856910236220472
11
0.7830799606299212
21
0.9874357086614173
0
LINE
8
BLACK
6
CONTINUOUS
10
0.7830799606299212
20
0.9874357086614173
11
0.7807774803149606
21
0.9878937007874016
0
LINE
8
BLACK
6
CONTINUOUS
10
0.7807774803149606
20
0.9878937007874016
11
0.7807774409448819
21
0.9878937007874016
0
LINE
8
BLACK
6
CONTINUOUS
10
0.7807774409448819
20
0.9878937007874016
11
0.7786023622047243
21
0.9878937007874016
0
LINE
8
BLACK
6
CONTINUOUS
10
0.7786023622047243
20
0.9878937007874016
11
0.7759204330708661
21
0.9886811811023621
0
LINE
8
BLACK
6
CONTINUOUS
10
0.7759204330708661
20
0.9886811811023621
11
0.7740899999999999
21
0.9907936220472441
0
LINE
8
BLACK
6
CONTINUOUS
10
0.7740899999999999
20
0.9907936220472441
11
0.7736417322834646
21
0.9928543307086614
0
LINE
8
BLACK
6
CONTINUOUS
10
0.7736417322834646
20
0.9928543307086614
11
0.7736417322834646
21
1.0071456692913385
0
LINE
8
BLACK
6
CONTINUOUS
10
0.7736417322834646
20
1.0071456692913385
11
0.7744292125984252
21
1.0098275984251968
0
LINE
8
BLACK
6
CONTINUOUS
10
0.7744292125984252
20
1.0098275984251968
11
0.7765416535433071
21
1.011658031496063
0
LINE
8
BLACK
6
CONTINUOUS
10
0.7765416535433071
20
1.011658031496063
11
0.7786023622047243
21
1.0121062992125984
0
LINE
8
BLACK
6
CONTINUOUS
10
0.7786023622047243
20
1.0121062992125984
11
0.7807775590551181
21
1.0121062992125984
0
LINE
8
BLACK
6
CONTINUOUS
10
0.7807775590551181
20
1.0121062992125984
11
0.783079842519685
21
1.0125642519685039
0
LINE
8
BLACK
6
CONTINUOUS
10
0.783079842519685
20
1.0125642519685039
11
0.7830799606299212
21
1.0125642913385826
0
LINE
8
BLACK
6
CONTINUOUS
10
0.7830799606299212
20
1.0125642913385826
11
0.7856910236220472
21
1.0143089763779527
0
LINE
8
BLACK
6
CONTINUOUS
10
0.7856910236220472
20
1.0143089763779527
11
0.7874357086614173
21
1.0169200393700788
0
LINE
8
BLACK
6
CONTINUOUS
10
0.7874357086614173
20
1.0169200393700788
11
0.7878937007874015
21
1.0192225196850393
0
LINE
8
BLACK
6
CONTINUOUS
10
0.7878937007874015
20
1.0192225196850393
11
0.7878937007874015
21
1.0807774803149606
0
LINE
8
BLACK
6
CONTINUOUS
10
0.7878937007874015
20
1.0807774803149606
11
0.7874357086614173
21
1.0830799606299213
0
LINE
8
BLACK
6
CONTINUOUS
10
0.7874357086614173
20
1.0830799606299213
11
0.7856910236220472
21
1.0856910236220472
0
LINE
8
BLACK
6
CONTINUOUS
10
0.7856910236220472
20
1.0856910236220472
11
0.7830799606299212
21
1.0874357086614173
0
LINE
8
BLACK
6
CONTINUOUS
10
0.7830799606299212
20
1.0874357086614173
11
0.7807774803149606
21
1.0878937007874014
0
LINE
8
BLACK
6
CONTINUOUS
10
0.7807774803149606
20
1.0878937007874014
11
0.7192225196850394
21
1.0878937007874014
0
LINE
8
BLACK
6
CONTINUOUS
10
0.7192225196850394
20
1.0878937007874014
11
0.7169200393700788
21
1.0874357086614173
0
LINE
8
BLACK
6
CONTINUOUS
10
0.7169200393700788
20
1.0874357086614173
11
0.7143089763779528
21
1.0856910236220472
0
LINE
8
BLACK
6
CONTINUOUS
10
0.7143089763779528
20
1.0856910236220472
11
0.7125642913385827
21
1.0830799606299213
0
LINE
8
BLACK
6
CONTINUOUS
10
0.7125642913385827
20
1.0830799606299213
11
0.7125642519685039
21
1.083079842519685
0
LINE
8
BLACK
6
CONTINUOUS
10
0.7125642519685039
20
1.083079842519685
11
0.7121062992125984
21
1.0807775590551181
0
LINE
8
BLACK
6
CONTINUOUS
10
0.7121062992125984
20
1.0807775590551181
11
0.7121062992125984
21
1.019222401574803
0
LINE
8
BLACK
6
CONTINUOUS
10
0.7121062992125984
20
1.019222401574803
11
0.7125642519685039
21
1.0169201181102363
0
LINE
8
BLACK
6
CONTINUOUS
10
0.7125642519685039
20
1.0169201181102363
11
0.7125642913385827
21
1.01692
0
LINE
8
BLACK
6
CONTINUOUS
10
0.7125642913385827
20
1.01692
11
0.7143089763779528
21
1.0143089763779527
0
LINE
8
BLACK
6
CONTINUOUS
10
0.7143089763779528
20
1.0143089763779527
11
0.71692
21
1.0125642913385826
0
LINE
8
BLACK
6
CONTINUOUS
10
0.71692
20
1.0125642913385826
11
0.7169201181102363
21
1.0125642519685039
0
LINE
8
BLACK
6
CONTINUOUS
10
0.7169201181102363
20
1.0125642519685039
11
0.7192224015748031
21
1.0121062992125984
0
LINE
8
BLACK
6
CONTINUOUS
10
0.7192224015748031
20
1.0121062992125984
11
0.7192225196850394
21
1.0121062992125984
0
LINE
8
BLACK
6
CONTINUOUS
10
0.7192225196850394
20
1.0121062992125984
11
0.7213976377952755
21
1.0121062992125984
0
LINE
8
BLACK
6
CONTINUOUS
10
0.7213976377952755
20
1.0121062992125984
11
0.7240795669291339
21
1.0113188188976379
0
LINE
8
BLACK
6
CONTINUOUS
10
0.7240795669291339
20
1.0113188188976379
11
0.7259099999999999
21
1.0092063779527558
0
LINE
8
BLACK
6
CONTINUOUS
10
0.7259099999999999
20
1.0092063779527558
11
0.7263582677165354
21
1.0071456692913385
0
LINE
8
BLACK
6
CONTINUOUS
10
0.7263582677165354
20
1.0071456692913385
11
0.7263582677165354
21
0.9928543307086614
0
LINE
8
BLACK
6
CONTINUOUS
10
0.7263582677165354
20
0.9928543307086614
11
0.7255707874015748
21
0.9901724015748031
0
LINE
8
BLACK
6
CONTINUOUS
10
0.7255707874015748
20
0.9901724015748031
11
0.7234583464566929
21
0.988341968503937
0
LINE
8
BLACK
6
CONTINUOUS
10
0.7234583464566929
20
0.988341968503937
11
0.7213976377952755
21
0.9878937007874016
0
LINE
8
BLACK
6
CONTINUOUS
10
0.7213976377952755
20
0.9878937007874016
11
0.7192225196850394
21
0.9878937007874016
0
LINE
8
BLACK
6
CONTINUOUS
10
0.7192225196850394
20
0.9878937007874016
11
0.7169200393700788
21
0.9874357086614173
0
LINE
8
BLACK
6
CONTINUOUS
10
0.7169200393700788
20
0.9874357086614173
11
0.7143089763779528
21
0.9856910236220472
0
LINE
8
BLACK
6
CONTINUOUS
10
0.7143089763779528
20
0.9856910236220472
11
0.7125642913385827
21
0.9830799606299212
0
LINE
8
BLACK
6
CONTINUOUS
10
0.7125642913385827
20
0.9830799606299212
11
0.7125642519685039
21
0.9830798425196851
0
LINE
8
BLACK
6
CONTINUOUS
10
0.7125642519685039
20
0.9830798425196851
11
0.7121062992125984
21
0.9807775590551181
0
LINE
8
BLACK
6
CONTINUOUS
10
0.7121062992125984
20
0.9807775590551181
11
0.7121062992125984
21
0.9192224015748032
0
LINE
8
BLACK
6
CONTINUOUS
10
0.7121062992125984
20
0.9192224015748032
11
0.7125642519685039
21
0.9169201181102362
0
LINE
8
BLACK
6
CONTINUOUS
10
0.7125642519685039
20
0.9169201181102362
11
0.7125642913385827
21
0.91692
0
LINE
8
BLACK
6
CONTINUOUS
10
0.7125642913385827
20
0.91692
11
0.7143089763779528
21
0.9143089763779527
0
LINE
8
BLACK
6
CONTINUOUS
10
0.7143089763779528
20
0.9143089763779527
11
0.71692
21
0.9125642913385826
0
LINE
8
BLACK
6
CONTINUOUS
10
0.71692
20
0.9125642913385826
11
0.7169201181102363
21
0.9125642519685039
0
LINE
8
BLACK
6
CONTINUOUS
10
0.7169201181102363
20
0.9125642519685039
11
0.7192224015748031
21
0.9121062992125984
0
LINE
8
BLACK
6
CONTINUOUS
10
0.7192224015748031
20
0.9121062992125984
11
0.7192225196850394
21
0.9121062992125984
0
LINE
8
BLACK
6
CONTINUOUS
10
0.7192225196850394
20
0.9121062992125984
11
0.7213976377952755
21
0.9121062992125984
0
LINE
8
BLACK
6
CONTINUOUS
10
0.7213976377952755
20
0.9121062992125984
11
0.7240795669291339
21
0.9113188188976378
0
LINE
8
BLACK
6
CONTINUOUS
10
0.7240795669291339
20
0.9113188188976378
11
0.7259099999999999
21
0.9092063779527559
0
LINE
8
BLACK
6
CONTINUOUS
10
0.7259099999999999
20
0.9092063779527559
11
0.7263582677165354
21
0.9071456692913386
0
LINE
8
BLACK
6
CONTINUOUS
10
0.7263582677165354
20
0.9071456692913386
11
0.7263582677165354
21
0.8418747637795275
0
LINE
8
BLACK
6
CONTINUOUS
10
0.7263582677165354
20
0.8418747637795275
11
0.7263158267716535
21
0.8412272440944881
0
LINE
8
BLACK
6
CONTINUOUS
10
0.7263158267716535
20
0.8412272440944881
11
0.7261542519685039
21
0.8399999606299212
0
LINE
8
BLACK
6
CONTINUOUS
10
0.7261542519685039
20
0.8399999606299212
11
0.7261542519685039
21
0.8399999212598425
0
LINE
8
BLACK
6
CONTINUOUS
10
0.7261542519685039
20
0.8399999212598425
11
0.7263158267716535
21
0.8387726771653543
0
LINE
8
BLACK
6
CONTINUOUS
10
0.7263158267716535
20
0.8387726771653543
11
0.7263582677165354
21
0.8381251968503937
0
LINE
8
BLACK
6
CONTINUOUS
10
0.7263582677165354
20
0.8381251968503937
11
0.7263582677165354
21
0.8003543307086614
0
LINE
8
BLACK
6
CONTINUOUS
10
0.7263582677165354
20
0.8003543307086614
11
0.7255707874015748
21
0.7976724015748031
0
LINE
8
BLACK
6
CONTINUOUS
10
0.7255707874015748
20
0.7976724015748031
11
0.7234583464566929
21
0.795841968503937
0
LINE
8
BLACK
6
CONTINUOUS
10
0.7234583464566929
20
0.795841968503937
11
0.7213976377952755
21
0.7953937007874016
0
LINE
8
BLACK
6
CONTINUOUS
10
0.7213976377952755
20
0.7953937007874016
11
0.7092225196850394
21
0.7953937007874016
0
LINE
8
BLACK
6
CONTINUOUS
10
0.7092225196850394
20
0.7953937007874016
11
0.7069200393700787
21
0.7949357086614173
0
LINE
8
BLACK
6
CONTINUOUS
10
0.7069200393700787
20
0.7949357086614173
11
0.7043089763779528
21
0.7931910236220472
0
LINE
8
BLACK
6
CONTINUOUS
10
0.7043089763779528
20
0.7931910236220472
11
0.7025642913385827
21
0.7905799606299212
0
LINE
8
BLACK
6
CONTINUOUS
10
0.7025642913385827
20
0.7905799606299212
11
0.7025642519685039
21
0.790579842519685
0
LINE
8
BLACK
6
CONTINUOUS
10
0.7025642519685039
20
0.790579842519685
11
0.7021062992125984
21
0.7882775590551181
0
LINE
8
BLACK
6
CONTINUOUS
10
0.7021062992125984
20
0.7882775590551181
11
0.7021062992125984
21
0.7375954724409448
0
LINE
8
BLACK
6
CONTINUOUS
10
0.7021062992125984
20
0.7375954724409448
11
0.7013188188976378
21
0.7349135433070866
0
LINE
8
BLACK
6
CONTINUOUS
10
0.7013188188976378
20
0.7349135433070866
11
0.7006533464566929
21
0.7340877952755905
0
LINE
8
BLACK
6
CONTINUOUS
10
0.7006533464566929
20
0.7340877952755905
11
0.6716602362204724
21
0.7050946850393701
0
LINE
8
BLACK
6
CONTINUOUS
10
0.6716602362204724
20
0.7050946850393701
11
0.6692070078740158
21
0.7037550787401574
0
LINE
8
BLACK
6
CONTINUOUS
10
0.6692070078740158
20
0.7037550787401574
11
0.6681525590551181
21
0.7036417322834646
0
LINE
8
BLACK
6
CONTINUOUS
10
0.6681525590551181
20
0.7036417322834646
11
0.5318747637795276
21
0.7036417322834646
0
LINE
8
BLACK
6
CONTINUOUS
10
0.5318747637795276
20
0.7036417322834646
11
0.5312272834645669
21
0.7036841338582677
0
LINE
8
BLACK
6
CONTINUOUS
10
0.5312272834645669
20
0.7036841338582677
11
0.53
21
0.703845748031496
0
LINE
8
BLACK
6
CONTINUOUS
10
0.53
20
0.703845748031496
11
0.5238282677165355
21
0.7030332283464567
0
LINE
8
BLACK
6
CONTINUOUS
10
0.5238282677165355
20
0.7030332283464567
11
0.5180771259842519
21
0.7006510236220472
0
LINE
8
BLACK
6
CONTINUOUS
10
0.5180771259842519
20
0.7006510236220472
11
0.5131385039370079
21
0.6968614960629921
0
LINE
8
BLACK
6
CONTINUOUS
10
0.5131385039370079
20
0.6968614960629921
11
0.5122921653543306
21
0.6957585039370079
0
LINE
8
BLACK
6
CONTINUOUS
10
0.5122921653543306
20
0.6957585039370079
11
0.5093490157480315
21
0.6919229133858268
0
LINE
8
BLACK
6
CONTINUOUS
10
0.5093490157480315
20
0.6919229133858268
11
0.509348937007874
21
0.6919227952755905
0
LINE
8
BLACK
6
CONTINUOUS
10
0.509348937007874
20
0.6919227952755905
11
0.5069667322834646
21
0.6861716535433071
0
LINE
8
BLACK
6
CONTINUOUS
10
0.5069667322834646
20
0.6861716535433071
11
0.5061542519685039
21
0.6799999999999999
0
LINE
8
BLACK
6
CONTINUOUS
10
0.5061542519685039
20
0.6799999999999999
11
0.5061542519685039
21
0.6799999606299213
0
LINE
8
BLACK
6
CONTINUOUS
10
0.5061542519685039
20
0.6799999606299213
11
0.5069667322834646
21
0.6738283070866141
0
LINE
8
BLACK
6
CONTINUOUS
10
0.9547406299212599
20
0.5573850393700788
11
0.9558653937007874
21
0.5548261811023621
0
LINE
8
BLACK
6
CONTINUOUS
10
0.9558653937007874
20
0.5548261811023621
11
0.9559062992125984
21
0.5541903543307086
0
LINE
8
BLACK
6
CONTINUOUS
10
0.9559062992125984
20
0.5541903543307086
11
0.9559062992125984
21
0.5479724015748031
0
LINE
8
BLACK
6
CONTINUOUS
10
0.9559062992125984
20
0.5479724015748031
11
0.9563642519685039
21
0.5456701181102362
0
LINE
8
BLACK
6
CONTINUOUS
10
0.9563642519685039
20
0.5456701181102362
11
0.9563642913385827
21
0.54567
0
LINE
8
BLACK
6
CONTINUOUS
10
0.9563642913385827
20
0.54567
11
0.9581089763779528
21
0.5430589763779528
0
LINE
8
BLACK
6
CONTINUOUS
10
0.9581089763779528
20
0.5430589763779528
11
0.96072
21
0.5413142913385827
0
LINE
8
BLACK
6
CONTINUOUS
10
0.96072
20
0.5413142913385827
11
0.9607201181102362
21
0.5413142519685039
0
LINE
8
BLACK
6
CONTINUOUS
10
0.9607201181102362
20
0.5413142519685039
11
0.9630224015748031
21
0.5408562992125984
0
LINE
8
BLACK
6
CONTINUOUS
10
0.9630224015748031
20
0.5408562992125984
11
0.9630225196850394
21
0.5408562992125984
0
LINE
8
BLACK
6
CONTINUOUS
10
0.9630225196850394
20
0.5408562992125984
11
0.9763775590551181
21
0.5408562992125984
0
LINE
8
BLACK
6
CONTINUOUS
10
0.9763775590551181
20
0.5408562992125984
11
0.978679842519685
21
0.5413142519685039
0
LINE
8
BLACK
6
CONTINUOUS
10
0.978679842519685
20
0.5413142519685039
11
0.9786799606299212
21
0.5413142913385827
0
LINE
8
BLACK
6
CONTINUOUS
10
0.9786799606299212
20
0.5413142913385827
11
0.9812910236220472
21
0.5430589763779528
0
LINE
8
BLACK
6
CONTINUOUS
10
0.9812910236220472
20
0.5430589763779528
11
0.9830357086614173
21
0.5456700393700787
0
LINE
8
BLACK
6
CONTINUOUS
10
0.9830357086614173
20
0.5456700393700787
11
0.9834937007874015
21
0.5479725196850393
0
LINE
8
BLACK
6
CONTINUOUS
10
0.9834937007874015
20
0.5479725196850393
11
0.9834937007874015
21
0.5672274803149606
0
LINE
8
BLACK
6
CONTINUOUS
10
0.9834937007874015
20
0.5672274803149606
11
0.9830357086614173
21
0.5695299606299212
0
LINE
8
BLACK
6
CONTINUOUS
10
0.9830357086614173
20
0.5695299606299212
11
0.9812910236220472
21
0.5721410236220472
0
LINE
8
BLACK
6
CONTINUOUS
10
0.9812910236220472
20
0.5721410236220472
11
0.9786799606299212
21
0.5738857086614173
0
LINE
8
BLACK
6
CONTINUOUS
10
0.9786799606299212
20
0.5738857086614173
11
0.9763774803149606
21
0.5743437007874016
0
LINE
8
BLACK
6
CONTINUOUS
10
0.9763774803149606
20
0.5743437007874016
11
0.9630225196850394
21
0.5743437007874016
0
LINE
8
BLACK
6
CONTINUOUS
10
0.9630225196850394
20
0.5743437007874016
11
0.9607200393700788
21
0.5738857086614173
0
LINE
8
BLACK
6
CONTINUOUS
10
0.9607200393700788
20
0.5738857086614173
11
0.9581089763779528
21
0.5721410236220472
0
LINE
8
BLACK
6
CONTINUOUS
10
0.9581089763779528
20
0.5721410236220472
11
0.9564294881889763
21
0.5696275590551181
0
LINE
8
BLACK
6
CONTINUOUS
10
0.9564294881889763
20
0.5696275590551181
11
0.9563642913385827
21
0.5695299606299212
0
LINE
8
BLACK
6
CONTINUOUS
10
0.9563642913385827
20
0.5695299606299212
11
0.9563642519685039
21
0.5695298425196851
0
LINE
8
BLACK
6
CONTINUOUS
10
0.9563642519685039
20
0.5695298425196851
11
0.9559062992125984
21
0.5672275590551181
0
LINE
8
BLACK
6
CONTINUOUS
10
0.9559062992125984
20
0.5672275590551181
11
0.9559062992125984
21
0.5610095669291338
0
LINE
8
BLACK
6
CONTINUOUS
10
0.9559062992125984
20
0.5610095669291338
11
0.9551188188976377
21
0.5583276377952756
0
LINE
8
BLACK
6
CONTINUOUS
10
0.9551188188976377
20
0.5583276377952756
11
0.9543385826771653
21
0.5576515748031496
0
LINE
8
BLACK
6
CONTINUOUS
10
0.9543385826771653
20
0.5576515748031496
11
0.9547406299212599
21
0.5573850393700788
0
LINE
8
BLACK
6
CONTINUOUS
10
1.8125642519685039
20
0.6169201181102362
11
1.8125642913385827
21
0.61692
0
LINE
8
BLACK
6
CONTINUOUS
10
1.8125642913385827
20
0.61692
11
1.8143089763779527
21
0.6143089763779528
0
LINE
8
BLACK
6
CONTINUOUS
10
1.8143089763779527
20
0.6143089763779528
11
1.8169199999999999
21
0.6125642913385827
0
LINE
8
BLACK
6
CONTINUOUS
10
1.8169199999999999
20
0.6125642913385827
11
1.8169201181102361
21
0.6125642519685039
0
LINE
8
BLACK
6
CONTINUOUS
10
1.8169201181102361
20
0.6125642519685039
11
1.8192224015748031
21
0.6121062992125984
0
LINE
8
BLACK
6
CONTINUOUS
10
1.8192224015748031
20
0.6121062992125984
11
1.8192225196850393
21
0.6121062992125984
0
LINE
8
BLACK
6
CONTINUOUS
10
1.8192225196850393
20
0.6121062992125984
11
1.8807775590551181
21
0.6121062992125984
0
LINE
8
BLACK
6
CONTINUOUS
10
1.8807775590551181
20
0.6121062992125984
11
1.8830798425196851
21
0.6125642519685039
0
LINE
8
BLACK
6
CONTINUOUS
10
1.8830798425196851
20
0.6125642519685039
11
1.8830799606299211
21
0.6125642913385827
0
LINE
8
BLACK
6
CONTINUOUS
10
1.8830799606299211
20
0.6125642913385827
11
1.8834832677165354
21
0.612833779527559
0
LINE
8
BLACK
6
CONTINUOUS
10
1.8834832677165354
20
0.612833779527559
11
1.8856910236220472
21
0.6143089763779528
0
LINE
8
BLACK
6
CONTINUOUS
10
1.8856910236220472
20
0.6143089763779528
11
1.8874357086614173
21
0.6169200393700788
0
LINE
8
BLACK
6
CONTINUOUS
10
1.8874357086614173
20
0.6169200393700788
11
1.8878937007874015
21
0.6192225196850394
0
LINE
8
BLACK
6
CONTINUOUS
10
1.8878937007874015
20
0.6192225196850394
11
1.8878937007874015
21
0.6807774803149607
0
LINE
8
BLACK
6
CONTINUOUS
10
1.8878937007874015
20
0.6807774803149607
11
1.8874357086614173
21
0.6830799606299213
0
LINE
8
BLACK
6
CONTINUOUS
10
1.8874357086614173
20
0.6830799606299213
11
1.8856910236220472
21
0.6856910236220473
0
LINE
8
BLACK
6
CONTINUOUS
10
1.8856910236220472
20
0.6856910236220473
11
1.8830799606299211
21
0.6874357086614173
0
LINE
8
BLACK
6
CONTINUOUS
10
1.8830799606299211
20
0.6874357086614173
11
1.8807774803149606
21
0.6878937007874015
0
LINE
8
BLACK
6
CONTINUOUS
10
1.8807774803149606
20
0.6878937007874015
11
1.8192225196850393
21
0.6878937007874015
0
LINE
8
BLACK
6
CONTINUOUS
10
1.8192225196850393
20
0.6878937007874015
11
1.8169200393700786
21
0.6874357086614173
0
LINE
8
BLACK
6
CONTINUOUS
10
1.8169200393700786
20
0.6874357086614173
11
1.8143089763779527
21
0.6856910236220473
0
LINE
8
BLACK
6
CONTINUOUS
10
1.8143089763779527
20
0.6856910236220473
11
1.8125642913385827
21
0.6830799606299213
0
LINE
8
BLACK
6
CONTINUOUS
10
1.8125642913385827
20
0.6830799606299213
11
1.8125642519685039
21
0.683079842519685
0
LINE
8
BLACK
6
CONTINUOUS
10
1.8125642519685039
20
0.683079842519685
11
1.8121062992125985
21
0.6807775590551181
0
LINE
8
BLACK
6
CONTINUOUS
10
1.8121062992125985
20
0.6807775590551181
11
1.8121062992125985
21
0.6192224015748031
0
LINE
8
BLACK
6
CONTINUOUS
10
1.8121062992125985
20
0.6192224015748031
11
1.8125642519685039
21
0.6169201181102362
0
LINE
8
BLACK
6
CONTINUOUS
10
0.512564251968504
20
0.8169201181102362
11
0.5125642913385826
21
0.81692
0
LINE
8
BLACK
6
CONTINUOUS
10
0.5125642913385826
20
0.81692
11
0.5143089763779527
21
0.8143089763779527
0
LINE
8
BLACK
6
CONTINUOUS
10
0.5143089763779527
20
0.8143089763779527
11
0.5169199999999999
21
0.8125642913385827
0
LINE
8
BLACK
6
CONTINUOUS
10
0.5169199999999999
20
0.8125642913385827
11
0.5169201181102362
21
0.8125642519685039
0
LINE
8
BLACK
6
CONTINUOUS
10
0.5169201181102362
20
0.8125642519685039
11
0.5192224015748031
21
0.8121062992125984
0
LINE
8
BLACK
6
CONTINUOUS
10
0.5192224015748031
20
0.8121062992125984
11
0.5192225196850394
21
0.8121062992125984
0
LINE
8
BLACK
6
CONTINUOUS
10
0.5192225196850394
20
0.8121062992125984
11
0.5807775590551181
21
0.8121062992125984
0
LINE
8
BLACK
6
CONTINUOUS
10
0.5807775590551181
20
0.8121062992125984
11
0.583079842519685
21
0.8125642519685039
0
LINE
8
BLACK
6
CONTINUOUS
10
0.583079842519685
20
0.8125642519685039
11
0.5830799606299213
21
0.8125642913385827
0
LINE
8
BLACK
6
CONTINUOUS
10
0.5830799606299213
20
0.8125642913385827
11
0.5856910236220473
21
0.8143089763779527
0
LINE
8
BLACK
6
CONTINUOUS
10
0.5856910236220473
20
0.8143089763779527
11
0.5874357086614173
21
0.8169200393700787
0
LINE
8
BLACK
6
CONTINUOUS
10
0.5874357086614173
20
0.8169200393700787
11
0.5878937007874016
21
0.8192225196850393
0
LINE
8
BLACK
6
CONTINUOUS
10
0.5878937007874016
20
0.8192225196850393
11
0.5878937007874016
21
0.8807774803149606
0
LINE
8
BLACK
6
CONTINUOUS
10
0.5878937007874016
20
0.8807774803149606
11
0.5874357086614173
21
0.8830799606299212
0
LINE
8
BLACK
6
CONTINUOUS
10
0.5874357086614173
20
0.8830799606299212
11
0.5856910236220473
21
0.8856910236220472
0
LINE
8
BLACK
6
CONTINUOUS
10
0.5856910236220473
20
0.8856910236220472
11
0.5830799606299213
21
0.8874357086614173
0
LINE
8
BLACK
6
CONTINUOUS
10
0.5830799606299213
20
0.8874357086614173
11
0.5807774803149606
21
0.8878937007874016
0
LINE
8
BLACK
6
CONTINUOUS
10
0.5807774803149606
20
0.8878937007874016
11
0.5192225196850394
21
0.8878937007874016
0
LINE
8
BLACK
6
CONTINUOUS
10
0.5192225196850394
20
0.8878937007874016
11
0.5169200393700787
21
0.8874357086614173
0
LINE
8
BLACK
6
CONTINUOUS
10
0.5169200393700787
20
0.8874357086614173
11
0.5143089763779527
21
0.8856910236220472
0
LINE
8
BLACK
6
CONTINUOUS
10
0.5143089763779527
20
0.8856910236220472
11
0.5139857480314961
21
0.8852072834645669
0
LINE
8
BLACK
6
CONTINUOUS
10
0.5139857480314961
20
0.8852072834645669
11
0.5125642913385826
21
0.8830799606299212
0
LINE
8
BLACK
6
CONTINUOUS
10
0.5125642913385826
20
0.8830799606299212
11
0.512564251968504
21
0.883079842519685
0
LINE
8
BLACK
6
CONTINUOUS
10
0.512564251968504
20
0.883079842519685
11
0.5121062992125984
21
0.8807775590551181
0
LINE
8
BLACK
6
CONTINUOUS
10
0.5121062992125984
20
0.8807775590551181
11
0.5121062992125984
21
0.8192224015748031
0
LINE
8
BLACK
6
CONTINUOUS
10
0.5121062992125984
20
0.8192224015748031
11
0.512564251968504
21
0.8169201181102362
0
LINE
8
BLACK
6
CONTINUOUS
10
0.5169200393700787
20
0.9874357086614173
11
0.5143089763779527
21
0.9856910236220472
0
LINE
8
BLACK
6
CONTINUOUS
10
0.5143089763779527
20
0.9856910236220472
11
0.5125642913385826
21
0.9830799606299212
0
LINE
8
BLACK
6
CONTINUOUS
10
0.5125642913385826
20
0.9830799606299212
11
0.512564251968504
21
0.9830798425196851
0
LINE
8
BLACK
6
CONTINUOUS
10
0.512564251968504
20
0.9830798425196851
11
0.5121062992125984
21
0.9807775590551181
0
LINE
8
BLACK
6
CONTINUOUS
10
0.5121062992125984
20
0.9807775590551181
11
0.5121062992125984
21
0.9192224015748032
0
LINE
8
BLACK
6
CONTINUOUS
10
0.5121062992125984
20
0.9192224015748032
11
0.512564251968504
21
0.9169201181102362
0
LINE
8
BLACK
6
CONTINUOUS
10
0.512564251968504
20
0.9169201181102362
11
0.5125642913385826
21
0.91692
0
LINE
8
BLACK
6
CONTINUOUS
10
0.5125642913385826
20
0.91692
11
0.5143089763779527
21
0.9143089763779527
0
LINE
8
BLACK
6
CONTINUOUS
10
0.5143089763779527
20
0.9143089763779527
11
0.5169199999999999
21
0.9125642913385826
0
LINE
8
BLACK
6
CONTINUOUS
10
0.5169199999999999
20
0.9125642913385826
11
0.5169201181102362
21
0.9125642519685039
0
LINE
8
BLACK
6
CONTINUOUS
10
0.5169201181102362
20
0.9125642519685039
11
0.5192224015748031
21
0.9121062992125984
0
LINE
8
BLACK
6
CONTINUOUS
10
0.5192224015748031
20
0.9121062992125984
11
0.5192225196850394
21
0.9121062992125984
0
LINE
8
BLACK
6
CONTINUOUS
10
0.5192225196850394
20
0.9121062992125984
11
0.5807775590551181
21
0.9121062992125984
0
LINE
8
BLACK
6
CONTINUOUS
10
0.5807775590551181
20
0.9121062992125984
11
0.583079842519685
21
0.9125642519685039
0
LINE
8
BLACK
6
CONTINUOUS
10
0.583079842519685
20
0.9125642519685039
11
0.5830799606299213
21
0.9125642913385826
0
LINE
8
BLACK
6
CONTINUOUS
10
0.5830799606299213
20
0.9125642913385826
11
0.5856910236220473
21
0.9143089763779527
0
LINE
8
BLACK
6
CONTINUOUS
10
0.5856910236220473
20
0.9143089763779527
11
0.5874357086614173
21
0.9169200393700787
0
LINE
8
BLACK
6
CONTINUOUS
10
0.5874357086614173
20
0.9169200393700787
11
0.5878937007874016
21
0.9192225196850393
0
LINE
8
BLACK
6
CONTINUOUS
10
0.5878937007874016
20
0.9192225196850393
11
0.5878937007874016
21
0.9807774803149606
0
LINE
8
BLACK
6
CONTINUOUS
10
0.5878937007874016
20
0.9807774803149606
11
0.5874357086614173
21
0.9830799606299212
0
LINE
8
BLACK
6
CONTINUOUS
10
0.5874357086614173
20
0.9830799606299212
11
0.5856910236220473
21
0.9856910236220472
0
LINE
8
BLACK
6
CONTINUOUS
10
0.5856910236220473
20
0.9856910236220472
11
0.5830799606299213
21
0.9874357086614173
0
LINE
8
BLACK
6
CONTINUOUS
10
0.5830799606299213
20
0.9874357086614173
11
0.5807774803149606
21
0.9878937007874016
0
LINE
8
BLACK
6
CONTINUOUS
10
0.5807774803149606
20
0.9878937007874016
11
0.5192225196850394
21
0.9878937007874016
0
LINE
8
BLACK
6
CONTINUOUS
10
0.5192225196850394
20
0.9878937007874016
11
0.5169200393700787
21
0.9874357086614173
0
LINE
8
BLACK
6
CONTINUOUS
10
1.3125642519685039
20
0.9169201181102362
11
1.3125642913385827
21
0.91692
0
LINE
8
BLACK
6
CONTINUOUS
10
1.3125642913385827
20
0.91692
11
1.3143089763779527
21
0.9143089763779527
0
LINE
8
BLACK
6
CONTINUOUS
10
1.3143089763779527
20
0.9143089763779527
11
1.3169199999999999
21
0.9125642913385826
0
LINE
8
BLACK
6
CONTINUOUS
10
1.3169199999999999
20
0.9125642913385826
11
1.3169201181102361
21
0.9125642519685039
0
LINE
8
BLACK
6
CONTINUOUS
10
1.3169201181102361
20
0.9125642519685039
11
1.3192224015748031
21
0.9121062992125984
0
LINE
8
BLACK
6
CONTINUOUS
10
1.3192224015748031
20
0.9121062992125984
11
1.3192225196850393
21
0.9121062992125984
0
LINE
8
BLACK
6
CONTINUOUS
10
1.3192225196850393
20
0.9121062992125984
11
1.3807775590551181
21
0.9121062992125984
0
LINE
8
BLACK
6
CONTINUOUS
10
1.3807775590551181
20
0.9121062992125984
11
1.3830798425196851
21
0.9125642519685039
0
LINE
8
BLACK
6
CONTINUOUS
10
1.3830798425196851
20
0.9125642519685039
11
1.3830799606299213
21
0.9125642913385826
0
LINE
8
BLACK
6
CONTINUOUS
10
1.3830799606299213
20
0.9125642913385826
11
1.3856910236220472
21
0.9143089763779527
0
LINE
8
BLACK
6
CONTINUOUS
10
1.3856910236220472
20
0.9143089763779527
11
1.3874357086614173
21
0.9169200393700787
0
LINE
8
BLACK
6
CONTINUOUS
10
1.3874357086614173
20
0.9169200393700787
11
1.3878937007874015
21
0.9192225196850393
0
LINE
8
BLACK
6
CONTINUOUS
10
1.3878937007874015
20
0.9192225196850393
11
1.3878937007874015
21
0.9807774803149606
0
LINE
8
BLACK
6
CONTINUOUS
10
1.3878937007874015
20
0.9807774803149606
11
1.3874357086614173
21
0.9830799606299212
0
LINE
8
BLACK
6
CONTINUOUS
10
1.3874357086614173
20
0.9830799606299212
11
1.3856910236220472
21
0.9856910236220472
0
LINE
8
BLACK
6
CONTINUOUS
10
1.3856910236220472
20
0.9856910236220472
11
1.3830799606299213
21
0.9874357086614173
0
LINE
8
BLACK
6
CONTINUOUS
10
1.3830799606299213
20
0.9874357086614173
11
1.3807774803149606
21
0.9878937007874016
0
LINE
8
BLACK
6
CONTINUOUS
10
1.3807774803149606
20
0.9878937007874016
11
1.3192225196850393
21
0.9878937007874016
0
LINE
8
BLACK
6
CONTINUOUS
10
1.3192225196850393
20
0.9878937007874016
11
1.3169200393700786
21
0.9874357086614173
0
LINE
8
BLACK
6
CONTINUOUS
10
1.3169200393700786
20
0.9874357086614173
11
1.3143089763779527
21
0.9856910236220472
0
LINE
8
BLACK
6
CONTINUOUS
10
1.3143089763779527
20
0.9856910236220472
11
1.3125642913385827
21
0.9830799606299212
0
LINE
8
BLACK
6
CONTINUOUS
10
1.3125642913385827
20
0.9830799606299212
11
1.3125642519685039
21
0.9830798425196851
0
LINE
8
BLACK
6
CONTINUOUS
10
1.3125642519685039
20
0.9830798425196851
11
1.3121062992125985
21
0.9807775590551181
0
LINE
8
BLACK
6
CONTINUOUS
10
1.3121062992125985
20
0.9807775590551181
11
1.3121062992125985
21
0.9192224015748032
0
LINE
8
BLACK
6
CONTINUOUS
10
1.3121062992125985
20
0.9192224015748032
11
1.3125642519685039
21
0.9169201181102362
0
LINE
8
BLACK
6
CONTINUOUS
10
0.5169200393700787
20
1.0874357086614173
11
0.5143089763779527
21
1.0856910236220472
0
LINE
8
BLACK
6
CONTINUOUS
10
0.5143089763779527
20
1.0856910236220472
11
0.5125642913385826
21
1.0830799606299213
0
LINE
8
BLACK
6
CONTINUOUS
10
0.5125642913385826
20
1.0830799606299213
11
0.512564251968504
21
1.083079842519685
0
LINE
8
BLACK
6
CONTINUOUS
10
0.512564251968504
20
1.083079842519685
11
0.5121062992125984
21
1.0807775590551181
0
LINE
8
BLACK
6
CONTINUOUS
10
0.5121062992125984
20
1.0807775590551181
11
0.5121062992125984
21
1.019222401574803
0
LINE
8
BLACK
6
CONTINUOUS
10
0.5121062992125984
20
1.019222401574803
11
0.512564251968504
21
1.0169201181102363
0
LINE
8
BLACK
6
CONTINUOUS
10
0.512564251968504
20
1.0169201181102363
11
0.5125642913385826
21
1.01692
0
LINE
8
BLACK
6
CONTINUOUS
10
0.5125642913385826
20
1.01692
11
0.5143089763779527
21
1.0143089763779527
0
LINE
8
BLACK
6
CONTINUOUS
10
0.5143089763779527
20
1.0143089763779527
11
0.5169199999999999
21
1.0125642913385826
0
LINE
8
BLACK
6
CONTINUOUS
10
0.5169199999999999
20
1.0125642913385826
11
0.5169201181102362
21
1.0125642519685039
0
LINE
8
BLACK
6
CONTINUOUS
10
0.5169201181102362
20
1.0125642519685039
11
0.5192224015748031
21
1.0121062992125984
0
LINE
8
BLACK
6
CONTINUOUS
10
0.5192224015748031
20
1.0121062992125984
11
0.5192225196850394
21
1.0121062992125984
0
LINE
8
BLACK
6
CONTINUOUS
10
0.5192225196850394
20
1.0121062992125984
11
0.5807775590551181
21
1.0121062992125984
0
LINE
8
BLACK
6
CONTINUOUS
10
0.5807775590551181
20
1.0121062992125984
11
0.583079842519685
21
1.0125642519685039
0
LINE
8
BLACK
6
CONTINUOUS
10
0.583079842519685
20
1.0125642519685039
11
0.5830799606299213
21
1.0125642913385826
0
LINE
8
BLACK
6
CONTINUOUS
10
0.5830799606299213
20
1.0125642913385826
11
0.5856910236220473
21
1.0143089763779527
0
LINE
8
BLACK
6
CONTINUOUS
10
0.5856910236220473
20
1.0143089763779527
11
0.5874357086614173
21
1.0169200393700788
0
LINE
8
BLACK
6
CONTINUOUS
10
0.5874357086614173
20
1.0169200393700788
11
0.5878937007874016
21
1.0192225196850393
0
LINE
8
BLACK
6
CONTINUOUS
10
0.5878937007874016
20
1.0192225196850393
11
0.5878937007874016
21
1.0807774803149606
0
LINE
8
BLACK
6
CONTINUOUS
10
0.5878937007874016
20
1.0807774803149606
11
0.5874357086614173
21
1.0830799606299213
0
LINE
8
BLACK
6
CONTINUOUS
10
0.5874357086614173
20
1.0830799606299213
11
0.5856910236220473
21
1.0856910236220472
0
LINE
8
BLACK
6
CONTINUOUS
10
0.5856910236220473
20
1.0856910236220472
11
0.5830799606299213
21
1.0874357086614173
0
LINE
8
BLACK
6
CONTINUOUS
10
0.5830799606299213
20
1.0874357086614173
11
0.5807774803149606
21
1.0878937007874014
0
LINE
8
BLACK
6
CONTINUOUS
10
0.5807774803149606
20
1.0878937007874014
11
0.5192225196850394
21
1.0878937007874014
0
LINE
8
BLACK
6
CONTINUOUS
10
0.5192225196850394
20
1.0878937007874014
11
0.5169200393700787
21
1.0874357086614173
0
LINE
8
BLACK
6
CONTINUOUS
10
0.9125642519685039
20
1.0169201181102363
11
0.9125642913385826
21
1.01692
0
LINE
8
BLACK
6
CONTINUOUS
10
0.9125642913385826
20
1.01692
11
0.9143089763779527
21
1.0143089763779527
0
LINE
8
BLACK
6
CONTINUOUS
10
0.9143089763779527
20
1.0143089763779527
11
0.91692
21
1.0125642913385826
0
LINE
8
BLACK
6
CONTINUOUS
10
0.91692
20
1.0125642913385826
11
0.9169201181102362
21
1.0125642519685039
0
LINE
8
BLACK
6
CONTINUOUS
10
0.9169201181102362
20
1.0125642519685039
11
0.9192224015748032
21
1.0121062992125984
0
LINE
8
BLACK
6
CONTINUOUS
10
0.9192224015748032
20
1.0121062992125984
11
0.9192225196850393
21
1.0121062992125984
0
LINE
8
BLACK
6
CONTINUOUS
10
0.9192225196850393
20
1.0121062992125984
11
0.9807775590551181
21
1.0121062992125984
0
LINE
8
BLACK
6
CONTINUOUS
10
0.9807775590551181
20
1.0121062992125984
11
0.9830798425196851
21
1.0125642519685039
0
LINE
8
BLACK
6
CONTINUOUS
10
0.9830798425196851
20
1.0125642519685039
11
0.9830799606299212
21
1.0125642913385826
0
LINE
8
BLACK
6
CONTINUOUS
10
0.9830799606299212
20
1.0125642913385826
11
0.9856910236220472
21
1.0143089763779527
0
LINE
8
BLACK
6
CONTINUOUS
10
0.9856910236220472
20
1.0143089763779527
11
0.9874357086614173
21
1.0169200393700788
0
LINE
8
BLACK
6
CONTINUOUS
10
0.9874357086614173
20
1.0169200393700788
11
0.9878936614173228
21
1.019222401574803
0
LINE
8
BLACK
6
CONTINUOUS
10
0.9878936614173228
20
1.019222401574803
11
0.9878937007874016
21
1.0192225196850393
0
LINE
8
BLACK
6
CONTINUOUS
10
0.9878937007874016
20
1.0192225196850393
11
0.9878937007874016
21
1.0807774803149606
0
LINE
8
BLACK
6
CONTINUOUS
10
0.9878937007874016
20
1.0807774803149606
11
0.9874357086614173
21
1.0830799606299213
0
LINE
8
BLACK
6
CONTINUOUS
10
0.9874357086614173
20
1.0830799606299213
11
0.9856910236220472
21
1.0856910236220472
0
LINE
8
BLACK
6
CONTINUOUS
10
0.9856910236220472
20
1.0856910236220472
11
0.9830799606299212
21
1.0874357086614173
0
LINE
8
BLACK
6
CONTINUOUS
10
0.9830799606299212
20
1.0874357086614173
11
0.9807774803149606
21
1.0878937007874014
0
LINE
8
BLACK
6
CONTINUOUS
10
0.9807774803149606
20
1.0878937007874014
11
0.9192225196850393
21
1.0878937007874014
0
LINE
8
BLACK
6
CONTINUOUS
10
0.9192225196850393
20
1.0878937007874014
11
0.9169200393700787
21
1.0874357086614173
0
LINE
8
BLACK
6
CONTINUOUS
10
0.9169200393700787
20
1.0874357086614173
11
0.9143089763779527
21
1.0856910236220472
0
LINE
8
BLACK
6
CONTINUOUS
10
0.9143089763779527
20
1.0856910236220472
11
0.9125642913385826
21
1.0830799606299213
0
LINE
8
BLACK
6
CONTINUOUS
10
0.9125642913385826
20
1.0830799606299213
11
0.9125642519685039
21
1.083079842519685
0
LINE
8
BLACK
6
CONTINUOUS
10
0.9125642519685039
20
1.083079842519685
11
0.9121062992125984
21
1.0807775590551181
0
LINE
8
BLACK
6
CONTINUOUS
10
0.9121062992125984
20
1.0807775590551181
11
0.9121062992125984
21
1.019222401574803
0
LINE
8
BLACK
6
CONTINUOUS
10
0.9121062992125984
20
1.019222401574803
11
0.9125642519685039
21
1.0169201181102363
0
LINE
8
BLACK
6
CONTINUOUS
10
1.3125642519685039
20
1.0169201181102363
11
1.3125642913385827
21
1.01692
0
LINE
8
BLACK
6
CONTINUOUS
10
1.3125642913385827
20
1.01692
11
1.3143089763779527
21
1.0143089763779527
0
LINE
8
BLACK
6
CONTINUOUS
10
1.3143089763779527
20
1.0143089763779527
11
1.3169199999999999
21
1.0125642913385826
0
LINE
8
BLACK
6
CONTINUOUS
10
1.3169199999999999
20
1.0125642913385826
11
1.3169201181102361
21
1.0125642519685039
0
LINE
8
BLACK
6
CONTINUOUS
10
1.3169201181102361
20
1.0125642519685039
11
1.3192224015748031
21
1.0121062992125984
0
LINE
8
BLACK
6
CONTINUOUS
10
1.3192224015748031
20
1.0121062992125984
11
1.3192225196850393
21
1.0121062992125984
0
LINE
8
BLACK
6
CONTINUOUS
10
1.3192225196850393
20
1.0121062992125984
11
1.3807775590551181
21
1.0121062992125984
0
LINE
8
BLACK
6
CONTINUOUS
10
1.3807775590551181
20
1.0121062992125984
11
1.3830798425196851
21
1.0125642519685039
0
LINE
8
BLACK
6
CONTINUOUS
10
1.3830798425196851
20
1.0125642519685039
11
1.3830799606299213
21
1.0125642913385826
0
LINE
8
BLACK
6
CONTINUOUS
10
1.3830799606299213
20
1.0125642913385826
11
1.3856910236220472
21
1.0143089763779527
0
LINE
8
BLACK
6
CONTINUOUS
10
1.3856910236220472
20
1.0143089763779527
11
1.3874357086614173
21
1.0169200393700788
0
LINE
8
BLACK
6
CONTINUOUS
10
1.3874357086614173
20
1.0169200393700788
11
1.3878937007874015
21
1.0192225196850393
0
LINE
8
BLACK
6
CONTINUOUS
10
1.3878937007874015
20
1.0192225196850393
11
1.3878937007874015
21
1.0807774803149606
0
LINE
8
BLACK
6
CONTINUOUS
10
1.3878937007874015
20
1.0807774803149606
11
1.3874357086614173
21
1.0830799606299213
0
LINE
8
BLACK
6
CONTINUOUS
10
1.3874357086614173
20
1.0830799606299213
11
1.3856910236220472
21
1.0856910236220472
0
LINE
8
BLACK
6
CONTINUOUS
10
1.3856910236220472
20
1.0856910236220472
11
1.3830799606299213
21
1.0874357086614173
0
LINE
8
BLACK
6
CONTINUOUS
10
1.3830799606299213
20
1.0874357086614173
11
1.3807774803149606
21
1.0878937007874014
0
LINE
8
BLACK
6
CONTINUOUS
10
1.3807774803149606
20
1.0878937007874014
11
1.3192225196850393
21
1.0878937007874014
0
LINE
8
BLACK
6
CONTINUOUS
10
1.3192225196850393
20
1.0878937007874014
11
1.3169200393700786
21
1.0874357086614173
0
LINE
8
BLACK
6
CONTINUOUS
10
1.3169200393700786
20
1.0874357086614173
11
1.3143089763779527
21
1.0856910236220472
0
LINE
8
BLACK
6
CONTINUOUS
10
1.3143089763779527
20
1.0856910236220472
11
1.3125642913385827
21
1.0830799606299213
0
LINE
8
BLACK
6
CONTINUOUS
10
1.3125642913385827
20
1.0830799606299213
11
1.3125642519685039
21
1.083079842519685
0
LINE
8
BLACK
6
CONTINUOUS
10
1.3125642519685039
20
1.083079842519685
11
1.3121062992125985
21
1.0807775590551181
0
LINE
8
BLACK
6
CONTINUOUS
10
1.3121062992125985
20
1.0807775590551181
11
1.3121062992125985
21
1.019222401574803
0
LINE
8
BLACK
6
CONTINUOUS
10
1.3121062992125985
20
1.019222401574803
11
1.3125642519685039
21
1.0169201181102363
0
CIRCLE
8
BLACK
10
0.2
20
1.
40
0.0068897637795276
0
CIRCLE
8
BLACK
10
1.8
20
1.
40
0.0068897637795276
0
CIRCLE
8
BLACK
10
1.8
20
0.2
40
0.0068897637795276
0
CIRCLE
8
BLACK
10
0.2
20
0.2
40
0.0068897637795276
0
CIRCLE
8
BLACK
10
0.5499999999999999
20
0.95
40
0.0068897637795276
0
CIRCLE
8
BLACK
10
0.5499999999999999
20
1.05
40
0.0068897637795276
0
CIRCLE
8
BLACK
10
0.65
20
0.95
40
0.0068897637795276
0
CIRCLE
8
BLACK
10
0.65
20
1.05
40
0.0068897637795276
0
CIRCLE
8
BLACK
10
0.75
20
0.95
40
0.0068897637795276
0
CIRCLE
8
BLACK
10
0.75
20
1.05
40
0.0068897637795276
0
CIRCLE
8
BLACK
10
0.85
20
0.95
40
0.0068897637795276
0
CIRCLE
8
BLACK
10
0.85
20
1.05
40
0.0068897637795276
0
CIRCLE
8
BLACK
10
0.95
20
0.95
40
0.0068897637795276
0
CIRCLE
8
BLACK
10
0.95
20
1.05
40
0.0068897637795276
0
CIRCLE
8
BLACK
10
1.45
20
1.05
40
0.0068897637795276
0
CIRCLE
8
BLACK
10
1.45
20
0.95
40
0.0068897637795276
0
CIRCLE
8
BLACK
10
1.3499999999999999
20
1.05
40
0.0068897637795276
0
CIRCLE
8
BLACK
10
1.3499999999999999
20
0.95
40
0.0068897637795276
0
CIRCLE
8
BLACK
10
0.45
20
0.85
40
0.0068897637795276
0
CIRCLE
8
BLACK
10
0.5499999999999999
20
0.85
40
0.0068897637795276
0
CIRCLE
8
BLACK
10
1.8499999999999999
20
0.75
40
0.0068897637795276
0
CIRCLE
8
BLACK
10
1.75
20
0.75
40
0.0068897637795276
0
CIRCLE
8
BLACK
10
1.8499999999999999
20
0.65
40
0.0068897637795276
0
CIRCLE
8
BLACK
10
1.75
20
0.65
40
0.0068897637795276
0
CIRCLE
8
BLACK
10
1.1728031496062992
20
0.5978937007874016
40
0.0068897637795276
0
CIRCLE
8
BLACK
10
1.2228031496062992
20
0.4978937007874016
40
0.0068897637795276
0
CIRCLE
8
BLACK
10
1.2728031496062993
20
0.5978937007874016
40
0.0068897637795276
0
CIRCLE
8
BLACK
10
1.3228031496062991
20
0.4978937007874016
40
0.0068897637795276
0
CIRCLE
8
BLACK
10
1.3728031496062991
20
0.5978937007874016
40
0.0068897637795276
0
CIRCLE
8
BLACK
10
1.4228031496062992
20
0.4978937007874016
40
0.0068897637795276
0
CIRCLE
8
BLACK
10
1.0979999999999999
20
0.2475
40
0.0068897637795276
0
CIRCLE
8
BLACK
10
1.498
20
0.2475
40
0.0068897637795276
0
CIRCLE
8
BLACK
10
0.5728031496062992
20
0.5978937007874016
40
0.0068897637795276
0
CIRCLE
8
BLACK
10
0.6228031496062992
20
0.4978937007874016
40
0.0068897637795276
0
CIRCLE
8
BLACK
10
0.6728031496062992
20
0.5978937007874016
40
0.0068897637795276
0
CIRCLE
8
BLACK
10
0.7228031496062992
20
0.4978937007874016
40
0.0068897637795276
0
CIRCLE
8
BLACK
10
0.7728031496062991
20
0.5978937007874016
40
0.0068897637795276
0
CIRCLE
8
BLACK
10
0.8228031496062992
20
0.4978937007874016
40
0.0068897637795276
0
CIRCLE
8
BLACK
10
0.498
20
0.2475
40
0.0068897637795276
0
CIRCLE
8
BLACK
10
0.898
20
0.2475
40
0.0068897637795276
0
CIRCLE
8
BLACK
10
1.8499999999999999
20
0.5499999999999999
40
0.0068897637795276
0
CIRCLE
8
BLACK
10
1.75
20
0.5499999999999999
40
0.0068897637795276
0
CIRCLE
8
BLACK
10
1.8499999999999999
20
0.45
40
0.0068897637795276
0
CIRCLE
8
BLACK
10
1.75
20
0.45
40
0.0068897637795276
0
CIRCLE
8
BLACK
10
0.15
20
0.75
40
0.0068897637795276
0
CIRCLE
8
BLACK
10
0.25
20
0.75
40
0.0068897637795276
0
CIRCLE
8
BLACK
10
0.15
20
0.65
40
0.0068897637795276
0
CIRCLE
8
BLACK
10
0.25
20
0.65
40
0.0068897637795276
0
CIRCLE
8
BLACK
10
0.15
20
0.5499999999999999
40
0.0068897637795276
0
CIRCLE
8
BLACK
10
0.25
20
0.5499999999999999
40
0.0068897637795276
0
CIRCLE
8
BLACK
10
0.15
20
0.45
40
0.0068897637795276
0
CIRCLE
8
BLACK
10
0.25
20
0.45
40
0.0068897637795276
0
CIRCLE
8
BLACK
10
0.64
20
0.43
40
0.0078740157480315
0
CIRCLE
8
BLACK
10
1.1099999999999999
20
0.4700002362204724
40
0.0078740157480315
0
CIRCLE
8
BLACK
10
0.59
20
0.44
40
0.0078740157480315
0
CIRCLE
8
BLACK
10
0.91
20
0.4699995275590551
40
0.0078740157480315
0
CIRCLE
8
BLACK
10
0.61
20
0.4
40
0.0078740157480315
0
CIRCLE
8
BLACK
10
1.1499999999999999
20
0.4700004724409449
40
0.0078740157480315
0
CIRCLE
8
BLACK
10
1.0700000000000001
20
0.4700003149606299
40
0.0078740157480315
0
CIRCLE
8
BLACK
10
0.66
20
0.4
40
0.0078740157480315
0
CIRCLE
8
BLACK
10
0.95
20
0.4699999212598425
40
0.0078740157480315
0
CIRCLE
8
BLACK
10
0.48
20
0.37
40
0.0078740157480315
0
CIRCLE
8
BLACK
10
0.54
20
0.44
40
0.0078740157480315
0
CIRCLE
8
BLACK
10
0.57
20
0.41
40
0.0078740157480315
0
CIRCLE
8
BLACK
10
1.02
20
0.4661299212598425
40
0.0078740157480315
0
CIRCLE
8
BLACK
10
0.53
20
0.6799999999999999
40
0.0078740157480315
0
CIRCLE
8
BLACK
10
1.026
20
0.638
40
0.0078740157480315
0
CIRCLE
8
BLACK
10
0.88
20
0.64
40
0.0078740157480315
0
CIRCLE
8
BLACK
10
0.95
20
0.719412874015748
40
0.0078740157480315
0
CIRCLE
8
BLACK
10
1.6399999999999999
20
0.648
40
0.0078740157480315
0
CIRCLE
8
BLACK
10
1.45
20
0.64
40
0.0078740157480315
0
CIRCLE
8
BLACK
10
1.2240000787401575
20
0.398
40
0.0078740157480315
  0
ENDSEC
  0
EOF
