  0
SECTION
  2
HEADER
  9
$ANGBASE
  50
0.0
  9
$ANGDIR
  70
1
  9
$MEASUREMENT
  70
0
  0
ENDSEC
  0
SECTION
  2
TABLES
  0
TABLE
  2
LTYPE
  70
4
  0
LTYPE
  5
40F
  2
CONTINUOUS
  70
0
  3
Solid line
  72
65
  73
0
  40
0.0
  0
LTYPE
  5
410
  2
DASHDOT
 70
0
  3
Dash Dot ____ _ ____ _
 72
65
 73
4
 40
2.0
 49
1.25
 49
-0.25
 49
0.25
 49
-0.25
  0
LTYPE
  5
411
  2
DASHED
 70
0
  3
Dashed __ __ __ __ __
 72
65
 73
2
 40
0.75
 49
0.5
 49
-0.25
  0
LTYPE
  5
43B
  2
DOTTED
 70
0
  3
Dotted .  .  .  .
 72
65
 73
2
 40
0.2
 49
0.0
 49
-0.2
  0
ENDTAB
  0
TABLE
  2
STYLE
  70
4
  0
STYLE
  2
KICAD
  70
0
  40
0
  41
1
  42
1
  50
0
  71
0
  3
isocp.shx
  0
STYLE
  2
KICADB
  70
0
  40
0
  41
1
  42
1
  50
0
  71
0
  3
isocp.shx
  0
STYLE
  2
KICADI
  70
0
  40
0
  41
1
  42
1
  50
15
  71
0
  3
isocp.shx
  0
STYLE
  2
KICADBI
  70
0
  40
0
  41
1
  42
1
  50
15
  71
0
  3
isocp.shx
  0
ENDTAB
  0
TABLE
  2
LAYER
  70
1
  0
LAYER
  2
BLACK
  70
0
  62
7
  6
CONTINUOUS
  0
ENDTAB
  0
ENDSEC
  0
SECTION
  2
ENTITIES
0
LINE
8
BLACK
6
CONTINUOUS
10
0.6791385433070866
20
0.2673617716535433
11
0.6798293700787401
21
0.2654637795275591
0
LINE
8
BLACK
6
CONTINUOUS
10
0.6798293700787401
20
0.2654637795275591
11
0.6798293700787401
21
0.2373423228346457
0
LINE
8
BLACK
6
CONTINUOUS
10
0.6798293700787401
20
0.2373423228346457
11
0.679676062992126
21
0.2364729133858268
0
LINE
8
BLACK
6
CONTINUOUS
10
0.679676062992126
20
0.2364729133858268
11
0.6796778346456692
21
0.2364085433070866
0
LINE
8
BLACK
6
CONTINUOUS
10
0.6796778346456692
20
0.2364085433070866
11
0.6778030708661417
21
0.2307842913385827
0
LINE
8
BLACK
6
CONTINUOUS
10
0.6778030708661417
20
0.2307842913385827
11
0.6773147637795276
21
0.2298825196850394
0
LINE
8
BLACK
6
CONTINUOUS
10
0.6773147637795276
20
0.2298825196850394
11
0.6771643700787402
21
0.2297901181102362
0
LINE
8
BLACK
6
CONTINUOUS
10
0.6771643700787402
20
0.2297901181102362
11
0.6770897637795276
21
0.2296301181102362
0
LINE
8
BLACK
6
CONTINUOUS
10
0.6770897637795276
20
0.2296301181102362
11
0.6733402362204725
21
0.2258805905511811
0
LINE
8
BLACK
6
CONTINUOUS
10
0.6733402362204725
20
0.2258805905511811
11
0.6725001968503936
21
0.2252924015748032
0
LINE
8
BLACK
6
CONTINUOUS
10
0.6725001968503936
20
0.2252924015748032
11
0.6723243700787401
21
0.2252770078740157
0
LINE
8
BLACK
6
CONTINUOUS
10
0.6723243700787401
20
0.2252770078740157
11
0.6721861023622047
21
0.2251672834645669
0
LINE
8
BLACK
6
CONTINUOUS
10
0.6721861023622047
20
0.2251672834645669
11
0.666561811023622
21
0.2232924803149606
0
LINE
8
BLACK
6
CONTINUOUS
10
0.666561811023622
20
0.2232924803149606
11
0.6656885433070866
21
0.2231629527559055
0
LINE
8
BLACK
6
CONTINUOUS
10
0.6656885433070866
20
0.2231629527559055
11
0.665628031496063
21
0.2231409448818898
0
LINE
8
BLACK
6
CONTINUOUS
10
0.665628031496063
20
0.2231409448818898
11
0.6618785039370079
21
0.2231409448818898
0
LINE
8
BLACK
6
CONTINUOUS
10
0.6618785039370079
20
0.2231409448818898
11
0.6608685826771653
21
0.2233190157480315
0
LINE
8
BLACK
6
CONTINUOUS
10
0.6608685826771653
20
0.2233190157480315
11
0.6593213385826772
21
0.2246173228346457
0
LINE
8
BLACK
6
CONTINUOUS
10
0.6593213385826772
20
0.2246173228346457
11
0.6589705905511811
21
0.2266064566929134
0
LINE
8
BLACK
6
CONTINUOUS
10
0.6589705905511811
20
0.2266064566929134
11
0.6599805118110236
21
0.2283556299212599
0
LINE
8
BLACK
6
CONTINUOUS
10
0.6599805118110236
20
0.2283556299212599
11
0.6618785039370079
21
0.2290464566929134
0
LINE
8
BLACK
6
CONTINUOUS
10
0.6618785039370079
20
0.2290464566929134
11
0.6651488582677165
21
0.2290464566929134
0
LINE
8
BLACK
6
CONTINUOUS
10
0.6651488582677165
20
0.2290464566929134
11
0.6696572440944881
21
0.2305492519685039
0
LINE
8
BLACK
6
CONTINUOUS
10
0.6696572440944881
20
0.2305492519685039
11
0.672421062992126
21
0.2333130708661417
0
LINE
8
BLACK
6
CONTINUOUS
10
0.672421062992126
20
0.2333130708661417
11
0.6739238582677165
21
0.2378214566929134
0
LINE
8
BLACK
6
CONTINUOUS
10
0.6739238582677165
20
0.2378214566929134
11
0.6739238582677165
21
0.2654637795275591
0
LINE
8
BLACK
6
CONTINUOUS
10
0.6739238582677165
20
0.2654637795275591
11
0.6741019291338582
21
0.2664737007874016
0
LINE
8
BLACK
6
CONTINUOUS
10
0.6741019291338582
20
0.2664737007874016
11
0.6754002362204724
21
0.2680209448818898
0
LINE
8
BLACK
6
CONTINUOUS
10
0.6754002362204724
20
0.2680209448818898
11
0.6773893700787401
21
0.2683716929133858
0
LINE
8
BLACK
6
CONTINUOUS
10
0.6773893700787401
20
0.2683716929133858
11
0.6791385433070866
21
0.2673617716535433
0
LINE
8
BLACK
6
CONTINUOUS
10
0.7097575590551181
20
0.2682384645669291
11
0.7098927952755906
21
0.2681249606299212
0
LINE
8
BLACK
6
CONTINUOUS
10
0.7098927952755906
20
0.2681249606299212
11
0.7100681496062992
21
0.2681048031496063
0
LINE
8
BLACK
6
CONTINUOUS
10
0.7100681496062992
20
0.2681048031496063
11
0.7138176771653543
21
0.2662300393700787
0
LINE
8
BLACK
6
CONTINUOUS
10
0.7138176771653543
20
0.2662300393700787
11
0.7145267322834645
21
0.265704094488189
0
LINE
8
BLACK
6
CONTINUOUS
10
0.7145267322834645
20
0.265704094488189
11
0.7145850787401574
21
0.2656769291338583
0
LINE
8
BLACK
6
CONTINUOUS
10
0.7145850787401574
20
0.2656769291338583
11
0.716459842519685
21
0.2638021653543307
0
LINE
8
BLACK
6
CONTINUOUS
10
0.716459842519685
20
0.2638021653543307
11
0.7169661023622047
21
0.2630790551181102
0
LINE
8
BLACK
6
CONTINUOUS
10
0.7169661023622047
20
0.2630790551181102
11
0.7170129527559055
21
0.2630347637795276
0
LINE
8
BLACK
6
CONTINUOUS
10
0.7170129527559055
20
0.2630347637795276
11
0.718887716535433
21
0.2592852362204724
0
LINE
8
BLACK
6
CONTINUOUS
10
0.718887716535433
20
0.2592852362204724
11
0.7191800787401574
21
0.2583023228346457
0
LINE
8
BLACK
6
CONTINUOUS
10
0.7191800787401574
20
0.2583023228346457
11
0.7191390551181103
21
0.2581305905511811
0
LINE
8
BLACK
6
CONTINUOUS
10
0.7191390551181103
20
0.2581305905511811
11
0.7191994488188976
21
0.2579647244094488
0
LINE
8
BLACK
6
CONTINUOUS
10
0.7191994488188976
20
0.2579647244094488
11
0.7191994488188976
21
0.2429666141732283
0
LINE
8
BLACK
6
CONTINUOUS
10
0.7191994488188976
20
0.2429666141732283
11
0.7190970866141733
21
0.2423862204724409
0
LINE
8
BLACK
6
CONTINUOUS
10
0.7190970866141733
20
0.2423862204724409
11
0.7191112992125984
21
0.2422504724409449
0
LINE
8
BLACK
6
CONTINUOUS
10
0.7191112992125984
20
0.2422504724409449
11
0.7172365354330709
21
0.2347514173228346
0
LINE
8
BLACK
6
CONTINUOUS
10
0.7172365354330709
20
0.2347514173228346
11
0.7168327952755905
21
0.2338461811023622
0
LINE
8
BLACK
6
CONTINUOUS
10
0.7168327952755905
20
0.2338461811023622
11
0.7168287795275591
21
0.2338296850393701
0
LINE
8
BLACK
6
CONTINUOUS
10
0.7168287795275591
20
0.2338296850393701
11
0.713079251968504
21
0.2282053543307087
0
LINE
8
BLACK
6
CONTINUOUS
10
0.713079251968504
20
0.2282053543307087
11
0.7127684251968504
21
0.22788
0
LINE
8
BLACK
6
CONTINUOUS
10
0.7127684251968504
20
0.22788
11
0.7127103149606299
21
0.2277553543307086
0
LINE
8
BLACK
6
CONTINUOUS
10
0.7127103149606299
20
0.2277553543307086
11
0.7108355511811023
21
0.2258805905511811
0
LINE
8
BLACK
6
CONTINUOUS
10
0.7108355511811023
20
0.2258805905511811
11
0.7101125590551181
21
0.2253743700787401
0
LINE
8
BLACK
6
CONTINUOUS
10
0.7101125590551181
20
0.2253743700787401
11
0.7100681889763779
21
0.2253274803149606
0
LINE
8
BLACK
6
CONTINUOUS
10
0.7100681889763779
20
0.2253274803149606
11
0.7063186614173228
21
0.2234526771653543
0
LINE
8
BLACK
6
CONTINUOUS
10
0.7063186614173228
20
0.2234526771653543
11
0.7053357086614173
21
0.2231603149606299
0
LINE
8
BLACK
6
CONTINUOUS
10
0.7053357086614173
20
0.2231603149606299
11
0.7051639763779527
21
0.2232012992125984
0
LINE
8
BLACK
6
CONTINUOUS
10
0.7051639763779527
20
0.2232012992125984
11
0.7049981102362205
21
0.2231409448818898
0
LINE
8
BLACK
6
CONTINUOUS
10
0.7049981102362205
20
0.2231409448818898
11
0.6974990551181102
21
0.2231409448818898
0
LINE
8
BLACK
6
CONTINUOUS
10
0.6974990551181102
20
0.2231409448818898
11
0.6964891338582677
21
0.2233190157480315
0
LINE
8
BLACK
6
CONTINUOUS
10
0.6964891338582677
20
0.2233190157480315
11
0.6949418897637795
21
0.2246173228346457
0
LINE
8
BLACK
6
CONTINUOUS
10
0.6949418897637795
20
0.2246173228346457
11
0.6945911417322834
21
0.2266064566929134
0
LINE
8
BLACK
6
CONTINUOUS
10
0.6945911417322834
20
0.2266064566929134
11
0.695601062992126
21
0.2283556299212599
0
LINE
8
BLACK
6
CONTINUOUS
10
0.695601062992126
20
0.2283556299212599
11
0.6974990551181102
21
0.2290464566929134
0
LINE
8
BLACK
6
CONTINUOUS
10
0.6974990551181102
20
0.2290464566929134
11
0.7043010236220473
21
0.2290464566929134
0
LINE
8
BLACK
6
CONTINUOUS
10
0.7043010236220473
20
0.2290464566929134
11
0.7069985039370078
21
0.2303951968503937
0
LINE
8
BLACK
6
CONTINUOUS
10
0.7069985039370078
20
0.2303951968503937
11
0.7083276771653543
21
0.2317243700787401
0
LINE
8
BLACK
6
CONTINUOUS
10
0.7083276771653543
20
0.2317243700787401
11
0.7116313779527559
21
0.2366799212598425
0
LINE
8
BLACK
6
CONTINUOUS
10
0.7116313779527559
20
0.2366799212598425
11
0.7123606692913386
21
0.2395970866141732
0
LINE
8
BLACK
6
CONTINUOUS
10
0.7123606692913386
20
0.2395970866141732
11
0.7100681496062992
21
0.2384508267716536
0
LINE
8
BLACK
6
CONTINUOUS
10
0.7100681496062992
20
0.2384508267716536
11
0.7090851968503937
21
0.2381584645669291
0
LINE
8
BLACK
6
CONTINUOUS
10
0.7090851968503937
20
0.2381584645669291
11
0.7089135039370078
21
0.2381994488188976
0
LINE
8
BLACK
6
CONTINUOUS
10
0.7089135039370078
20
0.2381994488188976
11
0.7087476377952756
21
0.238139094488189
0
LINE
8
BLACK
6
CONTINUOUS
10
0.7087476377952756
20
0.238139094488189
11
0.7012485826771654
21
0.238139094488189
0
LINE
8
BLACK
6
CONTINUOUS
10
0.7012485826771654
20
0.238139094488189
11
0.7002386614173228
21
0.2383171653543307
0
LINE
8
BLACK
6
CONTINUOUS
10
0.7002386614173228
20
0.2383171653543307
11
0.7001033858267717
21
0.2384306299212598
0
LINE
8
BLACK
6
CONTINUOUS
10
0.7001033858267717
20
0.2384306299212598
11
0.6999280708661417
21
0.2384508267716536
0
LINE
8
BLACK
6
CONTINUOUS
10
0.6999280708661417
20
0.2384508267716536
11
0.6961785433070866
21
0.2403255905511811
0
LINE
8
BLACK
6
CONTINUOUS
10
0.6961785433070866
20
0.2403255905511811
11
0.6954694488188976
21
0.2408514566929134
0
LINE
8
BLACK
6
CONTINUOUS
10
0.6954694488188976
20
0.2408514566929134
11
0.6954111417322835
21
0.2408787007874016
0
LINE
8
BLACK
6
CONTINUOUS
10
0.6954111417322835
20
0.2408787007874016
11
0.6935363779527559
21
0.2427534645669291
0
LINE
8
BLACK
6
CONTINUOUS
10
0.6935363779527559
20
0.2427534645669291
11
0.6930300787401574
21
0.2434765354330709
0
LINE
8
BLACK
6
CONTINUOUS
10
0.6930300787401574
20
0.2434765354330709
11
0.6929832677165354
21
0.2435208661417323
0
LINE
8
BLACK
6
CONTINUOUS
10
0.6929832677165354
20
0.2435208661417323
11
0.6911085039370078
21
0.2472703937007874
0
LINE
8
BLACK
6
CONTINUOUS
10
0.6911085039370078
20
0.2472703937007874
11
0.6908161417322835
21
0.2482533464566929
0
LINE
8
BLACK
6
CONTINUOUS
10
0.6908161417322835
20
0.2482533464566929
11
0.690857125984252
21
0.248425
0
LINE
8
BLACK
6
CONTINUOUS
10
0.690857125984252
20
0.248425
11
0.6907967716535433
21
0.248590905511811
0
LINE
8
BLACK
6
CONTINUOUS
10
0.6907967716535433
20
0.248590905511811
11
0.6907967716535433
21
0.2579647244094488
0
LINE
8
BLACK
6
CONTINUOUS
10
0.6907967716535433
20
0.2579647244094488
11
0.690974842519685
21
0.2589746456692913
0
LINE
8
BLACK
6
CONTINUOUS
10
0.690974842519685
20
0.2589746456692913
11
0.6910883070866142
21
0.2591098818897637
0
LINE
8
BLACK
6
CONTINUOUS
10
0.6910883070866142
20
0.2591098818897637
11
0.6911085039370078
21
0.2592852362204724
0
LINE
8
BLACK
6
CONTINUOUS
10
0.6911085039370078
20
0.2592852362204724
11
0.6929832677165354
21
0.2630347637795276
0
LINE
8
BLACK
6
CONTINUOUS
10
0.6929832677165354
20
0.2630347637795276
11
0.6935091732283465
21
0.2637438188976378
0
LINE
8
BLACK
6
CONTINUOUS
10
0.6935091732283465
20
0.2637438188976378
11
0.6935363779527559
21
0.2638021653543307
0
LINE
8
BLACK
6
CONTINUOUS
10
0.6935363779527559
20
0.2638021653543307
11
0.6954111417322835
21
0.2656769291338583
0
LINE
8
BLACK
6
CONTINUOUS
10
0.6954111417322835
20
0.2656769291338583
11
0.6961342125984252
21
0.2661831889763779
0
LINE
8
BLACK
6
CONTINUOUS
10
0.6961342125984252
20
0.2661831889763779
11
0.6961785433070866
21
0.2662300393700787
0
LINE
8
BLACK
6
CONTINUOUS
10
0.6961785433070866
20
0.2662300393700787
11
0.6999280708661417
21
0.2681048031496063
0
LINE
8
BLACK
6
CONTINUOUS
10
0.6999280708661417
20
0.2681048031496063
11
0.7009109842519685
21
0.2683971653543307
0
LINE
8
BLACK
6
CONTINUOUS
10
0.7009109842519685
20
0.2683971653543307
11
0.7010826771653543
21
0.2683561417322834
0
LINE
8
BLACK
6
CONTINUOUS
10
0.7010826771653543
20
0.2683561417322834
11
0.7012485826771654
21
0.2684165354330709
0
LINE
8
BLACK
6
CONTINUOUS
10
0.7012485826771654
20
0.2684165354330709
11
0.7087476377952756
21
0.2684165354330709
0
LINE
8
BLACK
6
CONTINUOUS
10
0.7087476377952756
20
0.2684165354330709
11
0.7097575590551181
21
0.2682384645669291
0
LINE
8
BLACK
6
CONTINUOUS
10
0.6992481496062992
20
0.2611622834645669
11
0.6980510236220472
21
0.259965157480315
0
LINE
8
BLACK
6
CONTINUOUS
10
0.6980510236220472
20
0.259965157480315
11
0.6967022834645669
21
0.2572676771653543
0
LINE
8
BLACK
6
CONTINUOUS
10
0.6967022834645669
20
0.2572676771653543
11
0.6967022834645669
21
0.2492879527559055
0
LINE
8
BLACK
6
CONTINUOUS
10
0.6967022834645669
20
0.2492879527559055
11
0.6980510236220472
21
0.2465904724409449
0
LINE
8
BLACK
6
CONTINUOUS
10
0.6980510236220472
20
0.2465904724409449
11
0.6992481496062992
21
0.2453933464566929
0
LINE
8
BLACK
6
CONTINUOUS
10
0.6992481496062992
20
0.2453933464566929
11
0.7019456299212599
21
0.2440446062992126
0
LINE
8
BLACK
6
CONTINUOUS
10
0.7019456299212599
20
0.2440446062992126
11
0.7080505905511811
21
0.2440446062992126
0
LINE
8
BLACK
6
CONTINUOUS
10
0.7080505905511811
20
0.2440446062992126
11
0.7107480708661417
21
0.2453933464566929
0
LINE
8
BLACK
6
CONTINUOUS
10
0.7107480708661417
20
0.2453933464566929
11
0.7119451968503937
21
0.2465904724409449
0
LINE
8
BLACK
6
CONTINUOUS
10
0.7119451968503937
20
0.2465904724409449
11
0.713293937007874
21
0.2492879527559055
0
LINE
8
BLACK
6
CONTINUOUS
10
0.713293937007874
20
0.2492879527559055
11
0.713293937007874
21
0.2572676771653543
0
LINE
8
BLACK
6
CONTINUOUS
10
0.713293937007874
20
0.2572676771653543
11
0.7119451968503937
21
0.259965157480315
0
LINE
8
BLACK
6
CONTINUOUS
10
0.7119451968503937
20
0.259965157480315
11
0.7107480708661417
21
0.2611622834645669
0
LINE
8
BLACK
6
CONTINUOUS
10
0.7107480708661417
20
0.2611622834645669
11
0.7080505905511811
21
0.2625110236220473
0
LINE
8
BLACK
6
CONTINUOUS
10
0.7080505905511811
20
0.2625110236220473
11
0.7019456299212599
21
0.2625110236220473
0
LINE
8
BLACK
6
CONTINUOUS
10
0.7019456299212599
20
0.2625110236220473
11
0.6992481496062992
21
0.2611622834645669
0
LINE
8
BLACK
6
CONTINUOUS
10
0.9582260236220472
20
0.6519599212598425
11
0.9583552755905511
21
0.651982716535433
0
LINE
8
BLACK
6
CONTINUOUS
10
0.9583552755905511
20
0.651982716535433
11
0.9584688582677166
21
0.6519170866141732
0
LINE
8
BLACK
6
CONTINUOUS
10
0.9584688582677166
20
0.6519170866141732
11
0.9588524409448819
21
0.6518494881889764
0
LINE
8
BLACK
6
CONTINUOUS
10
0.9588524409448819
20
0.6518494881889764
11
0.9594401181102362
21
0.6513563385826772
0
LINE
8
BLACK
6
CONTINUOUS
10
0.9594401181102362
20
0.6513563385826772
11
0.9601044488188977
21
0.6509727952755905
0
LINE
8
BLACK
6
CONTINUOUS
10
0.9601044488188977
20
0.6509727952755905
11
0.9601955511811023
21
0.6507224409448819
0
LINE
8
BLACK
6
CONTINUOUS
10
0.9601955511811023
20
0.6507224409448819
11
0.96039968503937
21
0.6505511811023622
0
LINE
8
BLACK
6
CONTINUOUS
10
0.96039968503937
20
0.6505511811023622
11
0.9605329133858268
21
0.6497955905511811
0
LINE
8
BLACK
6
CONTINUOUS
10
0.9605329133858268
20
0.6497955905511811
11
0.9607952755905511
21
0.6490748031496063
0
LINE
8
BLACK
6
CONTINUOUS
10
0.9607952755905511
20
0.6490748031496063
11
0.9607952755905511
21
-0.0635236220472441
0
LINE
8
BLACK
6
CONTINUOUS
10
0.9607952755905511
20
-0.0635236220472441
11
0.9607276377952756
21
-0.063907125984252
0
LINE
8
BLACK
6
CONTINUOUS
10
0.9607276377952756
20
-0.063907125984252
11
0.9607504330708662
21
-0.0640363779527559
0
LINE
8
BLACK
6
CONTINUOUS
10
0.9607504330708662
20
-0.0640363779527559
11
0.9606848031496062
21
-0.0641499606299213
0
LINE
8
BLACK
6
CONTINUOUS
10
0.9606848031496062
20
-0.0641499606299213
11
0.9606172047244095
21
-0.0645335433070866
0
LINE
8
BLACK
6
CONTINUOUS
10
0.9606172047244095
20
-0.0645335433070866
11
0.9601240551181102
21
-0.0651212204724409
0
LINE
8
BLACK
6
CONTINUOUS
10
0.9601240551181102
20
-0.0651212204724409
11
0.9597405118110236
21
-0.0657855511811024
0
LINE
8
BLACK
6
CONTINUOUS
10
0.9597405118110236
20
-0.0657855511811024
11
0.959490157480315
21
-0.0658766535433071
0
LINE
8
BLACK
6
CONTINUOUS
10
0.959490157480315
20
-0.0658766535433071
11
0.9593188976377952
21
-0.0660807874015748
0
LINE
8
BLACK
6
CONTINUOUS
10
0.9593188976377952
20
-0.0660807874015748
11
0.9585633070866142
21
-0.0662140157480315
0
LINE
8
BLACK
6
CONTINUOUS
10
0.9585633070866142
20
-0.0662140157480315
11
0.9578425196850393
21
-0.0664763779527559
0
LINE
8
BLACK
6
CONTINUOUS
10
0.9578425196850393
20
-0.0664763779527559
11
0.4381574803149606
21
-0.0664763779527559
0
LINE
8
BLACK
6
CONTINUOUS
10
0.4381574803149606
20
-0.0664763779527559
11
0.437773937007874
21
-0.0664087401574803
0
LINE
8
BLACK
6
CONTINUOUS
10
0.437773937007874
20
-0.0664087401574803
11
0.4376447244094488
21
-0.0664315354330709
0
LINE
8
BLACK
6
CONTINUOUS
10
0.4376447244094488
20
-0.0664315354330709
11
0.4375311023622047
21
-0.066365905511811
0
LINE
8
BLACK
6
CONTINUOUS
10
0.4375311023622047
20
-0.066365905511811
11
0.4371475590551181
21
-0.0662983070866142
0
LINE
8
BLACK
6
CONTINUOUS
10
0.4371475590551181
20
-0.0662983070866142
11
0.436559842519685
21
-0.065805157480315
0
LINE
8
BLACK
6
CONTINUOUS
10
0.436559842519685
20
-0.065805157480315
11
0.4358955511811023
21
-0.0654216141732284
0
LINE
8
BLACK
6
CONTINUOUS
10
0.4358955511811023
20
-0.0654216141732284
11
0.4358044094488189
21
-0.0651712598425197
0
LINE
8
BLACK
6
CONTINUOUS
10
0.4358044094488189
20
-0.0651712598425197
11
0.4356003149606299
21
-0.065
0
LINE
8
BLACK
6
CONTINUOUS
10
0.4356003149606299
20
-0.065
11
0.4354670472440945
21
-0.0642444094488189
0
LINE
8
BLACK
6
CONTINUOUS
10
0.4354670472440945
20
-0.0642444094488189
11
0.4352047244094488
21
-0.0635236220472441
0
LINE
8
BLACK
6
CONTINUOUS
10
0.4352047244094488
20
-0.0635236220472441
11
0.4352047244094488
21
0.6490748031496063
0
LINE
8
BLACK
6
CONTINUOUS
10
0.4352047244094488
20
0.6490748031496063
11
0.4352723228346457
21
0.6494583070866141
0
LINE
8
BLACK
6
CONTINUOUS
10
0.4352723228346457
20
0.6494583070866141
11
0.4352495669291339
21
0.6495875590551181
0
LINE
8
BLACK
6
CONTINUOUS
10
0.4352495669291339
20
0.6495875590551181
11
0.435315157480315
21
0.6497011417322834
0
LINE
8
BLACK
6
CONTINUOUS
10
0.435315157480315
20
0.6497011417322834
11
0.4353827952755905
21
0.6500847244094488
0
LINE
8
BLACK
6
CONTINUOUS
10
0.4353827952755905
20
0.6500847244094488
11
0.435875905511811
21
0.6506724015748031
0
LINE
8
BLACK
6
CONTINUOUS
10
0.435875905511811
20
0.6506724015748031
11
0.4362594881889764
21
0.6513367322834646
0
LINE
8
BLACK
6
CONTINUOUS
10
0.4362594881889764
20
0.6513367322834646
11
0.4365098031496063
21
0.6514278346456692
0
LINE
8
BLACK
6
CONTINUOUS
10
0.4365098031496063
20
0.6514278346456692
11
0.4366811023622047
21
0.651631968503937
0
LINE
8
BLACK
6
CONTINUOUS
10
0.4366811023622047
20
0.651631968503937
11
0.4374366535433071
21
0.6517651968503937
0
LINE
8
BLACK
6
CONTINUOUS
10
0.4374366535433071
20
0.6517651968503937
11
0.4381574803149606
21
0.6520275590551181
0
LINE
8
BLACK
6
CONTINUOUS
10
0.4381574803149606
20
0.6520275590551181
11
0.9578425196850393
21
0.6520275590551181
0
LINE
8
BLACK
6
CONTINUOUS
10
0.9578425196850393
20
0.6520275590551181
11
0.9582260236220472
21
0.6519599212598425
0
LINE
8
BLACK
6
CONTINUOUS
10
0.4411102362204724
20
0.0122637795275591
11
0.4411102362204724
21
-0.0605708661417323
0
LINE
8
BLACK
6
CONTINUOUS
10
0.4411102362204724
20
-0.0605708661417323
11
0.9548897637795275
21
-0.0605708661417323
0
LINE
8
BLACK
6
CONTINUOUS
10
0.9548897637795275
20
-0.0605708661417323
11
0.9548897637795275
21
0.0122637795275591
0
LINE
8
BLACK
6
CONTINUOUS
10
0.9548897637795275
20
0.0122637795275591
11
0.4411102362204724
21
0.0122637795275591
0
LINE
8
BLACK
6
CONTINUOUS
10
0.4411102362204724
20
0.6461220472440945
11
0.4411102362204724
21
0.0181692913385827
0
LINE
8
BLACK
6
CONTINUOUS
10
0.4411102362204724
20
0.0181692913385827
11
0.9548897637795275
21
0.0181692913385827
0
LINE
8
BLACK
6
CONTINUOUS
10
0.9548897637795275
20
0.0181692913385827
11
0.9548897637795275
21
0.6461220472440945
0
LINE
8
BLACK
6
CONTINUOUS
10
0.9548897637795275
20
0.6461220472440945
11
0.4411102362204724
21
0.6461220472440945
0
LINE
8
BLACK
6
CONTINUOUS
10
1.2330696062992126
20
0.1336720866141732
11
1.2343995669291339
21
0.1333999606299213
0
LINE
8
BLACK
6
CONTINUOUS
10
1.2343995669291339
20
0.1333999606299213
11
1.2392739763779528
21
0.1309627559055118
0
LINE
8
BLACK
6
CONTINUOUS
10
1.2392739763779528
20
0.1309627559055118
11
1.2399853543307087
21
0.1303318897637795
0
LINE
8
BLACK
6
CONTINUOUS
10
1.2399853543307087
20
0.1303318897637795
11
1.2408087401574803
21
0.1298565354330709
0
LINE
8
BLACK
6
CONTINUOUS
10
1.2408087401574803
20
0.1298565354330709
11
1.2432459448818898
21
0.1274193307086614
0
LINE
8
BLACK
6
CONTINUOUS
10
1.2432459448818898
20
0.1274193307086614
11
1.2437213385826771
21
0.1265958661417323
0
LINE
8
BLACK
6
CONTINUOUS
10
1.2437213385826771
20
0.1265958661417323
11
1.2443521653543306
21
0.1258845275590551
0
LINE
8
BLACK
6
CONTINUOUS
10
1.2443521653543306
20
0.1258845275590551
11
1.24678937007874
21
0.121010157480315
0
LINE
8
BLACK
6
CONTINUOUS
10
1.24678937007874
20
0.121010157480315
11
1.247061496062992
21
0.1196801968503937
0
LINE
8
BLACK
6
CONTINUOUS
10
1.247061496062992
20
0.1196801968503937
11
1.2474128346456692
21
0.1183691338582677
0
LINE
8
BLACK
6
CONTINUOUS
10
1.2474128346456692
20
0.1183691338582677
11
1.2474128346456692
21
0.1134947244094488
0
LINE
8
BLACK
6
CONTINUOUS
10
1.2474128346456692
20
0.1134947244094488
11
1.2471667322834645
21
0.1125762598425197
0
LINE
8
BLACK
6
CONTINUOUS
10
1.2471667322834645
20
0.1125762598425197
11
1.2471097637795274
21
0.1116272440944882
0
LINE
8
BLACK
6
CONTINUOUS
10
1.2471097637795274
20
0.1116272440944882
11
1.244672559055118
21
0.1043156692913386
0
LINE
8
BLACK
6
CONTINUOUS
10
1.244672559055118
20
0.1043156692913386
11
1.2439247637795274
21
0.1031830708661417
0
LINE
8
BLACK
6
CONTINUOUS
10
1.2439247637795274
20
0.1031830708661417
11
1.2432459448818898
21
0.1020073228346457
0
LINE
8
BLACK
6
CONTINUOUS
10
1.2432459448818898
20
0.1020073228346457
11
1.2240809448818897
21
0.0828423228346457
0
LINE
8
BLACK
6
CONTINUOUS
10
1.2240809448818897
20
0.0828423228346457
11
1.2415073228346456
21
0.0828423228346457
0
LINE
8
BLACK
6
CONTINUOUS
10
1.2415073228346456
20
0.0828423228346457
11
1.2444600787401574
21
0.0820511417322835
0
LINE
8
BLACK
6
CONTINUOUS
10
1.2444600787401574
20
0.0820511417322835
11
1.246621653543307
21
0.0798895669291339
0
LINE
8
BLACK
6
CONTINUOUS
10
1.246621653543307
20
0.0798895669291339
11
1.2474128346456692
21
0.076936811023622
0
LINE
8
BLACK
6
CONTINUOUS
10
1.2474128346456692
20
0.076936811023622
11
1.246621653543307
21
0.0739840551181102
0
LINE
8
BLACK
6
CONTINUOUS
10
1.246621653543307
20
0.0739840551181102
11
1.2444600787401574
21
0.0718224803149606
0
LINE
8
BLACK
6
CONTINUOUS
10
1.2444600787401574
20
0.0718224803149606
11
1.2415073228346456
21
0.0710312992125984
0
LINE
8
BLACK
6
CONTINUOUS
10
1.2415073228346456
20
0.0710312992125984
11
1.209823779527559
21
0.0710312992125984
0
LINE
8
BLACK
6
CONTINUOUS
10
1.209823779527559
20
0.0710312992125984
11
1.2090727952755904
21
0.0712325196850394
0
LINE
8
BLACK
6
CONTINUOUS
10
1.2090727952755904
20
0.0712325196850394
11
1.2082953149606299
21
0.0712325196850394
0
LINE
8
BLACK
6
CONTINUOUS
10
1.2082953149606299
20
0.0712325196850394
11
1.2076219685039369
21
0.0716212204724409
0
LINE
8
BLACK
6
CONTINUOUS
10
1.2076219685039369
20
0.0716212204724409
11
1.2068710236220472
21
0.0718224803149606
0
LINE
8
BLACK
6
CONTINUOUS
10
1.2068710236220472
20
0.0718224803149606
11
1.2063212204724409
21
0.0723722440944882
0
LINE
8
BLACK
6
CONTINUOUS
10
1.2063212204724409
20
0.0723722440944882
11
1.2056479527559054
21
0.0727609842519685
0
LINE
8
BLACK
6
CONTINUOUS
10
1.2056479527559054
20
0.0727609842519685
11
1.2052592125984252
21
0.0734342519685039
0
LINE
8
BLACK
6
CONTINUOUS
10
1.2052592125984252
20
0.0734342519685039
11
1.2047094488188976
21
0.0739840551181102
0
LINE
8
BLACK
6
CONTINUOUS
10
1.2047094488188976
20
0.0739840551181102
11
1.204508188976378
21
0.074735
0
LINE
8
BLACK
6
CONTINUOUS
10
1.204508188976378
20
0.074735
11
1.2041194881889763
21
0.0754083464566929
0
LINE
8
BLACK
6
CONTINUOUS
10
1.2041194881889763
20
0.0754083464566929
11
1.2041194881889763
21
0.0761858267716535
0
LINE
8
BLACK
6
CONTINUOUS
10
1.2041194881889763
20
0.0761858267716535
11
1.2039182677165354
21
0.076936811023622
0
LINE
8
BLACK
6
CONTINUOUS
10
1.2039182677165354
20
0.076936811023622
11
1.2041194881889763
21
0.0776877559055118
0
LINE
8
BLACK
6
CONTINUOUS
10
1.2041194881889763
20
0.0776877559055118
11
1.2041194881889763
21
0.0784652755905512
0
LINE
8
BLACK
6
CONTINUOUS
10
1.2041194881889763
20
0.0784652755905512
11
1.204508188976378
21
0.0791385826771654
0
LINE
8
BLACK
6
CONTINUOUS
10
1.204508188976378
20
0.0791385826771654
11
1.2047094488188976
21
0.0798895669291339
0
LINE
8
BLACK
6
CONTINUOUS
10
1.2047094488188976
20
0.0798895669291339
11
1.2052592125984252
21
0.0804393307086614
0
LINE
8
BLACK
6
CONTINUOUS
10
1.2052592125984252
20
0.0804393307086614
11
1.2056479527559054
21
0.0811126377952756
0
LINE
8
BLACK
6
CONTINUOUS
10
1.2056479527559054
20
0.0811126377952756
11
1.2339085433070867
21
0.1093732283464567
0
LINE
8
BLACK
6
CONTINUOUS
10
1.2339085433070867
20
0.1093732283464567
11
1.235601811023622
21
0.114453031496063
0
LINE
8
BLACK
6
CONTINUOUS
10
1.235601811023622
20
0.114453031496063
11
1.235601811023622
21
0.116975
0
LINE
8
BLACK
6
CONTINUOUS
10
1.235601811023622
20
0.116975
11
1.234216653543307
21
0.1197453149606299
0
LINE
8
BLACK
6
CONTINUOUS
10
1.234216653543307
20
0.1197453149606299
11
1.2331346850393701
21
0.1208272440944882
0
LINE
8
BLACK
6
CONTINUOUS
10
1.2331346850393701
20
0.1208272440944882
11
1.2303644488188976
21
0.1222124015748031
0
LINE
8
BLACK
6
CONTINUOUS
10
1.2303644488188976
20
0.1222124015748031
11
1.220966653543307
21
0.1222124015748031
0
LINE
8
BLACK
6
CONTINUOUS
10
1.220966653543307
20
0.1222124015748031
11
1.2181963385826771
21
0.1208272440944882
0
LINE
8
BLACK
6
CONTINUOUS
10
1.2181963385826771
20
0.1208272440944882
11
1.2164368503937009
21
0.1190677165354331
0
LINE
8
BLACK
6
CONTINUOUS
10
1.2164368503937009
20
0.1190677165354331
11
1.2137894881889764
21
0.1175392125984252
0
LINE
8
BLACK
6
CONTINUOUS
10
1.2137894881889764
20
0.1175392125984252
11
1.2107325590551181
21
0.1175392125984252
0
LINE
8
BLACK
6
CONTINUOUS
10
1.2107325590551181
20
0.1175392125984252
11
1.2080851968503936
21
0.1190676377952756
0
LINE
8
BLACK
6
CONTINUOUS
10
1.2080851968503936
20
0.1190676377952756
11
1.2065566929133857
21
0.121715
0
LINE
8
BLACK
6
CONTINUOUS
10
1.2065566929133857
20
0.121715
11
1.2065566929133857
21
0.1247719291338583
0
LINE
8
BLACK
6
CONTINUOUS
10
1.2065566929133857
20
0.1247719291338583
11
1.2080851181102361
21
0.1274192913385827
0
LINE
8
BLACK
6
CONTINUOUS
10
1.2080851181102361
20
0.1274192913385827
11
1.2105222834645668
21
0.1298564960629921
0
LINE
8
BLACK
6
CONTINUOUS
10
1.2105222834645668
20
0.1298564960629921
11
1.2113457086614172
21
0.1303318897637795
0
LINE
8
BLACK
6
CONTINUOUS
10
1.2113457086614172
20
0.1303318897637795
11
1.2120571259842519
21
0.1309627559055118
0
LINE
8
BLACK
6
CONTINUOUS
10
1.2120571259842519
20
0.1309627559055118
11
1.2169315354330708
21
0.1333999606299213
0
LINE
8
BLACK
6
CONTINUOUS
10
1.2169315354330708
20
0.1333999606299213
11
1.2182614566929133
21
0.1336720866141732
0
LINE
8
BLACK
6
CONTINUOUS
10
1.2182614566929133
20
0.1336720866141732
11
1.2195725590551181
21
0.1340234251968504
0
LINE
8
BLACK
6
CONTINUOUS
10
1.2195725590551181
20
0.1340234251968504
11
1.2317585433070866
21
0.1340234251968504
0
LINE
8
BLACK
6
CONTINUOUS
10
1.2317585433070866
20
0.1340234251968504
11
1.2330696062992126
21
0.1336720866141732
0
LINE
8
BLACK
6
CONTINUOUS
10
1.2793762992125983
20
0.1336720866141732
11
1.2807062598425196
21
0.1333999606299213
0
LINE
8
BLACK
6
CONTINUOUS
10
1.2807062598425196
20
0.1333999606299213
11
1.2855806692913385
21
0.1309627559055118
0
LINE
8
BLACK
6
CONTINUOUS
10
1.2855806692913385
20
0.1309627559055118
11
1.2862920472440944
21
0.1303318897637795
0
LINE
8
BLACK
6
CONTINUOUS
10
1.2862920472440944
20
0.1303318897637795
11
1.2871154330708661
21
0.1298565354330709
0
LINE
8
BLACK
6
CONTINUOUS
10
1.2871154330708661
20
0.1298565354330709
11
1.2895526377952755
21
0.1274193307086614
0
LINE
8
BLACK
6
CONTINUOUS
10
1.2895526377952755
20
0.1274193307086614
11
1.290028031496063
21
0.1265958661417323
0
LINE
8
BLACK
6
CONTINUOUS
10
1.290028031496063
20
0.1265958661417323
11
1.2906588582677165
21
0.1258845275590551
0
LINE
8
BLACK
6
CONTINUOUS
10
1.2906588582677165
20
0.1258845275590551
11
1.293096062992126
21
0.121010157480315
0
LINE
8
BLACK
6
CONTINUOUS
10
1.293096062992126
20
0.121010157480315
11
1.2932267716535433
21
0.1203713779527559
0
LINE
8
BLACK
6
CONTINUOUS
10
1.2932267716535433
20
0.1203713779527559
11
1.293543188976378
21
0.1198014173228346
0
LINE
8
BLACK
6
CONTINUOUS
10
1.293543188976378
20
0.1198014173228346
11
1.2959803937007874
21
0.1100526377952756
0
LINE
8
BLACK
6
CONTINUOUS
10
1.2959803937007874
20
0.1100526377952756
11
1.2959681102362204
21
0.1093241338582677
0
LINE
8
BLACK
6
CONTINUOUS
10
1.2959681102362204
20
0.1093241338582677
11
1.2961567322834646
21
0.1086203543307087
0
LINE
8
BLACK
6
CONTINUOUS
10
1.2961567322834646
20
0.1086203543307087
11
1.2961567322834646
21
0.0964343700787402
0
LINE
8
BLACK
6
CONTINUOUS
10
1.2961567322834646
20
0.0964343700787402
11
1.2959681102362204
21
0.0957305511811024
0
LINE
8
BLACK
6
CONTINUOUS
10
1.2959681102362204
20
0.0957305511811024
11
1.2959803937007874
21
0.0950020866141732
0
LINE
8
BLACK
6
CONTINUOUS
10
1.2959803937007874
20
0.0950020866141732
11
1.293543188976378
21
0.0852533070866142
0
LINE
8
BLACK
6
CONTINUOUS
10
1.293543188976378
20
0.0852533070866142
11
1.2932267716535433
21
0.0846833070866142
0
LINE
8
BLACK
6
CONTINUOUS
10
1.2932267716535433
20
0.0846833070866142
11
1.293096062992126
21
0.0840445669291339
0
LINE
8
BLACK
6
CONTINUOUS
10
1.293096062992126
20
0.0840445669291339
11
1.2906588582677165
21
0.079170157480315
0
LINE
8
BLACK
6
CONTINUOUS
10
1.2906588582677165
20
0.079170157480315
11
1.2900279921259843
21
0.0784587401574803
0
LINE
8
BLACK
6
CONTINUOUS
10
1.2900279921259843
20
0.0784587401574803
11
1.2895525984251968
21
0.0776353149606299
0
LINE
8
BLACK
6
CONTINUOUS
10
1.2895525984251968
20
0.0776353149606299
11
1.2871153937007873
21
0.0751981496062992
0
LINE
8
BLACK
6
CONTINUOUS
10
1.2871153937007873
20
0.0751981496062992
11
1.2862920472440944
21
0.0747227952755905
0
LINE
8
BLACK
6
CONTINUOUS
10
1.2862920472440944
20
0.0747227952755905
11
1.2855806692913385
21
0.074091968503937
0
LINE
8
BLACK
6
CONTINUOUS
10
1.2855806692913385
20
0.074091968503937
11
1.2807062598425196
21
0.0716547637795276
0
LINE
8
BLACK
6
CONTINUOUS
10
1.2807062598425196
20
0.0716547637795276
11
1.2793762992125983
21
0.0713825984251969
0
LINE
8
BLACK
6
CONTINUOUS
10
1.2793762992125983
20
0.0713825984251969
11
1.2780652362204725
21
0.0710312992125984
0
LINE
8
BLACK
6
CONTINUOUS
10
1.2780652362204725
20
0.0710312992125984
11
1.2731908267716534
21
0.0710312992125984
0
LINE
8
BLACK
6
CONTINUOUS
10
1.2731908267716534
20
0.0710312992125984
11
1.2718797244094489
21
0.0713825984251969
0
LINE
8
BLACK
6
CONTINUOUS
10
1.2718797244094489
20
0.0713825984251969
11
1.2705498031496063
21
0.0716547637795276
0
LINE
8
BLACK
6
CONTINUOUS
10
1.2705498031496063
20
0.0716547637795276
11
1.2656754330708662
21
0.074091968503937
0
LINE
8
BLACK
6
CONTINUOUS
10
1.2656754330708662
20
0.074091968503937
11
1.2649640551181103
21
0.0747227559055118
0
LINE
8
BLACK
6
CONTINUOUS
10
1.2649640551181103
20
0.0747227559055118
11
1.2641406692913386
21
0.0751981496062992
0
LINE
8
BLACK
6
CONTINUOUS
10
1.2641406692913386
20
0.0751981496062992
11
1.2617034645669292
21
0.0776353149606299
0
LINE
8
BLACK
6
CONTINUOUS
10
1.2617034645669292
20
0.0776353149606299
11
1.2612280314960629
21
0.0784587401574803
0
LINE
8
BLACK
6
CONTINUOUS
10
1.2612280314960629
20
0.0784587401574803
11
1.2605972047244094
21
0.079170157480315
0
LINE
8
BLACK
6
CONTINUOUS
10
1.2605972047244094
20
0.079170157480315
11
1.2581599999999999
21
0.0840445669291339
0
LINE
8
BLACK
6
CONTINUOUS
10
1.2581599999999999
20
0.0840445669291339
11
1.2580292519685039
21
0.0846833070866142
0
LINE
8
BLACK
6
CONTINUOUS
10
1.2580292519685039
20
0.0846833070866142
11
1.2577128740157479
21
0.0852533070866142
0
LINE
8
BLACK
6
CONTINUOUS
10
1.2577128740157479
20
0.0852533070866142
11
1.2552757086614172
21
0.0950020866141732
0
LINE
8
BLACK
6
CONTINUOUS
10
1.2552757086614172
20
0.0950020866141732
11
1.2552879527559055
21
0.0957305118110236
0
LINE
8
BLACK
6
CONTINUOUS
10
1.2552879527559055
20
0.0957305118110236
11
1.2550993700787401
21
0.0964343700787402
0
LINE
8
BLACK
6
CONTINUOUS
10
1.2550993700787401
20
0.0964343700787402
11
1.2550993700787401
21
0.1086203543307087
0
LINE
8
BLACK
6
CONTINUOUS
10
1.2550993700787401
20
0.1086203543307087
11
1.2552879527559055
21
0.1093241732283464
0
LINE
8
BLACK
6
CONTINUOUS
10
1.2552879527559055
20
0.1093241732283464
11
1.2552757086614172
21
0.1100526377952756
0
LINE
8
BLACK
6
CONTINUOUS
10
1.2552757086614172
20
0.1100526377952756
11
1.2577128740157479
21
0.1198014173228346
0
LINE
8
BLACK
6
CONTINUOUS
10
1.2577128740157479
20
0.1198014173228346
11
1.2580292519685039
21
0.1203713779527559
0
LINE
8
BLACK
6
CONTINUOUS
10
1.2580292519685039
20
0.1203713779527559
11
1.2581599999999999
21
0.121010157480315
0
LINE
8
BLACK
6
CONTINUOUS
10
1.2581599999999999
20
0.121010157480315
11
1.2605972047244094
21
0.1258845669291339
0
LINE
8
BLACK
6
CONTINUOUS
10
1.2605972047244094
20
0.1258845669291339
11
1.2612280314960629
21
0.1265959448818898
0
LINE
8
BLACK
6
CONTINUOUS
10
1.2612280314960629
20
0.1265959448818898
11
1.2617034251968504
21
0.1274193307086614
0
LINE
8
BLACK
6
CONTINUOUS
10
1.2617034251968504
20
0.1274193307086614
11
1.2641406299212599
21
0.1298565354330709
0
LINE
8
BLACK
6
CONTINUOUS
10
1.2641406299212599
20
0.1298565354330709
11
1.2649640551181103
21
0.1303319291338583
0
LINE
8
BLACK
6
CONTINUOUS
10
1.2649640551181103
20
0.1303319291338583
11
1.2656754330708662
21
0.1309627559055118
0
LINE
8
BLACK
6
CONTINUOUS
10
1.2656754330708662
20
0.1309627559055118
11
1.2705498031496063
21
0.1333999606299213
0
LINE
8
BLACK
6
CONTINUOUS
10
1.2705498031496063
20
0.1333999606299213
11
1.2718797244094489
21
0.1336720866141732
0
LINE
8
BLACK
6
CONTINUOUS
10
1.2718797244094489
20
0.1336720866141732
11
1.2731908267716534
21
0.1340234251968504
0
LINE
8
BLACK
6
CONTINUOUS
10
1.2731908267716534
20
0.1340234251968504
11
1.2780652362204725
21
0.1340234251968504
0
LINE
8
BLACK
6
CONTINUOUS
10
1.2780652362204725
20
0.1340234251968504
11
1.2793762992125983
21
0.1336720866141732
0
LINE
8
BLACK
6
CONTINUOUS
10
1.2718146456692914
20
0.1208272440944882
11
1.2707326771653542
21
0.1197452755905512
0
LINE
8
BLACK
6
CONTINUOUS
10
1.2707326771653542
20
0.1197452755905512
11
1.2690140157480314
21
0.1163079921259842
0
LINE
8
BLACK
6
CONTINUOUS
10
1.2690140157480314
20
0.1163079921259842
11
1.2669103937007873
21
0.1078933858267716
0
LINE
8
BLACK
6
CONTINUOUS
10
1.2669103937007873
20
0.1078933858267716
11
1.2669103937007873
21
0.0971612992125984
0
LINE
8
BLACK
6
CONTINUOUS
10
1.2669103937007873
20
0.0971612992125984
11
1.2690140157480314
21
0.0887466929133858
0
LINE
8
BLACK
6
CONTINUOUS
10
1.2690140157480314
20
0.0887466929133858
11
1.2707326771653542
21
0.0853093700787401
0
LINE
8
BLACK
6
CONTINUOUS
10
1.2707326771653542
20
0.0853093700787401
11
1.2718146062992126
21
0.0842274803149606
0
LINE
8
BLACK
6
CONTINUOUS
10
1.2718146062992126
20
0.0842274803149606
11
1.2745849606299213
21
0.0828423228346457
0
LINE
8
BLACK
6
CONTINUOUS
10
1.2745849606299213
20
0.0828423228346457
11
1.2766711417322834
21
0.0828423228346457
0
LINE
8
BLACK
6
CONTINUOUS
10
1.2766711417322834
20
0.0828423228346457
11
1.2794414173228346
21
0.0842274803149606
0
LINE
8
BLACK
6
CONTINUOUS
10
1.2794414173228346
20
0.0842274803149606
11
1.280523346456693
21
0.0853093700787401
0
LINE
8
BLACK
6
CONTINUOUS
10
1.280523346456693
20
0.0853093700787401
11
1.2822420866141733
21
0.0887468503937008
0
LINE
8
BLACK
6
CONTINUOUS
10
1.2822420866141733
20
0.0887468503937008
11
1.2843457086614174
21
0.0971613385826772
0
LINE
8
BLACK
6
CONTINUOUS
10
1.2843457086614174
20
0.0971613385826772
11
1.2843457086614174
21
0.1078933858267716
0
LINE
8
BLACK
6
CONTINUOUS
10
1.2843457086614174
20
0.1078933858267716
11
1.2822420866141733
21
0.1163077952755905
0
LINE
8
BLACK
6
CONTINUOUS
10
1.2822420866141733
20
0.1163077952755905
11
1.280523346456693
21
0.1197453149606299
0
LINE
8
BLACK
6
CONTINUOUS
10
1.280523346456693
20
0.1197453149606299
11
1.2794413779527558
21
0.1208272440944882
0
LINE
8
BLACK
6
CONTINUOUS
10
1.2794413779527558
20
0.1208272440944882
11
1.2766711417322834
21
0.1222124015748031
0
LINE
8
BLACK
6
CONTINUOUS
10
1.2766711417322834
20
0.1222124015748031
11
1.2745849606299213
21
0.1222124015748031
0
LINE
8
BLACK
6
CONTINUOUS
10
1.2745849606299213
20
0.1222124015748031
11
1.2718146456692914
21
0.1208272440944882
0
LINE
8
BLACK
6
CONTINUOUS
10
1.3245605118110235
20
0.133972874015748
11
1.3247519685039371
21
0.1340111811023622
0
LINE
8
BLACK
6
CONTINUOUS
10
1.3247519685039371
20
0.1340111811023622
11
1.3260257086614173
21
0.1335802755905512
0
LINE
8
BLACK
6
CONTINUOUS
10
1.3260257086614173
20
0.1335802755905512
11
1.3273246850393701
21
0.1332322440944882
0
LINE
8
BLACK
6
CONTINUOUS
10
1.3273246850393701
20
0.1332322440944882
11
1.3274627165354331
21
0.1330941732283465
0
LINE
8
BLACK
6
CONTINUOUS
10
1.3274627165354331
20
0.1330941732283465
11
1.327647716535433
21
0.1330316141732283
0
LINE
8
BLACK
6
CONTINUOUS
10
1.327647716535433
20
0.1330316141732283
11
1.3285354724409448
21
0.1320214173228346
0
LINE
8
BLACK
6
CONTINUOUS
10
1.3285354724409448
20
0.1320214173228346
11
1.3294862598425197
21
0.1310706692913386
0
LINE
8
BLACK
6
CONTINUOUS
10
1.3294862598425197
20
0.1310706692913386
11
1.3295367716535433
21
0.1308820472440945
0
LINE
8
BLACK
6
CONTINUOUS
10
1.3295367716535433
20
0.1308820472440945
11
1.3296656692913384
21
0.1307354330708661
0
LINE
8
BLACK
6
CONTINUOUS
10
1.3296656692913384
20
0.1307354330708661
11
1.3299293700787402
21
0.1294169291338583
0
LINE
8
BLACK
6
CONTINUOUS
10
1.3299293700787402
20
0.1294169291338583
11
1.3302774409448819
21
0.1281179133858268
0
LINE
8
BLACK
6
CONTINUOUS
10
1.3302774409448819
20
0.1281179133858268
11
1.3302774409448819
21
0.0828423228346457
0
LINE
8
BLACK
6
CONTINUOUS
10
1.3302774409448819
20
0.0828423228346457
11
1.3389951181102362
21
0.0828423228346457
0
LINE
8
BLACK
6
CONTINUOUS
10
1.3389951181102362
20
0.0828423228346457
11
1.341947874015748
21
0.0820511417322835
0
LINE
8
BLACK
6
CONTINUOUS
10
1.341947874015748
20
0.0820511417322835
11
1.3441094488188976
21
0.0798895669291339
0
LINE
8
BLACK
6
CONTINUOUS
10
1.3441094488188976
20
0.0798895669291339
11
1.3449006299212598
21
0.076936811023622
0
LINE
8
BLACK
6
CONTINUOUS
10
1.3449006299212598
20
0.076936811023622
11
1.3441094488188976
21
0.0739840551181102
0
LINE
8
BLACK
6
CONTINUOUS
10
1.3441094488188976
20
0.0739840551181102
11
1.341947874015748
21
0.0718224803149606
0
LINE
8
BLACK
6
CONTINUOUS
10
1.341947874015748
20
0.0718224803149606
11
1.3389951181102362
21
0.0710312992125984
0
LINE
8
BLACK
6
CONTINUOUS
10
1.3389951181102362
20
0.0710312992125984
11
1.3243719291338583
21
0.0710312992125984
0
LINE
8
BLACK
6
CONTINUOUS
10
1.3243719291338583
20
0.0710312992125984
11
1.3097487795275591
21
0.0710312992125984
0
LINE
8
BLACK
6
CONTINUOUS
10
1.3097487795275591
20
0.0710312992125984
11
1.3067960236220473
21
0.0718224803149606
0
LINE
8
BLACK
6
CONTINUOUS
10
1.3067960236220473
20
0.0718224803149606
11
1.3046344488188977
21
0.0739840551181102
0
LINE
8
BLACK
6
CONTINUOUS
10
1.3046344488188977
20
0.0739840551181102
11
1.3038432677165355
21
0.076936811023622
0
LINE
8
BLACK
6
CONTINUOUS
10
1.3038432677165355
20
0.076936811023622
11
1.3046344488188977
21
0.0798895669291339
0
LINE
8
BLACK
6
CONTINUOUS
10
1.3046344488188977
20
0.0798895669291339
11
1.3067960236220473
21
0.0820511417322835
0
LINE
8
BLACK
6
CONTINUOUS
10
1.3067960236220473
20
0.0820511417322835
11
1.3097487795275591
21
0.0828423228346457
0
LINE
8
BLACK
6
CONTINUOUS
10
1.3097487795275591
20
0.0828423228346457
11
1.3184664173228346
21
0.0828423228346457
0
LINE
8
BLACK
6
CONTINUOUS
10
1.3184664173228346
20
0.0828423228346457
11
1.3184664173228346
21
0.111564094488189
0
LINE
8
BLACK
6
CONTINUOUS
10
1.3184664173228346
20
0.111564094488189
11
1.3179756299212597
21
0.1112807480314961
0
LINE
8
BLACK
6
CONTINUOUS
10
1.3179756299212597
20
0.1112807480314961
11
1.3172642125984251
21
0.1106498818897638
0
LINE
8
BLACK
6
CONTINUOUS
10
1.3172642125984251
20
0.1106498818897638
11
1.3123898031496062
21
0.1082126771653543
0
LINE
8
BLACK
6
CONTINUOUS
10
1.3123898031496062
20
0.1082126771653543
11
1.3093949606299213
21
0.1075998031496063
0
LINE
8
BLACK
6
CONTINUOUS
10
1.3093949606299213
20
0.1075998031496063
11
1.3064949212598425
21
0.1085664960629921
0
LINE
8
BLACK
6
CONTINUOUS
10
1.3064949212598425
20
0.1085664960629921
11
1.3044667322834644
21
0.1108537007874016
0
LINE
8
BLACK
6
CONTINUOUS
10
1.3044667322834644
20
0.1108537007874016
11
1.3038538582677166
21
0.1138485433070866
0
LINE
8
BLACK
6
CONTINUOUS
10
1.3038538582677166
20
0.1138485433070866
11
1.3048205511811024
21
0.1167485826771654
0
LINE
8
BLACK
6
CONTINUOUS
10
1.3048205511811024
20
0.1167485826771654
11
1.3071077559055118
21
0.1187767716535433
0
LINE
8
BLACK
6
CONTINUOUS
10
1.3071077559055118
20
0.1187767716535433
11
1.3111249606299211
21
0.1207853543307087
0
LINE
8
BLACK
6
CONTINUOUS
10
1.3111249606299211
20
0.1207853543307087
11
1.3149081889763778
21
0.1245685826771653
0
LINE
8
BLACK
6
CONTINUOUS
10
1.3149081889763778
20
0.1245685826771653
11
1.3194582283464567
21
0.1313936614173228
0
LINE
8
BLACK
6
CONTINUOUS
10
1.3194582283464567
20
0.1313936614173228
11
1.3204681889763779
21
0.1322812598425197
0
LINE
8
BLACK
6
CONTINUOUS
10
1.3204681889763779
20
0.1322812598425197
11
1.3214191732283465
21
0.1332322440944882
0
LINE
8
BLACK
6
CONTINUOUS
10
1.3214191732283465
20
0.1332322440944882
11
1.3216077559055117
21
0.1332827559055118
0
LINE
8
BLACK
6
CONTINUOUS
10
1.3216077559055117
20
0.1332827559055118
11
1.3217544094488189
21
0.1334116535433071
0
LINE
8
BLACK
6
CONTINUOUS
10
1.3217544094488189
20
0.1334116535433071
11
1.3230729527559055
21
0.1336753543307087
0
LINE
8
BLACK
6
CONTINUOUS
10
1.3230729527559055
20
0.1336753543307087
11
1.3243719291338583
21
0.1340234251968504
0
LINE
8
BLACK
6
CONTINUOUS
10
1.3243719291338583
20
0.1340234251968504
11
1.3245605118110235
21
0.133972874015748
0
LINE
8
BLACK
6
CONTINUOUS
10
1.3913249999999999
20
0.1337155905511811
11
1.3925024803149606
21
0.1335459448818898
0
LINE
8
BLACK
6
CONTINUOUS
10
1.3925024803149606
20
0.1335459448818898
11
1.3927835039370078
21
0.1333247637795276
0
LINE
8
BLACK
6
CONTINUOUS
10
1.3927835039370078
20
0.1333247637795276
11
1.3931289370078739
21
0.1332322440944882
0
LINE
8
BLACK
6
CONTINUOUS
10
1.3931289370078739
20
0.1332322440944882
11
1.3939699212598424
21
0.132391220472441
0
LINE
8
BLACK
6
CONTINUOUS
10
1.3939699212598424
20
0.132391220472441
11
1.3949048425196851
21
0.1316555905511811
0
LINE
8
BLACK
6
CONTINUOUS
10
1.3949048425196851
20
0.1316555905511811
11
1.3950376771653543
21
0.1313234645669291
0
LINE
8
BLACK
6
CONTINUOUS
10
1.3950376771653543
20
0.1313234645669291
11
1.3952905118110235
21
0.1310706692913386
0
LINE
8
BLACK
6
CONTINUOUS
10
1.3952905118110235
20
0.1310706692913386
11
1.395598307086614
21
0.1299218897637795
0
LINE
8
BLACK
6
CONTINUOUS
10
1.395598307086614
20
0.1299218897637795
11
1.396040157480315
21
0.1288173228346457
0
LINE
8
BLACK
6
CONTINUOUS
10
1.396040157480315
20
0.1288173228346457
11
1.3959891338582677
21
0.1284632677165354
0
LINE
8
BLACK
6
CONTINUOUS
10
1.3959891338582677
20
0.1284632677165354
11
1.3960816929133857
21
0.1281179133858268
0
LINE
8
BLACK
6
CONTINUOUS
10
1.3960816929133857
20
0.1281179133858268
11
1.3957738188976379
21
0.1269689763779528
0
LINE
8
BLACK
6
CONTINUOUS
10
1.3957738188976379
20
0.1269689763779528
11
1.3956042125984252
21
0.1257916535433071
0
LINE
8
BLACK
6
CONTINUOUS
10
1.3956042125984252
20
0.1257916535433071
11
1.3736694881889764
21
0.0746105118110236
0
LINE
8
BLACK
6
CONTINUOUS
10
1.3736694881889764
20
0.0746105118110236
11
1.3717791338582677
21
0.0722081496062992
0
LINE
8
BLACK
6
CONTINUOUS
10
1.3717791338582677
20
0.0722081496062992
11
1.3689408267716534
21
0.0710728346456693
0
LINE
8
BLACK
6
CONTINUOUS
10
1.3689408267716534
20
0.0710728346456693
11
1.365915157480315
21
0.0715087795275591
0
LINE
8
BLACK
6
CONTINUOUS
10
1.365915157480315
20
0.0715087795275591
11
1.3635127952755906
21
0.0733991338582677
0
LINE
8
BLACK
6
CONTINUOUS
10
1.3635127952755906
20
0.0733991338582677
11
1.3623774803149606
21
0.0762374409448819
0
LINE
8
BLACK
6
CONTINUOUS
10
1.3623774803149606
20
0.0762374409448819
11
1.3628134251968504
21
0.0792631102362205
0
LINE
8
BLACK
6
CONTINUOUS
10
1.3628134251968504
20
0.0792631102362205
11
1.3812202362204724
21
0.1222124015748031
0
LINE
8
BLACK
6
CONTINUOUS
10
1.3812202362204724
20
0.1222124015748031
11
1.3560554724409448
21
0.1222124015748031
0
LINE
8
BLACK
6
CONTINUOUS
10
1.3560554724409448
20
0.1222124015748031
11
1.353102716535433
21
0.1230035826771654
0
LINE
8
BLACK
6
CONTINUOUS
10
1.353102716535433
20
0.1230035826771654
11
1.3509411417322834
21
0.125165157480315
0
LINE
8
BLACK
6
CONTINUOUS
10
1.3509411417322834
20
0.125165157480315
11
1.3501499606299212
21
0.1281179133858268
0
LINE
8
BLACK
6
CONTINUOUS
10
1.3501499606299212
20
0.1281179133858268
11
1.3509411417322834
21
0.1310706692913386
0
LINE
8
BLACK
6
CONTINUOUS
10
1.3509411417322834
20
0.1310706692913386
11
1.353102716535433
21
0.1332322440944882
0
LINE
8
BLACK
6
CONTINUOUS
10
1.353102716535433
20
0.1332322440944882
11
1.3560554724409448
21
0.1340234251968504
0
LINE
8
BLACK
6
CONTINUOUS
10
1.3560554724409448
20
0.1340234251968504
11
1.3901761811023621
21
0.1340234251968504
0
LINE
8
BLACK
6
CONTINUOUS
10
1.3901761811023621
20
0.1340234251968504
11
1.3913249999999999
21
0.1337155905511811
0
LINE
8
BLACK
6
CONTINUOUS
10
1.2091207086614173
20
0.2132322440944882
11
1.2112822834645669
21
0.2110706692913386
0
LINE
8
BLACK
6
CONTINUOUS
10
1.2112822834645669
20
0.2110706692913386
11
1.2120734645669291
21
0.2081179133858268
0
LINE
8
BLACK
6
CONTINUOUS
10
1.2120734645669291
20
0.2081179133858268
11
1.2120734645669291
21
0.1715599606299213
0
LINE
8
BLACK
6
CONTINUOUS
10
1.2120734645669291
20
0.1715599606299213
11
1.2118273622047244
21
0.1706414960629921
0
LINE
8
BLACK
6
CONTINUOUS
10
1.2118273622047244
20
0.1706414960629921
11
1.2117703937007873
21
0.1696924803149606
0
LINE
8
BLACK
6
CONTINUOUS
10
1.2117703937007873
20
0.1696924803149606
11
1.2093331889763779
21
0.162380905511811
0
LINE
8
BLACK
6
CONTINUOUS
10
1.2093331889763779
20
0.162380905511811
11
1.2085853937007873
21
0.1612483070866142
0
LINE
8
BLACK
6
CONTINUOUS
10
1.2085853937007873
20
0.1612483070866142
11
1.2079065748031497
21
0.1600725590551181
0
LINE
8
BLACK
6
CONTINUOUS
10
1.2079065748031497
20
0.1600725590551181
11
1.2030322047244095
21
0.1551981889763779
0
LINE
8
BLACK
6
CONTINUOUS
10
1.2030322047244095
20
0.1551981889763779
11
1.2018566141732283
21
0.1545194488188976
0
LINE
8
BLACK
6
CONTINUOUS
10
1.2018566141732283
20
0.1545194488188976
11
1.2007238582677164
21
0.1537715748031496
0
LINE
8
BLACK
6
CONTINUOUS
10
1.2007238582677164
20
0.1537715748031496
11
1.1934122440944881
21
0.1513343700787401
0
LINE
8
BLACK
6
CONTINUOUS
10
1.1934122440944881
20
0.1513343700787401
11
1.1924631889763779
21
0.1512773622047244
0
LINE
8
BLACK
6
CONTINUOUS
10
1.1924631889763779
20
0.1512773622047244
11
1.1915447637795276
21
0.1510312992125984
0
LINE
8
BLACK
6
CONTINUOUS
10
1.1915447637795276
20
0.1510312992125984
11
1.1866703937007874
21
0.1510312992125984
0
LINE
8
BLACK
6
CONTINUOUS
10
1.1866703937007874
20
0.1510312992125984
11
1.1837176377952756
21
0.1518224803149606
0
LINE
8
BLACK
6
CONTINUOUS
10
1.1837176377952756
20
0.1518224803149606
11
1.181556062992126
21
0.1539840551181102
0
LINE
8
BLACK
6
CONTINUOUS
10
1.181556062992126
20
0.1539840551181102
11
1.1807648818897638
21
0.156936811023622
0
LINE
8
BLACK
6
CONTINUOUS
10
1.1807648818897638
20
0.156936811023622
11
1.181556062992126
21
0.1598895669291339
0
LINE
8
BLACK
6
CONTINUOUS
10
1.181556062992126
20
0.1598895669291339
11
1.1837176377952756
21
0.1620511417322835
0
LINE
8
BLACK
6
CONTINUOUS
10
1.1837176377952756
20
0.1620511417322835
11
1.1866703937007874
21
0.1628423228346457
0
LINE
8
BLACK
6
CONTINUOUS
10
1.1866703937007874
20
0.1628423228346457
11
1.1905864960629922
21
0.1628423228346457
0
LINE
8
BLACK
6
CONTINUOUS
10
1.1905864960629922
20
0.1628423228346457
11
1.1956663385826771
21
0.1645356299212598
0
LINE
8
BLACK
6
CONTINUOUS
10
1.1956663385826771
20
0.1645356299212598
11
1.1985691732283463
21
0.1674384645669291
0
LINE
8
BLACK
6
CONTINUOUS
10
1.1985691732283463
20
0.1674384645669291
11
1.2002624409448819
21
0.1725182677165354
0
LINE
8
BLACK
6
CONTINUOUS
10
1.2002624409448819
20
0.1725182677165354
11
1.2002624409448819
21
0.2081179133858268
0
LINE
8
BLACK
6
CONTINUOUS
10
1.2002624409448819
20
0.2081179133858268
11
1.2010536220472441
21
0.2110706692913386
0
LINE
8
BLACK
6
CONTINUOUS
10
1.2010536220472441
20
0.2110706692913386
11
1.2032151968503937
21
0.2132322440944882
0
LINE
8
BLACK
6
CONTINUOUS
10
1.2032151968503937
20
0.2132322440944882
11
1.2061679527559055
21
0.2140234251968504
0
LINE
8
BLACK
6
CONTINUOUS
10
1.2061679527559055
20
0.2140234251968504
11
1.2091207086614173
21
0.2132322440944882
0
LINE
8
BLACK
6
CONTINUOUS
10
1.2948253937007874
20
0.2137773228346457
11
1.2957744488188976
21
0.2137203543307087
0
LINE
8
BLACK
6
CONTINUOUS
10
1.2957744488188976
20
0.2137203543307087
11
1.3030860629921259
21
0.2112831496062992
0
LINE
8
BLACK
6
CONTINUOUS
10
1.3030860629921259
20
0.2112831496062992
11
1.3042188188976378
21
0.2105352362204724
0
LINE
8
BLACK
6
CONTINUOUS
10
1.3042188188976378
20
0.2105352362204724
11
1.3053944488188975
21
0.2098564960629921
0
LINE
8
BLACK
6
CONTINUOUS
10
1.3053944488188975
20
0.2098564960629921
11
1.3078316141732282
21
0.2074192913385827
0
LINE
8
BLACK
6
CONTINUOUS
10
1.3078316141732282
20
0.2074192913385827
11
1.3093600393700786
21
0.2047719291338582
0
LINE
8
BLACK
6
CONTINUOUS
10
1.3093600393700786
20
0.2047719291338582
11
1.3093600393700786
21
0.201715
0
LINE
8
BLACK
6
CONTINUOUS
10
1.3093600393700786
20
0.201715
11
1.3078315354330707
21
0.1990676377952756
0
LINE
8
BLACK
6
CONTINUOUS
10
1.3078315354330707
20
0.1990676377952756
11
1.3051841732283465
21
0.1975392125984252
0
LINE
8
BLACK
6
CONTINUOUS
10
1.3051841732283465
20
0.1975392125984252
11
1.3021272440944882
21
0.1975392125984252
0
LINE
8
BLACK
6
CONTINUOUS
10
1.3021272440944882
20
0.1975392125984252
11
1.2994798818897637
21
0.1990677165354331
0
LINE
8
BLACK
6
CONTINUOUS
10
1.2994798818897637
20
0.1990677165354331
11
1.2980285039370079
21
0.2005190551181102
0
LINE
8
BLACK
6
CONTINUOUS
10
1.2980285039370079
20
0.2005190551181102
11
1.2929487007874017
21
0.2022124015748031
0
LINE
8
BLACK
6
CONTINUOUS
10
1.2929487007874017
20
0.2022124015748031
11
1.2899909055118111
21
0.2022124015748031
0
LINE
8
BLACK
6
CONTINUOUS
10
1.2899909055118111
20
0.2022124015748031
11
1.2849111023622046
21
0.2005191338582677
0
LINE
8
BLACK
6
CONTINUOUS
10
1.2849111023622046
20
0.2005191338582677
11
1.2817000393700788
21
0.1973080708661417
0
LINE
8
BLACK
6
CONTINUOUS
10
1.2817000393700788
20
0.1973080708661417
11
1.2799813779527558
21
0.1938707874015748
0
LINE
8
BLACK
6
CONTINUOUS
10
1.2799813779527558
20
0.1938707874015748
11
1.2778777559055119
21
0.1854561811023622
0
LINE
8
BLACK
6
CONTINUOUS
10
1.2778777559055119
20
0.1854561811023622
11
1.2778777559055119
21
0.1795985039370079
0
LINE
8
BLACK
6
CONTINUOUS
10
1.2778777559055119
20
0.1795985039370079
11
1.2799813779527558
21
0.1711838976377953
0
LINE
8
BLACK
6
CONTINUOUS
10
1.2799813779527558
20
0.1711838976377953
11
1.2817000393700788
21
0.1677465748031496
0
LINE
8
BLACK
6
CONTINUOUS
10
1.2817000393700788
20
0.1677465748031496
11
1.2849110629921259
21
0.1645355905511811
0
LINE
8
BLACK
6
CONTINUOUS
10
1.2849110629921259
20
0.1645355905511811
11
1.2899909055118111
21
0.1628423228346457
0
LINE
8
BLACK
6
CONTINUOUS
10
1.2899909055118111
20
0.1628423228346457
11
1.2929487007874017
21
0.1628423228346457
0
LINE
8
BLACK
6
CONTINUOUS
10
1.2929487007874017
20
0.1628423228346457
11
1.2980285433070866
21
0.1645356299212598
0
LINE
8
BLACK
6
CONTINUOUS
10
1.2980285433070866
20
0.1645356299212598
11
1.2994799212598425
21
0.1659870078740157
0
LINE
8
BLACK
6
CONTINUOUS
10
1.2994799212598425
20
0.1659870078740157
11
1.302127283464567
21
0.1675154724409449
0
LINE
8
BLACK
6
CONTINUOUS
10
1.302127283464567
20
0.1675154724409449
11
1.3051842125984252
21
0.1675154724409449
0
LINE
8
BLACK
6
CONTINUOUS
10
1.3051842125984252
20
0.1675154724409449
11
1.3078315748031495
21
0.1659870078740157
0
LINE
8
BLACK
6
CONTINUOUS
10
1.3078315748031495
20
0.1659870078740157
11
1.3093600393700786
21
0.1633396456692913
0
LINE
8
BLACK
6
CONTINUOUS
10
1.3093600393700786
20
0.1633396456692913
11
1.3093600393700786
21
0.1602827165354331
0
LINE
8
BLACK
6
CONTINUOUS
10
1.3093600393700786
20
0.1602827165354331
11
1.3078315748031495
21
0.1576353543307087
0
LINE
8
BLACK
6
CONTINUOUS
10
1.3078315748031495
20
0.1576353543307087
11
1.3053944094488188
21
0.1551981889763779
0
LINE
8
BLACK
6
CONTINUOUS
10
1.3053944094488188
20
0.1551981889763779
11
1.3042188188976378
21
0.1545194488188976
0
LINE
8
BLACK
6
CONTINUOUS
10
1.3042188188976378
20
0.1545194488188976
11
1.3030860629921259
21
0.1537715748031496
0
LINE
8
BLACK
6
CONTINUOUS
10
1.3030860629921259
20
0.1537715748031496
11
1.2957744488188976
21
0.1513343700787401
0
LINE
8
BLACK
6
CONTINUOUS
10
1.2957744488188976
20
0.1513343700787401
11
1.2948253937007874
21
0.1512773622047244
0
LINE
8
BLACK
6
CONTINUOUS
10
1.2948253937007874
20
0.1512773622047244
11
1.293906968503937
21
0.1510312992125984
0
LINE
8
BLACK
6
CONTINUOUS
10
1.293906968503937
20
0.1510312992125984
11
1.2890325984251969
21
0.1510312992125984
0
LINE
8
BLACK
6
CONTINUOUS
10
1.2890325984251969
20
0.1510312992125984
11
1.2881141338582678
21
0.1512773622047244
0
LINE
8
BLACK
6
CONTINUOUS
10
1.2881141338582678
20
0.1512773622047244
11
1.2871651181102362
21
0.1513343700787401
0
LINE
8
BLACK
6
CONTINUOUS
10
1.2871651181102362
20
0.1513343700787401
11
1.2798535433070866
21
0.1537715748031496
0
LINE
8
BLACK
6
CONTINUOUS
10
1.2798535433070866
20
0.1537715748031496
11
1.2787208267716534
21
0.1545194094488189
0
LINE
8
BLACK
6
CONTINUOUS
10
1.2787208267716534
20
0.1545194094488189
11
1.2775451968503937
21
0.1551981889763779
0
LINE
8
BLACK
6
CONTINUOUS
10
1.2775451968503937
20
0.1551981889763779
11
1.2726707874015748
21
0.1600725590551181
0
LINE
8
BLACK
6
CONTINUOUS
10
1.2726707874015748
20
0.1600725590551181
11
1.2721953543307087
21
0.1608959448818898
0
LINE
8
BLACK
6
CONTINUOUS
10
1.2721953543307087
20
0.1608959448818898
11
1.2715645669291338
21
0.1616073622047244
0
LINE
8
BLACK
6
CONTINUOUS
10
1.2715645669291338
20
0.1616073622047244
11
1.2691273622047243
21
0.1664817716535433
0
LINE
8
BLACK
6
CONTINUOUS
10
1.2691273622047243
20
0.1664817716535433
11
1.2689966141732283
21
0.1671205118110236
0
LINE
8
BLACK
6
CONTINUOUS
10
1.2689966141732283
20
0.1671205118110236
11
1.2686802362204723
21
0.1676905118110236
0
LINE
8
BLACK
6
CONTINUOUS
10
1.2686802362204723
20
0.1676905118110236
11
1.2662430708661416
21
0.1774392913385827
0
LINE
8
BLACK
6
CONTINUOUS
10
1.2662430708661416
20
0.1774392913385827
11
1.2662553149606299
21
0.1781677165354331
0
LINE
8
BLACK
6
CONTINUOUS
10
1.2662553149606299
20
0.1781677165354331
11
1.2660667322834644
21
0.1788715748031496
0
LINE
8
BLACK
6
CONTINUOUS
10
1.2660667322834644
20
0.1788715748031496
11
1.2660667322834644
21
0.1861831496062992
0
LINE
8
BLACK
6
CONTINUOUS
10
1.2660667322834644
20
0.1861831496062992
11
1.2662553149606299
21
0.186886968503937
0
LINE
8
BLACK
6
CONTINUOUS
10
1.2662553149606299
20
0.186886968503937
11
1.2662430708661416
21
0.1876154330708661
0
LINE
8
BLACK
6
CONTINUOUS
10
1.2662430708661416
20
0.1876154330708661
11
1.2686802362204723
21
0.1973642125984252
0
LINE
8
BLACK
6
CONTINUOUS
10
1.2686802362204723
20
0.1973642125984252
11
1.2689966141732283
21
0.1979341732283464
0
LINE
8
BLACK
6
CONTINUOUS
10
1.2689966141732283
20
0.1979341732283464
11
1.2691273622047243
21
0.1985729527559055
0
LINE
8
BLACK
6
CONTINUOUS
10
1.2691273622047243
20
0.1985729527559055
11
1.2715645669291338
21
0.2034473622047244
0
LINE
8
BLACK
6
CONTINUOUS
10
1.2715645669291338
20
0.2034473622047244
11
1.2721953937007873
21
0.2041587401574803
0
LINE
8
BLACK
6
CONTINUOUS
10
1.2721953937007873
20
0.2041587401574803
11
1.2726707874015748
21
0.204982125984252
0
LINE
8
BLACK
6
CONTINUOUS
10
1.2726707874015748
20
0.204982125984252
11
1.2775451968503937
21
0.2098565354330709
0
LINE
8
BLACK
6
CONTINUOUS
10
1.2775451968503937
20
0.2098565354330709
11
1.2787209448818897
21
0.2105353543307087
0
LINE
8
BLACK
6
CONTINUOUS
10
1.2787209448818897
20
0.2105353543307087
11
1.2798535433070866
21
0.2112831496062992
0
LINE
8
BLACK
6
CONTINUOUS
10
1.2798535433070866
20
0.2112831496062992
11
1.2871651181102362
21
0.2137203543307087
0
LINE
8
BLACK
6
CONTINUOUS
10
1.2871651181102362
20
0.2137203543307087
11
1.2881141338582678
21
0.2137773228346457
0
LINE
8
BLACK
6
CONTINUOUS
10
1.2881141338582678
20
0.2137773228346457
11
1.2890325984251969
21
0.2140234251968504
0
LINE
8
BLACK
6
CONTINUOUS
10
1.2890325984251969
20
0.2140234251968504
11
1.293906968503937
21
0.2140234251968504
0
LINE
8
BLACK
6
CONTINUOUS
10
1.293906968503937
20
0.2140234251968504
11
1.2948253937007874
21
0.2137773228346457
0
LINE
8
BLACK
6
CONTINUOUS
10
1.3577896062992125
20
0.2132322440944882
11
1.3599511811023621
21
0.2110706692913386
0
LINE
8
BLACK
6
CONTINUOUS
10
1.3599511811023621
20
0.2110706692913386
11
1.3607423622047243
21
0.2081179133858268
0
LINE
8
BLACK
6
CONTINUOUS
10
1.3607423622047243
20
0.2081179133858268
11
1.3607423622047243
21
0.156936811023622
0
LINE
8
BLACK
6
CONTINUOUS
10
1.3607423622047243
20
0.156936811023622
11
1.3599511811023621
21
0.1539840551181102
0
LINE
8
BLACK
6
CONTINUOUS
10
1.3599511811023621
20
0.1539840551181102
11
1.3577896062992125
21
0.1518224803149606
0
LINE
8
BLACK
6
CONTINUOUS
10
1.3577896062992125
20
0.1518224803149606
11
1.3548368503937007
21
0.1510312992125984
0
LINE
8
BLACK
6
CONTINUOUS
10
1.3548368503937007
20
0.1510312992125984
11
1.3518840944881889
21
0.1518224803149606
0
LINE
8
BLACK
6
CONTINUOUS
10
1.3518840944881889
20
0.1518224803149606
11
1.3497225196850393
21
0.1539840551181102
0
LINE
8
BLACK
6
CONTINUOUS
10
1.3497225196850393
20
0.1539840551181102
11
1.3489313385826771
21
0.156936811023622
0
LINE
8
BLACK
6
CONTINUOUS
10
1.3489313385826771
20
0.156936811023622
11
1.3489313385826771
21
0.1778404330708661
0
LINE
8
BLACK
6
CONTINUOUS
10
1.3489313385826771
20
0.1778404330708661
11
1.3314960236220472
21
0.1778404330708661
0
LINE
8
BLACK
6
CONTINUOUS
10
1.3314960236220472
20
0.1778404330708661
11
1.3314960236220472
21
0.156936811023622
0
LINE
8
BLACK
6
CONTINUOUS
10
1.3314960236220472
20
0.156936811023622
11
1.330704842519685
21
0.1539840551181102
0
LINE
8
BLACK
6
CONTINUOUS
10
1.330704842519685
20
0.1539840551181102
11
1.3285432677165354
21
0.1518224803149606
0
LINE
8
BLACK
6
CONTINUOUS
10
1.3285432677165354
20
0.1518224803149606
11
1.3255905118110236
21
0.1510312992125984
0
LINE
8
BLACK
6
CONTINUOUS
10
1.3255905118110236
20
0.1510312992125984
11
1.3226377559055118
21
0.1518224803149606
0
LINE
8
BLACK
6
CONTINUOUS
10
1.3226377559055118
20
0.1518224803149606
11
1.3204761811023622
21
0.1539840551181102
0
LINE
8
BLACK
6
CONTINUOUS
10
1.3204761811023622
20
0.1539840551181102
11
1.319685
21
0.156936811023622
0
LINE
8
BLACK
6
CONTINUOUS
10
1.319685
20
0.156936811023622
11
1.319685
21
0.2081179133858268
0
LINE
8
BLACK
6
CONTINUOUS
10
1.319685
20
0.2081179133858268
11
1.3204761811023622
21
0.2110706692913386
0
LINE
8
BLACK
6
CONTINUOUS
10
1.3204761811023622
20
0.2110706692913386
11
1.3226377559055118
21
0.2132322440944882
0
LINE
8
BLACK
6
CONTINUOUS
10
1.3226377559055118
20
0.2132322440944882
11
1.3255905118110236
21
0.2140234251968504
0
LINE
8
BLACK
6
CONTINUOUS
10
1.3255905118110236
20
0.2140234251968504
11
1.3285432677165354
21
0.2132322440944882
0
LINE
8
BLACK
6
CONTINUOUS
10
1.3285432677165354
20
0.2132322440944882
11
1.330704842519685
21
0.2110706692913386
0
LINE
8
BLACK
6
CONTINUOUS
10
1.330704842519685
20
0.2110706692913386
11
1.3314960236220472
21
0.2081179133858268
0
LINE
8
BLACK
6
CONTINUOUS
10
1.3314960236220472
20
0.2081179133858268
11
1.3314960236220472
21
0.1896514566929134
0
LINE
8
BLACK
6
CONTINUOUS
10
1.3314960236220472
20
0.1896514566929134
11
1.3489313385826771
21
0.1896514566929134
0
LINE
8
BLACK
6
CONTINUOUS
10
1.3489313385826771
20
0.1896514566929134
11
1.3489313385826771
21
0.2081179133858268
0
LINE
8
BLACK
6
CONTINUOUS
10
1.3489313385826771
20
0.2081179133858268
11
1.3497225196850393
21
0.2110706692913386
0
LINE
8
BLACK
6
CONTINUOUS
10
1.3497225196850393
20
0.2110706692913386
11
1.3518840944881889
21
0.2132322440944882
0
LINE
8
BLACK
6
CONTINUOUS
10
1.3518840944881889
20
0.2132322440944882
11
1.3548368503937007
21
0.2140234251968504
0
LINE
8
BLACK
6
CONTINUOUS
10
1.3548368503937007
20
0.2140234251968504
11
1.3577896062992125
21
0.2132322440944882
0
LINE
8
BLACK
6
CONTINUOUS
10
1.4000174409448818
20
0.2136720866141732
11
1.4013474015748031
21
0.2133999606299213
0
LINE
8
BLACK
6
CONTINUOUS
10
1.4013474015748031
20
0.2133999606299213
11
1.406221811023622
21
0.2109627559055118
0
LINE
8
BLACK
6
CONTINUOUS
10
1.406221811023622
20
0.2109627559055118
11
1.4069331889763779
21
0.2103319291338583
0
LINE
8
BLACK
6
CONTINUOUS
10
1.4069331889763779
20
0.2103319291338583
11
1.4077566141732283
21
0.2098565354330709
0
LINE
8
BLACK
6
CONTINUOUS
10
1.4077566141732283
20
0.2098565354330709
11
1.4126309842519684
21
0.204982125984252
0
LINE
8
BLACK
6
CONTINUOUS
10
1.4126309842519684
20
0.204982125984252
11
1.4126566141732284
21
0.2049376771653543
0
LINE
8
BLACK
6
CONTINUOUS
10
1.4126566141732284
20
0.2049376771653543
11
1.4127006299212599
21
0.2049112992125984
0
LINE
8
BLACK
6
CONTINUOUS
10
1.4127006299212599
20
0.2049112992125984
11
1.413419094488189
21
0.2036170078740157
0
LINE
8
BLACK
6
CONTINUOUS
10
1.413419094488189
20
0.2036170078740157
11
1.4141594488188975
21
0.2023347244094488
0
LINE
8
BLACK
6
CONTINUOUS
10
1.4141594488188975
20
0.2023347244094488
11
1.4141594488188975
21
0.2022833858267717
0
LINE
8
BLACK
6
CONTINUOUS
10
1.4141594488188975
20
0.2022833858267717
11
1.4141843307086615
21
0.2022385826771654
0
LINE
8
BLACK
6
CONTINUOUS
10
1.4141843307086615
20
0.2022385826771654
11
1.4166215354330709
21
0.1924898031496063
0
LINE
8
BLACK
6
CONTINUOUS
10
1.4166215354330709
20
0.1924898031496063
11
1.4166092519685038
21
0.1917612992125984
0
LINE
8
BLACK
6
CONTINUOUS
10
1.4166092519685038
20
0.1917612992125984
11
1.4167978740157481
21
0.1910575196850394
0
LINE
8
BLACK
6
CONTINUOUS
10
1.4167978740157481
20
0.1910575196850394
11
1.4167978740157481
21
0.1739971653543307
0
LINE
8
BLACK
6
CONTINUOUS
10
1.4167978740157481
20
0.1739971653543307
11
1.4166092519685038
21
0.1732933464566929
0
LINE
8
BLACK
6
CONTINUOUS
10
1.4166092519685038
20
0.1732933464566929
11
1.4166215354330709
21
0.1725648818897638
0
LINE
8
BLACK
6
CONTINUOUS
10
1.4166215354330709
20
0.1725648818897638
11
1.4141843307086615
21
0.1628161023622047
0
LINE
8
BLACK
6
CONTINUOUS
10
1.4141843307086615
20
0.1628161023622047
11
1.4141594488188975
21
0.1627712598425197
0
LINE
8
BLACK
6
CONTINUOUS
10
1.4141594488188975
20
0.1627712598425197
11
1.4141594488188975
21
0.1627199212598425
0
LINE
8
BLACK
6
CONTINUOUS
10
1.4141594488188975
20
0.1627199212598425
11
1.413418779527559
21
0.1614370866141732
0
LINE
8
BLACK
6
CONTINUOUS
10
1.413418779527559
20
0.1614370866141732
11
1.4127006299212599
21
0.1601433858267717
0
LINE
8
BLACK
6
CONTINUOUS
10
1.4127006299212599
20
0.1601433858267717
11
1.4126566141732284
21
0.160116968503937
0
LINE
8
BLACK
6
CONTINUOUS
10
1.4126566141732284
20
0.160116968503937
11
1.4126309842519684
21
0.1600725590551181
0
LINE
8
BLACK
6
CONTINUOUS
10
1.4126309842519684
20
0.1600725590551181
11
1.4077566141732283
21
0.1551981889763779
0
LINE
8
BLACK
6
CONTINUOUS
10
1.4077566141732283
20
0.1551981889763779
11
1.4069331889763779
21
0.1547227952755905
0
LINE
8
BLACK
6
CONTINUOUS
10
1.4069331889763779
20
0.1547227952755905
11
1.406221811023622
21
0.154091968503937
0
LINE
8
BLACK
6
CONTINUOUS
10
1.406221811023622
20
0.154091968503937
11
1.4013474015748031
21
0.1516547637795276
0
LINE
8
BLACK
6
CONTINUOUS
10
1.4013474015748031
20
0.1516547637795276
11
1.4000174409448818
21
0.1513825984251969
0
LINE
8
BLACK
6
CONTINUOUS
10
1.4000174409448818
20
0.1513825984251969
11
1.3987063779527558
21
0.1510312992125984
0
LINE
8
BLACK
6
CONTINUOUS
10
1.3987063779527558
20
0.1510312992125984
11
1.3889575984251967
21
0.1510312992125984
0
LINE
8
BLACK
6
CONTINUOUS
10
1.3889575984251967
20
0.1510312992125984
11
1.3876464960629922
21
0.1513825984251969
0
LINE
8
BLACK
6
CONTINUOUS
10
1.3876464960629922
20
0.1513825984251969
11
1.3863165748031496
21
0.1516547637795276
0
LINE
8
BLACK
6
CONTINUOUS
10
1.3863165748031496
20
0.1516547637795276
11
1.3814422047244095
21
0.154091968503937
0
LINE
8
BLACK
6
CONTINUOUS
10
1.3814422047244095
20
0.154091968503937
11
1.3807307874015748
21
0.1547227559055118
0
LINE
8
BLACK
6
CONTINUOUS
10
1.3807307874015748
20
0.1547227559055118
11
1.3799074015748032
21
0.1551981889763779
0
LINE
8
BLACK
6
CONTINUOUS
10
1.3799074015748032
20
0.1551981889763779
11
1.3750329921259843
21
0.1600725590551181
0
LINE
8
BLACK
6
CONTINUOUS
10
1.3750329921259843
20
0.1600725590551181
11
1.3750073228346456
21
0.160116968503937
0
LINE
8
BLACK
6
CONTINUOUS
10
1.3750073228346456
20
0.160116968503937
11
1.3749633464566928
21
0.1601433858267717
0
LINE
8
BLACK
6
CONTINUOUS
10
1.3749633464566928
20
0.1601433858267717
11
1.3742454330708662
21
0.1614365748031496
0
LINE
8
BLACK
6
CONTINUOUS
10
1.3742454330708662
20
0.1614365748031496
11
1.3735045275590552
21
0.1627198818897638
0
LINE
8
BLACK
6
CONTINUOUS
10
1.3735045275590552
20
0.1627198818897638
11
1.3735045275590552
21
0.1627712598425197
0
LINE
8
BLACK
6
CONTINUOUS
10
1.3735045275590552
20
0.1627712598425197
11
1.3734796456692913
21
0.1628161023622047
0
LINE
8
BLACK
6
CONTINUOUS
10
1.3734796456692913
20
0.1628161023622047
11
1.3710424803149606
21
0.1725648818897638
0
LINE
8
BLACK
6
CONTINUOUS
10
1.3710424803149606
20
0.1725648818897638
11
1.3710547244094489
21
0.1732933070866142
0
LINE
8
BLACK
6
CONTINUOUS
10
1.3710547244094489
20
0.1732933070866142
11
1.3708661417322834
21
0.1739971653543307
0
LINE
8
BLACK
6
CONTINUOUS
10
1.3708661417322834
20
0.1739971653543307
11
1.3708661417322834
21
0.1910575196850394
0
LINE
8
BLACK
6
CONTINUOUS
10
1.3708661417322834
20
0.1910575196850394
11
1.3710547244094489
21
0.1917613385826772
0
LINE
8
BLACK
6
CONTINUOUS
10
1.3710547244094489
20
0.1917613385826772
11
1.3710424803149606
21
0.1924898031496063
0
LINE
8
BLACK
6
CONTINUOUS
10
1.3710424803149606
20
0.1924898031496063
11
1.3734796456692913
21
0.2022385826771654
0
LINE
8
BLACK
6
CONTINUOUS
10
1.3734796456692913
20
0.2022385826771654
11
1.3735045275590552
21
0.2022833858267717
0
LINE
8
BLACK
6
CONTINUOUS
10
1.3735045275590552
20
0.2022833858267717
11
1.3735045275590552
21
0.2023347637795276
0
LINE
8
BLACK
6
CONTINUOUS
10
1.3735045275590552
20
0.2023347637795276
11
1.3742451574803149
21
0.2036175590551181
0
LINE
8
BLACK
6
CONTINUOUS
10
1.3742451574803149
20
0.2036175590551181
11
1.3749633464566928
21
0.2049112992125984
0
LINE
8
BLACK
6
CONTINUOUS
10
1.3749633464566928
20
0.2049112992125984
11
1.3750073228346456
21
0.2049376771653543
0
LINE
8
BLACK
6
CONTINUOUS
10
1.3750073228346456
20
0.2049376771653543
11
1.3750329921259843
21
0.204982125984252
0
LINE
8
BLACK
6
CONTINUOUS
10
1.3750329921259843
20
0.204982125984252
11
1.3799074015748032
21
0.2098565354330709
0
LINE
8
BLACK
6
CONTINUOUS
10
1.3799074015748032
20
0.2098565354330709
11
1.3807308267716536
21
0.2103319291338583
0
LINE
8
BLACK
6
CONTINUOUS
10
1.3807308267716536
20
0.2103319291338583
11
1.3814422047244095
21
0.2109627559055118
0
LINE
8
BLACK
6
CONTINUOUS
10
1.3814422047244095
20
0.2109627559055118
11
1.3863165748031496
21
0.2133999606299213
0
LINE
8
BLACK
6
CONTINUOUS
10
1.3863165748031496
20
0.2133999606299213
11
1.3876464960629922
21
0.2136720866141732
0
LINE
8
BLACK
6
CONTINUOUS
10
1.3876464960629922
20
0.2136720866141732
11
1.3889575984251967
21
0.2140234251968504
0
LINE
8
BLACK
6
CONTINUOUS
10
1.3889575984251967
20
0.2140234251968504
11
1.3987063779527558
21
0.2140234251968504
0
LINE
8
BLACK
6
CONTINUOUS
10
1.3987063779527558
20
0.2140234251968504
11
1.4000174409448818
21
0.2136720866141732
0
LINE
8
BLACK
6
CONTINUOUS
10
1.3875814173228347
20
0.2008272440944882
11
1.3845412992125985
21
0.197787125984252
0
LINE
8
BLACK
6
CONTINUOUS
10
1.3845412992125985
20
0.197787125984252
11
1.3826771653543306
21
0.1903305511811024
0
LINE
8
BLACK
6
CONTINUOUS
10
1.3826771653543306
20
0.1903305511811024
11
1.3826771653543306
21
0.174724094488189
0
LINE
8
BLACK
6
CONTINUOUS
10
1.3826771653543306
20
0.174724094488189
11
1.3845412992125985
21
0.1672675590551181
0
LINE
8
BLACK
6
CONTINUOUS
10
1.3845412992125985
20
0.1672675590551181
11
1.3875813779527559
21
0.1642274803149606
0
LINE
8
BLACK
6
CONTINUOUS
10
1.3875813779527559
20
0.1642274803149606
11
1.3903517322834644
21
0.1628423228346457
0
LINE
8
BLACK
6
CONTINUOUS
10
1.3903517322834644
20
0.1628423228346457
11
1.3973122834645668
21
0.1628423228346457
0
LINE
8
BLACK
6
CONTINUOUS
10
1.3973122834645668
20
0.1628423228346457
11
1.4000825984251968
21
0.1642274803149606
0
LINE
8
BLACK
6
CONTINUOUS
10
1.4000825984251968
20
0.1642274803149606
11
1.403122716535433
21
0.1672675984251968
0
LINE
8
BLACK
6
CONTINUOUS
10
1.403122716535433
20
0.1672675984251968
11
1.4049868503937009
21
0.1747241338582677
0
LINE
8
BLACK
6
CONTINUOUS
10
1.4049868503937009
20
0.1747241338582677
11
1.4049868503937009
21
0.1903305511811024
0
LINE
8
BLACK
6
CONTINUOUS
10
1.4049868503937009
20
0.1903305511811024
11
1.4031226771653542
21
0.1977870866141732
0
LINE
8
BLACK
6
CONTINUOUS
10
1.4031226771653542
20
0.1977870866141732
11
1.400082559055118
21
0.2008272440944882
0
LINE
8
BLACK
6
CONTINUOUS
10
1.400082559055118
20
0.2008272440944882
11
1.3973122834645668
21
0.2022124015748031
0
LINE
8
BLACK
6
CONTINUOUS
10
1.3973122834645668
20
0.2022124015748031
11
1.3903517322834644
21
0.2022124015748031
0
LINE
8
BLACK
6
CONTINUOUS
10
1.3903517322834644
20
0.2022124015748031
11
1.3875814173228347
21
0.2008272440944882
0
LINE
8
BLACK
6
CONTINUOUS
10
1.2417956692913386
20
0.213741968503937
11
1.2421561417322835
21
0.2137203543307087
0
LINE
8
BLACK
6
CONTINUOUS
10
1.2421561417322835
20
0.2137203543307087
11
1.243145590551181
21
0.2130670078740158
0
LINE
8
BLACK
6
CONTINUOUS
10
1.243145590551181
20
0.2130670078740158
11
1.244206811023622
21
0.2125364566929134
0
LINE
8
BLACK
6
CONTINUOUS
10
1.244206811023622
20
0.2125364566929134
11
1.2444058661417323
21
0.2122349212598425
0
LINE
8
BLACK
6
CONTINUOUS
10
1.2444058661417323
20
0.2122349212598425
11
1.2447071653543307
21
0.2120360236220472
0
LINE
8
BLACK
6
CONTINUOUS
10
1.2447071653543307
20
0.2120360236220472
11
1.2452375590551181
21
0.2109752362204724
0
LINE
8
BLACK
6
CONTINUOUS
10
1.2452375590551181
20
0.2109752362204724
11
1.2458911023622048
21
0.2099853937007874
0
LINE
8
BLACK
6
CONTINUOUS
10
1.2458911023622048
20
0.2099853937007874
11
1.2629515354330709
21
0.1588042913385827
0
LINE
8
BLACK
6
CONTINUOUS
10
1.2629515354330709
20
0.1588042913385827
11
1.2631346850393701
21
0.155752874015748
0
LINE
8
BLACK
6
CONTINUOUS
10
1.2631346850393701
20
0.155752874015748
11
1.2617675984251968
21
0.1530186614173228
0
LINE
8
BLACK
6
CONTINUOUS
10
1.2617675984251968
20
0.1530186614173228
11
1.2592165354330709
21
0.1513343307086614
0
LINE
8
BLACK
6
CONTINUOUS
10
1.2592165354330709
20
0.1513343307086614
11
1.2561651181102362
21
0.1511511811023622
0
LINE
8
BLACK
6
CONTINUOUS
10
1.2561651181102362
20
0.1511511811023622
11
1.2534309448818897
21
0.1525182677165354
0
LINE
8
BLACK
6
CONTINUOUS
10
1.2534309448818897
20
0.1525182677165354
11
1.2517466141732283
21
0.1550692913385827
0
LINE
8
BLACK
6
CONTINUOUS
10
1.2517466141732283
20
0.1550692913385827
11
1.2482182283464567
21
0.1656544488188976
0
LINE
8
BLACK
6
CONTINUOUS
10
1.2482182283464567
20
0.1656544488188976
11
1.2323591338582678
21
0.1656544488188976
0
LINE
8
BLACK
6
CONTINUOUS
10
1.2323591338582678
20
0.1656544488188976
11
1.2288307874015747
21
0.1550693307086614
0
LINE
8
BLACK
6
CONTINUOUS
10
1.2288307874015747
20
0.1550693307086614
11
1.2271464566929133
21
0.1525183070866142
0
LINE
8
BLACK
6
CONTINUOUS
10
1.2271464566929133
20
0.1525183070866142
11
1.2244122440944882
21
0.1511511811023622
0
LINE
8
BLACK
6
CONTINUOUS
10
1.2244122440944882
20
0.1511511811023622
11
1.2213608267716536
21
0.1513343307086614
0
LINE
8
BLACK
6
CONTINUOUS
10
1.2213608267716536
20
0.1513343307086614
11
1.2188098031496062
21
0.1530186614173228
0
LINE
8
BLACK
6
CONTINUOUS
10
1.2188098031496062
20
0.1530186614173228
11
1.2174426771653544
21
0.155752874015748
0
LINE
8
BLACK
6
CONTINUOUS
10
1.2174426771653544
20
0.155752874015748
11
1.2176258267716535
21
0.1588042913385827
0
LINE
8
BLACK
6
CONTINUOUS
10
1.2176258267716535
20
0.1588042913385827
11
1.2346861811023622
21
0.2099853937007874
0
LINE
8
BLACK
6
CONTINUOUS
10
1.2346861811023622
20
0.2099853937007874
11
1.2353396456692913
21
0.2109750787401575
0
LINE
8
BLACK
6
CONTINUOUS
10
1.2353396456692913
20
0.2109750787401575
11
1.2358701181102363
21
0.212036062992126
0
LINE
8
BLACK
6
CONTINUOUS
10
1.2358701181102363
20
0.212036062992126
11
1.2361715354330709
21
0.2122350393700787
0
LINE
8
BLACK
6
CONTINUOUS
10
1.2361715354330709
20
0.2122350393700787
11
1.2363705118110235
21
0.2125364173228347
0
LINE
8
BLACK
6
CONTINUOUS
10
1.2363705118110235
20
0.2125364173228347
11
1.2374313779527559
21
0.2130668503937008
0
LINE
8
BLACK
6
CONTINUOUS
10
1.2374313779527559
20
0.2130668503937008
11
1.2384211811023622
21
0.2137203543307087
0
LINE
8
BLACK
6
CONTINUOUS
10
1.2384211811023622
20
0.2137203543307087
11
1.2387816141732284
21
0.213741968503937
0
LINE
8
BLACK
6
CONTINUOUS
10
1.2387816141732284
20
0.213741968503937
11
1.2391047244094489
21
0.2139035433070866
0
LINE
8
BLACK
6
CONTINUOUS
10
1.2391047244094489
20
0.2139035433070866
11
1.2402886614173227
21
0.2138324409448819
0
LINE
8
BLACK
6
CONTINUOUS
10
1.2402886614173227
20
0.2138324409448819
11
1.2414725984251969
21
0.2139035433070866
0
LINE
8
BLACK
6
CONTINUOUS
10
1.2414725984251969
20
0.2139035433070866
11
1.2417956692913386
21
0.213741968503937
0
LINE
8
BLACK
6
CONTINUOUS
10
1.2362961417322835
20
0.1774654724409449
11
1.2442812204724409
21
0.1774654724409449
0
LINE
8
BLACK
6
CONTINUOUS
10
1.2442812204724409
20
0.1774654724409449
11
1.2402886614173227
21
0.1894430708661417
0
LINE
8
BLACK
6
CONTINUOUS
10
1.2402886614173227
20
0.1894430708661417
11
1.2362961417322835
21
0.1774654724409449
0
LINE
8
BLACK
6
CONTINUOUS
10
1.2791385433070865
20
0.2673617716535433
11
1.2798293700787402
21
0.2654637795275591
0
LINE
8
BLACK
6
CONTINUOUS
10
1.2798293700787402
20
0.2654637795275591
11
1.2798293700787402
21
0.2373423228346457
0
LINE
8
BLACK
6
CONTINUOUS
10
1.2798293700787402
20
0.2373423228346457
11
1.279676062992126
21
0.2364729133858268
0
LINE
8
BLACK
6
CONTINUOUS
10
1.279676062992126
20
0.2364729133858268
11
1.2796778346456692
21
0.2364085433070866
0
LINE
8
BLACK
6
CONTINUOUS
10
1.2796778346456692
20
0.2364085433070866
11
1.2778030708661416
21
0.2307842913385827
0
LINE
8
BLACK
6
CONTINUOUS
10
1.2778030708661416
20
0.2307842913385827
11
1.2773147637795275
21
0.2298825196850394
0
LINE
8
BLACK
6
CONTINUOUS
10
1.2773147637795275
20
0.2298825196850394
11
1.2771643700787401
21
0.2297901181102362
0
LINE
8
BLACK
6
CONTINUOUS
10
1.2771643700787401
20
0.2297901181102362
11
1.2770897637795275
21
0.2296301181102362
0
LINE
8
BLACK
6
CONTINUOUS
10
1.2770897637795275
20
0.2296301181102362
11
1.2733402362204724
21
0.2258805905511811
0
LINE
8
BLACK
6
CONTINUOUS
10
1.2733402362204724
20
0.2258805905511811
11
1.2725001968503937
21
0.2252924015748032
0
LINE
8
BLACK
6
CONTINUOUS
10
1.2725001968503937
20
0.2252924015748032
11
1.2723243700787401
21
0.2252770078740157
0
LINE
8
BLACK
6
CONTINUOUS
10
1.2723243700787401
20
0.2252770078740157
11
1.2721861023622048
21
0.2251672834645669
0
LINE
8
BLACK
6
CONTINUOUS
10
1.2721861023622048
20
0.2251672834645669
11
1.2665618110236221
21
0.2232924803149606
0
LINE
8
BLACK
6
CONTINUOUS
10
1.2665618110236221
20
0.2232924803149606
11
1.2656885433070866
21
0.2231629527559055
0
LINE
8
BLACK
6
CONTINUOUS
10
1.2656885433070866
20
0.2231629527559055
11
1.2656280314960631
21
0.2231409448818898
0
LINE
8
BLACK
6
CONTINUOUS
10
1.2656280314960631
20
0.2231409448818898
11
1.261878503937008
21
0.2231409448818898
0
LINE
8
BLACK
6
CONTINUOUS
10
1.261878503937008
20
0.2231409448818898
11
1.2608685826771653
21
0.2233190157480315
0
LINE
8
BLACK
6
CONTINUOUS
10
1.2608685826771653
20
0.2233190157480315
11
1.2593213385826771
21
0.2246173228346457
0
LINE
8
BLACK
6
CONTINUOUS
10
1.2593213385826771
20
0.2246173228346457
11
1.258970590551181
21
0.2266064566929134
0
LINE
8
BLACK
6
CONTINUOUS
10
1.258970590551181
20
0.2266064566929134
11
1.2599805118110237
21
0.2283556299212599
0
LINE
8
BLACK
6
CONTINUOUS
10
1.2599805118110237
20
0.2283556299212599
11
1.261878503937008
21
0.2290464566929134
0
LINE
8
BLACK
6
CONTINUOUS
10
1.261878503937008
20
0.2290464566929134
11
1.2651488582677166
21
0.2290464566929134
0
LINE
8
BLACK
6
CONTINUOUS
10
1.2651488582677166
20
0.2290464566929134
11
1.2696572440944882
21
0.2305492519685039
0
LINE
8
BLACK
6
CONTINUOUS
10
1.2696572440944882
20
0.2305492519685039
11
1.272421062992126
21
0.2333130708661417
0
LINE
8
BLACK
6
CONTINUOUS
10
1.272421062992126
20
0.2333130708661417
11
1.2739238582677166
21
0.2378214566929134
0
LINE
8
BLACK
6
CONTINUOUS
10
1.2739238582677166
20
0.2378214566929134
11
1.2739238582677166
21
0.2654637795275591
0
LINE
8
BLACK
6
CONTINUOUS
10
1.2739238582677166
20
0.2654637795275591
11
1.2741019291338582
21
0.2664737007874016
0
LINE
8
BLACK
6
CONTINUOUS
10
1.2741019291338582
20
0.2664737007874016
11
1.2754002362204724
21
0.2680209448818898
0
LINE
8
BLACK
6
CONTINUOUS
10
1.2754002362204724
20
0.2680209448818898
11
1.2773893700787402
21
0.2683716929133858
0
LINE
8
BLACK
6
CONTINUOUS
10
1.2773893700787402
20
0.2683716929133858
11
1.2791385433070865
21
0.2673617716535433
0
LINE
8
BLACK
6
CONTINUOUS
10
1.309757559055118
20
0.2682384645669291
11
1.3098927952755905
21
0.2681249606299212
0
LINE
8
BLACK
6
CONTINUOUS
10
1.3098927952755905
20
0.2681249606299212
11
1.3100681496062991
21
0.2681048031496063
0
LINE
8
BLACK
6
CONTINUOUS
10
1.3100681496062991
20
0.2681048031496063
11
1.3138176771653542
21
0.2662300393700787
0
LINE
8
BLACK
6
CONTINUOUS
10
1.3138176771653542
20
0.2662300393700787
11
1.3145267322834646
21
0.265704094488189
0
LINE
8
BLACK
6
CONTINUOUS
10
1.3145267322834646
20
0.265704094488189
11
1.3145850787401574
21
0.2656769291338583
0
LINE
8
BLACK
6
CONTINUOUS
10
1.3145850787401574
20
0.2656769291338583
11
1.316459842519685
21
0.2638021653543307
0
LINE
8
BLACK
6
CONTINUOUS
10
1.316459842519685
20
0.2638021653543307
11
1.3169661023622048
21
0.2630790551181102
0
LINE
8
BLACK
6
CONTINUOUS
10
1.3169661023622048
20
0.2630790551181102
11
1.3170129527559056
21
0.2630347637795276
0
LINE
8
BLACK
6
CONTINUOUS
10
1.3170129527559056
20
0.2630347637795276
11
1.3188877165354331
21
0.2592852362204724
0
LINE
8
BLACK
6
CONTINUOUS
10
1.3188877165354331
20
0.2592852362204724
11
1.3191800787401575
21
0.2583023228346457
0
LINE
8
BLACK
6
CONTINUOUS
10
1.3191800787401575
20
0.2583023228346457
11
1.3191390551181101
21
0.2581305905511811
0
LINE
8
BLACK
6
CONTINUOUS
10
1.3191390551181101
20
0.2581305905511811
11
1.3191994488188976
21
0.2579647244094488
0
LINE
8
BLACK
6
CONTINUOUS
10
1.3191994488188976
20
0.2579647244094488
11
1.3191994488188976
21
0.2560899606299212
0
LINE
8
BLACK
6
CONTINUOUS
10
1.3191994488188976
20
0.2560899606299212
11
1.319021377952756
21
0.2550800393700787
0
LINE
8
BLACK
6
CONTINUOUS
10
1.319021377952756
20
0.2550800393700787
11
1.318907874015748
21
0.2549447637795276
0
LINE
8
BLACK
6
CONTINUOUS
10
1.318907874015748
20
0.2549447637795276
11
1.3188877165354331
21
0.2547694488188976
0
LINE
8
BLACK
6
CONTINUOUS
10
1.3188877165354331
20
0.2547694488188976
11
1.3170129527559056
21
0.2510199212598425
0
LINE
8
BLACK
6
CONTINUOUS
10
1.3170129527559056
20
0.2510199212598425
11
1.3164870472440944
21
0.2503108267716536
0
LINE
8
BLACK
6
CONTINUOUS
10
1.3164870472440944
20
0.2503108267716536
11
1.316459842519685
21
0.2502525196850394
0
LINE
8
BLACK
6
CONTINUOUS
10
1.316459842519685
20
0.2502525196850394
11
1.3147982283464568
21
0.248590905511811
0
LINE
8
BLACK
6
CONTINUOUS
10
1.3147982283464568
20
0.248590905511811
11
1.316459842519685
21
0.2469292913385827
0
LINE
8
BLACK
6
CONTINUOUS
10
1.316459842519685
20
0.2469292913385827
11
1.3169661023622048
21
0.2462061811023622
0
LINE
8
BLACK
6
CONTINUOUS
10
1.3169661023622048
20
0.2462061811023622
11
1.3170129527559056
21
0.2461618897637795
0
LINE
8
BLACK
6
CONTINUOUS
10
1.3170129527559056
20
0.2461618897637795
11
1.3188877165354331
21
0.2424123622047244
0
LINE
8
BLACK
6
CONTINUOUS
10
1.3188877165354331
20
0.2424123622047244
11
1.3191800787401575
21
0.2414294488188976
0
LINE
8
BLACK
6
CONTINUOUS
10
1.3191800787401575
20
0.2414294488188976
11
1.3191390551181101
21
0.2412577165354331
0
LINE
8
BLACK
6
CONTINUOUS
10
1.3191390551181101
20
0.2412577165354331
11
1.3191994488188976
21
0.2410918503937008
0
LINE
8
BLACK
6
CONTINUOUS
10
1.3191994488188976
20
0.2410918503937008
11
1.3191994488188976
21
0.2335927952755905
0
LINE
8
BLACK
6
CONTINUOUS
10
1.3191994488188976
20
0.2335927952755905
11
1.319021377952756
21
0.232582874015748
0
LINE
8
BLACK
6
CONTINUOUS
10
1.319021377952756
20
0.232582874015748
11
1.318907874015748
21
0.2324475984251969
0
LINE
8
BLACK
6
CONTINUOUS
10
1.318907874015748
20
0.2324475984251969
11
1.3188877165354331
21
0.2322722834645669
0
LINE
8
BLACK
6
CONTINUOUS
10
1.3188877165354331
20
0.2322722834645669
11
1.3170129527559056
21
0.2285227559055118
0
LINE
8
BLACK
6
CONTINUOUS
10
1.3170129527559056
20
0.2285227559055118
11
1.3164870472440944
21
0.2278136614173228
0
LINE
8
BLACK
6
CONTINUOUS
10
1.3164870472440944
20
0.2278136614173228
11
1.316459842519685
21
0.2277553543307086
0
LINE
8
BLACK
6
CONTINUOUS
10
1.316459842519685
20
0.2277553543307086
11
1.3145850787401574
21
0.2258805905511811
0
LINE
8
BLACK
6
CONTINUOUS
10
1.3145850787401574
20
0.2258805905511811
11
1.3138620866141733
21
0.2253743700787401
0
LINE
8
BLACK
6
CONTINUOUS
10
1.3138620866141733
20
0.2253743700787401
11
1.313817716535433
21
0.2253274803149606
0
LINE
8
BLACK
6
CONTINUOUS
10
1.313817716535433
20
0.2253274803149606
11
1.3100681889763779
21
0.2234526771653543
0
LINE
8
BLACK
6
CONTINUOUS
10
1.3100681889763779
20
0.2234526771653543
11
1.3090852362204723
21
0.2231603149606299
0
LINE
8
BLACK
6
CONTINUOUS
10
1.3090852362204723
20
0.2231603149606299
11
1.3089135039370079
21
0.2232012992125984
0
LINE
8
BLACK
6
CONTINUOUS
10
1.3089135039370079
20
0.2232012992125984
11
1.3087476377952756
21
0.2231409448818898
0
LINE
8
BLACK
6
CONTINUOUS
10
1.3087476377952756
20
0.2231409448818898
11
1.3012485826771654
21
0.2231409448818898
0
LINE
8
BLACK
6
CONTINUOUS
10
1.3012485826771654
20
0.2231409448818898
11
1.3002386614173227
21
0.2233190157480315
0
LINE
8
BLACK
6
CONTINUOUS
10
1.3002386614173227
20
0.2233190157480315
11
1.3001033858267717
21
0.2234324803149606
0
LINE
8
BLACK
6
CONTINUOUS
10
1.3001033858267717
20
0.2234324803149606
11
1.2999280708661416
21
0.2234526771653543
0
LINE
8
BLACK
6
CONTINUOUS
10
1.2999280708661416
20
0.2234526771653543
11
1.296178503937008
21
0.2253274803149606
0
LINE
8
BLACK
6
CONTINUOUS
10
1.296178503937008
20
0.2253274803149606
11
1.2954694881889763
21
0.2258533464566929
0
LINE
8
BLACK
6
CONTINUOUS
10
1.2954694881889763
20
0.2258533464566929
11
1.2954111417322833
21
0.2258805905511811
0
LINE
8
BLACK
6
CONTINUOUS
10
1.2954111417322833
20
0.2258805905511811
11
1.2935363779527558
21
0.2277553543307086
0
LINE
8
BLACK
6
CONTINUOUS
10
1.2935363779527558
20
0.2277553543307086
11
1.2930300787401574
21
0.2284784251968504
0
LINE
8
BLACK
6
CONTINUOUS
10
1.2930300787401574
20
0.2284784251968504
11
1.2929832677165354
21
0.2285227559055118
0
LINE
8
BLACK
6
CONTINUOUS
10
1.2929832677165354
20
0.2285227559055118
11
1.2911085039370078
21
0.2322722834645669
0
LINE
8
BLACK
6
CONTINUOUS
10
1.2911085039370078
20
0.2322722834645669
11
1.2908161417322834
21
0.2332552362204724
0
LINE
8
BLACK
6
CONTINUOUS
10
1.2908161417322834
20
0.2332552362204724
11
1.2908571259842518
21
0.2334268897637795
0
LINE
8
BLACK
6
CONTINUOUS
10
1.2908571259842518
20
0.2334268897637795
11
1.2907967716535433
21
0.2335927952755905
0
LINE
8
BLACK
6
CONTINUOUS
10
1.2907967716535433
20
0.2335927952755905
11
1.2907967716535433
21
0.2410918503937008
0
LINE
8
BLACK
6
CONTINUOUS
10
1.2907967716535433
20
0.2410918503937008
11
1.290974842519685
21
0.2421017716535433
0
LINE
8
BLACK
6
CONTINUOUS
10
1.290974842519685
20
0.2421017716535433
11
1.2910883070866142
21
0.2422370078740158
0
LINE
8
BLACK
6
CONTINUOUS
10
1.2910883070866142
20
0.2422370078740158
11
1.2911085039370078
21
0.2424123622047244
0
LINE
8
BLACK
6
CONTINUOUS
10
1.2911085039370078
20
0.2424123622047244
11
1.2929832677165354
21
0.2461618897637795
0
LINE
8
BLACK
6
CONTINUOUS
10
1.2929832677165354
20
0.2461618897637795
11
1.2935091732283464
21
0.2468709448818898
0
LINE
8
BLACK
6
CONTINUOUS
10
1.2935091732283464
20
0.2468709448818898
11
1.2935363779527558
21
0.2469292913385827
0
LINE
8
BLACK
6
CONTINUOUS
10
1.2935363779527558
20
0.2469292913385827
11
1.2951979921259842
21
0.248590905511811
0
LINE
8
BLACK
6
CONTINUOUS
10
1.2951979921259842
20
0.248590905511811
11
1.2935363779527558
21
0.2502525196850394
0
LINE
8
BLACK
6
CONTINUOUS
10
1.2935363779527558
20
0.2502525196850394
11
1.2930300787401574
21
0.2509755905511811
0
LINE
8
BLACK
6
CONTINUOUS
10
1.2930300787401574
20
0.2509755905511811
11
1.2929832677165354
21
0.2510199212598425
0
LINE
8
BLACK
6
CONTINUOUS
10
1.2929832677165354
20
0.2510199212598425
11
1.2911085039370078
21
0.2547694488188976
0
LINE
8
BLACK
6
CONTINUOUS
10
1.2911085039370078
20
0.2547694488188976
11
1.2908161417322834
21
0.2557524015748032
0
LINE
8
BLACK
6
CONTINUOUS
10
1.2908161417322834
20
0.2557524015748032
11
1.2908571259842518
21
0.2559240551181102
0
LINE
8
BLACK
6
CONTINUOUS
10
1.2908571259842518
20
0.2559240551181102
11
1.2907967716535433
21
0.2560899606299212
0
LINE
8
BLACK
6
CONTINUOUS
10
1.2907967716535433
20
0.2560899606299212
11
1.2907967716535433
21
0.2579647244094488
0
LINE
8
BLACK
6
CONTINUOUS
10
1.2907967716535433
20
0.2579647244094488
11
1.290974842519685
21
0.2589746456692913
0
LINE
8
BLACK
6
CONTINUOUS
10
1.290974842519685
20
0.2589746456692913
11
1.2910883070866142
21
0.2591098818897637
0
LINE
8
BLACK
6
CONTINUOUS
10
1.2910883070866142
20
0.2591098818897637
11
1.2911085039370078
21
0.2592852362204724
0
LINE
8
BLACK
6
CONTINUOUS
10
1.2911085039370078
20
0.2592852362204724
11
1.2929832677165354
21
0.2630347637795276
0
LINE
8
BLACK
6
CONTINUOUS
10
1.2929832677165354
20
0.2630347637795276
11
1.2935091732283464
21
0.2637438188976378
0
LINE
8
BLACK
6
CONTINUOUS
10
1.2935091732283464
20
0.2637438188976378
11
1.2935363779527558
21
0.2638021653543307
0
LINE
8
BLACK
6
CONTINUOUS
10
1.2935363779527558
20
0.2638021653543307
11
1.2954111417322833
21
0.2656769291338583
0
LINE
8
BLACK
6
CONTINUOUS
10
1.2954111417322833
20
0.2656769291338583
11
1.2961342125984252
21
0.2661831889763779
0
LINE
8
BLACK
6
CONTINUOUS
10
1.2961342125984252
20
0.2661831889763779
11
1.2961785433070865
21
0.2662300393700787
0
LINE
8
BLACK
6
CONTINUOUS
10
1.2961785433070865
20
0.2662300393700787
11
1.2999280708661416
21
0.2681048031496063
0
LINE
8
BLACK
6
CONTINUOUS
10
1.2999280708661416
20
0.2681048031496063
11
1.3009109842519684
21
0.2683971653543307
0
LINE
8
BLACK
6
CONTINUOUS
10
1.3009109842519684
20
0.2683971653543307
11
1.3010826771653543
21
0.2683561417322834
0
LINE
8
BLACK
6
CONTINUOUS
10
1.3010826771653543
20
0.2683561417322834
11
1.3012485826771654
21
0.2684165354330709
0
LINE
8
BLACK
6
CONTINUOUS
10
1.3012485826771654
20
0.2684165354330709
11
1.3087476377952756
21
0.2684165354330709
0
LINE
8
BLACK
6
CONTINUOUS
10
1.3087476377952756
20
0.2684165354330709
11
1.309757559055118
21
0.2682384645669291
0
LINE
8
BLACK
6
CONTINUOUS
10
1.2992481496062991
20
0.2442894094488189
11
1.2980510236220473
21
0.2430922834645669
0
LINE
8
BLACK
6
CONTINUOUS
10
1.2980510236220473
20
0.2430922834645669
11
1.296702283464567
21
0.2403948031496063
0
LINE
8
BLACK
6
CONTINUOUS
10
1.296702283464567
20
0.2403948031496063
11
1.296702283464567
21
0.234289842519685
0
LINE
8
BLACK
6
CONTINUOUS
10
1.296702283464567
20
0.234289842519685
11
1.2980510236220473
21
0.2315923622047244
0
LINE
8
BLACK
6
CONTINUOUS
10
1.2980510236220473
20
0.2315923622047244
11
1.2992481102362203
21
0.2303952362204724
0
LINE
8
BLACK
6
CONTINUOUS
10
1.2992481102362203
20
0.2303952362204724
11
1.3019456692913385
21
0.2290464566929134
0
LINE
8
BLACK
6
CONTINUOUS
10
1.3019456692913385
20
0.2290464566929134
11
1.3080505511811023
21
0.2290464566929134
0
LINE
8
BLACK
6
CONTINUOUS
10
1.3080505511811023
20
0.2290464566929134
11
1.3107480314960629
21
0.2303951968503937
0
LINE
8
BLACK
6
CONTINUOUS
10
1.3107480314960629
20
0.2303951968503937
11
1.3119451968503937
21
0.2315923622047244
0
LINE
8
BLACK
6
CONTINUOUS
10
1.3119451968503937
20
0.2315923622047244
11
1.313293937007874
21
0.234289842519685
0
LINE
8
BLACK
6
CONTINUOUS
10
1.313293937007874
20
0.234289842519685
11
1.313293937007874
21
0.2403948031496063
0
LINE
8
BLACK
6
CONTINUOUS
10
1.313293937007874
20
0.2403948031496063
11
1.3119451968503937
21
0.2430922834645669
0
LINE
8
BLACK
6
CONTINUOUS
10
1.3119451968503937
20
0.2430922834645669
11
1.3107480708661416
21
0.2442894094488189
0
LINE
8
BLACK
6
CONTINUOUS
10
1.3107480708661416
20
0.2442894094488189
11
1.308050590551181
21
0.2456381496062992
0
LINE
8
BLACK
6
CONTINUOUS
10
1.308050590551181
20
0.2456381496062992
11
1.3019456299212597
21
0.2456381496062992
0
LINE
8
BLACK
6
CONTINUOUS
10
1.3019456299212597
20
0.2456381496062992
11
1.2992481496062991
21
0.2442894094488189
0
LINE
8
BLACK
6
CONTINUOUS
10
1.2992481496062991
20
0.2611622834645669
11
1.2980510236220473
21
0.259965157480315
0
LINE
8
BLACK
6
CONTINUOUS
10
1.2980510236220473
20
0.259965157480315
11
1.296702283464567
21
0.2572676771653543
0
LINE
8
BLACK
6
CONTINUOUS
10
1.296702283464567
20
0.2572676771653543
11
1.296702283464567
21
0.2567870078740158
0
LINE
8
BLACK
6
CONTINUOUS
10
1.296702283464567
20
0.2567870078740158
11
1.2980510236220473
21
0.2540895275590551
0
LINE
8
BLACK
6
CONTINUOUS
10
1.2980510236220473
20
0.2540895275590551
11
1.2992481496062991
21
0.2528924015748031
0
LINE
8
BLACK
6
CONTINUOUS
10
1.2992481496062991
20
0.2528924015748031
11
1.3019456299212597
21
0.2515436614173228
0
LINE
8
BLACK
6
CONTINUOUS
10
1.3019456299212597
20
0.2515436614173228
11
1.308050590551181
21
0.2515436614173228
0
LINE
8
BLACK
6
CONTINUOUS
10
1.308050590551181
20
0.2515436614173228
11
1.3107480708661416
21
0.2528924015748031
0
LINE
8
BLACK
6
CONTINUOUS
10
1.3107480708661416
20
0.2528924015748031
11
1.3119451968503937
21
0.2540895275590551
0
LINE
8
BLACK
6
CONTINUOUS
10
1.3119451968503937
20
0.2540895275590551
11
1.313293937007874
21
0.2567870078740158
0
LINE
8
BLACK
6
CONTINUOUS
10
1.313293937007874
20
0.2567870078740158
11
1.313293937007874
21
0.2572676771653543
0
LINE
8
BLACK
6
CONTINUOUS
10
1.313293937007874
20
0.2572676771653543
11
1.3119451968503937
21
0.259965157480315
0
LINE
8
BLACK
6
CONTINUOUS
10
1.3119451968503937
20
0.259965157480315
11
1.3107480708661416
21
0.2611622834645669
0
LINE
8
BLACK
6
CONTINUOUS
10
1.3107480708661416
20
0.2611622834645669
11
1.308050590551181
21
0.2625110236220473
0
LINE
8
BLACK
6
CONTINUOUS
10
1.308050590551181
20
0.2625110236220473
11
1.3019456299212597
21
0.2625110236220473
0
LINE
8
BLACK
6
CONTINUOUS
10
1.3019456299212597
20
0.2625110236220473
11
1.2992481496062991
21
0.2611622834645669
0
LINE
8
BLACK
6
CONTINUOUS
10
1.5582260236220473
20
0.6519599212598425
11
1.5583552755905512
21
0.651982716535433
0
LINE
8
BLACK
6
CONTINUOUS
10
1.5583552755905512
20
0.651982716535433
11
1.5584688582677164
21
0.6519170866141732
0
LINE
8
BLACK
6
CONTINUOUS
10
1.5584688582677164
20
0.6519170866141732
11
1.5588524409448818
21
0.6518494881889764
0
LINE
8
BLACK
6
CONTINUOUS
10
1.5588524409448818
20
0.6518494881889764
11
1.5594401181102362
21
0.6513563385826772
0
LINE
8
BLACK
6
CONTINUOUS
10
1.5594401181102362
20
0.6513563385826772
11
1.5601044488188975
21
0.6509727952755905
0
LINE
8
BLACK
6
CONTINUOUS
10
1.5601044488188975
20
0.6509727952755905
11
1.5601955511811023
21
0.6507224409448819
0
LINE
8
BLACK
6
CONTINUOUS
10
1.5601955511811023
20
0.6507224409448819
11
1.56039968503937
21
0.6505511811023622
0
LINE
8
BLACK
6
CONTINUOUS
10
1.56039968503937
20
0.6505511811023622
11
1.5605329133858268
21
0.6497955905511811
0
LINE
8
BLACK
6
CONTINUOUS
10
1.5605329133858268
20
0.6497955905511811
11
1.5607952755905512
21
0.6490748031496063
0
LINE
8
BLACK
6
CONTINUOUS
10
1.5607952755905512
20
0.6490748031496063
11
1.5607952755905512
21
-0.0635236220472441
0
LINE
8
BLACK
6
CONTINUOUS
10
1.5607952755905512
20
-0.0635236220472441
11
1.5607276377952755
21
-0.063907125984252
0
LINE
8
BLACK
6
CONTINUOUS
10
1.5607276377952755
20
-0.063907125984252
11
1.5607504330708661
21
-0.0640363779527559
0
LINE
8
BLACK
6
CONTINUOUS
10
1.5607504330708661
20
-0.0640363779527559
11
1.5606848031496063
21
-0.0641499606299213
0
LINE
8
BLACK
6
CONTINUOUS
10
1.5606848031496063
20
-0.0641499606299213
11
1.5606172047244093
21
-0.0645335433070866
0
LINE
8
BLACK
6
CONTINUOUS
10
1.5606172047244093
20
-0.0645335433070866
11
1.5601240551181101
21
-0.0651212204724409
0
LINE
8
BLACK
6
CONTINUOUS
10
1.5601240551181101
20
-0.0651212204724409
11
1.5597405118110237
21
-0.0657855511811024
0
LINE
8
BLACK
6
CONTINUOUS
10
1.5597405118110237
20
-0.0657855511811024
11
1.5594901574803148
21
-0.0658766535433071
0
LINE
8
BLACK
6
CONTINUOUS
10
1.5594901574803148
20
-0.0658766535433071
11
1.5593188976377952
21
-0.0660807874015748
0
LINE
8
BLACK
6
CONTINUOUS
10
1.5593188976377952
20
-0.0660807874015748
11
1.5585633070866141
21
-0.0662140157480315
0
LINE
8
BLACK
6
CONTINUOUS
10
1.5585633070866141
20
-0.0662140157480315
11
1.5578425196850394
21
-0.0664763779527559
0
LINE
8
BLACK
6
CONTINUOUS
10
1.5578425196850394
20
-0.0664763779527559
11
1.0381574803149607
21
-0.0664763779527559
0
LINE
8
BLACK
6
CONTINUOUS
10
1.0381574803149607
20
-0.0664763779527559
11
1.037773937007874
21
-0.0664087401574803
0
LINE
8
BLACK
6
CONTINUOUS
10
1.037773937007874
20
-0.0664087401574803
11
1.0376447244094489
21
-0.0664315354330709
0
LINE
8
BLACK
6
CONTINUOUS
10
1.0376447244094489
20
-0.0664315354330709
11
1.0375311023622047
21
-0.066365905511811
0
LINE
8
BLACK
6
CONTINUOUS
10
1.0375311023622047
20
-0.066365905511811
11
1.037147559055118
21
-0.0662983070866142
0
LINE
8
BLACK
6
CONTINUOUS
10
1.037147559055118
20
-0.0662983070866142
11
1.0365598425196849
21
-0.065805157480315
0
LINE
8
BLACK
6
CONTINUOUS
10
1.0365598425196849
20
-0.065805157480315
11
1.0358955511811023
21
-0.0654216141732284
0
LINE
8
BLACK
6
CONTINUOUS
10
1.0358955511811023
20
-0.0654216141732284
11
1.0358044094488188
21
-0.0651712598425197
0
LINE
8
BLACK
6
CONTINUOUS
10
1.0358044094488188
20
-0.0651712598425197
11
1.0356003149606299
21
-0.065
0
LINE
8
BLACK
6
CONTINUOUS
10
1.0356003149606299
20
-0.065
11
1.0354670472440946
21
-0.0642444094488189
0
LINE
8
BLACK
6
CONTINUOUS
10
1.0354670472440946
20
-0.0642444094488189
11
1.0352047244094489
21
-0.0635236220472441
0
LINE
8
BLACK
6
CONTINUOUS
10
1.0352047244094489
20
-0.0635236220472441
11
1.0352047244094489
21
0.6490748031496063
0
LINE
8
BLACK
6
CONTINUOUS
10
1.0352047244094489
20
0.6490748031496063
11
1.0352723228346457
21
0.6494583070866141
0
LINE
8
BLACK
6
CONTINUOUS
10
1.0352723228346457
20
0.6494583070866141
11
1.0352495669291337
21
0.6495875590551181
0
LINE
8
BLACK
6
CONTINUOUS
10
1.0352495669291337
20
0.6495875590551181
11
1.035315157480315
21
0.6497011417322834
0
LINE
8
BLACK
6
CONTINUOUS
10
1.035315157480315
20
0.6497011417322834
11
1.0353827952755905
21
0.6500847244094488
0
LINE
8
BLACK
6
CONTINUOUS
10
1.0353827952755905
20
0.6500847244094488
11
1.035875905511811
21
0.6506724015748031
0
LINE
8
BLACK
6
CONTINUOUS
10
1.035875905511811
20
0.6506724015748031
11
1.0362594881889764
21
0.6513367322834646
0
LINE
8
BLACK
6
CONTINUOUS
10
1.0362594881889764
20
0.6513367322834646
11
1.0365098031496063
21
0.6514278346456692
0
LINE
8
BLACK
6
CONTINUOUS
10
1.0365098031496063
20
0.6514278346456692
11
1.0366811023622047
21
0.651631968503937
0
LINE
8
BLACK
6
CONTINUOUS
10
1.0366811023622047
20
0.651631968503937
11
1.0374366535433071
21
0.6517651968503937
0
LINE
8
BLACK
6
CONTINUOUS
10
1.0374366535433071
20
0.6517651968503937
11
1.0381574803149607
21
0.6520275590551181
0
LINE
8
BLACK
6
CONTINUOUS
10
1.0381574803149607
20
0.6520275590551181
11
1.5578425196850394
21
0.6520275590551181
0
LINE
8
BLACK
6
CONTINUOUS
10
1.5578425196850394
20
0.6520275590551181
11
1.5582260236220473
21
0.6519599212598425
0
LINE
8
BLACK
6
CONTINUOUS
10
1.0411102362204725
20
0.0122637795275591
11
1.0411102362204725
21
-0.0605708661417323
0
LINE
8
BLACK
6
CONTINUOUS
10
1.0411102362204725
20
-0.0605708661417323
11
1.5548897637795276
21
-0.0605708661417323
0
LINE
8
BLACK
6
CONTINUOUS
10
1.5548897637795276
20
-0.0605708661417323
11
1.5548897637795276
21
0.0122637795275591
0
LINE
8
BLACK
6
CONTINUOUS
10
1.5548897637795276
20
0.0122637795275591
11
1.0411102362204725
21
0.0122637795275591
0
LINE
8
BLACK
6
CONTINUOUS
10
1.0411102362204725
20
0.6461220472440945
11
1.0411102362204725
21
0.0181692913385827
0
LINE
8
BLACK
6
CONTINUOUS
10
1.0411102362204725
20
0.0181692913385827
11
1.5548897637795276
21
0.0181692913385827
0
LINE
8
BLACK
6
CONTINUOUS
10
1.5548897637795276
20
0.0181692913385827
11
1.5548897637795276
21
0.6461220472440945
0
LINE
8
BLACK
6
CONTINUOUS
10
1.5548897637795276
20
0.6461220472440945
11
1.0411102362204725
21
0.6461220472440945
0
LINE
8
BLACK
6
CONTINUOUS
10
0.18
20
0.42
11
0.12
21
0.42
0
LINE
8
BLACK
6
CONTINUOUS
10
0.12
20
0.42
11
0.12
21
0.48
0
LINE
8
BLACK
6
CONTINUOUS
10
0.12
20
0.48
11
0.18
21
0.48
0
LINE
8
BLACK
6
CONTINUOUS
10
0.18
20
0.48
11
0.18
21
0.42
0
LINE
8
BLACK
6
CONTINUOUS
10
0.28
20
0.42
11
0.22
21
0.42
0
LINE
8
BLACK
6
CONTINUOUS
10
0.22
20
0.42
11
0.22
21
0.48
0
LINE
8
BLACK
6
CONTINUOUS
10
0.22
20
0.48
11
0.28
21
0.48
0
LINE
8
BLACK
6
CONTINUOUS
10
0.28
20
0.48
11
0.28
21
0.42
0
LINE
8
BLACK
6
CONTINUOUS
10
0.18
20
0.52
11
0.12
21
0.52
0
LINE
8
BLACK
6
CONTINUOUS
10
0.12
20
0.52
11
0.12
21
0.58
0
LINE
8
BLACK
6
CONTINUOUS
10
0.12
20
0.58
11
0.18
21
0.58
0
LINE
8
BLACK
6
CONTINUOUS
10
0.18
20
0.58
11
0.18
21
0.52
0
LINE
8
BLACK
6
CONTINUOUS
10
0.28
20
0.52
11
0.22
21
0.52
0
LINE
8
BLACK
6
CONTINUOUS
10
0.22
20
0.52
11
0.22
21
0.58
0
LINE
8
BLACK
6
CONTINUOUS
10
0.22
20
0.58
11
0.28
21
0.58
0
LINE
8
BLACK
6
CONTINUOUS
10
0.28
20
0.58
11
0.28
21
0.52
0
LINE
8
BLACK
6
CONTINUOUS
10
0.18
20
0.62
11
0.12
21
0.62
0
LINE
8
BLACK
6
CONTINUOUS
10
0.12
20
0.62
11
0.12
21
0.6799999999999999
0
LINE
8
BLACK
6
CONTINUOUS
10
0.12
20
0.6799999999999999
11
0.18
21
0.6799999999999999
0
LINE
8
BLACK
6
CONTINUOUS
10
0.18
20
0.6799999999999999
11
0.18
21
0.62
0
LINE
8
BLACK
6
CONTINUOUS
10
0.28
20
0.62
11
0.22
21
0.62
0
LINE
8
BLACK
6
CONTINUOUS
10
0.22
20
0.62
11
0.22
21
0.6799999999999999
0
LINE
8
BLACK
6
CONTINUOUS
10
0.22
20
0.6799999999999999
11
0.28
21
0.6799999999999999
0
LINE
8
BLACK
6
CONTINUOUS
10
0.28
20
0.6799999999999999
11
0.28
21
0.62
0
LINE
8
BLACK
6
CONTINUOUS
10
0.18
20
0.72
11
0.12
21
0.72
0
LINE
8
BLACK
6
CONTINUOUS
10
0.12
20
0.72
11
0.12
21
0.78
0
LINE
8
BLACK
6
CONTINUOUS
10
0.12
20
0.78
11
0.18
21
0.78
0
LINE
8
BLACK
6
CONTINUOUS
10
0.18
20
0.78
11
0.18
21
0.72
0
LINE
8
BLACK
6
CONTINUOUS
10
0.28
20
0.72
11
0.22
21
0.72
0
LINE
8
BLACK
6
CONTINUOUS
10
0.22
20
0.72
11
0.22
21
0.78
0
LINE
8
BLACK
6
CONTINUOUS
10
0.22
20
0.78
11
0.28
21
0.78
0
LINE
8
BLACK
6
CONTINUOUS
10
0.28
20
0.78
11
0.28
21
0.72
0
LINE
8
BLACK
6
CONTINUOUS
10
0.3003835039370079
20
0.8028851181102362
11
0.3005127559055118
21
0.8029079133858268
0
LINE
8
BLACK
6
CONTINUOUS
10
0.3005127559055118
20
0.8029079133858268
11
0.3006263385826772
21
0.8028422834645669
0
LINE
8
BLACK
6
CONTINUOUS
10
0.3006263385826772
20
0.8028422834645669
11
0.3010099212598425
21
0.8027746850393701
0
LINE
8
BLACK
6
CONTINUOUS
10
0.3010099212598425
20
0.8027746850393701
11
0.3015975984251968
21
0.8022815354330709
0
LINE
8
BLACK
6
CONTINUOUS
10
0.3015975984251968
20
0.8022815354330709
11
0.3022619291338582
21
0.8018979921259842
0
LINE
8
BLACK
6
CONTINUOUS
10
0.3022619291338582
20
0.8018979921259842
11
0.302353031496063
21
0.8016476377952756
0
LINE
8
BLACK
6
CONTINUOUS
10
0.302353031496063
20
0.8016476377952756
11
0.3025571653543307
21
0.8014763779527558
0
LINE
8
BLACK
6
CONTINUOUS
10
0.3025571653543307
20
0.8014763779527558
11
0.3026903937007874
21
0.8007207874015748
0
LINE
8
BLACK
6
CONTINUOUS
10
0.3026903937007874
20
0.8007207874015748
11
0.3029527559055118
21
0.7999999999999999
0
LINE
8
BLACK
6
CONTINUOUS
10
0.3029527559055118
20
0.7999999999999999
11
0.3029527559055118
21
0.4
0
LINE
8
BLACK
6
CONTINUOUS
10
0.3029527559055118
20
0.4
11
0.3028851181102362
21
0.3996164566929134
0
LINE
8
BLACK
6
CONTINUOUS
10
0.3028851181102362
20
0.3996164566929134
11
0.3029079133858268
21
0.3994872440944882
0
LINE
8
BLACK
6
CONTINUOUS
10
0.3029079133858268
20
0.3994872440944882
11
0.3028422834645669
21
0.3993736220472441
0
LINE
8
BLACK
6
CONTINUOUS
10
0.3028422834645669
20
0.3993736220472441
11
0.3027746850393701
21
0.3989900787401575
0
LINE
8
BLACK
6
CONTINUOUS
10
0.3027746850393701
20
0.3989900787401575
11
0.3022815354330708
21
0.3984023622047244
0
LINE
8
BLACK
6
CONTINUOUS
10
0.3022815354330708
20
0.3984023622047244
11
0.3018979921259842
21
0.3977380708661417
0
LINE
8
BLACK
6
CONTINUOUS
10
0.3018979921259842
20
0.3977380708661417
11
0.3016476377952756
21
0.3976469291338582
0
LINE
8
BLACK
6
CONTINUOUS
10
0.3016476377952756
20
0.3976469291338582
11
0.3014763779527559
21
0.3974428346456693
0
LINE
8
BLACK
6
CONTINUOUS
10
0.3014763779527559
20
0.3974428346456693
11
0.3007207874015748
21
0.3973095669291338
0
LINE
8
BLACK
6
CONTINUOUS
10
0.3007207874015748
20
0.3973095669291338
11
0.3
21
0.3970472440944882
0
LINE
8
BLACK
6
CONTINUOUS
10
0.3
20
0.3970472440944882
11
0.1
21
0.3970472440944882
0
LINE
8
BLACK
6
CONTINUOUS
10
0.1
20
0.3970472440944882
11
0.0996164566929134
21
0.397114842519685
0
LINE
8
BLACK
6
CONTINUOUS
10
0.0996164566929134
20
0.397114842519685
11
0.0994872440944882
21
0.3970920866141732
0
LINE
8
BLACK
6
CONTINUOUS
10
0.0994872440944882
20
0.3970920866141732
11
0.0993736220472441
21
0.3971576771653543
0
LINE
8
BLACK
6
CONTINUOUS
10
0.0993736220472441
20
0.3971576771653543
11
0.0989900787401575
21
0.3972253149606299
0
LINE
8
BLACK
6
CONTINUOUS
10
0.0989900787401575
20
0.3972253149606299
11
0.0984023622047244
21
0.3977184251968504
0
LINE
8
BLACK
6
CONTINUOUS
10
0.0984023622047244
20
0.3977184251968504
11
0.0977380708661417
21
0.3981020078740157
0
LINE
8
BLACK
6
CONTINUOUS
10
0.0977380708661417
20
0.3981020078740157
11
0.0976469291338583
21
0.3983523228346457
0
LINE
8
BLACK
6
CONTINUOUS
10
0.0976469291338583
20
0.3983523228346457
11
0.0974428346456693
21
0.3985236220472441
0
LINE
8
BLACK
6
CONTINUOUS
10
0.0974428346456693
20
0.3985236220472441
11
0.0973095669291339
21
0.3992791732283464
0
LINE
8
BLACK
6
CONTINUOUS
10
0.0973095669291339
20
0.3992791732283464
11
0.0970472440944882
21
0.4
0
LINE
8
BLACK
6
CONTINUOUS
10
0.0970472440944882
20
0.4
11
0.0970472440944882
21
0.7999999999999999
0
LINE
8
BLACK
6
CONTINUOUS
10
0.0970472440944882
20
0.7999999999999999
11
0.097114842519685
21
0.8003835039370079
0
LINE
8
BLACK
6
CONTINUOUS
10
0.097114842519685
20
0.8003835039370079
11
0.0970920866141732
21
0.8005127559055117
0
LINE
8
BLACK
6
CONTINUOUS
10
0.0970920866141732
20
0.8005127559055117
11
0.0971576771653543
21
0.8006263385826772
0
LINE
8
BLACK
6
CONTINUOUS
10
0.0971576771653543
20
0.8006263385826772
11
0.0972253149606299
21
0.8010099212598425
0
LINE
8
BLACK
6
CONTINUOUS
10
0.0972253149606299
20
0.8010099212598425
11
0.0977184251968504
21
0.8015975984251968
0
LINE
8
BLACK
6
CONTINUOUS
10
0.0977184251968504
20
0.8015975984251968
11
0.0981020078740157
21
0.8022619291338583
0
LINE
8
BLACK
6
CONTINUOUS
10
0.0981020078740157
20
0.8022619291338583
11
0.0983523228346457
21
0.802353031496063
0
LINE
8
BLACK
6
CONTINUOUS
10
0.0983523228346457
20
0.802353031496063
11
0.0985236220472441
21
0.8025571653543306
0
LINE
8
BLACK
6
CONTINUOUS
10
0.0985236220472441
20
0.8025571653543306
11
0.0992791732283465
21
0.8026903937007874
0
LINE
8
BLACK
6
CONTINUOUS
10
0.0992791732283465
20
0.8026903937007874
11
0.1
21
0.8029527559055117
0
LINE
8
BLACK
6
CONTINUOUS
10
0.1
20
0.8029527559055117
11
0.3
21
0.8029527559055117
0
LINE
8
BLACK
6
CONTINUOUS
10
0.3
20
0.8029527559055117
11
0.3003835039370079
21
0.8028851181102362
0
LINE
8
BLACK
6
CONTINUOUS
10
0.1029527559055118
20
0.7970472440944881
11
0.1029527559055118
21
0.4029527559055118
0
LINE
8
BLACK
6
CONTINUOUS
10
0.1029527559055118
20
0.4029527559055118
11
0.2970472440944882
21
0.4029527559055118
0
LINE
8
BLACK
6
CONTINUOUS
10
0.2970472440944882
20
0.4029527559055118
11
0.2970472440944882
21
0.7970472440944881
0
LINE
8
BLACK
6
CONTINUOUS
10
0.2970472440944882
20
0.7970472440944881
11
0.1029527559055118
21
0.7970472440944881
0
LINE
8
BLACK
6
CONTINUOUS
10
1.78
20
0.42
11
1.72
21
0.42
0
LINE
8
BLACK
6
CONTINUOUS
10
1.72
20
0.42
11
1.72
21
0.48
0
LINE
8
BLACK
6
CONTINUOUS
10
1.72
20
0.48
11
1.78
21
0.48
0
LINE
8
BLACK
6
CONTINUOUS
10
1.78
20
0.48
11
1.78
21
0.42
0
LINE
8
BLACK
6
CONTINUOUS
10
1.8799999999999999
20
0.42
11
1.8200000000000001
21
0.42
0
LINE
8
BLACK
6
CONTINUOUS
10
1.8200000000000001
20
0.42
11
1.8200000000000001
21
0.48
0
LINE
8
BLACK
6
CONTINUOUS
10
1.8200000000000001
20
0.48
11
1.8799999999999999
21
0.48
0
LINE
8
BLACK
6
CONTINUOUS
10
1.8799999999999999
20
0.48
11
1.8799999999999999
21
0.42
0
LINE
8
BLACK
6
CONTINUOUS
10
1.78
20
0.52
11
1.72
21
0.52
0
LINE
8
BLACK
6
CONTINUOUS
10
1.72
20
0.52
11
1.72
21
0.58
0
LINE
8
BLACK
6
CONTINUOUS
10
1.72
20
0.58
11
1.78
21
0.58
0
LINE
8
BLACK
6
CONTINUOUS
10
1.78
20
0.58
11
1.78
21
0.52
0
LINE
8
BLACK
6
CONTINUOUS
10
1.8799999999999999
20
0.52
11
1.8200000000000001
21
0.52
0
LINE
8
BLACK
6
CONTINUOUS
10
1.8200000000000001
20
0.52
11
1.8200000000000001
21
0.58
0
LINE
8
BLACK
6
CONTINUOUS
10
1.8200000000000001
20
0.58
11
1.8799999999999999
21
0.58
0
LINE
8
BLACK
6
CONTINUOUS
10
1.8799999999999999
20
0.58
11
1.8799999999999999
21
0.52
0
LINE
8
BLACK
6
CONTINUOUS
10
1.78
20
0.62
11
1.72
21
0.62
0
LINE
8
BLACK
6
CONTINUOUS
10
1.72
20
0.62
11
1.72
21
0.6799999999999999
0
LINE
8
BLACK
6
CONTINUOUS
10
1.72
20
0.6799999999999999
11
1.78
21
0.6799999999999999
0
LINE
8
BLACK
6
CONTINUOUS
10
1.78
20
0.6799999999999999
11
1.78
21
0.62
0
LINE
8
BLACK
6
CONTINUOUS
10
1.8799999999999999
20
0.62
11
1.8200000000000001
21
0.62
0
LINE
8
BLACK
6
CONTINUOUS
10
1.8200000000000001
20
0.62
11
1.8200000000000001
21
0.6799999999999999
0
LINE
8
BLACK
6
CONTINUOUS
10
1.8200000000000001
20
0.6799999999999999
11
1.8799999999999999
21
0.6799999999999999
0
LINE
8
BLACK
6
CONTINUOUS
10
1.8799999999999999
20
0.6799999999999999
11
1.8799999999999999
21
0.62
0
LINE
8
BLACK
6
CONTINUOUS
10
1.78
20
0.72
11
1.72
21
0.72
0
LINE
8
BLACK
6
CONTINUOUS
10
1.72
20
0.72
11
1.72
21
0.78
0
LINE
8
BLACK
6
CONTINUOUS
10
1.72
20
0.78
11
1.78
21
0.78
0
LINE
8
BLACK
6
CONTINUOUS
10
1.78
20
0.78
11
1.78
21
0.72
0
LINE
8
BLACK
6
CONTINUOUS
10
1.8799999999999999
20
0.72
11
1.8200000000000001
21
0.72
0
LINE
8
BLACK
6
CONTINUOUS
10
1.8200000000000001
20
0.72
11
1.8200000000000001
21
0.78
0
LINE
8
BLACK
6
CONTINUOUS
10
1.8200000000000001
20
0.78
11
1.8799999999999999
21
0.78
0
LINE
8
BLACK
6
CONTINUOUS
10
1.8799999999999999
20
0.78
11
1.8799999999999999
21
0.72
0
LINE
8
BLACK
6
CONTINUOUS
10
1.9003835039370078
20
0.8028851181102362
11
1.9005127559055117
21
0.8029079133858268
0
LINE
8
BLACK
6
CONTINUOUS
10
1.9005127559055117
20
0.8029079133858268
11
1.9006263385826772
21
0.8028422834645669
0
LINE
8
BLACK
6
CONTINUOUS
10
1.9006263385826772
20
0.8028422834645669
11
1.9010099212598426
21
0.8027746850393701
0
LINE
8
BLACK
6
CONTINUOUS
10
1.9010099212598426
20
0.8027746850393701
11
1.9015975984251967
21
0.8022815354330709
0
LINE
8
BLACK
6
CONTINUOUS
10
1.9015975984251967
20
0.8022815354330709
11
1.9022619291338583
21
0.8018979921259842
0
LINE
8
BLACK
6
CONTINUOUS
10
1.9022619291338583
20
0.8018979921259842
11
1.9023530314960631
21
0.8016476377952756
0
LINE
8
BLACK
6
CONTINUOUS
10
1.9023530314960631
20
0.8016476377952756
11
1.9025571653543307
21
0.8014763779527558
0
LINE
8
BLACK
6
CONTINUOUS
10
1.9025571653543307
20
0.8014763779527558
11
1.9026903937007873
21
0.8007207874015748
0
LINE
8
BLACK
6
CONTINUOUS
10
1.9026903937007873
20
0.8007207874015748
11
1.9029527559055117
21
0.7999999999999999
0
LINE
8
BLACK
6
CONTINUOUS
10
1.9029527559055117
20
0.7999999999999999
11
1.9029527559055117
21
0.7
0
LINE
8
BLACK
6
CONTINUOUS
10
1.9029527559055117
20
0.7
11
1.9029527559055117
21
0.6
0
LINE
8
BLACK
6
CONTINUOUS
10
1.9029527559055117
20
0.6
11
1.9029527559055117
21
0.5
0
LINE
8
BLACK
6
CONTINUOUS
10
1.9029527559055117
20
0.5
11
1.9029527559055117
21
0.4
0
LINE
8
BLACK
6
CONTINUOUS
10
1.9029527559055117
20
0.4
11
1.9028851181102362
21
0.3996164566929134
0
LINE
8
BLACK
6
CONTINUOUS
10
1.9028851181102362
20
0.3996164566929134
11
1.9029079133858267
21
0.3994872440944882
0
LINE
8
BLACK
6
CONTINUOUS
10
1.9029079133858267
20
0.3994872440944882
11
1.9028422834645669
21
0.3993736220472441
0
LINE
8
BLACK
6
CONTINUOUS
10
1.9028422834645669
20
0.3993736220472441
11
1.9027746850393701
21
0.3989900787401575
0
LINE
8
BLACK
6
CONTINUOUS
10
1.9027746850393701
20
0.3989900787401575
11
1.9022815354330709
21
0.3984023622047244
0
LINE
8
BLACK
6
CONTINUOUS
10
1.9022815354330709
20
0.3984023622047244
11
1.9018979921259842
21
0.3977380708661417
0
LINE
8
BLACK
6
CONTINUOUS
10
1.9018979921259842
20
0.3977380708661417
11
1.9016476377952756
21
0.3976469291338582
0
LINE
8
BLACK
6
CONTINUOUS
10
1.9016476377952756
20
0.3976469291338582
11
1.9014763779527559
21
0.3974428346456693
0
LINE
8
BLACK
6
CONTINUOUS
10
1.9014763779527559
20
0.3974428346456693
11
1.9007207874015748
21
0.3973095669291338
0
LINE
8
BLACK
6
CONTINUOUS
10
1.9007207874015748
20
0.3973095669291338
11
1.8999999999999999
21
0.3970472440944882
0
LINE
8
BLACK
6
CONTINUOUS
10
1.8999999999999999
20
0.3970472440944882
11
1.7
21
0.3970472440944882
0
LINE
8
BLACK
6
CONTINUOUS
10
1.7
20
0.3970472440944882
11
1.6996164566929133
21
0.397114842519685
0
LINE
8
BLACK
6
CONTINUOUS
10
1.6996164566929133
20
0.397114842519685
11
1.6994872440944881
21
0.3970920866141732
0
LINE
8
BLACK
6
CONTINUOUS
10
1.6994872440944881
20
0.3970920866141732
11
1.699373622047244
21
0.3971576771653543
0
LINE
8
BLACK
6
CONTINUOUS
10
1.699373622047244
20
0.3971576771653543
11
1.6989900787401575
21
0.3972253149606299
0
LINE
8
BLACK
6
CONTINUOUS
10
1.6989900787401575
20
0.3972253149606299
11
1.6984023622047244
21
0.3977184251968504
0
LINE
8
BLACK
6
CONTINUOUS
10
1.6984023622047244
20
0.3977184251968504
11
1.6977380708661416
21
0.3981020078740157
0
LINE
8
BLACK
6
CONTINUOUS
10
1.6977380708661416
20
0.3981020078740157
11
1.6976469291338583
21
0.3983523228346457
0
LINE
8
BLACK
6
CONTINUOUS
10
1.6976469291338583
20
0.3983523228346457
11
1.6974428346456694
21
0.3985236220472441
0
LINE
8
BLACK
6
CONTINUOUS
10
1.6974428346456694
20
0.3985236220472441
11
1.6973095669291338
21
0.3992791732283464
0
LINE
8
BLACK
6
CONTINUOUS
10
1.6973095669291338
20
0.3992791732283464
11
1.6970472440944881
21
0.4
0
LINE
8
BLACK
6
CONTINUOUS
10
1.6970472440944881
20
0.4
11
1.6970472440944881
21
0.5
0
LINE
8
BLACK
6
CONTINUOUS
10
1.6970472440944881
20
0.5
11
1.6970472440944881
21
0.6
0
LINE
8
BLACK
6
CONTINUOUS
10
1.6970472440944881
20
0.6
11
1.6970472440944881
21
0.7
0
LINE
8
BLACK
6
CONTINUOUS
10
1.6970472440944881
20
0.7
11
1.6970472440944881
21
0.7999999999999999
0
LINE
8
BLACK
6
CONTINUOUS
10
1.6970472440944881
20
0.7999999999999999
11
1.6971148425196849
21
0.8003835039370079
0
LINE
8
BLACK
6
CONTINUOUS
10
1.6971148425196849
20
0.8003835039370079
11
1.6970920866141732
21
0.8005127559055117
0
LINE
8
BLACK
6
CONTINUOUS
10
1.6970920866141732
20
0.8005127559055117
11
1.6971576771653543
21
0.8006263385826772
0
LINE
8
BLACK
6
CONTINUOUS
10
1.6971576771653543
20
0.8006263385826772
11
1.6972253149606298
21
0.8010099212598425
0
LINE
8
BLACK
6
CONTINUOUS
10
1.6972253149606298
20
0.8010099212598425
11
1.6977184251968505
21
0.8015975984251968
0
LINE
8
BLACK
6
CONTINUOUS
10
1.6977184251968505
20
0.8015975984251968
11
1.6981020078740157
21
0.8022619291338583
0
LINE
8
BLACK
6
CONTINUOUS
10
1.6981020078740157
20
0.8022619291338583
11
1.6983523228346455
21
0.802353031496063
0
LINE
8
BLACK
6
CONTINUOUS
10
1.6983523228346455
20
0.802353031496063
11
1.6985236220472442
21
0.8025571653543306
0
LINE
8
BLACK
6
CONTINUOUS
10
1.6985236220472442
20
0.8025571653543306
11
1.6992791732283463
21
0.8026903937007874
0
LINE
8
BLACK
6
CONTINUOUS
10
1.6992791732283463
20
0.8026903937007874
11
1.7
21
0.8029527559055117
0
LINE
8
BLACK
6
CONTINUOUS
10
1.7
20
0.8029527559055117
11
1.8999999999999999
21
0.8029527559055117
0
LINE
8
BLACK
6
CONTINUOUS
10
1.8999999999999999
20
0.8029527559055117
11
1.9003835039370078
21
0.8028851181102362
0
LINE
8
BLACK
6
CONTINUOUS
10
1.7029527559055118
20
0.4970472440944882
11
1.7029527559055118
21
0.4029527559055118
0
LINE
8
BLACK
6
CONTINUOUS
10
1.7029527559055118
20
0.4029527559055118
11
1.8970472440944881
21
0.4029527559055118
0
LINE
8
BLACK
6
CONTINUOUS
10
1.8970472440944881
20
0.4029527559055118
11
1.8970472440944881
21
0.4970472440944882
0
LINE
8
BLACK
6
CONTINUOUS
10
1.8970472440944881
20
0.4970472440944882
11
1.7029527559055118
21
0.4970472440944882
0
LINE
8
BLACK
6
CONTINUOUS
10
1.7029527559055118
20
0.5970472440944882
11
1.7029527559055118
21
0.5029527559055118
0
LINE
8
BLACK
6
CONTINUOUS
10
1.7029527559055118
20
0.5029527559055118
11
1.8970472440944881
21
0.5029527559055118
0
LINE
8
BLACK
6
CONTINUOUS
10
1.8970472440944881
20
0.5029527559055118
11
1.8970472440944881
21
0.5970472440944882
0
LINE
8
BLACK
6
CONTINUOUS
10
1.8970472440944881
20
0.5970472440944882
11
1.7029527559055118
21
0.5970472440944882
0
LINE
8
BLACK
6
CONTINUOUS
10
1.7029527559055118
20
0.6970472440944881
11
1.7029527559055118
21
0.6029527559055118
0
LINE
8
BLACK
6
CONTINUOUS
10
1.7029527559055118
20
0.6029527559055118
11
1.8970472440944881
21
0.6029527559055118
0
LINE
8
BLACK
6
CONTINUOUS
10
1.8970472440944881
20
0.6029527559055118
11
1.8970472440944881
21
0.6970472440944881
0
LINE
8
BLACK
6
CONTINUOUS
10
1.8970472440944881
20
0.6970472440944881
11
1.7029527559055118
21
0.6970472440944881
0
LINE
8
BLACK
6
CONTINUOUS
10
1.7029527559055118
20
0.7970472440944881
11
1.7029527559055118
21
0.7029527559055118
0
LINE
8
BLACK
6
CONTINUOUS
10
1.7029527559055118
20
0.7029527559055118
11
1.8970472440944881
21
0.7029527559055118
0
LINE
8
BLACK
6
CONTINUOUS
10
1.8970472440944881
20
0.7029527559055118
11
1.8970472440944881
21
0.7970472440944881
0
LINE
8
BLACK
6
CONTINUOUS
10
1.8970472440944881
20
0.7970472440944881
11
1.7029527559055118
21
0.7970472440944881
0
LINE
8
BLACK
6
CONTINUOUS
10
1.6572879133858267
20
0.4861575984251968
11
1.6598389763779526
21
0.4844732677165354
0
LINE
8
BLACK
6
CONTINUOUS
10
1.6598389763779526
20
0.4844732677165354
11
1.6612060629921259
21
0.481739094488189
0
LINE
8
BLACK
6
CONTINUOUS
10
1.6612060629921259
20
0.481739094488189
11
1.6610229133858267
21
0.4786876377952756
0
LINE
8
BLACK
6
CONTINUOUS
10
1.6610229133858267
20
0.4786876377952756
11
1.6514279527559055
21
0.4499026771653543
0
LINE
8
BLACK
6
CONTINUOUS
10
1.6514279527559055
20
0.4499026771653543
11
1.661700905511811
21
0.4499026771653543
0
LINE
8
BLACK
6
CONTINUOUS
10
1.661700905511811
20
0.4499026771653543
11
1.661700905511811
21
0.4610575196850394
0
LINE
8
BLACK
6
CONTINUOUS
10
1.661700905511811
20
0.4610575196850394
11
1.6624920866141732
21
0.4640102755905512
0
LINE
8
BLACK
6
CONTINUOUS
10
1.6624920866141732
20
0.4640102755905512
11
1.6646536614173228
21
0.4661718503937008
0
LINE
8
BLACK
6
CONTINUOUS
10
1.6646536614173228
20
0.4661718503937008
11
1.6676064173228347
21
0.466963031496063
0
LINE
8
BLACK
6
CONTINUOUS
10
1.6676064173228347
20
0.466963031496063
11
1.6705591732283465
21
0.4661718503937008
0
LINE
8
BLACK
6
CONTINUOUS
10
1.6705591732283465
20
0.4661718503937008
11
1.6727207480314961
21
0.4640102755905512
0
LINE
8
BLACK
6
CONTINUOUS
10
1.6727207480314961
20
0.4640102755905512
11
1.6735119291338583
21
0.4610575196850394
0
LINE
8
BLACK
6
CONTINUOUS
10
1.6735119291338583
20
0.4610575196850394
11
1.6735119291338583
21
0.4499026771653543
0
LINE
8
BLACK
6
CONTINUOUS
10
1.6735119291338583
20
0.4499026771653543
11
1.6749179921259842
21
0.4499026771653543
0
LINE
8
BLACK
6
CONTINUOUS
10
1.6749179921259842
20
0.4499026771653543
11
1.6778707480314961
21
0.4491114960629921
0
LINE
8
BLACK
6
CONTINUOUS
10
1.6778707480314961
20
0.4491114960629921
11
1.6800323228346457
21
0.4469499212598425
0
LINE
8
BLACK
6
CONTINUOUS
10
1.6800323228346457
20
0.4469499212598425
11
1.6808235039370079
21
0.4439971653543307
0
LINE
8
BLACK
6
CONTINUOUS
10
1.6808235039370079
20
0.4439971653543307
11
1.6800323228346457
21
0.4410444094488189
0
LINE
8
BLACK
6
CONTINUOUS
10
1.6800323228346457
20
0.4410444094488189
11
1.6778707480314961
21
0.4388828346456693
0
LINE
8
BLACK
6
CONTINUOUS
10
1.6778707480314961
20
0.4388828346456693
11
1.6749179921259842
21
0.4380916535433071
0
LINE
8
BLACK
6
CONTINUOUS
10
1.6749179921259842
20
0.4380916535433071
11
1.6735119291338583
21
0.4380916535433071
0
LINE
8
BLACK
6
CONTINUOUS
10
1.6735119291338583
20
0.4380916535433071
11
1.6735119291338583
21
0.426936811023622
0
LINE
8
BLACK
6
CONTINUOUS
10
1.6735119291338583
20
0.426936811023622
11
1.6727207480314961
21
0.4239840551181102
0
LINE
8
BLACK
6
CONTINUOUS
10
1.6727207480314961
20
0.4239840551181102
11
1.6705591732283465
21
0.4218224803149606
0
LINE
8
BLACK
6
CONTINUOUS
10
1.6705591732283465
20
0.4218224803149606
11
1.6676064173228347
21
0.4210312992125984
0
LINE
8
BLACK
6
CONTINUOUS
10
1.6676064173228347
20
0.4210312992125984
11
1.6646536614173228
21
0.4218224803149606
0
LINE
8
BLACK
6
CONTINUOUS
10
1.6646536614173228
20
0.4218224803149606
11
1.6624920866141732
21
0.4239840551181102
0
LINE
8
BLACK
6
CONTINUOUS
10
1.6624920866141732
20
0.4239840551181102
11
1.661700905511811
21
0.426936811023622
0
LINE
8
BLACK
6
CONTINUOUS
10
1.661700905511811
20
0.426936811023622
11
1.661700905511811
21
0.4380916535433071
0
LINE
8
BLACK
6
CONTINUOUS
10
1.661700905511811
20
0.4380916535433071
11
1.6432344881889764
21
0.4380916535433071
0
LINE
8
BLACK
6
CONTINUOUS
10
1.6432344881889764
20
0.4380916535433071
11
1.6423161417322834
21
0.4383376771653543
0
LINE
8
BLACK
6
CONTINUOUS
10
1.6423161417322834
20
0.4383376771653543
11
1.6413670078740157
21
0.4383946850393701
0
LINE
8
BLACK
6
CONTINUOUS
10
1.6413670078740157
20
0.4383946850393701
11
1.6408639370078739
21
0.438726811023622
0
LINE
8
BLACK
6
CONTINUOUS
10
1.6408639370078739
20
0.438726811023622
11
1.6402817322834646
21
0.4388828346456693
0
LINE
8
BLACK
6
CONTINUOUS
10
1.6402817322834646
20
0.4388828346456693
11
1.6396094094488189
21
0.4395551181102362
0
LINE
8
BLACK
6
CONTINUOUS
10
1.6396094094488189
20
0.4395551181102362
11
1.6388159842519685
21
0.4400790157480315
0
LINE
8
BLACK
6
CONTINUOUS
10
1.6388159842519685
20
0.4400790157480315
11
1.6385463779527558
21
0.4406181496062992
0
LINE
8
BLACK
6
CONTINUOUS
10
1.6385463779527558
20
0.4406181496062992
11
1.638120157480315
21
0.4410444094488189
0
LINE
8
BLACK
6
CONTINUOUS
10
1.638120157480315
20
0.4410444094488189
11
1.6378740551181101
21
0.4419627952755905
0
LINE
8
BLACK
6
CONTINUOUS
10
1.6378740551181101
20
0.4419627952755905
11
1.6374488582677165
21
0.4428132283464567
0
LINE
8
BLACK
6
CONTINUOUS
10
1.6374488582677165
20
0.4428132283464567
11
1.6374849606299213
21
0.4434149606299213
0
LINE
8
BLACK
6
CONTINUOUS
10
1.6374849606299213
20
0.4434149606299213
11
1.6373289763779528
21
0.4439971653543307
0
LINE
8
BLACK
6
CONTINUOUS
10
1.6373289763779528
20
0.4439971653543307
11
1.637575
21
0.4449154724409449
0
LINE
8
BLACK
6
CONTINUOUS
10
1.637575
20
0.4449154724409449
11
1.6376320078740156
21
0.4458646456692913
0
LINE
8
BLACK
6
CONTINUOUS
10
1.6376320078740156
20
0.4458646456692913
11
1.6498179921259841
21
0.4824225984251969
0
LINE
8
BLACK
6
CONTINUOUS
10
1.6498179921259841
20
0.4824225984251969
11
1.651502283464567
21
0.4849736614173228
0
LINE
8
BLACK
6
CONTINUOUS
10
1.651502283464567
20
0.4849736614173228
11
1.6542364960629921
21
0.4863407480314961
0
LINE
8
BLACK
6
CONTINUOUS
10
1.6542364960629921
20
0.4863407480314961
11
1.6572879133858267
21
0.4861575984251968
0
LINE
8
BLACK
6
CONTINUOUS
10
1.6730442519685038
20
0.5838724409448819
11
1.6736264566929133
21
0.5839112598425197
0
LINE
8
BLACK
6
CONTINUOUS
10
1.6736264566929133
20
0.5839112598425197
11
1.6744967716535433
21
0.5834832283464567
0
LINE
8
BLACK
6
CONTINUOUS
10
1.6744967716535433
20
0.5834832283464567
11
1.6754335826771654
21
0.5832322440944882
0
LINE
8
BLACK
6
CONTINUOUS
10
1.6754335826771654
20
0.5832322440944882
11
1.6758461023622047
21
0.5828196850393701
0
LINE
8
BLACK
6
CONTINUOUS
10
1.6758461023622047
20
0.5828196850393701
11
1.6763696456692914
21
0.5825622440944882
0
LINE
8
BLACK
6
CONTINUOUS
10
1.6763696456692914
20
0.5825622440944882
11
1.6769093307086613
21
0.5817564566929134
0
LINE
8
BLACK
6
CONTINUOUS
10
1.6769093307086613
20
0.5817564566929134
11
1.677595157480315
21
0.5810706692913385
0
LINE
8
BLACK
6
CONTINUOUS
10
1.677595157480315
20
0.5810706692913385
11
1.6777461023622047
21
0.5805071653543307
0
LINE
8
BLACK
6
CONTINUOUS
10
1.6777461023622047
20
0.5805071653543307
11
1.6780708267716535
21
0.5800224409448819
0
LINE
8
BLACK
6
CONTINUOUS
10
1.6780708267716535
20
0.5800224409448819
11
1.67813531496063
21
0.5790546062992126
0
LINE
8
BLACK
6
CONTINUOUS
10
1.67813531496063
20
0.5790546062992126
11
1.6783863385826772
21
0.5781179133858267
0
LINE
8
BLACK
6
CONTINUOUS
10
1.6783863385826772
20
0.5781179133858267
11
1.6782353543307087
21
0.5775544488188976
0
LINE
8
BLACK
6
CONTINUOUS
10
1.6782353543307087
20
0.5775544488188976
11
1.6782741732283464
21
0.576972283464567
0
LINE
8
BLACK
6
CONTINUOUS
10
1.6782741732283464
20
0.576972283464567
11
1.6778461417322834
21
0.5761019291338583
0
LINE
8
BLACK
6
CONTINUOUS
10
1.6778461417322834
20
0.5761019291338583
11
1.677595157480315
21
0.5751651574803149
0
LINE
8
BLACK
6
CONTINUOUS
10
1.677595157480315
20
0.5751651574803149
11
1.6771825984251969
21
0.5747525984251969
0
LINE
8
BLACK
6
CONTINUOUS
10
1.6771825984251969
20
0.5747525984251969
11
1.676925157480315
21
0.5742290944881889
0
LINE
8
BLACK
6
CONTINUOUS
10
1.676925157480315
20
0.5742290944881889
11
1.6671234645669291
21
0.5630271653543307
0
LINE
8
BLACK
6
CONTINUOUS
10
1.6671234645669291
20
0.5630271653543307
11
1.6702474803149605
21
0.5614651968503936
0
LINE
8
BLACK
6
CONTINUOUS
10
1.6702474803149605
20
0.5614651968503936
11
1.6709588582677164
21
0.5608343307086614
0
LINE
8
BLACK
6
CONTINUOUS
10
1.6709588582677164
20
0.5608343307086614
11
1.6717822440944881
21
0.5603589763779527
0
LINE
8
BLACK
6
CONTINUOUS
10
1.6717822440944881
20
0.5603589763779527
11
1.6742194488188975
21
0.5579217716535433
0
LINE
8
BLACK
6
CONTINUOUS
10
1.6742194488188975
20
0.5579217716535433
11
1.674694842519685
21
0.5570983070866141
0
LINE
8
BLACK
6
CONTINUOUS
10
1.674694842519685
20
0.5570983070866141
11
1.6753256692913385
21
0.556386968503937
0
LINE
8
BLACK
6
CONTINUOUS
10
1.6753256692913385
20
0.556386968503937
11
1.677762874015748
21
0.5515125984251968
0
LINE
8
BLACK
6
CONTINUOUS
10
1.677762874015748
20
0.5515125984251968
11
1.6780349999999999
21
0.5501826377952755
0
LINE
8
BLACK
6
CONTINUOUS
10
1.6780349999999999
20
0.5501826377952755
11
1.6783863385826772
21
0.5488715748031496
0
LINE
8
BLACK
6
CONTINUOUS
10
1.6783863385826772
20
0.5488715748031496
11
1.6783863385826772
21
0.536685590551181
0
LINE
8
BLACK
6
CONTINUOUS
10
1.6783863385826772
20
0.536685590551181
11
1.6780349999999999
21
0.5353744881889764
0
LINE
8
BLACK
6
CONTINUOUS
10
1.6780349999999999
20
0.5353744881889764
11
1.677762874015748
21
0.5340445669291338
0
LINE
8
BLACK
6
CONTINUOUS
10
1.677762874015748
20
0.5340445669291338
11
1.6753256692913385
21
0.5291701574803149
0
LINE
8
BLACK
6
CONTINUOUS
10
1.6753256692913385
20
0.5291701574803149
11
1.6746948031496063
21
0.5284587401574803
0
LINE
8
BLACK
6
CONTINUOUS
10
1.6746948031496063
20
0.5284587401574803
11
1.6742194094488188
21
0.5276353149606299
0
LINE
8
BLACK
6
CONTINUOUS
10
1.6742194094488188
20
0.5276353149606299
11
1.6717822047244093
21
0.5251981496062992
0
LINE
8
BLACK
6
CONTINUOUS
10
1.6717822047244093
20
0.5251981496062992
11
1.6709588582677164
21
0.5247227952755905
0
LINE
8
BLACK
6
CONTINUOUS
10
1.6709588582677164
20
0.5247227952755905
11
1.6702474803149605
21
0.524091968503937
0
LINE
8
BLACK
6
CONTINUOUS
10
1.6702474803149605
20
0.524091968503937
11
1.6653730708661416
21
0.5216547637795276
0
LINE
8
BLACK
6
CONTINUOUS
10
1.6653730708661416
20
0.5216547637795276
11
1.6640431102362205
21
0.5213825984251969
0
LINE
8
BLACK
6
CONTINUOUS
10
1.6640431102362205
20
0.5213825984251969
11
1.6627320472440945
21
0.5210312992125984
0
LINE
8
BLACK
6
CONTINUOUS
10
1.6627320472440945
20
0.5210312992125984
11
1.6481088582677166
21
0.5210312992125984
0
LINE
8
BLACK
6
CONTINUOUS
10
1.6481088582677166
20
0.5210312992125984
11
1.6467977559055118
21
0.5213825984251969
0
LINE
8
BLACK
6
CONTINUOUS
10
1.6467977559055118
20
0.5213825984251969
11
1.6454678346456693
21
0.5216547637795276
0
LINE
8
BLACK
6
CONTINUOUS
10
1.6454678346456693
20
0.5216547637795276
11
1.6405934645669291
21
0.524091968503937
0
LINE
8
BLACK
6
CONTINUOUS
10
1.6405934645669291
20
0.524091968503937
11
1.6398820866141732
21
0.5247227559055118
0
LINE
8
BLACK
6
CONTINUOUS
10
1.6398820866141732
20
0.5247227559055118
11
1.6390587007874016
21
0.5251981496062992
0
LINE
8
BLACK
6
CONTINUOUS
10
1.6390587007874016
20
0.5251981496062992
11
1.6366214960629921
21
0.5276353149606299
0
LINE
8
BLACK
6
CONTINUOUS
10
1.6366214960629921
20
0.5276353149606299
11
1.6350929921259842
21
0.5302826771653543
0
LINE
8
BLACK
6
CONTINUOUS
10
1.6350929921259842
20
0.5302826771653543
11
1.6350929921259842
21
0.5333396062992126
0
LINE
8
BLACK
6
CONTINUOUS
10
1.6350929921259842
20
0.5333396062992126
11
1.6366214173228346
21
0.535986968503937
0
LINE
8
BLACK
6
CONTINUOUS
10
1.6366214173228346
20
0.535986968503937
11
1.6392687795275591
21
0.5375154724409449
0
LINE
8
BLACK
6
CONTINUOUS
10
1.6392687795275591
20
0.5375154724409449
11
1.6423257086614174
21
0.5375154724409449
0
LINE
8
BLACK
6
CONTINUOUS
10
1.6423257086614174
20
0.5375154724409449
11
1.6449730708661416
21
0.5359870472440945
0
LINE
8
BLACK
6
CONTINUOUS
10
1.6449730708661416
20
0.5359870472440945
11
1.6467326377952756
21
0.5342274803149606
0
LINE
8
BLACK
6
CONTINUOUS
10
1.6467326377952756
20
0.5342274803149606
11
1.6495029921259843
21
0.5328423228346456
0
LINE
8
BLACK
6
CONTINUOUS
10
1.6495029921259843
20
0.5328423228346456
11
1.6613379527559056
21
0.5328423228346456
0
LINE
8
BLACK
6
CONTINUOUS
10
1.6613379527559056
20
0.5328423228346456
11
1.6641082283464566
21
0.5342274803149606
0
LINE
8
BLACK
6
CONTINUOUS
10
1.6641082283464566
20
0.5342274803149606
11
1.665190157480315
21
0.5353093700787401
0
LINE
8
BLACK
6
CONTINUOUS
10
1.665190157480315
20
0.5353093700787401
11
1.6665753149606299
21
0.5380796850393701
0
LINE
8
BLACK
6
CONTINUOUS
10
1.6665753149606299
20
0.5380796850393701
11
1.6665753149606299
21
0.5474774409448819
0
LINE
8
BLACK
6
CONTINUOUS
10
1.6665753149606299
20
0.5474774409448819
11
1.665190157480315
21
0.5502477559055118
0
LINE
8
BLACK
6
CONTINUOUS
10
1.665190157480315
20
0.5502477559055118
11
1.664108188976378
21
0.5513296850393701
0
LINE
8
BLACK
6
CONTINUOUS
10
1.664108188976378
20
0.5513296850393701
11
1.6613379527559056
21
0.5527148425196851
0
LINE
8
BLACK
6
CONTINUOUS
10
1.6613379527559056
20
0.5527148425196851
11
1.6554204330708662
21
0.5527148425196851
0
LINE
8
BLACK
6
CONTINUOUS
10
1.6554204330708662
20
0.5527148425196851
11
1.6548569685039369
21
0.5528657874015748
0
LINE
8
BLACK
6
CONTINUOUS
10
1.6548569685039369
20
0.5528657874015748
11
1.6542748031496062
21
0.5528270078740157
0
LINE
8
BLACK
6
CONTINUOUS
10
1.6542748031496062
20
0.5528270078740157
11
1.6534044488188977
21
0.5532549999999999
0
LINE
8
BLACK
6
CONTINUOUS
10
1.6534044488188977
20
0.5532549999999999
11
1.6524676771653544
21
0.5535060236220473
0
LINE
8
BLACK
6
CONTINUOUS
10
1.6524676771653544
20
0.5535060236220473
11
1.6520551181102361
21
0.5539185433070866
0
LINE
8
BLACK
6
CONTINUOUS
10
1.6520551181102361
20
0.5539185433070866
11
1.6515316141732284
21
0.5541760236220472
0
LINE
8
BLACK
6
CONTINUOUS
10
1.6515316141732284
20
0.5541760236220472
11
1.6509918897637794
21
0.5549817716535433
0
LINE
8
BLACK
6
CONTINUOUS
10
1.6509918897637794
20
0.5549817716535433
11
1.6503061023622048
21
0.5556675984251969
0
LINE
8
BLACK
6
CONTINUOUS
10
1.6503061023622048
20
0.5556675984251969
11
1.6501551181102361
21
0.556231062992126
0
LINE
8
BLACK
6
CONTINUOUS
10
1.6501551181102361
20
0.556231062992126
11
1.6498304330708662
21
0.5567158267716535
0
LINE
8
BLACK
6
CONTINUOUS
10
1.6498304330708662
20
0.5567158267716535
11
1.649765905511811
21
0.5576836220472441
0
LINE
8
BLACK
6
CONTINUOUS
10
1.649765905511811
20
0.5576836220472441
11
1.6495149212598426
21
0.5586203543307087
0
LINE
8
BLACK
6
CONTINUOUS
10
1.6495149212598426
20
0.5586203543307087
11
1.6496658661417323
21
0.559183779527559
0
LINE
8
BLACK
6
CONTINUOUS
10
1.6496658661417323
20
0.559183779527559
11
1.6496270866141731
21
0.5597659842519684
0
LINE
8
BLACK
6
CONTINUOUS
10
1.6496270866141731
20
0.5597659842519684
11
1.6500550787401573
21
0.5606362992125984
0
LINE
8
BLACK
6
CONTINUOUS
10
1.6500550787401573
20
0.5606362992125984
11
1.6503061023622048
21
0.5615731102362205
0
LINE
8
BLACK
6
CONTINUOUS
10
1.6503061023622048
20
0.5615731102362205
11
1.6507186220472441
21
0.5619856299212598
0
LINE
8
BLACK
6
CONTINUOUS
10
1.6507186220472441
20
0.5619856299212598
11
1.6509761023622047
21
0.5625091732283465
0
LINE
8
BLACK
6
CONTINUOUS
10
1.6509761023622047
20
0.5625091732283465
11
1.6594664566929134
21
0.5722124015748031
0
LINE
8
BLACK
6
CONTINUOUS
10
1.6594664566929134
20
0.5722124015748031
11
1.640797283464567
21
0.5722124015748031
0
LINE
8
BLACK
6
CONTINUOUS
10
1.640797283464567
20
0.5722124015748031
11
1.6378445275590552
21
0.5730035826771653
0
LINE
8
BLACK
6
CONTINUOUS
10
1.6378445275590552
20
0.5730035826771653
11
1.6356829527559056
21
0.5751651574803149
0
LINE
8
BLACK
6
CONTINUOUS
10
1.6356829527559056
20
0.5751651574803149
11
1.6348917716535434
21
0.5781179133858267
0
LINE
8
BLACK
6
CONTINUOUS
10
1.6348917716535434
20
0.5781179133858267
11
1.6356829527559056
21
0.5810706692913385
0
LINE
8
BLACK
6
CONTINUOUS
10
1.6356829527559056
20
0.5810706692913385
11
1.6378445275590552
21
0.5832322440944882
0
LINE
8
BLACK
6
CONTINUOUS
10
1.6378445275590552
20
0.5832322440944882
11
1.640797283464567
21
0.5840234251968504
0
LINE
8
BLACK
6
CONTINUOUS
10
1.640797283464567
20
0.5840234251968504
11
1.6724808267716536
21
0.5840234251968504
0
LINE
8
BLACK
6
CONTINUOUS
10
1.6724808267716536
20
0.5840234251968504
11
1.6730442519685038
21
0.5838724409448819
0
LINE
8
BLACK
6
CONTINUOUS
10
1.6640431102362205
20
0.6836720866141732
11
1.6653730708661416
21
0.6833999606299213
0
LINE
8
BLACK
6
CONTINUOUS
10
1.6653730708661416
20
0.6833999606299213
11
1.6702474803149605
21
0.6809627559055118
0
LINE
8
BLACK
6
CONTINUOUS
10
1.6702474803149605
20
0.6809627559055118
11
1.6709588582677164
21
0.6803318897637796
0
LINE
8
BLACK
6
CONTINUOUS
10
1.6709588582677164
20
0.6803318897637796
11
1.6717822440944881
21
0.6798565354330709
0
LINE
8
BLACK
6
CONTINUOUS
10
1.6717822440944881
20
0.6798565354330709
11
1.6742194488188975
21
0.6774193307086614
0
LINE
8
BLACK
6
CONTINUOUS
10
1.6742194488188975
20
0.6774193307086614
11
1.674694842519685
21
0.6765958661417323
0
LINE
8
BLACK
6
CONTINUOUS
10
1.674694842519685
20
0.6765958661417323
11
1.6753256692913385
21
0.6758845275590551
0
LINE
8
BLACK
6
CONTINUOUS
10
1.6753256692913385
20
0.6758845275590551
11
1.677762874015748
21
0.6710101574803149
0
LINE
8
BLACK
6
CONTINUOUS
10
1.677762874015748
20
0.6710101574803149
11
1.6780349999999999
21
0.6696801968503937
0
LINE
8
BLACK
6
CONTINUOUS
10
1.6780349999999999
20
0.6696801968503937
11
1.6783863385826772
21
0.6683691338582677
0
LINE
8
BLACK
6
CONTINUOUS
10
1.6783863385826772
20
0.6683691338582677
11
1.6783863385826772
21
0.6634947244094488
0
LINE
8
BLACK
6
CONTINUOUS
10
1.6783863385826772
20
0.6634947244094488
11
1.6781402362204725
21
0.6625762598425197
0
LINE
8
BLACK
6
CONTINUOUS
10
1.6781402362204725
20
0.6625762598425197
11
1.6780832677165354
21
0.6616272440944881
0
LINE
8
BLACK
6
CONTINUOUS
10
1.6780832677165354
20
0.6616272440944881
11
1.6756460629921259
21
0.6543156692913386
0
LINE
8
BLACK
6
CONTINUOUS
10
1.6756460629921259
20
0.6543156692913386
11
1.6748982677165354
21
0.6531830708661417
0
LINE
8
BLACK
6
CONTINUOUS
10
1.6748982677165354
20
0.6531830708661417
11
1.6742194488188975
21
0.6520073228346457
0
LINE
8
BLACK
6
CONTINUOUS
10
1.6742194488188975
20
0.6520073228346457
11
1.6550544488188976
21
0.6328423228346457
0
LINE
8
BLACK
6
CONTINUOUS
10
1.6550544488188976
20
0.6328423228346457
11
1.6724808267716536
21
0.6328423228346457
0
LINE
8
BLACK
6
CONTINUOUS
10
1.6724808267716536
20
0.6328423228346457
11
1.6754335826771654
21
0.6320511417322835
0
LINE
8
BLACK
6
CONTINUOUS
10
1.6754335826771654
20
0.6320511417322835
11
1.677595157480315
21
0.6298895669291339
0
LINE
8
BLACK
6
CONTINUOUS
10
1.677595157480315
20
0.6298895669291339
11
1.6783863385826772
21
0.6269368110236221
0
LINE
8
BLACK
6
CONTINUOUS
10
1.6783863385826772
20
0.6269368110236221
11
1.677595157480315
21
0.6239840551181102
0
LINE
8
BLACK
6
CONTINUOUS
10
1.677595157480315
20
0.6239840551181102
11
1.6754335826771654
21
0.6218224803149606
0
LINE
8
BLACK
6
CONTINUOUS
10
1.6754335826771654
20
0.6218224803149606
11
1.6724808267716536
21
0.6210312992125984
0
LINE
8
BLACK
6
CONTINUOUS
10
1.6724808267716536
20
0.6210312992125984
11
1.640797283464567
21
0.6210312992125984
0
LINE
8
BLACK
6
CONTINUOUS
10
1.640797283464567
20
0.6210312992125984
11
1.6400462992125984
21
0.6212325196850393
0
LINE
8
BLACK
6
CONTINUOUS
10
1.6400462992125984
20
0.6212325196850393
11
1.6392688188976376
21
0.6212325196850393
0
LINE
8
BLACK
6
CONTINUOUS
10
1.6392688188976376
20
0.6212325196850393
11
1.6385954724409448
21
0.6216212204724409
0
LINE
8
BLACK
6
CONTINUOUS
10
1.6385954724409448
20
0.6216212204724409
11
1.6378445275590552
21
0.6218224803149606
0
LINE
8
BLACK
6
CONTINUOUS
10
1.6378445275590552
20
0.6218224803149606
11
1.6372947244094487
21
0.6223722440944882
0
LINE
8
BLACK
6
CONTINUOUS
10
1.6372947244094487
20
0.6223722440944882
11
1.6366214566929134
21
0.6227609842519685
0
LINE
8
BLACK
6
CONTINUOUS
10
1.6366214566929134
20
0.6227609842519685
11
1.6362327165354331
21
0.6234342519685039
0
LINE
8
BLACK
6
CONTINUOUS
10
1.6362327165354331
20
0.6234342519685039
11
1.6356829527559056
21
0.6239840551181102
0
LINE
8
BLACK
6
CONTINUOUS
10
1.6356829527559056
20
0.6239840551181102
11
1.6354816929133857
21
0.624735
0
LINE
8
BLACK
6
CONTINUOUS
10
1.6354816929133857
20
0.624735
11
1.6350929921259842
21
0.6254083464566929
0
LINE
8
BLACK
6
CONTINUOUS
10
1.6350929921259842
20
0.6254083464566929
11
1.6350929921259842
21
0.6261858267716536
0
LINE
8
BLACK
6
CONTINUOUS
10
1.6350929921259842
20
0.6261858267716536
11
1.6348917716535434
21
0.6269368110236221
0
LINE
8
BLACK
6
CONTINUOUS
10
1.6348917716535434
20
0.6269368110236221
11
1.6350929921259842
21
0.6276877559055118
0
LINE
8
BLACK
6
CONTINUOUS
10
1.6350929921259842
20
0.6276877559055118
11
1.6350929921259842
21
0.6284652755905512
0
LINE
8
BLACK
6
CONTINUOUS
10
1.6350929921259842
20
0.6284652755905512
11
1.6354816929133857
21
0.6291385826771654
0
LINE
8
BLACK
6
CONTINUOUS
10
1.6354816929133857
20
0.6291385826771654
11
1.6356829527559056
21
0.6298895669291339
0
LINE
8
BLACK
6
CONTINUOUS
10
1.6356829527559056
20
0.6298895669291339
11
1.6362327165354331
21
0.6304393307086614
0
LINE
8
BLACK
6
CONTINUOUS
10
1.6362327165354331
20
0.6304393307086614
11
1.6366214566929134
21
0.6311126377952756
0
LINE
8
BLACK
6
CONTINUOUS
10
1.6366214566929134
20
0.6311126377952756
11
1.6648820472440944
21
0.6593732283464567
0
LINE
8
BLACK
6
CONTINUOUS
10
1.6648820472440944
20
0.6593732283464567
11
1.6665753149606299
21
0.6644530314960629
0
LINE
8
BLACK
6
CONTINUOUS
10
1.6665753149606299
20
0.6644530314960629
11
1.6665753149606299
21
0.666975
0
LINE
8
BLACK
6
CONTINUOUS
10
1.6665753149606299
20
0.666975
11
1.665190157480315
21
0.6697453149606299
0
LINE
8
BLACK
6
CONTINUOUS
10
1.665190157480315
20
0.6697453149606299
11
1.664108188976378
21
0.6708272440944881
0
LINE
8
BLACK
6
CONTINUOUS
10
1.664108188976378
20
0.6708272440944881
11
1.6613379527559056
21
0.6722124015748031
0
LINE
8
BLACK
6
CONTINUOUS
10
1.6613379527559056
20
0.6722124015748031
11
1.651940157480315
21
0.6722124015748031
0
LINE
8
BLACK
6
CONTINUOUS
10
1.651940157480315
20
0.6722124015748031
11
1.649169842519685
21
0.6708272440944881
0
LINE
8
BLACK
6
CONTINUOUS
10
1.649169842519685
20
0.6708272440944881
11
1.6474103543307086
21
0.6690677165354331
0
LINE
8
BLACK
6
CONTINUOUS
10
1.6474103543307086
20
0.6690677165354331
11
1.6447629921259843
21
0.6675392125984252
0
LINE
8
BLACK
6
CONTINUOUS
10
1.6447629921259843
20
0.6675392125984252
11
1.6417060629921258
21
0.6675392125984252
0
LINE
8
BLACK
6
CONTINUOUS
10
1.6417060629921258
20
0.6675392125984252
11
1.6390587007874016
21
0.6690676377952756
0
LINE
8
BLACK
6
CONTINUOUS
10
1.6390587007874016
20
0.6690676377952756
11
1.6375301968503937
21
0.671715
0
LINE
8
BLACK
6
CONTINUOUS
10
1.6375301968503937
20
0.671715
11
1.6375301968503937
21
0.6747719291338583
0
LINE
8
BLACK
6
CONTINUOUS
10
1.6375301968503937
20
0.6747719291338583
11
1.6390586220472441
21
0.6774192913385827
0
LINE
8
BLACK
6
CONTINUOUS
10
1.6390586220472441
20
0.6774192913385827
11
1.6414957874015748
21
0.6798564960629921
0
LINE
8
BLACK
6
CONTINUOUS
10
1.6414957874015748
20
0.6798564960629921
11
1.6423192125984252
21
0.6803318897637796
0
LINE
8
BLACK
6
CONTINUOUS
10
1.6423192125984252
20
0.6803318897637796
11
1.6430306299212598
21
0.6809627559055118
0
LINE
8
BLACK
6
CONTINUOUS
10
1.6430306299212598
20
0.6809627559055118
11
1.6479050393700787
21
0.6833999606299213
0
LINE
8
BLACK
6
CONTINUOUS
10
1.6479050393700787
20
0.6833999606299213
11
1.6492349606299213
21
0.6836720866141732
0
LINE
8
BLACK
6
CONTINUOUS
10
1.6492349606299213
20
0.6836720866141732
11
1.650546062992126
21
0.6840234251968503
0
LINE
8
BLACK
6
CONTINUOUS
10
1.650546062992126
20
0.6840234251968503
11
1.6627320472440945
21
0.6840234251968503
0
LINE
8
BLACK
6
CONTINUOUS
10
1.6627320472440945
20
0.6840234251968503
11
1.6640431102362205
21
0.6836720866141732
0
LINE
8
BLACK
6
CONTINUOUS
10
1.9548438582677166
20
0.6832322440944881
11
1.9570054330708662
21
0.6810706692913385
0
LINE
8
BLACK
6
CONTINUOUS
10
1.9570054330708662
20
0.6810706692913385
11
1.9577966141732284
21
0.6781179133858267
0
LINE
8
BLACK
6
CONTINUOUS
10
1.9577966141732284
20
0.6781179133858267
11
1.9570054330708662
21
0.6751651574803149
0
LINE
8
BLACK
6
CONTINUOUS
10
1.9570054330708662
20
0.6751651574803149
11
1.9548438582677166
21
0.6730035826771653
0
LINE
8
BLACK
6
CONTINUOUS
10
1.9548438582677166
20
0.6730035826771653
11
1.9518911023622048
21
0.6722124015748031
0
LINE
8
BLACK
6
CONTINUOUS
10
1.9518911023622048
20
0.6722124015748031
11
1.9435364566929134
21
0.6722124015748031
0
LINE
8
BLACK
6
CONTINUOUS
10
1.9435364566929134
20
0.6722124015748031
11
1.9407661417322835
21
0.6708272440944881
0
LINE
8
BLACK
6
CONTINUOUS
10
1.9407661417322835
20
0.6708272440944881
11
1.9394199606299212
21
0.669481062992126
0
LINE
8
BLACK
6
CONTINUOUS
10
1.9394199606299212
20
0.669481062992126
11
1.9358704724409448
21
0.6641568897637795
0
LINE
8
BLACK
6
CONTINUOUS
10
1.9358704724409448
20
0.6641568897637795
11
1.9359568503937008
21
0.6641745275590552
0
LINE
8
BLACK
6
CONTINUOUS
10
1.9359568503937008
20
0.6641745275590552
11
1.9372679527559056
21
0.6645258661417323
0
LINE
8
BLACK
6
CONTINUOUS
10
1.9372679527559056
20
0.6645258661417323
11
1.9470167322834646
21
0.6645258661417323
0
LINE
8
BLACK
6
CONTINUOUS
10
1.9470167322834646
20
0.6645258661417323
11
1.9483277952755904
21
0.6641745275590552
0
LINE
8
BLACK
6
CONTINUOUS
10
1.9483277952755904
20
0.6641745275590552
11
1.9496577559055117
21
0.6639024015748032
0
LINE
8
BLACK
6
CONTINUOUS
10
1.9496577559055117
20
0.6639024015748032
11
1.9545321653543306
21
0.6614651968503937
0
LINE
8
BLACK
6
CONTINUOUS
10
1.9545321653543306
20
0.6614651968503937
11
1.9552435433070865
21
0.6608343307086614
0
LINE
8
BLACK
6
CONTINUOUS
10
1.9552435433070865
20
0.6608343307086614
11
1.9560669291338582
21
0.6603589763779527
0
LINE
8
BLACK
6
CONTINUOUS
10
1.9560669291338582
20
0.6603589763779527
11
1.9585041338582676
21
0.6579217716535433
0
LINE
8
BLACK
6
CONTINUOUS
10
1.9585041338582676
20
0.6579217716535433
11
1.9589795275590551
21
0.6570983070866142
0
LINE
8
BLACK
6
CONTINUOUS
10
1.9589795275590551
20
0.6570983070866142
11
1.9596103543307086
21
0.656386968503937
0
LINE
8
BLACK
6
CONTINUOUS
10
1.9596103543307086
20
0.656386968503937
11
1.9620475590551181
21
0.6515125984251968
0
LINE
8
BLACK
6
CONTINUOUS
10
1.9620475590551181
20
0.6515125984251968
11
1.96231968503937
21
0.6501826377952756
0
LINE
8
BLACK
6
CONTINUOUS
10
1.96231968503937
20
0.6501826377952756
11
1.9626710236220473
21
0.6488715748031496
0
LINE
8
BLACK
6
CONTINUOUS
10
1.9626710236220473
20
0.6488715748031496
11
1.9626710236220473
21
0.6366855905511811
0
LINE
8
BLACK
6
CONTINUOUS
10
1.9626710236220473
20
0.6366855905511811
11
1.96231968503937
21
0.6353744881889763
0
LINE
8
BLACK
6
CONTINUOUS
10
1.96231968503937
20
0.6353744881889763
11
1.9620475590551181
21
0.6340445669291338
0
LINE
8
BLACK
6
CONTINUOUS
10
1.9620475590551181
20
0.6340445669291338
11
1.9596103543307086
21
0.6291701574803149
0
LINE
8
BLACK
6
CONTINUOUS
10
1.9596103543307086
20
0.6291701574803149
11
1.9589794881889764
21
0.6284587401574803
0
LINE
8
BLACK
6
CONTINUOUS
10
1.9589794881889764
20
0.6284587401574803
11
1.9585040944881889
21
0.6276353149606299
0
LINE
8
BLACK
6
CONTINUOUS
10
1.9585040944881889
20
0.6276353149606299
11
1.9560668897637794
21
0.6251981496062992
0
LINE
8
BLACK
6
CONTINUOUS
10
1.9560668897637794
20
0.6251981496062992
11
1.9552435433070865
21
0.6247227952755905
0
LINE
8
BLACK
6
CONTINUOUS
10
1.9552435433070865
20
0.6247227952755905
11
1.9545321653543306
21
0.624091968503937
0
LINE
8
BLACK
6
CONTINUOUS
10
1.9545321653543306
20
0.624091968503937
11
1.9496577559055117
21
0.6216547637795276
0
LINE
8
BLACK
6
CONTINUOUS
10
1.9496577559055117
20
0.6216547637795276
11
1.9483277952755904
21
0.6213825984251968
0
LINE
8
BLACK
6
CONTINUOUS
10
1.9483277952755904
20
0.6213825984251968
11
1.9470167322834646
21
0.6210312992125984
0
LINE
8
BLACK
6
CONTINUOUS
10
1.9470167322834646
20
0.6210312992125984
11
1.9372679527559056
21
0.6210312992125984
0
LINE
8
BLACK
6
CONTINUOUS
10
1.9372679527559056
20
0.6210312992125984
11
1.9359568503937008
21
0.6213825984251968
0
LINE
8
BLACK
6
CONTINUOUS
10
1.9359568503937008
20
0.6213825984251968
11
1.9346269291338583
21
0.6216547637795276
0
LINE
8
BLACK
6
CONTINUOUS
10
1.9346269291338583
20
0.6216547637795276
11
1.9297525196850394
21
0.624091968503937
0
LINE
8
BLACK
6
CONTINUOUS
10
1.9297525196850394
20
0.624091968503937
11
1.9290411023622047
21
0.6247227559055119
0
LINE
8
BLACK
6
CONTINUOUS
10
1.9290411023622047
20
0.6247227559055119
11
1.9282177559055118
21
0.6251981496062992
0
LINE
8
BLACK
6
CONTINUOUS
10
1.9282177559055118
20
0.6251981496062992
11
1.9257805511811024
21
0.6276353149606299
0
LINE
8
BLACK
6
CONTINUOUS
10
1.9257805511811024
20
0.6276353149606299
11
1.9253051181102361
21
0.6284587007874015
0
LINE
8
BLACK
6
CONTINUOUS
10
1.9253051181102361
20
0.6284587007874015
11
1.9246742519685038
21
0.6291701968503937
0
LINE
8
BLACK
6
CONTINUOUS
10
1.9246742519685038
20
0.6291701968503937
11
1.9222370866141731
21
0.6340446062992126
0
LINE
8
BLACK
6
CONTINUOUS
10
1.9222370866141731
20
0.6340446062992126
11
1.9219648818897637
21
0.6353746850393701
0
LINE
8
BLACK
6
CONTINUOUS
10
1.9219648818897637
20
0.6353746850393701
11
1.9216136614173227
21
0.6366855905511811
0
LINE
8
BLACK
6
CONTINUOUS
10
1.9216136614173227
20
0.6366855905511811
11
1.9216136614173227
21
0.6561831496062992
0
LINE
8
BLACK
6
CONTINUOUS
10
1.9216136614173227
20
0.6561831496062992
11
1.9218022440944882
21
0.656886968503937
0
LINE
8
BLACK
6
CONTINUOUS
10
1.9218022440944882
20
0.656886968503937
11
1.9217899999999999
21
0.6576154330708661
0
LINE
8
BLACK
6
CONTINUOUS
10
1.9217899999999999
20
0.6576154330708661
11
1.9242271653543306
21
0.6673642125984252
0
LINE
8
BLACK
6
CONTINUOUS
10
1.9242271653543306
20
0.6673642125984252
11
1.9247183464566928
21
0.6682490157480315
0
LINE
8
BLACK
6
CONTINUOUS
10
1.9247183464566928
20
0.6682490157480315
11
1.9250426771653544
21
0.6692077165354331
0
LINE
8
BLACK
6
CONTINUOUS
10
1.9250426771653544
20
0.6692077165354331
11
1.9299170866141733
21
0.6765192913385827
0
LINE
8
BLACK
6
CONTINUOUS
10
1.9299170866141733
20
0.6765192913385827
11
1.9303599999999999
21
0.6769085433070866
0
LINE
8
BLACK
6
CONTINUOUS
10
1.9303599999999999
20
0.6769085433070866
11
1.9306549212598425
21
0.6774193307086614
0
LINE
8
BLACK
6
CONTINUOUS
10
1.9306549212598425
20
0.6774193307086614
11
1.933092125984252
21
0.6798565354330709
0
LINE
8
BLACK
6
CONTINUOUS
10
1.933092125984252
20
0.6798565354330709
11
1.9339155511811024
21
0.6803319291338582
0
LINE
8
BLACK
6
CONTINUOUS
10
1.9339155511811024
20
0.6803319291338582
11
1.9346269291338583
21
0.6809627559055118
0
LINE
8
BLACK
6
CONTINUOUS
10
1.9346269291338583
20
0.6809627559055118
11
1.9395012992125984
21
0.6833999606299213
0
LINE
8
BLACK
6
CONTINUOUS
10
1.9395012992125984
20
0.6833999606299213
11
1.9408312204724409
21
0.6836720866141732
0
LINE
8
BLACK
6
CONTINUOUS
10
1.9408312204724409
20
0.6836720866141732
11
1.9421423228346457
21
0.6840234251968503
0
LINE
8
BLACK
6
CONTINUOUS
10
1.9421423228346457
20
0.6840234251968503
11
1.9518911023622048
21
0.6840234251968503
0
LINE
8
BLACK
6
CONTINUOUS
10
1.9518911023622048
20
0.6840234251968503
11
1.9548438582677166
21
0.6832322440944881
0
LINE
8
BLACK
6
CONTINUOUS
10
1.9358917322834646
20
0.6513296850393701
11
1.9348098031496062
21
0.6502477559055118
0
LINE
8
BLACK
6
CONTINUOUS
10
1.9348098031496062
20
0.6502477559055118
11
1.9334246850393699
21
0.6474774803149607
0
LINE
8
BLACK
6
CONTINUOUS
10
1.9334246850393699
20
0.6474774803149607
11
1.9334246850393699
21
0.6380796456692913
0
LINE
8
BLACK
6
CONTINUOUS
10
1.9334246850393699
20
0.6380796456692913
11
1.9348097637795276
21
0.6353093700787401
0
LINE
8
BLACK
6
CONTINUOUS
10
1.9348097637795276
20
0.6353093700787401
11
1.9358916929133858
21
0.6342274803149606
0
LINE
8
BLACK
6
CONTINUOUS
10
1.9358916929133858
20
0.6342274803149606
11
1.9386620472440945
21
0.6328423228346457
0
LINE
8
BLACK
6
CONTINUOUS
10
1.9386620472440945
20
0.6328423228346457
11
1.9456226377952754
21
0.6328423228346457
0
LINE
8
BLACK
6
CONTINUOUS
10
1.9456226377952754
20
0.6328423228346457
11
1.9483929133858267
21
0.6342274803149606
0
LINE
8
BLACK
6
CONTINUOUS
10
1.9483929133858267
20
0.6342274803149606
11
1.9494748425196851
21
0.6353093700787401
0
LINE
8
BLACK
6
CONTINUOUS
10
1.9494748425196851
20
0.6353093700787401
11
1.95086
21
0.6380796850393701
0
LINE
8
BLACK
6
CONTINUOUS
10
1.95086
20
0.6380796850393701
11
1.95086
21
0.6474774409448819
0
LINE
8
BLACK
6
CONTINUOUS
10
1.95086
20
0.6474774409448819
11
1.9494748425196851
21
0.6502477559055118
0
LINE
8
BLACK
6
CONTINUOUS
10
1.9494748425196851
20
0.6502477559055118
11
1.9483928740157479
21
0.6513296850393701
0
LINE
8
BLACK
6
CONTINUOUS
10
1.9483928740157479
20
0.6513296850393701
11
1.9456226377952754
21
0.652714842519685
0
LINE
8
BLACK
6
CONTINUOUS
10
1.9456226377952754
20
0.652714842519685
11
1.9386620472440945
21
0.652714842519685
0
LINE
8
BLACK
6
CONTINUOUS
10
1.9386620472440945
20
0.652714842519685
11
1.9358917322834646
21
0.6513296850393701
0
LINE
8
BLACK
6
CONTINUOUS
10
1.1861862598425197
20
0.7482313779527558
11
1.1875161417322835
21
0.7479592519685039
0
LINE
8
BLACK
6
CONTINUOUS
10
1.1875161417322835
20
0.7479592519685039
11
1.1931404330708661
21
0.7451471259842519
0
LINE
8
BLACK
6
CONTINUOUS
10
1.1931404330708661
20
0.7451471259842519
11
1.193851811023622
21
0.7445162598425197
0
LINE
8
BLACK
6
CONTINUOUS
10
1.193851811023622
20
0.7445162598425197
11
1.1946752362204724
21
0.744040905511811
0
LINE
8
BLACK
6
CONTINUOUS
10
1.1946752362204724
20
0.744040905511811
11
1.1974874015748032
21
0.7412287401574803
0
LINE
8
BLACK
6
CONTINUOUS
10
1.1974874015748032
20
0.7412287401574803
11
1.1979627559055117
21
0.7404053149606299
0
LINE
8
BLACK
6
CONTINUOUS
10
1.1979627559055117
20
0.7404053149606299
11
1.1985936220472442
21
0.739693937007874
0
LINE
8
BLACK
6
CONTINUOUS
10
1.1985936220472442
20
0.739693937007874
11
1.2014057480314961
21
0.7340696062992126
0
LINE
8
BLACK
6
CONTINUOUS
10
1.2014057480314961
20
0.7340696062992126
11
1.2014364173228347
21
0.7339196456692914
0
LINE
8
BLACK
6
CONTINUOUS
10
1.2014364173228347
20
0.7339196456692914
11
1.2208586220472442
21
0.7475151968503937
0
LINE
8
BLACK
6
CONTINUOUS
10
1.2208586220472442
20
0.7475151968503937
11
1.2237312992125984
21
0.7485603149606299
0
LINE
8
BLACK
6
CONTINUOUS
10
1.2237312992125984
20
0.7485603149606299
11
1.2267417322834646
21
0.7480290551181102
0
LINE
8
BLACK
6
CONTINUOUS
10
1.2267417322834646
20
0.7480290551181102
11
1.229083188976378
21
0.7460637795275591
0
LINE
8
BLACK
6
CONTINUOUS
10
1.229083188976378
20
0.7460637795275591
11
1.2301283070866142
21
0.7431911023622048
0
LINE
8
BLACK
6
CONTINUOUS
10
1.2301283070866142
20
0.7431911023622048
11
1.2295970472440945
21
0.7401806692913385
0
LINE
8
BLACK
6
CONTINUOUS
10
1.2295970472440945
20
0.7401806692913385
11
1.2276317716535432
21
0.7378392125984252
0
LINE
8
BLACK
6
CONTINUOUS
10
1.2276317716535432
20
0.7378392125984252
11
1.2020292125984251
21
0.7199174015748031
0
LINE
8
BLACK
6
CONTINUOUS
10
1.2020292125984251
20
0.7199174015748031
11
1.2020292125984251
21
0.7148369291338582
0
LINE
8
BLACK
6
CONTINUOUS
10
1.2020292125984251
20
0.7148369291338582
11
1.2242451968503936
21
0.7148369291338582
0
LINE
8
BLACK
6
CONTINUOUS
10
1.2242451968503936
20
0.7148369291338582
11
1.2271979527559054
21
0.714045748031496
0
LINE
8
BLACK
6
CONTINUOUS
10
1.2271979527559054
20
0.714045748031496
11
1.2293595275590552
21
0.7118841732283464
0
LINE
8
BLACK
6
CONTINUOUS
10
1.2293595275590552
20
0.7118841732283464
11
1.2301507086614174
21
0.7089314173228346
0
LINE
8
BLACK
6
CONTINUOUS
10
1.2301507086614174
20
0.7089314173228346
11
1.2293595275590552
21
0.7059786614173228
0
LINE
8
BLACK
6
CONTINUOUS
10
1.2293595275590552
20
0.7059786614173228
11
1.2271979527559054
21
0.7038170866141732
0
LINE
8
BLACK
6
CONTINUOUS
10
1.2271979527559054
20
0.7038170866141732
11
1.2242451968503936
21
0.703025905511811
0
LINE
8
BLACK
6
CONTINUOUS
10
1.2242451968503936
20
0.703025905511811
11
1.1961237007874015
21
0.703025905511811
0
LINE
8
BLACK
6
CONTINUOUS
10
1.1961237007874015
20
0.703025905511811
11
1.1651900787401575
21
0.703025905511811
0
LINE
8
BLACK
6
CONTINUOUS
10
1.1651900787401575
20
0.703025905511811
11
1.1622373228346456
21
0.7038170866141732
0
LINE
8
BLACK
6
CONTINUOUS
10
1.1622373228346456
20
0.7038170866141732
11
1.160075748031496
21
0.7059786614173228
0
LINE
8
BLACK
6
CONTINUOUS
10
1.160075748031496
20
0.7059786614173228
11
1.1592845669291338
21
0.7089314173228346
0
LINE
8
BLACK
6
CONTINUOUS
10
1.1592845669291338
20
0.7089314173228346
11
1.1592845669291338
21
0.7314286220472441
0
LINE
8
BLACK
6
CONTINUOUS
10
1.1592845669291338
20
0.7314286220472441
11
1.1596358661417323
21
0.73273968503937
0
LINE
8
BLACK
6
CONTINUOUS
10
1.1596358661417323
20
0.73273968503937
11
1.159908031496063
21
0.7340696456692913
0
LINE
8
BLACK
6
CONTINUOUS
10
1.159908031496063
20
0.7340696456692913
11
1.1627201968503937
21
0.739693937007874
0
LINE
8
BLACK
6
CONTINUOUS
10
1.1627201968503937
20
0.739693937007874
11
1.1633509842519685
21
0.7404052755905511
0
LINE
8
BLACK
6
CONTINUOUS
10
1.1633509842519685
20
0.7404052755905511
11
1.1638263779527558
21
0.7412287007874016
0
LINE
8
BLACK
6
CONTINUOUS
10
1.1638263779527558
20
0.7412287007874016
11
1.1666385039370077
21
0.7440408661417323
0
LINE
8
BLACK
6
CONTINUOUS
10
1.1666385039370077
20
0.7440408661417323
11
1.1674619291338582
21
0.7445162598425197
0
LINE
8
BLACK
6
CONTINUOUS
10
1.1674619291338582
20
0.7445162598425197
11
1.1681733464566928
21
0.7451471259842519
0
LINE
8
BLACK
6
CONTINUOUS
10
1.1681733464566928
20
0.7451471259842519
11
1.1737976771653542
21
0.7479592519685039
0
LINE
8
BLACK
6
CONTINUOUS
10
1.1737976771653542
20
0.7479592519685039
11
1.1751274015748032
21
0.7482313385826771
0
LINE
8
BLACK
6
CONTINUOUS
10
1.1751274015748032
20
0.7482313385826771
11
1.1764386614173228
21
0.7485827165354331
0
LINE
8
BLACK
6
CONTINUOUS
10
1.1764386614173228
20
0.7485827165354331
11
1.1848751181102362
21
0.7485827165354331
0
LINE
8
BLACK
6
CONTINUOUS
10
1.1848751181102362
20
0.7485827165354331
11
1.1861862598425197
21
0.7482313779527558
0
LINE
8
BLACK
6
CONTINUOUS
10
1.174312559055118
20
0.7350116141732284
11
1.1728557086614173
21
0.7335547637795276
0
LINE
8
BLACK
6
CONTINUOUS
10
1.1728557086614173
20
0.7335547637795276
11
1.1710955905511811
21
0.7300344881889763
0
LINE
8
BLACK
6
CONTINUOUS
10
1.1710955905511811
20
0.7300344881889763
11
1.1710955905511811
21
0.7148369291338582
0
LINE
8
BLACK
6
CONTINUOUS
10
1.1710955905511811
20
0.7148369291338582
11
1.1902181889763779
21
0.7148369291338582
0
LINE
8
BLACK
6
CONTINUOUS
10
1.1902181889763779
20
0.7148369291338582
11
1.1902181889763779
21
0.7300345275590551
0
LINE
8
BLACK
6
CONTINUOUS
10
1.1902181889763779
20
0.7300345275590551
11
1.1884580708661416
21
0.7335547244094488
0
LINE
8
BLACK
6
CONTINUOUS
10
1.1884580708661416
20
0.7335547244094488
11
1.1870011811023622
21
0.7350116141732284
0
LINE
8
BLACK
6
CONTINUOUS
10
1.1870011811023622
20
0.7350116141732284
11
1.1834810236220472
21
0.7367716929133858
0
LINE
8
BLACK
6
CONTINUOUS
10
1.1834810236220472
20
0.7367716929133858
11
1.1778327559055117
21
0.7367716929133858
0
LINE
8
BLACK
6
CONTINUOUS
10
1.1778327559055117
20
0.7367716929133858
11
1.174312559055118
21
0.7350116141732284
0
LINE
8
BLACK
6
CONTINUOUS
10
0.9689397637795275
20
0.7633856692913386
11
0.9697172047244095
21
0.7633856692913386
0
LINE
8
BLACK
6
CONTINUOUS
10
0.9697172047244095
20
0.7633856692913386
11
0.9703904724409449
21
0.7629969291338583
0
LINE
8
BLACK
6
CONTINUOUS
10
0.9703904724409449
20
0.7629969291338583
11
0.9711415354330708
21
0.7627957086614173
0
LINE
8
BLACK
6
CONTINUOUS
10
0.9711415354330708
20
0.7627957086614173
11
0.9716912598425197
21
0.7622459448818898
0
LINE
8
BLACK
6
CONTINUOUS
10
0.9716912598425197
20
0.7622459448818898
11
0.9723645669291339
21
0.7618572440944882
0
LINE
8
BLACK
6
CONTINUOUS
10
0.9723645669291339
20
0.7618572440944882
11
0.9748017716535433
21
0.7594200787401575
0
LINE
8
BLACK
6
CONTINUOUS
10
0.9748017716535433
20
0.7594200787401575
11
0.9754805511811023
21
0.7582444094488189
0
LINE
8
BLACK
6
CONTINUOUS
10
0.9754805511811023
20
0.7582444094488189
11
0.9762284645669291
21
0.7571116535433071
0
LINE
8
BLACK
6
CONTINUOUS
10
0.9762284645669291
20
0.7571116535433071
11
0.9786656299212598
21
0.7498000787401574
0
LINE
8
BLACK
6
CONTINUOUS
10
0.9786656299212598
20
0.7498000787401574
11
0.9787225984251968
21
0.748850905511811
0
LINE
8
BLACK
6
CONTINUOUS
10
0.9787225984251968
20
0.748850905511811
11
0.9789686614173229
21
0.7479325984251969
0
LINE
8
BLACK
6
CONTINUOUS
10
0.9789686614173229
20
0.7479325984251969
11
0.9789686614173229
21
0.7430582283464566
0
LINE
8
BLACK
6
CONTINUOUS
10
0.9789686614173229
20
0.7430582283464566
11
0.9787225590551181
21
0.7421398818897638
0
LINE
8
BLACK
6
CONTINUOUS
10
0.9787225590551181
20
0.7421398818897638
11
0.9786656299212598
21
0.7411907874015747
0
LINE
8
BLACK
6
CONTINUOUS
10
0.9786656299212598
20
0.7411907874015747
11
0.9762284645669291
21
0.7338791732283464
0
LINE
8
BLACK
6
CONTINUOUS
10
0.9762284645669291
20
0.7338791732283464
11
0.9754804330708661
21
0.7327462598425196
0
LINE
8
BLACK
6
CONTINUOUS
10
0.9754804330708661
20
0.7327462598425196
11
0.9748018110236221
21
0.7315708267716535
0
LINE
8
BLACK
6
CONTINUOUS
10
0.9748018110236221
20
0.7315708267716535
11
0.9699274015748032
21
0.7266964173228346
0
LINE
8
BLACK
6
CONTINUOUS
10
0.9699274015748032
20
0.7266964173228346
11
0.9691039763779528
21
0.7262210236220472
0
LINE
8
BLACK
6
CONTINUOUS
10
0.9691039763779528
20
0.7262210236220472
11
0.9683925984251969
21
0.7255901968503937
0
LINE
8
BLACK
6
CONTINUOUS
10
0.9683925984251969
20
0.7255901968503937
11
0.963518188976378
21
0.7231529921259843
0
LINE
8
BLACK
6
CONTINUOUS
10
0.963518188976378
20
0.7231529921259843
11
0.9628794094488189
21
0.7230222440944881
0
LINE
8
BLACK
6
CONTINUOUS
10
0.9628794094488189
20
0.7230222440944881
11
0.9623094488188976
21
0.7227058661417323
0
LINE
8
BLACK
6
CONTINUOUS
10
0.9623094488188976
20
0.7227058661417323
11
0.9525606692913385
21
0.7202687007874016
0
LINE
8
BLACK
6
CONTINUOUS
10
0.9525606692913385
20
0.7202687007874016
11
0.9518322047244094
21
0.7202809448818898
0
LINE
8
BLACK
6
CONTINUOUS
10
0.9518322047244094
20
0.7202809448818898
11
0.9511283858267716
21
0.7200923622047244
0
LINE
8
BLACK
6
CONTINUOUS
10
0.9511283858267716
20
0.7200923622047244
11
0.943816811023622
21
0.7200923622047244
0
LINE
8
BLACK
6
CONTINUOUS
10
0.943816811023622
20
0.7200923622047244
11
0.9431130708661417
21
0.720280905511811
0
LINE
8
BLACK
6
CONTINUOUS
10
0.9431130708661417
20
0.720280905511811
11
0.9423845275590551
21
0.7202686614173228
0
LINE
8
BLACK
6
CONTINUOUS
10
0.9423845275590551
20
0.7202686614173228
11
0.9326357480314961
21
0.7227058661417323
0
LINE
8
BLACK
6
CONTINUOUS
10
0.9326357480314961
20
0.7227058661417323
11
0.932065748031496
21
0.7230222440944881
0
LINE
8
BLACK
6
CONTINUOUS
10
0.932065748031496
20
0.7230222440944881
11
0.9314270078740158
21
0.7231529921259843
0
LINE
8
BLACK
6
CONTINUOUS
10
0.9314270078740158
20
0.7231529921259843
11
0.9265526377952755
21
0.7255901968503937
0
LINE
8
BLACK
6
CONTINUOUS
10
0.9265526377952755
20
0.7255901968503937
11
0.9258412598425196
21
0.7262209842519685
0
LINE
8
BLACK
6
CONTINUOUS
10
0.9258412598425196
20
0.7262209842519685
11
0.9250178346456692
21
0.7266964173228346
0
LINE
8
BLACK
6
CONTINUOUS
10
0.9250178346456692
20
0.7266964173228346
11
0.9201434251968503
21
0.7315708267716535
0
LINE
8
BLACK
6
CONTINUOUS
10
0.9201434251968503
20
0.7315708267716535
11
0.9194646456692913
21
0.7327464173228346
0
LINE
8
BLACK
6
CONTINUOUS
10
0.9194646456692913
20
0.7327464173228346
11
0.918716811023622
21
0.7338791338582678
0
LINE
8
BLACK
6
CONTINUOUS
10
0.918716811023622
20
0.7338791338582678
11
0.9162796062992126
21
0.7411907480314961
0
LINE
8
BLACK
6
CONTINUOUS
10
0.9162796062992126
20
0.7411907480314961
11
0.9162225984251968
21
0.7421397637795275
0
LINE
8
BLACK
6
CONTINUOUS
10
0.9162225984251968
20
0.7421397637795275
11
0.9159765354330709
21
0.7430582283464566
0
LINE
8
BLACK
6
CONTINUOUS
10
0.9159765354330709
20
0.7430582283464566
11
0.9159765354330709
21
0.7503698031496063
0
LINE
8
BLACK
6
CONTINUOUS
10
0.9159765354330709
20
0.7503698031496063
11
0.9163278346456692
21
0.7516808661417322
0
LINE
8
BLACK
6
CONTINUOUS
10
0.9163278346456692
20
0.7516808661417322
11
0.9166
21
0.7530108267716535
0
LINE
8
BLACK
6
CONTINUOUS
10
0.9166
20
0.7530108267716535
11
0.9190372047244094
21
0.7578852362204724
0
LINE
8
BLACK
6
CONTINUOUS
10
0.9190372047244094
20
0.7578852362204724
11
0.9210653543307087
21
0.7601724409448819
0
LINE
8
BLACK
6
CONTINUOUS
10
0.9210653543307087
20
0.7601724409448819
11
0.9239654330708661
21
0.7611391338582677
0
LINE
8
BLACK
6
CONTINUOUS
10
0.9239654330708661
20
0.7611391338582677
11
0.9269602755905512
21
0.7605262598425196
0
LINE
8
BLACK
6
CONTINUOUS
10
0.9269602755905512
20
0.7605262598425196
11
0.9292474803149606
21
0.7584981102362205
0
LINE
8
BLACK
6
CONTINUOUS
10
0.9292474803149606
20
0.7584981102362205
11
0.9302141732283464
21
0.755598031496063
0
LINE
8
BLACK
6
CONTINUOUS
10
0.9302141732283464
20
0.755598031496063
11
0.9296012992125984
21
0.7526031889763779
0
LINE
8
BLACK
6
CONTINUOUS
10
0.9296012992125984
20
0.7526031889763779
11
0.9277875590551181
21
0.7489757086614173
0
LINE
8
BLACK
6
CONTINUOUS
10
0.9277875590551181
20
0.7489757086614173
11
0.9277875590551181
21
0.7440164960629921
0
LINE
8
BLACK
6
CONTINUOUS
10
0.9277875590551181
20
0.7440164960629921
11
0.9294807874015748
21
0.7389367322834646
0
LINE
8
BLACK
6
CONTINUOUS
10
0.9294807874015748
20
0.7389367322834646
11
0.9326918503937007
21
0.7357257086614173
0
LINE
8
BLACK
6
CONTINUOUS
10
0.9326918503937007
20
0.7357257086614173
11
0.9361293307086614
21
0.7340069291338582
0
LINE
8
BLACK
6
CONTINUOUS
10
0.9361293307086614
20
0.7340069291338582
11
0.9445437401574803
21
0.7319033858267716
0
LINE
8
BLACK
6
CONTINUOUS
10
0.9445437401574803
20
0.7319033858267716
11
0.9504014566929133
21
0.7319033858267716
0
LINE
8
BLACK
6
CONTINUOUS
10
0.9504014566929133
20
0.7319033858267716
11
0.9588160236220472
21
0.7340070078740157
0
LINE
8
BLACK
6
CONTINUOUS
10
0.9588160236220472
20
0.7340070078740157
11
0.9622533858267717
21
0.7357257086614173
0
LINE
8
BLACK
6
CONTINUOUS
10
0.9622533858267717
20
0.7357257086614173
11
0.9654643307086614
21
0.7389366535433071
0
LINE
8
BLACK
6
CONTINUOUS
10
0.9654643307086614
20
0.7389366535433071
11
0.9671576377952755
21
0.7440165748031496
0
LINE
8
BLACK
6
CONTINUOUS
10
0.9671576377952755
20
0.7440165748031496
11
0.9671576377952755
21
0.7469742519685039
0
LINE
8
BLACK
6
CONTINUOUS
10
0.9671576377952755
20
0.7469742519685039
11
0.9655571259842519
21
0.7517758661417323
0
LINE
8
BLACK
6
CONTINUOUS
10
0.9655571259842519
20
0.7517758661417323
11
0.9570338976377952
21
0.7517758661417323
0
LINE
8
BLACK
6
CONTINUOUS
10
0.9570338976377952
20
0.7517758661417323
11
0.9570338976377952
21
0.7479325984251969
0
LINE
8
BLACK
6
CONTINUOUS
10
0.9570338976377952
20
0.7479325984251969
11
0.956242716535433
21
0.7449798425196851
0
LINE
8
BLACK
6
CONTINUOUS
10
0.956242716535433
20
0.7449798425196851
11
0.9540811417322834
21
0.7428182677165354
0
LINE
8
BLACK
6
CONTINUOUS
10
0.9540811417322834
20
0.7428182677165354
11
0.9511283858267716
21
0.7420270866141732
0
LINE
8
BLACK
6
CONTINUOUS
10
0.9511283858267716
20
0.7420270866141732
11
0.9481756299212598
21
0.7428182677165354
0
LINE
8
BLACK
6
CONTINUOUS
10
0.9481756299212598
20
0.7428182677165354
11
0.9460140551181102
21
0.7449798425196851
0
LINE
8
BLACK
6
CONTINUOUS
10
0.9460140551181102
20
0.7449798425196851
11
0.945222874015748
21
0.7479325984251969
0
LINE
8
BLACK
6
CONTINUOUS
10
0.945222874015748
20
0.7479325984251969
11
0.945222874015748
21
0.7576813779527559
0
LINE
8
BLACK
6
CONTINUOUS
10
0.945222874015748
20
0.7576813779527559
11
0.9460140551181102
21
0.7606341338582677
0
LINE
8
BLACK
6
CONTINUOUS
10
0.9460140551181102
20
0.7606341338582677
11
0.9481756299212598
21
0.7627957086614173
0
LINE
8
BLACK
6
CONTINUOUS
10
0.9481756299212598
20
0.7627957086614173
11
0.9511283858267716
21
0.7635868897637795
0
LINE
8
BLACK
6
CONTINUOUS
10
0.9511283858267716
20
0.7635868897637795
11
0.968188779527559
21
0.7635868897637795
0
LINE
8
BLACK
6
CONTINUOUS
10
0.968188779527559
20
0.7635868897637795
11
0.9689397637795275
21
0.7633856692913386
0
LINE
8
BLACK
6
CONTINUOUS
10
1.6580462204724409
20
0.783972874015748
11
1.6582376771653542
21
0.7840111811023622
0
LINE
8
BLACK
6
CONTINUOUS
10
1.6582376771653542
20
0.7840111811023622
11
1.6595114173228347
21
0.7835802755905512
0
LINE
8
BLACK
6
CONTINUOUS
10
1.6595114173228347
20
0.7835802755905512
11
1.6608103937007874
21
0.7832322440944882
0
LINE
8
BLACK
6
CONTINUOUS
10
1.6608103937007874
20
0.7832322440944882
11
1.6609484251968503
21
0.7830941732283464
0
LINE
8
BLACK
6
CONTINUOUS
10
1.6609484251968503
20
0.7830941732283464
11
1.6611334251968504
21
0.7830316141732283
0
LINE
8
BLACK
6
CONTINUOUS
10
1.6611334251968504
20
0.7830316141732283
11
1.6620211811023622
21
0.7820214173228346
0
LINE
8
BLACK
6
CONTINUOUS
10
1.6620211811023622
20
0.7820214173228346
11
1.662971968503937
21
0.7810706692913386
0
LINE
8
BLACK
6
CONTINUOUS
10
1.662971968503937
20
0.7810706692913386
11
1.6630224803149607
21
0.7808820472440945
0
LINE
8
BLACK
6
CONTINUOUS
10
1.6630224803149607
20
0.7808820472440945
11
1.6631513779527558
21
0.7807354330708661
0
LINE
8
BLACK
6
CONTINUOUS
10
1.6631513779527558
20
0.7807354330708661
11
1.6634150787401574
21
0.7794169291338583
0
LINE
8
BLACK
6
CONTINUOUS
10
1.6634150787401574
20
0.7794169291338583
11
1.6637631496062992
21
0.7781179133858268
0
LINE
8
BLACK
6
CONTINUOUS
10
1.6637631496062992
20
0.7781179133858268
11
1.6637631496062992
21
0.7328423228346457
0
LINE
8
BLACK
6
CONTINUOUS
10
1.6637631496062992
20
0.7328423228346457
11
1.6724808267716536
21
0.7328423228346457
0
LINE
8
BLACK
6
CONTINUOUS
10
1.6724808267716536
20
0.7328423228346457
11
1.6754335826771654
21
0.7320511417322835
0
LINE
8
BLACK
6
CONTINUOUS
10
1.6754335826771654
20
0.7320511417322835
11
1.677595157480315
21
0.7298895669291339
0
LINE
8
BLACK
6
CONTINUOUS
10
1.677595157480315
20
0.7298895669291339
11
1.6783863385826772
21
0.7269368110236221
0
LINE
8
BLACK
6
CONTINUOUS
10
1.6783863385826772
20
0.7269368110236221
11
1.677595157480315
21
0.7239840551181103
0
LINE
8
BLACK
6
CONTINUOUS
10
1.677595157480315
20
0.7239840551181103
11
1.6754335826771654
21
0.7218224803149607
0
LINE
8
BLACK
6
CONTINUOUS
10
1.6754335826771654
20
0.7218224803149607
11
1.6724808267716536
21
0.7210312992125985
0
LINE
8
BLACK
6
CONTINUOUS
10
1.6724808267716536
20
0.7210312992125985
11
1.6578576377952756
21
0.7210312992125985
0
LINE
8
BLACK
6
CONTINUOUS
10
1.6578576377952756
20
0.7210312992125985
11
1.6432344881889764
21
0.7210312992125985
0
LINE
8
BLACK
6
CONTINUOUS
10
1.6432344881889764
20
0.7210312992125985
11
1.6402817322834646
21
0.7218224803149607
0
LINE
8
BLACK
6
CONTINUOUS
10
1.6402817322834646
20
0.7218224803149607
11
1.638120157480315
21
0.7239840551181103
0
LINE
8
BLACK
6
CONTINUOUS
10
1.638120157480315
20
0.7239840551181103
11
1.6373289763779528
21
0.7269368110236221
0
LINE
8
BLACK
6
CONTINUOUS
10
1.6373289763779528
20
0.7269368110236221
11
1.638120157480315
21
0.7298895669291339
0
LINE
8
BLACK
6
CONTINUOUS
10
1.638120157480315
20
0.7298895669291339
11
1.6402817322834646
21
0.7320511417322835
0
LINE
8
BLACK
6
CONTINUOUS
10
1.6402817322834646
20
0.7320511417322835
11
1.6432344881889764
21
0.7328423228346457
0
LINE
8
BLACK
6
CONTINUOUS
10
1.6432344881889764
20
0.7328423228346457
11
1.651952125984252
21
0.7328423228346457
0
LINE
8
BLACK
6
CONTINUOUS
10
1.651952125984252
20
0.7328423228346457
11
1.651952125984252
21
0.761564094488189
0
LINE
8
BLACK
6
CONTINUOUS
10
1.651952125984252
20
0.761564094488189
11
1.6514613385826771
21
0.761280748031496
0
LINE
8
BLACK
6
CONTINUOUS
10
1.6514613385826771
20
0.761280748031496
11
1.6507499212598424
21
0.7606498818897638
0
LINE
8
BLACK
6
CONTINUOUS
10
1.6507499212598424
20
0.7606498818897638
11
1.6458755118110235
21
0.7582126771653543
0
LINE
8
BLACK
6
CONTINUOUS
10
1.6458755118110235
20
0.7582126771653543
11
1.6428806692913385
21
0.7575998031496063
0
LINE
8
BLACK
6
CONTINUOUS
10
1.6428806692913385
20
0.7575998031496063
11
1.6399806299212598
21
0.7585664960629921
0
LINE
8
BLACK
6
CONTINUOUS
10
1.6399806299212598
20
0.7585664960629921
11
1.6379524409448818
21
0.7608537007874016
0
LINE
8
BLACK
6
CONTINUOUS
10
1.6379524409448818
20
0.7608537007874016
11
1.6373395669291337
21
0.7638485433070866
0
LINE
8
BLACK
6
CONTINUOUS
10
1.6373395669291337
20
0.7638485433070866
11
1.6383062598425195
21
0.7667485826771654
0
LINE
8
BLACK
6
CONTINUOUS
10
1.6383062598425195
20
0.7667485826771654
11
1.6405934645669291
21
0.7687767716535433
0
LINE
8
BLACK
6
CONTINUOUS
10
1.6405934645669291
20
0.7687767716535433
11
1.6446106692913385
21
0.7707853543307086
0
LINE
8
BLACK
6
CONTINUOUS
10
1.6446106692913385
20
0.7707853543307086
11
1.6483938976377952
21
0.7745685826771653
0
LINE
8
BLACK
6
CONTINUOUS
10
1.6483938976377952
20
0.7745685826771653
11
1.652943937007874
21
0.7813936614173228
0
LINE
8
BLACK
6
CONTINUOUS
10
1.652943937007874
20
0.7813936614173228
11
1.6539538976377952
21
0.7822812598425196
0
LINE
8
BLACK
6
CONTINUOUS
10
1.6539538976377952
20
0.7822812598425196
11
1.6549048818897638
21
0.7832322440944882
0
LINE
8
BLACK
6
CONTINUOUS
10
1.6549048818897638
20
0.7832322440944882
11
1.6550934645669291
21
0.7832827559055118
0
LINE
8
BLACK
6
CONTINUOUS
10
1.6550934645669291
20
0.7832827559055118
11
1.6552401181102361
21
0.7834116535433071
0
LINE
8
BLACK
6
CONTINUOUS
10
1.6552401181102361
20
0.7834116535433071
11
1.6565586614173229
21
0.7836753543307087
0
LINE
8
BLACK
6
CONTINUOUS
10
1.6565586614173229
20
0.7836753543307087
11
1.6578576377952756
21
0.7840234251968504
0
LINE
8
BLACK
6
CONTINUOUS
10
1.6578576377952756
20
0.7840234251968504
11
1.6580462204724409
21
0.783972874015748
0
LINE
8
BLACK
6
CONTINUOUS
10
1.957281062992126
20
0.7832322440944882
11
1.9594426377952756
21
0.7810706692913386
0
LINE
8
BLACK
6
CONTINUOUS
10
1.9594426377952756
20
0.7810706692913386
11
1.9602338188976378
21
0.7781179133858268
0
LINE
8
BLACK
6
CONTINUOUS
10
1.9602338188976378
20
0.7781179133858268
11
1.9594426377952756
21
0.7751651574803149
0
LINE
8
BLACK
6
CONTINUOUS
10
1.9594426377952756
20
0.7751651574803149
11
1.957281062992126
21
0.7730035826771653
0
LINE
8
BLACK
6
CONTINUOUS
10
1.957281062992126
20
0.7730035826771653
11
1.9543283070866142
21
0.7722124015748031
0
LINE
8
BLACK
6
CONTINUOUS
10
1.9543283070866142
20
0.7722124015748031
11
1.9353007874015749
21
0.7722124015748031
0
LINE
8
BLACK
6
CONTINUOUS
10
1.9353007874015749
20
0.7722124015748031
11
1.9345238976377952
21
0.764443622047244
0
LINE
8
BLACK
6
CONTINUOUS
10
1.9345238976377952
20
0.764443622047244
11
1.9348307480314961
21
0.7645258661417322
0
LINE
8
BLACK
6
CONTINUOUS
10
1.9348307480314961
20
0.7645258661417322
11
1.9470167322834646
21
0.7645258661417322
0
LINE
8
BLACK
6
CONTINUOUS
10
1.9470167322834646
20
0.7645258661417322
11
1.9483277952755904
21
0.7641745275590551
0
LINE
8
BLACK
6
CONTINUOUS
10
1.9483277952755904
20
0.7641745275590551
11
1.9496577559055117
21
0.7639024015748032
0
LINE
8
BLACK
6
CONTINUOUS
10
1.9496577559055117
20
0.7639024015748032
11
1.9545321653543306
21
0.7614651968503937
0
LINE
8
BLACK
6
CONTINUOUS
10
1.9545321653543306
20
0.7614651968503937
11
1.9552435433070865
21
0.7608343307086614
0
LINE
8
BLACK
6
CONTINUOUS
10
1.9552435433070865
20
0.7608343307086614
11
1.9560669291338582
21
0.7603589763779527
0
LINE
8
BLACK
6
CONTINUOUS
10
1.9560669291338582
20
0.7603589763779527
11
1.9585041338582676
21
0.7579217716535432
0
LINE
8
BLACK
6
CONTINUOUS
10
1.9585041338582676
20
0.7579217716535432
11
1.9589795275590551
21
0.7570983070866142
0
LINE
8
BLACK
6
CONTINUOUS
10
1.9589795275590551
20
0.7570983070866142
11
1.9596103543307086
21
0.7563869685039369
0
LINE
8
BLACK
6
CONTINUOUS
10
1.9596103543307086
20
0.7563869685039369
11
1.9620475590551181
21
0.7515125984251968
0
LINE
8
BLACK
6
CONTINUOUS
10
1.9620475590551181
20
0.7515125984251968
11
1.96231968503937
21
0.7501826377952756
0
LINE
8
BLACK
6
CONTINUOUS
10
1.96231968503937
20
0.7501826377952756
11
1.9626710236220473
21
0.7488715748031496
0
LINE
8
BLACK
6
CONTINUOUS
10
1.9626710236220473
20
0.7488715748031496
11
1.9626710236220473
21
0.7366855905511811
0
LINE
8
BLACK
6
CONTINUOUS
10
1.9626710236220473
20
0.7366855905511811
11
1.96231968503937
21
0.7353744881889763
0
LINE
8
BLACK
6
CONTINUOUS
10
1.96231968503937
20
0.7353744881889763
11
1.9620475590551181
21
0.7340445669291339
0
LINE
8
BLACK
6
CONTINUOUS
10
1.9620475590551181
20
0.7340445669291339
11
1.9596103543307086
21
0.729170157480315
0
LINE
8
BLACK
6
CONTINUOUS
10
1.9596103543307086
20
0.729170157480315
11
1.9589794881889764
21
0.7284587401574802
0
LINE
8
BLACK
6
CONTINUOUS
10
1.9589794881889764
20
0.7284587401574802
11
1.9585040944881889
21
0.7276353149606299
0
LINE
8
BLACK
6
CONTINUOUS
10
1.9585040944881889
20
0.7276353149606299
11
1.9560668897637794
21
0.7251981496062992
0
LINE
8
BLACK
6
CONTINUOUS
10
1.9560668897637794
20
0.7251981496062992
11
1.9552435433070865
21
0.7247227952755906
0
LINE
8
BLACK
6
CONTINUOUS
10
1.9552435433070865
20
0.7247227952755906
11
1.9545321653543306
21
0.724091968503937
0
LINE
8
BLACK
6
CONTINUOUS
10
1.9545321653543306
20
0.724091968503937
11
1.9496577559055117
21
0.7216547637795275
0
LINE
8
BLACK
6
CONTINUOUS
10
1.9496577559055117
20
0.7216547637795275
11
1.9483277952755904
21
0.7213825984251968
0
LINE
8
BLACK
6
CONTINUOUS
10
1.9483277952755904
20
0.7213825984251968
11
1.9470167322834646
21
0.7210312992125985
0
LINE
8
BLACK
6
CONTINUOUS
10
1.9470167322834646
20
0.7210312992125985
11
1.9348307480314961
21
0.7210312992125985
0
LINE
8
BLACK
6
CONTINUOUS
10
1.9348307480314961
20
0.7210312992125985
11
1.9335196456692914
21
0.7213825984251968
0
LINE
8
BLACK
6
CONTINUOUS
10
1.9335196456692914
20
0.7213825984251968
11
1.9321897244094488
21
0.7216547637795275
0
LINE
8
BLACK
6
CONTINUOUS
10
1.9321897244094488
20
0.7216547637795275
11
1.9273153149606299
21
0.724091968503937
0
LINE
8
BLACK
6
CONTINUOUS
10
1.9273153149606299
20
0.724091968503937
11
1.9266038976377953
21
0.7247227952755906
0
LINE
8
BLACK
6
CONTINUOUS
10
1.9266038976377953
20
0.7247227952755906
11
1.9257805118110236
21
0.7251981889763779
0
LINE
8
BLACK
6
CONTINUOUS
10
1.9257805118110236
20
0.7251981889763779
11
1.9233433464566929
21
0.7276353543307087
0
LINE
8
BLACK
6
CONTINUOUS
10
1.9233433464566929
20
0.7276353543307087
11
1.9218148818897638
21
0.7302827165354331
0
LINE
8
BLACK
6
CONTINUOUS
10
1.9218148818897638
20
0.7302827165354331
11
1.9218148818897638
21
0.7333396456692913
0
LINE
8
BLACK
6
CONTINUOUS
10
1.9218148818897638
20
0.7333396456692913
11
1.9233433464566929
21
0.7359870078740157
0
LINE
8
BLACK
6
CONTINUOUS
10
1.9233433464566929
20
0.7359870078740157
11
1.9259907086614172
21
0.7375154724409448
0
LINE
8
BLACK
6
CONTINUOUS
10
1.9259907086614172
20
0.7375154724409448
11
1.9290476377952754
21
0.7375154724409448
0
LINE
8
BLACK
6
CONTINUOUS
10
1.9290476377952754
20
0.7375154724409448
11
1.9316949999999999
21
0.7359870078740157
0
LINE
8
BLACK
6
CONTINUOUS
10
1.9316949999999999
20
0.7359870078740157
11
1.9334545275590551
21
0.7342274803149607
0
LINE
8
BLACK
6
CONTINUOUS
10
1.9334545275590551
20
0.7342274803149607
11
1.9362248425196851
21
0.7328423228346457
0
LINE
8
BLACK
6
CONTINUOUS
10
1.9362248425196851
20
0.7328423228346457
11
1.9456226377952754
21
0.7328423228346457
0
LINE
8
BLACK
6
CONTINUOUS
10
1.9456226377952754
20
0.7328423228346457
11
1.9483929133858267
21
0.7342274803149607
0
LINE
8
BLACK
6
CONTINUOUS
10
1.9483929133858267
20
0.7342274803149607
11
1.9494748425196851
21
0.7353093700787401
0
LINE
8
BLACK
6
CONTINUOUS
10
1.9494748425196851
20
0.7353093700787401
11
1.95086
21
0.73807968503937
0
LINE
8
BLACK
6
CONTINUOUS
10
1.95086
20
0.73807968503937
11
1.95086
21
0.7474774409448819
0
LINE
8
BLACK
6
CONTINUOUS
10
1.95086
20
0.7474774409448819
11
1.9494748425196851
21
0.7502477559055118
0
LINE
8
BLACK
6
CONTINUOUS
10
1.9494748425196851
20
0.7502477559055118
11
1.9483928740157479
21
0.75132968503937
0
LINE
8
BLACK
6
CONTINUOUS
10
1.9483928740157479
20
0.75132968503937
11
1.9456226377952754
21
0.752714842519685
0
LINE
8
BLACK
6
CONTINUOUS
10
1.9456226377952754
20
0.752714842519685
11
1.9362248425196851
21
0.752714842519685
0
LINE
8
BLACK
6
CONTINUOUS
10
1.9362248425196851
20
0.752714842519685
11
1.9334545275590551
21
0.75132968503937
0
LINE
8
BLACK
6
CONTINUOUS
10
1.9334545275590551
20
0.75132968503937
11
1.9316950393700787
21
0.749570157480315
0
LINE
8
BLACK
6
CONTINUOUS
10
1.9316950393700787
20
0.749570157480315
11
1.9307727165354329
21
0.7490376377952755
0
LINE
8
BLACK
6
CONTINUOUS
10
1.9307727165354329
20
0.7490376377952755
11
1.9299483858267716
21
0.748363188976378
0
LINE
8
BLACK
6
CONTINUOUS
10
1.9299483858267716
20
0.748363188976378
11
1.9294686614173229
21
0.7482846850393701
0
LINE
8
BLACK
6
CONTINUOUS
10
1.9294686614173229
20
0.7482846850393701
11
1.9290476771653542
21
0.7480416535433071
0
LINE
8
BLACK
6
CONTINUOUS
10
1.9290476771653542
20
0.7480416535433071
11
1.9279826771653543
21
0.7480416535433071
0
LINE
8
BLACK
6
CONTINUOUS
10
1.9279826771653543
20
0.7480416535433071
11
1.9269315748031495
21
0.7478697244094488
0
LINE
8
BLACK
6
CONTINUOUS
10
1.9269315748031495
20
0.7478697244094488
11
1.9264768110236219
21
0.7480416535433071
0
LINE
8
BLACK
6
CONTINUOUS
10
1.9264768110236219
20
0.7480416535433071
11
1.9259907480314959
21
0.7480416535433071
0
LINE
8
BLACK
6
CONTINUOUS
10
1.9259907480314959
20
0.7480416535433071
11
1.9250685039370079
21
0.748574094488189
0
LINE
8
BLACK
6
CONTINUOUS
10
1.9250685039370079
20
0.748574094488189
11
1.9240721653543307
21
0.7489507874015748
0
LINE
8
BLACK
6
CONTINUOUS
10
1.9240721653543307
20
0.7489507874015748
11
1.9237642913385826
21
0.7493270472440945
0
LINE
8
BLACK
6
CONTINUOUS
10
1.9237642913385826
20
0.7493270472440945
11
1.9233433858267717
21
0.7495700787401575
0
LINE
8
BLACK
6
CONTINUOUS
10
1.9233433858267717
20
0.7495700787401575
11
1.9228108661417322
21
0.7504923622047244
0
LINE
8
BLACK
6
CONTINUOUS
10
1.9228108661417322
20
0.7504923622047244
11
1.9221364173228346
21
0.7513167322834645
0
LINE
8
BLACK
6
CONTINUOUS
10
1.9221364173228346
20
0.7513167322834645
11
1.9220579133858267
21
0.7517964173228346
0
LINE
8
BLACK
6
CONTINUOUS
10
1.9220579133858267
20
0.7517964173228346
11
1.9218148818897638
21
0.7522174409448819
0
LINE
8
BLACK
6
CONTINUOUS
10
1.9218148818897638
20
0.7522174409448819
11
1.9218148818897638
21
0.7532824409448818
0
LINE
8
BLACK
6
CONTINUOUS
10
1.9218148818897638
20
0.7532824409448818
11
1.9216429527559056
21
0.7543335433070866
0
LINE
8
BLACK
6
CONTINUOUS
10
1.9216429527559056
20
0.7543335433070866
11
1.9240801181102363
21
0.7787055118110237
0
LINE
8
BLACK
6
CONTINUOUS
10
1.9240801181102363
20
0.7787055118110237
11
1.9245200393700788
21
0.7798691338582677
0
LINE
8
BLACK
6
CONTINUOUS
10
1.9245200393700788
20
0.7798691338582677
11
1.9248420078740156
21
0.7810706692913386
0
LINE
8
BLACK
6
CONTINUOUS
10
1.9248420078740156
20
0.7810706692913386
11
1.9250547637795274
21
0.7812834251968503
0
LINE
8
BLACK
6
CONTINUOUS
10
1.9250547637795274
20
0.7812834251968503
11
1.9251611811023621
21
0.7815648818897638
0
LINE
8
BLACK
6
CONTINUOUS
10
1.9251611811023621
20
0.7815648818897638
11
1.9261238976377952
21
0.7823525590551181
0
LINE
8
BLACK
6
CONTINUOUS
10
1.9261238976377952
20
0.7823525590551181
11
1.9270035826771652
21
0.7832322440944882
0
LINE
8
BLACK
6
CONTINUOUS
10
1.9270035826771652
20
0.7832322440944882
11
1.9272942125984251
21
0.7833101181102362
0
LINE
8
BLACK
6
CONTINUOUS
10
1.9272942125984251
20
0.7833101181102362
11
1.9275271259842519
21
0.7835006692913385
0
LINE
8
BLACK
6
CONTINUOUS
10
1.9275271259842519
20
0.7835006692913385
11
1.92875468503937
21
0.7837014173228346
0
LINE
8
BLACK
6
CONTINUOUS
10
1.92875468503937
20
0.7837014173228346
11
1.929956338582677
21
0.7840234251968504
0
LINE
8
BLACK
6
CONTINUOUS
10
1.929956338582677
20
0.7840234251968504
11
1.9543283070866142
21
0.7840234251968504
0
LINE
8
BLACK
6
CONTINUOUS
10
1.9543283070866142
20
0.7840234251968504
11
1.957281062992126
21
0.7832322440944882
0
LINE
8
BLACK
6
CONTINUOUS
10
0.6646254330708661
20
0.7729843700787401
11
0.6659553937007874
21
0.7727122440944881
0
LINE
8
BLACK
6
CONTINUOUS
10
0.6659553937007874
20
0.7727122440944881
11
0.6708298031496063
21
0.7702750393700787
0
LINE
8
BLACK
6
CONTINUOUS
10
0.6708298031496063
20
0.7702750393700787
11
0.6715411811023622
21
0.7696441732283464
0
LINE
8
BLACK
6
CONTINUOUS
10
0.6715411811023622
20
0.7696441732283464
11
0.6723646062992126
21
0.7691688188976378
0
LINE
8
BLACK
6
CONTINUOUS
10
0.6723646062992126
20
0.7691688188976378
11
0.674801811023622
21
0.7667316141732283
0
LINE
8
BLACK
6
CONTINUOUS
10
0.674801811023622
20
0.7667316141732283
11
0.6752771653543307
21
0.7659081889763779
0
LINE
8
BLACK
6
CONTINUOUS
10
0.6752771653543307
20
0.7659081889763779
11
0.6759080314960629
21
0.765196811023622
0
LINE
8
BLACK
6
CONTINUOUS
10
0.6759080314960629
20
0.765196811023622
11
0.6783451968503937
21
0.7603224409448819
0
LINE
8
BLACK
6
CONTINUOUS
10
0.6783451968503937
20
0.7603224409448819
11
0.6786172440944882
21
0.7589927559055117
0
LINE
8
BLACK
6
CONTINUOUS
10
0.6786172440944882
20
0.7589927559055117
11
0.6789686614173228
21
0.7576814173228347
0
LINE
8
BLACK
6
CONTINUOUS
10
0.6789686614173228
20
0.7576814173228347
11
0.6789686614173228
21
0.7454954330708661
0
LINE
8
BLACK
6
CONTINUOUS
10
0.6789686614173228
20
0.7454954330708661
11
0.6787225590551181
21
0.7445770866141732
0
LINE
8
BLACK
6
CONTINUOUS
10
0.6787225590551181
20
0.7445770866141732
11
0.6786656299212598
21
0.7436279921259842
0
LINE
8
BLACK
6
CONTINUOUS
10
0.6786656299212598
20
0.7436279921259842
11
0.6762284645669291
21
0.7363163779527558
0
LINE
8
BLACK
6
CONTINUOUS
10
0.6762284645669291
20
0.7363163779527558
11
0.6745441338582677
21
0.7337653543307087
0
LINE
8
BLACK
6
CONTINUOUS
10
0.6745441338582677
20
0.7337653543307087
11
0.6718099212598425
21
0.7323982283464566
0
LINE
8
BLACK
6
CONTINUOUS
10
0.6718099212598425
20
0.7323982283464566
11
0.6687585039370079
21
0.7325813779527559
0
LINE
8
BLACK
6
CONTINUOUS
10
0.6687585039370079
20
0.7325813779527559
11
0.6662074803149606
21
0.7342657086614173
0
LINE
8
BLACK
6
CONTINUOUS
10
0.6662074803149606
20
0.7342657086614173
11
0.6648403543307086
21
0.7369999212598425
0
LINE
8
BLACK
6
CONTINUOUS
10
0.6648403543307086
20
0.7369999212598425
11
0.6650235039370078
21
0.7400513385826771
0
LINE
8
BLACK
6
CONTINUOUS
10
0.6650235039370078
20
0.7400513385826771
11
0.6671576377952756
21
0.7464537795275591
0
LINE
8
BLACK
6
CONTINUOUS
10
0.6671576377952756
20
0.7464537795275591
11
0.6671576377952756
21
0.7562873622047244
0
LINE
8
BLACK
6
CONTINUOUS
10
0.6671576377952756
20
0.7562873622047244
11
0.6657725196850394
21
0.7590575984251968
0
LINE
8
BLACK
6
CONTINUOUS
10
0.6657725196850394
20
0.7590575984251968
11
0.6646905905511811
21
0.7601395275590551
0
LINE
8
BLACK
6
CONTINUOUS
10
0.6646905905511811
20
0.7601395275590551
11
0.6619202755905512
21
0.7615246850393701
0
LINE
8
BLACK
6
CONTINUOUS
10
0.6619202755905512
20
0.7615246850393701
11
0.659834094488189
21
0.7615246850393701
0
LINE
8
BLACK
6
CONTINUOUS
10
0.659834094488189
20
0.7615246850393701
11
0.657063779527559
21
0.7601395275590551
0
LINE
8
BLACK
6
CONTINUOUS
10
0.657063779527559
20
0.7601395275590551
11
0.6559818503937008
21
0.7590575984251968
0
LINE
8
BLACK
6
CONTINUOUS
10
0.6559818503937008
20
0.7590575984251968
11
0.6542631496062992
21
0.755620157480315
0
LINE
8
BLACK
6
CONTINUOUS
10
0.6542631496062992
20
0.755620157480315
11
0.651983188976378
21
0.7465003543307086
0
LINE
8
BLACK
6
CONTINUOUS
10
0.651983188976378
20
0.7465003543307086
11
0.6516667716535433
21
0.7459303543307086
0
LINE
8
BLACK
6
CONTINUOUS
10
0.6516667716535433
20
0.7459303543307086
11
0.651536062992126
21
0.7452916141732283
0
LINE
8
BLACK
6
CONTINUOUS
10
0.651536062992126
20
0.7452916141732283
11
0.6490988582677165
21
0.7404172047244094
0
LINE
8
BLACK
6
CONTINUOUS
10
0.6490988582677165
20
0.7404172047244094
11
0.6484679921259843
21
0.7397057874015748
0
LINE
8
BLACK
6
CONTINUOUS
10
0.6484679921259843
20
0.7397057874015748
11
0.6479926377952756
21
0.7388824015748031
0
LINE
8
BLACK
6
CONTINUOUS
10
0.6479926377952756
20
0.7388824015748031
11
0.6455554330708662
21
0.7364451968503937
0
LINE
8
BLACK
6
CONTINUOUS
10
0.6455554330708662
20
0.7364451968503937
11
0.6447318897637795
21
0.7359697244094489
0
LINE
8
BLACK
6
CONTINUOUS
10
0.6447318897637795
20
0.7359697244094489
11
0.6440205905511811
21
0.7353389763779528
0
LINE
8
BLACK
6
CONTINUOUS
10
0.6440205905511811
20
0.7353389763779528
11
0.6391462598425197
21
0.7329018110236221
0
LINE
8
BLACK
6
CONTINUOUS
10
0.6391462598425197
20
0.7329018110236221
11
0.6378163779527559
21
0.7326296456692913
0
LINE
8
BLACK
6
CONTINUOUS
10
0.6378163779527559
20
0.7326296456692913
11
0.6365052362204724
21
0.7322783464566929
0
LINE
8
BLACK
6
CONTINUOUS
10
0.6365052362204724
20
0.7322783464566929
11
0.6316308267716535
21
0.7322783464566929
0
LINE
8
BLACK
6
CONTINUOUS
10
0.6316308267716535
20
0.7322783464566929
11
0.6303194488188977
21
0.7326297244094488
0
LINE
8
BLACK
6
CONTINUOUS
10
0.6303194488188977
20
0.7326297244094488
11
0.6289898031496063
21
0.7329018110236221
0
LINE
8
BLACK
6
CONTINUOUS
10
0.6289898031496063
20
0.7329018110236221
11
0.6241154330708661
21
0.7353389763779528
0
LINE
8
BLACK
6
CONTINUOUS
10
0.6241154330708661
20
0.7353389763779528
11
0.6234040157480315
21
0.7359698031496062
0
LINE
8
BLACK
6
CONTINUOUS
10
0.6234040157480315
20
0.7359698031496062
11
0.6225806299212598
21
0.7364451968503937
0
LINE
8
BLACK
6
CONTINUOUS
10
0.6225806299212598
20
0.7364451968503937
11
0.6201434251968504
21
0.7388824015748031
0
LINE
8
BLACK
6
CONTINUOUS
10
0.6201434251968504
20
0.7388824015748031
11
0.619668031496063
21
0.7397057874015748
0
LINE
8
BLACK
6
CONTINUOUS
10
0.619668031496063
20
0.7397057874015748
11
0.6190372047244095
21
0.7404172047244094
0
LINE
8
BLACK
6
CONTINUOUS
10
0.6190372047244095
20
0.7404172047244094
11
0.6166
21
0.7452916141732283
0
LINE
8
BLACK
6
CONTINUOUS
10
0.6166
20
0.7452916141732283
11
0.6163278346456693
21
0.7466215354330709
0
LINE
8
BLACK
6
CONTINUOUS
10
0.6163278346456693
20
0.7466215354330709
11
0.6159765354330708
21
0.7479326377952755
0
LINE
8
BLACK
6
CONTINUOUS
10
0.6159765354330708
20
0.7479326377952755
11
0.6159765354330708
21
0.7601185826771654
0
LINE
8
BLACK
6
CONTINUOUS
10
0.6159765354330708
20
0.7601185826771654
11
0.6162225984251969
21
0.7610370078740157
0
LINE
8
BLACK
6
CONTINUOUS
10
0.6162225984251969
20
0.7610370078740157
11
0.6162796062992126
21
0.761986062992126
0
LINE
8
BLACK
6
CONTINUOUS
10
0.6162796062992126
20
0.761986062992126
11
0.6187168110236221
21
0.7692976771653544
0
LINE
8
BLACK
6
CONTINUOUS
10
0.6187168110236221
20
0.7692976771653544
11
0.6204011023622047
21
0.7718487401574803
0
LINE
8
BLACK
6
CONTINUOUS
10
0.6204011023622047
20
0.7718487401574803
11
0.6231353149606299
21
0.7732158267716536
0
LINE
8
BLACK
6
CONTINUOUS
10
0.6231353149606299
20
0.7732158267716536
11
0.6261867322834646
21
0.7730326771653543
0
LINE
8
BLACK
6
CONTINUOUS
10
0.6261867322834646
20
0.7730326771653543
11
0.6287377952755905
21
0.7713483464566929
0
LINE
8
BLACK
6
CONTINUOUS
10
0.6287377952755905
20
0.7713483464566929
11
0.6301048818897638
21
0.7686141338582677
0
LINE
8
BLACK
6
CONTINUOUS
10
0.6301048818897638
20
0.7686141338582677
11
0.6299217322834646
21
0.7655627165354331
0
LINE
8
BLACK
6
CONTINUOUS
10
0.6299217322834646
20
0.7655627165354331
11
0.6277875590551181
21
0.7591602755905512
0
LINE
8
BLACK
6
CONTINUOUS
10
0.6277875590551181
20
0.7591602755905512
11
0.6277875590551181
21
0.7493267322834646
0
LINE
8
BLACK
6
CONTINUOUS
10
0.6277875590551181
20
0.7493267322834646
11
0.6291727165354331
21
0.7465564173228346
0
LINE
8
BLACK
6
CONTINUOUS
10
0.6291727165354331
20
0.7465564173228346
11
0.6302546456692913
21
0.7454744881889763
0
LINE
8
BLACK
6
CONTINUOUS
10
0.6302546456692913
20
0.7454744881889763
11
0.6330248818897638
21
0.7440893700787401
0
LINE
8
BLACK
6
CONTINUOUS
10
0.6330248818897638
20
0.7440893700787401
11
0.6351111417322834
21
0.7440893700787401
0
LINE
8
BLACK
6
CONTINUOUS
10
0.6351111417322834
20
0.7440893700787401
11
0.6378814173228347
21
0.7454744881889763
0
LINE
8
BLACK
6
CONTINUOUS
10
0.6378814173228347
20
0.7454744881889763
11
0.6389633464566929
21
0.7465564173228346
0
LINE
8
BLACK
6
CONTINUOUS
10
0.6389633464566929
20
0.7465564173228346
11
0.6406820866141733
21
0.7499938976377952
0
LINE
8
BLACK
6
CONTINUOUS
10
0.6406820866141733
20
0.7499938976377952
11
0.6429620472440944
21
0.7591137401574803
0
LINE
8
BLACK
6
CONTINUOUS
10
0.6429620472440944
20
0.7591137401574803
11
0.6432784645669292
21
0.7596837007874016
0
LINE
8
BLACK
6
CONTINUOUS
10
0.6432784645669292
20
0.7596837007874016
11
0.6434091732283465
21
0.7603224409448819
0
LINE
8
BLACK
6
CONTINUOUS
10
0.6434091732283465
20
0.7603224409448819
11
0.6458463385826771
21
0.7651967716535433
0
LINE
8
BLACK
6
CONTINUOUS
10
0.6458463385826771
20
0.7651967716535433
11
0.6464770866141732
21
0.7659080708661418
0
LINE
8
BLACK
6
CONTINUOUS
10
0.6464770866141732
20
0.7659080708661418
11
0.6469525590551181
21
0.7667316141732283
0
LINE
8
BLACK
6
CONTINUOUS
10
0.6469525590551181
20
0.7667316141732283
11
0.6493897637795275
21
0.7691688188976378
0
LINE
8
BLACK
6
CONTINUOUS
10
0.6493897637795275
20
0.7691688188976378
11
0.6502131496062992
21
0.7696441732283464
0
LINE
8
BLACK
6
CONTINUOUS
10
0.6502131496062992
20
0.7696441732283464
11
0.6509245669291338
21
0.7702750393700787
0
LINE
8
BLACK
6
CONTINUOUS
10
0.6509245669291338
20
0.7702750393700787
11
0.6557989763779527
21
0.7727122440944881
0
LINE
8
BLACK
6
CONTINUOUS
10
0.6557989763779527
20
0.7727122440944881
11
0.6571288976377953
21
0.7729843700787401
0
LINE
8
BLACK
6
CONTINUOUS
10
0.6571288976377953
20
0.7729843700787401
11
0.65844
21
0.7733357086614173
0
LINE
8
BLACK
6
CONTINUOUS
10
0.65844
20
0.7733357086614173
11
0.6633143700787402
21
0.7733357086614173
0
LINE
8
BLACK
6
CONTINUOUS
10
0.6633143700787402
20
0.7733357086614173
11
0.6646254330708661
21
0.7729843700787401
0
LINE
8
BLACK
6
CONTINUOUS
10
0.7646254330708662
20
0.7729843700787401
11
0.7659553937007874
21
0.7727122440944881
0
LINE
8
BLACK
6
CONTINUOUS
10
0.7659553937007874
20
0.7727122440944881
11
0.7708298031496063
21
0.7702750393700787
0
LINE
8
BLACK
6
CONTINUOUS
10
0.7708298031496063
20
0.7702750393700787
11
0.7715411811023621
21
0.7696441732283464
0
LINE
8
BLACK
6
CONTINUOUS
10
0.7715411811023621
20
0.7696441732283464
11
0.7723646062992126
21
0.7691688188976378
0
LINE
8
BLACK
6
CONTINUOUS
10
0.7723646062992126
20
0.7691688188976378
11
0.774801811023622
21
0.7667316141732283
0
LINE
8
BLACK
6
CONTINUOUS
10
0.774801811023622
20
0.7667316141732283
11
0.7752771653543307
21
0.7659081889763779
0
LINE
8
BLACK
6
CONTINUOUS
10
0.7752771653543307
20
0.7659081889763779
11
0.775908031496063
21
0.765196811023622
0
LINE
8
BLACK
6
CONTINUOUS
10
0.775908031496063
20
0.765196811023622
11
0.7783451968503937
21
0.7603224409448819
0
LINE
8
BLACK
6
CONTINUOUS
10
0.7783451968503937
20
0.7603224409448819
11
0.7786172440944882
21
0.7589927559055117
0
LINE
8
BLACK
6
CONTINUOUS
10
0.7786172440944882
20
0.7589927559055117
11
0.7789686614173228
21
0.7576814173228347
0
LINE
8
BLACK
6
CONTINUOUS
10
0.7789686614173228
20
0.7576814173228347
11
0.7789686614173228
21
0.7454954330708661
0
LINE
8
BLACK
6
CONTINUOUS
10
0.7789686614173228
20
0.7454954330708661
11
0.7787225590551181
21
0.7445770866141732
0
LINE
8
BLACK
6
CONTINUOUS
10
0.7787225590551181
20
0.7445770866141732
11
0.7786656299212599
21
0.7436279921259842
0
LINE
8
BLACK
6
CONTINUOUS
10
0.7786656299212599
20
0.7436279921259842
11
0.7762284645669291
21
0.7363163779527558
0
LINE
8
BLACK
6
CONTINUOUS
10
0.7762284645669291
20
0.7363163779527558
11
0.7745441338582677
21
0.7337653543307087
0
LINE
8
BLACK
6
CONTINUOUS
10
0.7745441338582677
20
0.7337653543307087
11
0.7718099212598425
21
0.7323982283464566
0
LINE
8
BLACK
6
CONTINUOUS
10
0.7718099212598425
20
0.7323982283464566
11
0.7687585039370078
21
0.7325813779527559
0
LINE
8
BLACK
6
CONTINUOUS
10
0.7687585039370078
20
0.7325813779527559
11
0.7662074803149607
21
0.7342657086614173
0
LINE
8
BLACK
6
CONTINUOUS
10
0.7662074803149607
20
0.7342657086614173
11
0.7648403543307086
21
0.7369999212598425
0
LINE
8
BLACK
6
CONTINUOUS
10
0.7648403543307086
20
0.7369999212598425
11
0.7650235039370079
21
0.7400513385826771
0
LINE
8
BLACK
6
CONTINUOUS
10
0.7650235039370079
20
0.7400513385826771
11
0.7671576377952756
21
0.7464537795275591
0
LINE
8
BLACK
6
CONTINUOUS
10
0.7671576377952756
20
0.7464537795275591
11
0.7671576377952756
21
0.7562873622047244
0
LINE
8
BLACK
6
CONTINUOUS
10
0.7671576377952756
20
0.7562873622047244
11
0.7657725196850393
21
0.7590575984251968
0
LINE
8
BLACK
6
CONTINUOUS
10
0.7657725196850393
20
0.7590575984251968
11
0.764690590551181
21
0.7601395275590551
0
LINE
8
BLACK
6
CONTINUOUS
10
0.764690590551181
20
0.7601395275590551
11
0.7619202755905512
21
0.7615246850393701
0
LINE
8
BLACK
6
CONTINUOUS
10
0.7619202755905512
20
0.7615246850393701
11
0.7598340944881889
21
0.7615246850393701
0
LINE
8
BLACK
6
CONTINUOUS
10
0.7598340944881889
20
0.7615246850393701
11
0.757063779527559
21
0.7601395275590551
0
LINE
8
BLACK
6
CONTINUOUS
10
0.757063779527559
20
0.7601395275590551
11
0.7559818503937008
21
0.7590575984251968
0
LINE
8
BLACK
6
CONTINUOUS
10
0.7559818503937008
20
0.7590575984251968
11
0.7542631496062991
21
0.755620157480315
0
LINE
8
BLACK
6
CONTINUOUS
10
0.7542631496062991
20
0.755620157480315
11
0.7519831889763779
21
0.7465003543307086
0
LINE
8
BLACK
6
CONTINUOUS
10
0.7519831889763779
20
0.7465003543307086
11
0.7516667716535433
21
0.7459303543307086
0
LINE
8
BLACK
6
CONTINUOUS
10
0.7516667716535433
20
0.7459303543307086
11
0.7515360629921259
21
0.7452916141732283
0
LINE
8
BLACK
6
CONTINUOUS
10
0.7515360629921259
20
0.7452916141732283
11
0.7490988582677165
21
0.7404172047244094
0
LINE
8
BLACK
6
CONTINUOUS
10
0.7490988582677165
20
0.7404172047244094
11
0.7484679921259842
21
0.7397057874015748
0
LINE
8
BLACK
6
CONTINUOUS
10
0.7484679921259842
20
0.7397057874015748
11
0.7479926377952756
21
0.7388824015748031
0
LINE
8
BLACK
6
CONTINUOUS
10
0.7479926377952756
20
0.7388824015748031
11
0.7455554330708661
21
0.7364451968503937
0
LINE
8
BLACK
6
CONTINUOUS
10
0.7455554330708661
20
0.7364451968503937
11
0.7447318897637795
21
0.7359697244094489
0
LINE
8
BLACK
6
CONTINUOUS
10
0.7447318897637795
20
0.7359697244094489
11
0.7440205905511811
21
0.7353389763779528
0
LINE
8
BLACK
6
CONTINUOUS
10
0.7440205905511811
20
0.7353389763779528
11
0.7391462598425197
21
0.7329018110236221
0
LINE
8
BLACK
6
CONTINUOUS
10
0.7391462598425197
20
0.7329018110236221
11
0.7378163779527559
21
0.7326296456692913
0
LINE
8
BLACK
6
CONTINUOUS
10
0.7378163779527559
20
0.7326296456692913
11
0.7365052362204724
21
0.7322783464566929
0
LINE
8
BLACK
6
CONTINUOUS
10
0.7365052362204724
20
0.7322783464566929
11
0.7316308267716535
21
0.7322783464566929
0
LINE
8
BLACK
6
CONTINUOUS
10
0.7316308267716535
20
0.7322783464566929
11
0.7303194488188977
21
0.7326297244094488
0
LINE
8
BLACK
6
CONTINUOUS
10
0.7303194488188977
20
0.7326297244094488
11
0.7289898031496063
21
0.7329018110236221
0
LINE
8
BLACK
6
CONTINUOUS
10
0.7289898031496063
20
0.7329018110236221
11
0.7241154330708661
21
0.7353389763779528
0
LINE
8
BLACK
6
CONTINUOUS
10
0.7241154330708661
20
0.7353389763779528
11
0.7234040157480315
21
0.7359698031496062
0
LINE
8
BLACK
6
CONTINUOUS
10
0.7234040157480315
20
0.7359698031496062
11
0.7225806299212598
21
0.7364451968503937
0
LINE
8
BLACK
6
CONTINUOUS
10
0.7225806299212598
20
0.7364451968503937
11
0.7201434251968504
21
0.7388824015748031
0
LINE
8
BLACK
6
CONTINUOUS
10
0.7201434251968504
20
0.7388824015748031
11
0.719668031496063
21
0.7397057874015748
0
LINE
8
BLACK
6
CONTINUOUS
10
0.719668031496063
20
0.7397057874015748
11
0.7190372047244095
21
0.7404172047244094
0
LINE
8
BLACK
6
CONTINUOUS
10
0.7190372047244095
20
0.7404172047244094
11
0.7166
21
0.7452916141732283
0
LINE
8
BLACK
6
CONTINUOUS
10
0.7166
20
0.7452916141732283
11
0.7163278346456693
21
0.7466215354330709
0
LINE
8
BLACK
6
CONTINUOUS
10
0.7163278346456693
20
0.7466215354330709
11
0.7159765354330708
21
0.7479326377952755
0
LINE
8
BLACK
6
CONTINUOUS
10
0.7159765354330708
20
0.7479326377952755
11
0.7159765354330708
21
0.7601185826771654
0
LINE
8
BLACK
6
CONTINUOUS
10
0.7159765354330708
20
0.7601185826771654
11
0.7162225984251969
21
0.7610370078740157
0
LINE
8
BLACK
6
CONTINUOUS
10
0.7162225984251969
20
0.7610370078740157
11
0.7162796062992126
21
0.761986062992126
0
LINE
8
BLACK
6
CONTINUOUS
10
0.7162796062992126
20
0.761986062992126
11
0.7187168110236221
21
0.7692976771653544
0
LINE
8
BLACK
6
CONTINUOUS
10
0.7187168110236221
20
0.7692976771653544
11
0.7204011023622047
21
0.7718487401574803
0
LINE
8
BLACK
6
CONTINUOUS
10
0.7204011023622047
20
0.7718487401574803
11
0.7231353149606299
21
0.7732158267716536
0
LINE
8
BLACK
6
CONTINUOUS
10
0.7231353149606299
20
0.7732158267716536
11
0.7261867322834645
21
0.7730326771653543
0
LINE
8
BLACK
6
CONTINUOUS
10
0.7261867322834645
20
0.7730326771653543
11
0.7287377952755906
21
0.7713483464566929
0
LINE
8
BLACK
6
CONTINUOUS
10
0.7287377952755906
20
0.7713483464566929
11
0.7301048818897637
21
0.7686141338582677
0
LINE
8
BLACK
6
CONTINUOUS
10
0.7301048818897637
20
0.7686141338582677
11
0.7299217322834646
21
0.7655627165354331
0
LINE
8
BLACK
6
CONTINUOUS
10
0.7299217322834646
20
0.7655627165354331
11
0.727787559055118
21
0.7591602755905512
0
LINE
8
BLACK
6
CONTINUOUS
10
0.727787559055118
20
0.7591602755905512
11
0.727787559055118
21
0.7493267322834646
0
LINE
8
BLACK
6
CONTINUOUS
10
0.727787559055118
20
0.7493267322834646
11
0.729172716535433
21
0.7465564173228346
0
LINE
8
BLACK
6
CONTINUOUS
10
0.729172716535433
20
0.7465564173228346
11
0.7302546456692913
21
0.7454744881889763
0
LINE
8
BLACK
6
CONTINUOUS
10
0.7302546456692913
20
0.7454744881889763
11
0.7330248818897638
21
0.7440893700787401
0
LINE
8
BLACK
6
CONTINUOUS
10
0.7330248818897638
20
0.7440893700787401
11
0.7351111417322834
21
0.7440893700787401
0
LINE
8
BLACK
6
CONTINUOUS
10
0.7351111417322834
20
0.7440893700787401
11
0.7378814173228346
21
0.7454744881889763
0
LINE
8
BLACK
6
CONTINUOUS
10
0.7378814173228346
20
0.7454744881889763
11
0.7389633464566929
21
0.7465564173228346
0
LINE
8
BLACK
6
CONTINUOUS
10
0.7389633464566929
20
0.7465564173228346
11
0.7406820866141732
21
0.7499938976377952
0
LINE
8
BLACK
6
CONTINUOUS
10
0.7406820866141732
20
0.7499938976377952
11
0.7429620472440944
21
0.7591137401574803
0
LINE
8
BLACK
6
CONTINUOUS
10
0.7429620472440944
20
0.7591137401574803
11
0.7432784645669291
21
0.7596837007874016
0
LINE
8
BLACK
6
CONTINUOUS
10
0.7432784645669291
20
0.7596837007874016
11
0.7434091732283464
21
0.7603224409448819
0
LINE
8
BLACK
6
CONTINUOUS
10
0.7434091732283464
20
0.7603224409448819
11
0.7458463385826771
21
0.7651967716535433
0
LINE
8
BLACK
6
CONTINUOUS
10
0.7458463385826771
20
0.7651967716535433
11
0.7464770866141732
21
0.7659080708661418
0
LINE
8
BLACK
6
CONTINUOUS
10
0.7464770866141732
20
0.7659080708661418
11
0.7469525590551181
21
0.7667316141732283
0
LINE
8
BLACK
6
CONTINUOUS
10
0.7469525590551181
20
0.7667316141732283
11
0.7493897637795276
21
0.7691688188976378
0
LINE
8
BLACK
6
CONTINUOUS
10
0.7493897637795276
20
0.7691688188976378
11
0.7502131496062991
21
0.7696441732283464
0
LINE
8
BLACK
6
CONTINUOUS
10
0.7502131496062991
20
0.7696441732283464
11
0.7509245669291339
21
0.7702750393700787
0
LINE
8
BLACK
6
CONTINUOUS
10
0.7509245669291339
20
0.7702750393700787
11
0.7557989763779528
21
0.7727122440944881
0
LINE
8
BLACK
6
CONTINUOUS
10
0.7557989763779528
20
0.7727122440944881
11
0.7571288976377952
21
0.7729843700787401
0
LINE
8
BLACK
6
CONTINUOUS
10
0.7571288976377952
20
0.7729843700787401
11
0.75844
21
0.7733357086614173
0
LINE
8
BLACK
6
CONTINUOUS
10
0.75844
20
0.7733357086614173
11
0.7633143700787401
21
0.7733357086614173
0
LINE
8
BLACK
6
CONTINUOUS
10
0.7633143700787401
20
0.7733357086614173
11
0.7646254330708662
21
0.7729843700787401
0
LINE
8
BLACK
6
CONTINUOUS
10
1.1321192125984252
20
0.7843494094488189
11
1.1342807874015748
21
0.7821878346456693
0
LINE
8
BLACK
6
CONTINUOUS
10
1.1342807874015748
20
0.7821878346456693
11
1.135071968503937
21
0.7792350787401575
0
LINE
8
BLACK
6
CONTINUOUS
10
1.135071968503937
20
0.7792350787401575
11
1.1342807874015748
21
0.7762823228346456
0
LINE
8
BLACK
6
CONTINUOUS
10
1.1342807874015748
20
0.7762823228346456
11
1.1321192125984252
21
0.774120748031496
0
LINE
8
BLACK
6
CONTINUOUS
10
1.1321192125984252
20
0.774120748031496
11
1.1291664566929134
21
0.7733295669291338
0
LINE
8
BLACK
6
CONTINUOUS
10
1.1291664566929134
20
0.7733295669291338
11
1.0967307874015748
21
0.7733295669291338
0
LINE
8
BLACK
6
CONTINUOUS
10
1.0967307874015748
20
0.7733295669291338
11
1.1147909448818898
21
0.7649014960629921
0
LINE
8
BLACK
6
CONTINUOUS
10
1.1147909448818898
20
0.7649014960629921
11
1.1151898425196851
21
0.7645665748031496
0
LINE
8
BLACK
6
CONTINUOUS
10
1.1151898425196851
20
0.7645665748031496
11
1.1156794488188977
21
0.7643885433070866
0
LINE
8
BLACK
6
CONTINUOUS
10
1.1156794488188977
20
0.7643885433070866
11
1.1163424803149606
21
0.7635988188976378
0
LINE
8
BLACK
6
CONTINUOUS
10
1.1163424803149606
20
0.7635988188976378
11
1.1171321259842519
21
0.7629358661417323
0
LINE
8
BLACK
6
CONTINUOUS
10
1.1171321259842519
20
0.7629358661417323
11
1.1173101181102363
21
0.7624462992125984
0
LINE
8
BLACK
6
CONTINUOUS
10
1.1173101181102363
20
0.7624462992125984
11
1.1176450787401575
21
0.7620474015748031
0
LINE
8
BLACK
6
CONTINUOUS
10
1.1176450787401575
20
0.7620474015748031
11
1.1178244094488188
21
0.7610320078740157
0
LINE
8
BLACK
6
CONTINUOUS
10
1.1178244094488188
20
0.7610320078740157
11
1.1181768110236221
21
0.7600629921259843
0
LINE
8
BLACK
6
CONTINUOUS
10
1.1181768110236221
20
0.7600629921259843
11
1.1180861811023621
21
0.7595500393700787
0
LINE
8
BLACK
6
CONTINUOUS
10
1.1180861811023621
20
0.7595500393700787
11
1.1181768110236221
21
0.7590370866141732
0
LINE
8
BLACK
6
CONTINUOUS
10
1.1181768110236221
20
0.7590370866141732
11
1.1178244094488188
21
0.7580680314960629
0
LINE
8
BLACK
6
CONTINUOUS
10
1.1178244094488188
20
0.7580680314960629
11
1.1176450787401575
21
0.7570526771653543
0
LINE
8
BLACK
6
CONTINUOUS
10
1.1176450787401575
20
0.7570526771653543
11
1.1173101181102363
21
0.7566537401574803
0
LINE
8
BLACK
6
CONTINUOUS
10
1.1173101181102363
20
0.7566537401574803
11
1.1171321259842519
21
0.7561642125984251
0
LINE
8
BLACK
6
CONTINUOUS
10
1.1171321259842519
20
0.7561642125984251
11
1.1163424803149606
21
0.7555012204724409
0
LINE
8
BLACK
6
CONTINUOUS
10
1.1163424803149606
20
0.7555012204724409
11
1.1156794488188977
21
0.7547115354330709
0
LINE
8
BLACK
6
CONTINUOUS
10
1.1156794488188977
20
0.7547115354330709
11
1.1151898425196851
21
0.7545334645669292
0
LINE
8
BLACK
6
CONTINUOUS
10
1.1151898425196851
20
0.7545334645669292
11
1.1147909448818898
21
0.7541985826771653
0
LINE
8
BLACK
6
CONTINUOUS
10
1.1147909448818898
20
0.7541985826771653
11
1.0967307874015748
21
0.7457705118110236
0
LINE
8
BLACK
6
CONTINUOUS
10
1.0967307874015748
20
0.7457705118110236
11
1.1291664566929134
21
0.7457705118110236
0
LINE
8
BLACK
6
CONTINUOUS
10
1.1291664566929134
20
0.7457705118110236
11
1.1321192125984252
21
0.7449793307086614
0
LINE
8
BLACK
6
CONTINUOUS
10
1.1321192125984252
20
0.7449793307086614
11
1.1342807874015748
21
0.7428177559055118
0
LINE
8
BLACK
6
CONTINUOUS
10
1.1342807874015748
20
0.7428177559055118
11
1.135071968503937
21
0.739865
0
LINE
8
BLACK
6
CONTINUOUS
10
1.135071968503937
20
0.739865
11
1.1342807874015748
21
0.7369122440944882
0
LINE
8
BLACK
6
CONTINUOUS
10
1.1342807874015748
20
0.7369122440944882
11
1.1321192125984252
21
0.7347506692913386
0
LINE
8
BLACK
6
CONTINUOUS
10
1.1321192125984252
20
0.7347506692913386
11
1.1291664566929134
21
0.7339594881889764
0
LINE
8
BLACK
6
CONTINUOUS
10
1.1291664566929134
20
0.7339594881889764
11
1.070111338582677
21
0.7339594881889764
0
LINE
8
BLACK
6
CONTINUOUS
10
1.070111338582677
20
0.7339594881889764
11
1.0698573228346457
21
0.7340275196850393
0
LINE
8
BLACK
6
CONTINUOUS
10
1.0698573228346457
20
0.7340275196850393
11
1.0695983858267717
21
0.733981811023622
0
LINE
8
BLACK
6
CONTINUOUS
10
1.0695983858267717
20
0.733981811023622
11
1.06839531496063
21
0.7344192519685039
0
LINE
8
BLACK
6
CONTINUOUS
10
1.06839531496063
20
0.7344192519685039
11
1.0671585826771652
21
0.7347506692913386
0
LINE
8
BLACK
6
CONTINUOUS
10
1.0671585826771652
20
0.7347506692913386
11
1.0669725984251968
21
0.7349366141732283
0
LINE
8
BLACK
6
CONTINUOUS
10
1.0669725984251968
20
0.7349366141732283
11
1.0667255118110237
21
0.7350264960629921
0
LINE
8
BLACK
6
CONTINUOUS
10
1.0667255118110237
20
0.7350264960629921
11
1.0659024015748031
21
0.736006811023622
0
LINE
8
BLACK
6
CONTINUOUS
10
1.0659024015748031
20
0.736006811023622
11
1.0649970078740156
21
0.7369122440944882
0
LINE
8
BLACK
6
CONTINUOUS
10
1.0649970078740156
20
0.7369122440944882
11
1.0649289370078741
21
0.7371662598425197
0
LINE
8
BLACK
6
CONTINUOUS
10
1.0649289370078741
20
0.7371662598425197
11
1.0647598818897637
21
0.7373676377952756
0
LINE
8
BLACK
6
CONTINUOUS
10
1.0647598818897637
20
0.7373676377952756
11
1.0645372047244095
21
0.7386282283464567
0
LINE
8
BLACK
6
CONTINUOUS
10
1.0645372047244095
20
0.7386282283464567
11
1.0642058267716534
21
0.739865
0
LINE
8
BLACK
6
CONTINUOUS
10
1.0642058267716534
20
0.739865
11
1.0642738582677165
21
0.7401189763779528
0
LINE
8
BLACK
6
CONTINUOUS
10
1.0642738582677165
20
0.7401189763779528
11
1.0642281496062991
21
0.7403779527559055
0
LINE
8
BLACK
6
CONTINUOUS
10
1.0642281496062991
20
0.7403779527559055
11
1.064665590551181
21
0.7415809842519685
0
LINE
8
BLACK
6
CONTINUOUS
10
1.064665590551181
20
0.7415809842519685
11
1.0649970078740156
21
0.7428177559055118
0
LINE
8
BLACK
6
CONTINUOUS
10
1.0649970078740156
20
0.7428177559055118
11
1.0651829527559056
21
0.7430037007874015
0
LINE
8
BLACK
6
CONTINUOUS
10
1.0651829527559056
20
0.7430037007874015
11
1.0652728346456692
21
0.7432508267716535
0
LINE
8
BLACK
6
CONTINUOUS
10
1.0652728346456692
20
0.7432508267716535
11
1.0662531496062992
21
0.7440738976377953
0
LINE
8
BLACK
6
CONTINUOUS
10
1.0662531496062992
20
0.7440738976377953
11
1.0671585826771652
21
0.7449793307086614
0
LINE
8
BLACK
6
CONTINUOUS
10
1.0671585826771652
20
0.7449793307086614
11
1.0674125984251968
21
0.7450473622047243
0
LINE
8
BLACK
6
CONTINUOUS
10
1.0674125984251968
20
0.7450473622047243
11
1.0676139763779526
21
0.7452164566929134
0
LINE
8
BLACK
6
CONTINUOUS
10
1.0676139763779526
20
0.7452164566929134
11
1.0983287401574804
21
0.7595500393700787
0
LINE
8
BLACK
6
CONTINUOUS
10
1.0983287401574804
20
0.7595500393700787
11
1.0676139763779526
21
0.773883622047244
0
LINE
8
BLACK
6
CONTINUOUS
10
1.0676139763779526
20
0.773883622047244
11
1.0674125984251968
21
0.7740526771653543
0
LINE
8
BLACK
6
CONTINUOUS
10
1.0674125984251968
20
0.7740526771653543
11
1.0671585826771652
21
0.774120748031496
0
LINE
8
BLACK
6
CONTINUOUS
10
1.0671585826771652
20
0.774120748031496
11
1.0662531496062992
21
0.7750261417322835
0
LINE
8
BLACK
6
CONTINUOUS
10
1.0662531496062992
20
0.7750261417322835
11
1.0652728346456692
21
0.775849251968504
0
LINE
8
BLACK
6
CONTINUOUS
10
1.0652728346456692
20
0.775849251968504
11
1.0651829527559056
21
0.7760963385826771
0
LINE
8
BLACK
6
CONTINUOUS
10
1.0651829527559056
20
0.7760963385826771
11
1.0649970078740156
21
0.7762823228346456
0
LINE
8
BLACK
6
CONTINUOUS
10
1.0649970078740156
20
0.7762823228346456
11
1.064665590551181
21
0.7775190551181103
0
LINE
8
BLACK
6
CONTINUOUS
10
1.064665590551181
20
0.7775190551181103
11
1.0642281496062991
21
0.7787221259842519
0
LINE
8
BLACK
6
CONTINUOUS
10
1.0642281496062991
20
0.7787221259842519
11
1.0642738582677165
21
0.778981062992126
0
LINE
8
BLACK
6
CONTINUOUS
10
1.0642738582677165
20
0.778981062992126
11
1.0642058267716534
21
0.7792350787401575
0
LINE
8
BLACK
6
CONTINUOUS
10
1.0642058267716534
20
0.7792350787401575
11
1.0645372047244095
21
0.7804718110236221
0
LINE
8
BLACK
6
CONTINUOUS
10
1.0645372047244095
20
0.7804718110236221
11
1.0647598818897637
21
0.7817324409448819
0
LINE
8
BLACK
6
CONTINUOUS
10
1.0647598818897637
20
0.7817324409448819
11
1.0649289370078741
21
0.781933779527559
0
LINE
8
BLACK
6
CONTINUOUS
10
1.0649289370078741
20
0.781933779527559
11
1.0649970078740156
21
0.7821878346456693
0
LINE
8
BLACK
6
CONTINUOUS
10
1.0649970078740156
20
0.7821878346456693
11
1.0659024015748031
21
0.7830932283464567
0
LINE
8
BLACK
6
CONTINUOUS
10
1.0659024015748031
20
0.7830932283464567
11
1.0667255118110237
21
0.7840735826771653
0
LINE
8
BLACK
6
CONTINUOUS
10
1.0667255118110237
20
0.7840735826771653
11
1.0669725984251968
21
0.7841634251968503
0
LINE
8
BLACK
6
CONTINUOUS
10
1.0669725984251968
20
0.7841634251968503
11
1.0671585826771652
21
0.7843494094488189
0
LINE
8
BLACK
6
CONTINUOUS
10
1.0671585826771652
20
0.7843494094488189
11
1.06839531496063
21
0.7846807874015748
0
LINE
8
BLACK
6
CONTINUOUS
10
1.06839531496063
20
0.7846807874015748
11
1.0695983858267717
21
0.7851182677165354
0
LINE
8
BLACK
6
CONTINUOUS
10
1.0695983858267717
20
0.7851182677165354
11
1.0698573228346457
21
0.7850725196850393
0
LINE
8
BLACK
6
CONTINUOUS
10
1.0698573228346457
20
0.7850725196850393
11
1.070111338582677
21
0.7851405905511811
0
LINE
8
BLACK
6
CONTINUOUS
10
1.070111338582677
20
0.7851405905511811
11
1.1291664566929134
21
0.7851405905511811
0
LINE
8
BLACK
6
CONTINUOUS
10
1.1291664566929134
20
0.7851405905511811
11
1.1321192125984252
21
0.7843494094488189
0
LINE
8
BLACK
6
CONTINUOUS
10
0.8646254330708661
20
0.7754215748031495
11
0.8659553937007873
21
0.7751494488188976
0
LINE
8
BLACK
6
CONTINUOUS
10
0.8659553937007873
20
0.7751494488188976
11
0.8708298031496062
21
0.7727122440944881
0
LINE
8
BLACK
6
CONTINUOUS
10
0.8708298031496062
20
0.7727122440944881
11
0.8715411811023622
21
0.7720813779527559
0
LINE
8
BLACK
6
CONTINUOUS
10
0.8715411811023622
20
0.7720813779527559
11
0.8723646062992125
21
0.7716060236220472
0
LINE
8
BLACK
6
CONTINUOUS
10
0.8723646062992125
20
0.7716060236220472
11
0.874801811023622
21
0.7691688188976378
0
LINE
8
BLACK
6
CONTINUOUS
10
0.874801811023622
20
0.7691688188976378
11
0.8752771653543306
21
0.7683453937007874
0
LINE
8
BLACK
6
CONTINUOUS
10
0.8752771653543306
20
0.7683453937007874
11
0.875908031496063
21
0.7676340157480315
0
LINE
8
BLACK
6
CONTINUOUS
10
0.875908031496063
20
0.7676340157480315
11
0.8783451968503937
21
0.7627596456692913
0
LINE
8
BLACK
6
CONTINUOUS
10
0.8783451968503937
20
0.7627596456692913
11
0.8786172440944882
21
0.7614299606299212
0
LINE
8
BLACK
6
CONTINUOUS
10
0.8786172440944882
20
0.7614299606299212
11
0.8789686614173228
21
0.7601186220472441
0
LINE
8
BLACK
6
CONTINUOUS
10
0.8789686614173228
20
0.7601186220472441
11
0.8789686614173228
21
0.7479326377952755
0
LINE
8
BLACK
6
CONTINUOUS
10
0.8789686614173228
20
0.7479326377952755
11
0.8787225590551181
21
0.7470142913385827
0
LINE
8
BLACK
6
CONTINUOUS
10
0.8787225590551181
20
0.7470142913385827
11
0.8786656299212598
21
0.7460651968503936
0
LINE
8
BLACK
6
CONTINUOUS
10
0.8786656299212598
20
0.7460651968503936
11
0.8762284645669292
21
0.7387535826771653
0
LINE
8
BLACK
6
CONTINUOUS
10
0.8762284645669292
20
0.7387535826771653
11
0.8745441338582677
21
0.7362025590551181
0
LINE
8
BLACK
6
CONTINUOUS
10
0.8745441338582677
20
0.7362025590551181
11
0.8718099212598425
21
0.7348354330708661
0
LINE
8
BLACK
6
CONTINUOUS
10
0.8718099212598425
20
0.7348354330708661
11
0.8687585039370078
21
0.7350185826771654
0
LINE
8
BLACK
6
CONTINUOUS
10
0.8687585039370078
20
0.7350185826771654
11
0.8662074803149606
21
0.7367029133858267
0
LINE
8
BLACK
6
CONTINUOUS
10
0.8662074803149606
20
0.7367029133858267
11
0.8648403543307086
21
0.7394371259842519
0
LINE
8
BLACK
6
CONTINUOUS
10
0.8648403543307086
20
0.7394371259842519
11
0.8650235039370079
21
0.7424885433070866
0
LINE
8
BLACK
6
CONTINUOUS
10
0.8650235039370079
20
0.7424885433070866
11
0.8671576377952755
21
0.7488909842519685
0
LINE
8
BLACK
6
CONTINUOUS
10
0.8671576377952755
20
0.7488909842519685
11
0.8671576377952755
21
0.7587245669291338
0
LINE
8
BLACK
6
CONTINUOUS
10
0.8671576377952755
20
0.7587245669291338
11
0.8657725196850393
21
0.7614948031496063
0
LINE
8
BLACK
6
CONTINUOUS
10
0.8657725196850393
20
0.7614948031496063
11
0.8646905905511811
21
0.7625767322834646
0
LINE
8
BLACK
6
CONTINUOUS
10
0.8646905905511811
20
0.7625767322834646
11
0.8619202755905512
21
0.7639618897637795
0
LINE
8
BLACK
6
CONTINUOUS
10
0.8619202755905512
20
0.7639618897637795
11
0.8598340944881889
21
0.7639618897637795
0
LINE
8
BLACK
6
CONTINUOUS
10
0.8598340944881889
20
0.7639618897637795
11
0.8570637795275591
21
0.7625767322834646
0
LINE
8
BLACK
6
CONTINUOUS
10
0.8570637795275591
20
0.7625767322834646
11
0.8559818503937008
21
0.7614948031496063
0
LINE
8
BLACK
6
CONTINUOUS
10
0.8559818503937008
20
0.7614948031496063
11
0.8542631496062992
21
0.7580573622047244
0
LINE
8
BLACK
6
CONTINUOUS
10
0.8542631496062992
20
0.7580573622047244
11
0.8519831889763779
21
0.7489375590551181
0
LINE
8
BLACK
6
CONTINUOUS
10
0.8519831889763779
20
0.7489375590551181
11
0.8516667716535433
21
0.7483675590551181
0
LINE
8
BLACK
6
CONTINUOUS
10
0.8516667716535433
20
0.7483675590551181
11
0.8515360629921259
21
0.7477288188976378
0
LINE
8
BLACK
6
CONTINUOUS
10
0.8515360629921259
20
0.7477288188976378
11
0.8490988582677165
21
0.7428544094488189
0
LINE
8
BLACK
6
CONTINUOUS
10
0.8490988582677165
20
0.7428544094488189
11
0.8484679921259842
21
0.7421429921259842
0
LINE
8
BLACK
6
CONTINUOUS
10
0.8484679921259842
20
0.7421429921259842
11
0.8479926377952756
21
0.7413196062992126
0
LINE
8
BLACK
6
CONTINUOUS
10
0.8479926377952756
20
0.7413196062992126
11
0.8455554330708661
21
0.7388824015748031
0
LINE
8
BLACK
6
CONTINUOUS
10
0.8455554330708661
20
0.7388824015748031
11
0.8447318897637796
21
0.7384069291338583
0
LINE
8
BLACK
6
CONTINUOUS
10
0.8447318897637796
20
0.7384069291338583
11
0.8440205905511811
21
0.7377761811023622
0
LINE
8
BLACK
6
CONTINUOUS
10
0.8440205905511811
20
0.7377761811023622
11
0.8391462598425197
21
0.7353390157480315
0
LINE
8
BLACK
6
CONTINUOUS
10
0.8391462598425197
20
0.7353390157480315
11
0.8378163779527559
21
0.7350668503937008
0
LINE
8
BLACK
6
CONTINUOUS
10
0.8378163779527559
20
0.7350668503937008
11
0.8365052362204725
21
0.7347155511811023
0
LINE
8
BLACK
6
CONTINUOUS
10
0.8365052362204725
20
0.7347155511811023
11
0.8316308267716536
21
0.7347155511811023
0
LINE
8
BLACK
6
CONTINUOUS
10
0.8316308267716536
20
0.7347155511811023
11
0.8303194488188976
21
0.7350669291338583
0
LINE
8
BLACK
6
CONTINUOUS
10
0.8303194488188976
20
0.7350669291338583
11
0.8289898031496062
21
0.7353390157480315
0
LINE
8
BLACK
6
CONTINUOUS
10
0.8289898031496062
20
0.7353390157480315
11
0.8241154330708661
21
0.7377761811023622
0
LINE
8
BLACK
6
CONTINUOUS
10
0.8241154330708661
20
0.7377761811023622
11
0.8234040157480315
21
0.7384070078740157
0
LINE
8
BLACK
6
CONTINUOUS
10
0.8234040157480315
20
0.7384070078740157
11
0.8225806299212598
21
0.7388824015748031
0
LINE
8
BLACK
6
CONTINUOUS
10
0.8225806299212598
20
0.7388824015748031
11
0.8201434251968504
21
0.7413196062992126
0
LINE
8
BLACK
6
CONTINUOUS
10
0.8201434251968504
20
0.7413196062992126
11
0.8196680314960629
21
0.7421429921259842
0
LINE
8
BLACK
6
CONTINUOUS
10
0.8196680314960629
20
0.7421429921259842
11
0.8190372047244094
21
0.7428544094488189
0
LINE
8
BLACK
6
CONTINUOUS
10
0.8190372047244094
20
0.7428544094488189
11
0.8166
21
0.7477288188976378
0
LINE
8
BLACK
6
CONTINUOUS
10
0.8166
20
0.7477288188976378
11
0.8163278346456693
21
0.7490587401574803
0
LINE
8
BLACK
6
CONTINUOUS
10
0.8163278346456693
20
0.7490587401574803
11
0.8159765354330708
21
0.750369842519685
0
LINE
8
BLACK
6
CONTINUOUS
10
0.8159765354330708
20
0.750369842519685
11
0.8159765354330708
21
0.7625557874015748
0
LINE
8
BLACK
6
CONTINUOUS
10
0.8159765354330708
20
0.7625557874015748
11
0.8162225984251968
21
0.7634742125984252
0
LINE
8
BLACK
6
CONTINUOUS
10
0.8162225984251968
20
0.7634742125984252
11
0.8162796062992126
21
0.7644232677165355
0
LINE
8
BLACK
6
CONTINUOUS
10
0.8162796062992126
20
0.7644232677165355
11
0.818716811023622
21
0.7717348818897638
0
LINE
8
BLACK
6
CONTINUOUS
10
0.818716811023622
20
0.7717348818897638
11
0.8204011023622048
21
0.7742859448818897
0
LINE
8
BLACK
6
CONTINUOUS
10
0.8204011023622048
20
0.7742859448818897
11
0.8231353149606299
21
0.775653031496063
0
LINE
8
BLACK
6
CONTINUOUS
10
0.8231353149606299
20
0.775653031496063
11
0.8261867322834645
21
0.7754698818897637
0
LINE
8
BLACK
6
CONTINUOUS
10
0.8261867322834645
20
0.7754698818897637
11
0.8287377952755905
21
0.7737855511811024
0
LINE
8
BLACK
6
CONTINUOUS
10
0.8287377952755905
20
0.7737855511811024
11
0.8301048818897637
21
0.7710513385826772
0
LINE
8
BLACK
6
CONTINUOUS
10
0.8301048818897637
20
0.7710513385826772
11
0.8299217322834646
21
0.7679999212598425
0
LINE
8
BLACK
6
CONTINUOUS
10
0.8299217322834646
20
0.7679999212598425
11
0.8277875590551181
21
0.7615974803149607
0
LINE
8
BLACK
6
CONTINUOUS
10
0.8277875590551181
20
0.7615974803149607
11
0.8277875590551181
21
0.751763937007874
0
LINE
8
BLACK
6
CONTINUOUS
10
0.8277875590551181
20
0.751763937007874
11
0.829172716535433
21
0.7489936220472441
0
LINE
8
BLACK
6
CONTINUOUS
10
0.829172716535433
20
0.7489936220472441
11
0.8302546456692913
21
0.7479116929133858
0
LINE
8
BLACK
6
CONTINUOUS
10
0.8302546456692913
20
0.7479116929133858
11
0.8330248818897638
21
0.7465265748031495
0
LINE
8
BLACK
6
CONTINUOUS
10
0.8330248818897638
20
0.7465265748031495
11
0.8351111417322834
21
0.7465265748031495
0
LINE
8
BLACK
6
CONTINUOUS
10
0.8351111417322834
20
0.7465265748031495
11
0.8378814173228346
21
0.7479116929133858
0
LINE
8
BLACK
6
CONTINUOUS
10
0.8378814173228346
20
0.7479116929133858
11
0.8389633464566929
21
0.7489936220472441
0
LINE
8
BLACK
6
CONTINUOUS
10
0.8389633464566929
20
0.7489936220472441
11
0.8406820866141732
21
0.7524311023622047
0
LINE
8
BLACK
6
CONTINUOUS
10
0.8406820866141732
20
0.7524311023622047
11
0.8429620472440945
21
0.7615509448818898
0
LINE
8
BLACK
6
CONTINUOUS
10
0.8429620472440945
20
0.7615509448818898
11
0.8432784645669291
21
0.762120905511811
0
LINE
8
BLACK
6
CONTINUOUS
10
0.8432784645669291
20
0.762120905511811
11
0.8434091732283464
21
0.7627596456692913
0
LINE
8
BLACK
6
CONTINUOUS
10
0.8434091732283464
20
0.7627596456692913
11
0.8458463385826771
21
0.7676339763779527
0
LINE
8
BLACK
6
CONTINUOUS
10
0.8458463385826771
20
0.7676339763779527
11
0.8464770866141732
21
0.7683452755905512
0
LINE
8
BLACK
6
CONTINUOUS
10
0.8464770866141732
20
0.7683452755905512
11
0.8469525590551181
21
0.7691688188976378
0
LINE
8
BLACK
6
CONTINUOUS
10
0.8469525590551181
20
0.7691688188976378
11
0.8493897637795276
21
0.7716060236220472
0
LINE
8
BLACK
6
CONTINUOUS
10
0.8493897637795276
20
0.7716060236220472
11
0.8502131496062992
21
0.7720813779527559
0
LINE
8
BLACK
6
CONTINUOUS
10
0.8502131496062992
20
0.7720813779527559
11
0.8509245669291339
21
0.7727122440944881
0
LINE
8
BLACK
6
CONTINUOUS
10
0.8509245669291339
20
0.7727122440944881
11
0.8557989763779528
21
0.7751494488188976
0
LINE
8
BLACK
6
CONTINUOUS
10
0.8557989763779528
20
0.7751494488188976
11
0.8571288976377952
21
0.7754215748031495
0
LINE
8
BLACK
6
CONTINUOUS
10
0.8571288976377952
20
0.7754215748031495
11
0.85844
21
0.7757729133858268
0
LINE
8
BLACK
6
CONTINUOUS
10
0.85844
20
0.7757729133858268
11
0.8633143700787401
21
0.7757729133858268
0
LINE
8
BLACK
6
CONTINUOUS
10
0.8633143700787401
20
0.7757729133858268
11
0.8646254330708661
21
0.7754215748031495
0
LINE
8
BLACK
6
CONTINUOUS
10
0.0852648031496063
20
0.7615552755905511
11
0.0855459842519685
21
0.7614996456692913
0
LINE
8
BLACK
6
CONTINUOUS
10
0.0855459842519685
20
0.7614996456692913
11
0.0856023228346457
21
0.7614154724409449
0
LINE
8
BLACK
6
CONTINUOUS
10
0.0856023228346457
20
0.7614154724409449
11
0.0856959842519685
21
0.7613766929133858
0
LINE
8
BLACK
6
CONTINUOUS
10
0.0856959842519685
20
0.7613766929133858
11
0.0858056299212598
21
0.7611118897637795
0
LINE
8
BLACK
6
CONTINUOUS
10
0.0858056299212598
20
0.7611118897637795
11
0.085965157480315
21
0.7608737401574803
0
LINE
8
BLACK
6
CONTINUOUS
10
0.085965157480315
20
0.7608737401574803
11
0.0859454724409449
21
0.7607742913385827
0
LINE
8
BLACK
6
CONTINUOUS
10
0.0859454724409449
20
0.7607742913385827
11
0.0859842519685039
21
0.7606807086614173
0
LINE
8
BLACK
6
CONTINUOUS
10
0.0859842519685039
20
0.7606807086614173
11
0.0859842519685039
21
0.7419799212598425
0
LINE
8
BLACK
6
CONTINUOUS
10
0.0859842519685039
20
0.7419799212598425
11
0.0906242913385827
21
0.7419799212598425
0
LINE
8
BLACK
6
CONTINUOUS
10
0.0906242913385827
20
0.7419799212598425
11
0.0913202755905512
21
0.741691653543307
0
LINE
8
BLACK
6
CONTINUOUS
10
0.0913202755905512
20
0.741691653543307
11
0.0916085433070866
21
0.7409956692913385
0
LINE
8
BLACK
6
CONTINUOUS
10
0.0916085433070866
20
0.7409956692913385
11
0.0913202755905512
21
0.74029968503937
0
LINE
8
BLACK
6
CONTINUOUS
10
0.0913202755905512
20
0.74029968503937
11
0.0906242913385827
21
0.7400114173228346
0
LINE
8
BLACK
6
CONTINUOUS
10
0.0906242913385827
20
0.7400114173228346
11
0.085
21
0.7400114173228346
0
LINE
8
BLACK
6
CONTINUOUS
10
0.085
20
0.7400114173228346
11
0.0793757086614173
21
0.7400114173228346
0
LINE
8
BLACK
6
CONTINUOUS
10
0.0793757086614173
20
0.7400114173228346
11
0.0786797244094488
21
0.74029968503937
0
LINE
8
BLACK
6
CONTINUOUS
10
0.0786797244094488
20
0.74029968503937
11
0.0783914566929134
21
0.7409956692913385
0
LINE
8
BLACK
6
CONTINUOUS
10
0.0783914566929134
20
0.7409956692913385
11
0.0786797244094488
21
0.741691653543307
0
LINE
8
BLACK
6
CONTINUOUS
10
0.0786797244094488
20
0.741691653543307
11
0.0793757086614173
21
0.7419799212598425
0
LINE
8
BLACK
6
CONTINUOUS
10
0.0793757086614173
20
0.7419799212598425
11
0.0840157480314961
21
0.7419799212598425
0
LINE
8
BLACK
6
CONTINUOUS
10
0.0840157480314961
20
0.7419799212598425
11
0.0840157480314961
21
0.7574299606299213
0
LINE
8
BLACK
6
CONTINUOUS
10
0.0840157480314961
20
0.7574299606299213
11
0.0839441732283464
21
0.7573225984251968
0
LINE
8
BLACK
6
CONTINUOUS
10
0.0839441732283464
20
0.7573225984251968
11
0.0838599606299213
21
0.7572661811023622
0
LINE
8
BLACK
6
CONTINUOUS
10
0.0838599606299213
20
0.7572661811023622
11
0.0838211811023622
21
0.757172559055118
0
LINE
8
BLACK
6
CONTINUOUS
10
0.0838211811023622
20
0.757172559055118
11
0.0819464566929134
21
0.7552977952755905
0
LINE
8
BLACK
6
CONTINUOUS
10
0.0819464566929134
20
0.7552977952755905
11
0.0817967322834646
21
0.7552357874015748
0
LINE
8
BLACK
6
CONTINUOUS
10
0.0817967322834646
20
0.7552357874015748
11
0.0816906299212598
21
0.7551134251968504
0
LINE
8
BLACK
6
CONTINUOUS
10
0.0816906299212598
20
0.7551134251968504
11
0.0798158661417323
21
0.7541760629921259
0
LINE
8
BLACK
6
CONTINUOUS
10
0.0798158661417323
20
0.7541760629921259
11
0.0790644488188976
21
0.7541226771653543
0
LINE
8
BLACK
6
CONTINUOUS
10
0.0790644488188976
20
0.7541226771653543
11
0.0784953543307087
21
0.7546162598425197
0
LINE
8
BLACK
6
CONTINUOUS
10
0.0784953543307087
20
0.7546162598425197
11
0.078441968503937
21
0.7553676771653544
0
LINE
8
BLACK
6
CONTINUOUS
10
0.078441968503937
20
0.7553676771653544
11
0.0789355511811024
21
0.7559367716535433
0
LINE
8
BLACK
6
CONTINUOUS
10
0.0789355511811024
20
0.7559367716535433
11
0.0806674409448819
21
0.7568027165354331
0
LINE
8
BLACK
6
CONTINUOUS
10
0.0806674409448819
20
0.7568027165354331
11
0.0823603543307087
21
0.7584956299212599
0
LINE
8
BLACK
6
CONTINUOUS
10
0.0823603543307087
20
0.7584956299212599
11
0.084181062992126
21
0.7612266929133858
0
LINE
8
BLACK
6
CONTINUOUS
10
0.084181062992126
20
0.7612266929133858
11
0.0842651968503937
21
0.761283031496063
0
LINE
8
BLACK
6
CONTINUOUS
10
0.0842651968503937
20
0.761283031496063
11
0.0843040157480315
21
0.7613766929133858
0
LINE
8
BLACK
6
CONTINUOUS
10
0.0843040157480315
20
0.7613766929133858
11
0.084568779527559
21
0.7614863385826771
0
LINE
8
BLACK
6
CONTINUOUS
10
0.084568779527559
20
0.7614863385826771
11
0.084806968503937
21
0.7616458661417322
0
LINE
8
BLACK
6
CONTINUOUS
10
0.084806968503937
20
0.7616458661417322
11
0.0849063779527559
21
0.7616261811023621
0
LINE
8
BLACK
6
CONTINUOUS
10
0.0849063779527559
20
0.7616261811023621
11
0.085
21
0.7616649606299213
0
LINE
8
BLACK
6
CONTINUOUS
10
0.085
20
0.7616649606299213
11
0.0852648031496063
21
0.7615552755905511
0
LINE
8
BLACK
6
CONTINUOUS
10
1.2082907480314959
20
0.7905188582677165
11
1.2092398425196851
21
0.7904618897637795
0
LINE
8
BLACK
6
CONTINUOUS
10
1.2092398425196851
20
0.7904618897637795
11
1.217676220472441
21
0.7876497244094488
0
LINE
8
BLACK
6
CONTINUOUS
10
1.217676220472441
20
0.7876497244094488
11
1.2188087401574803
21
0.7869019291338583
0
LINE
8
BLACK
6
CONTINUOUS
10
1.2188087401574803
20
0.7869019291338583
11
1.2199845669291338
21
0.7862231102362205
0
LINE
8
BLACK
6
CONTINUOUS
10
1.2199845669291338
20
0.7862231102362205
11
1.2256088976377952
21
0.7805988188976378
0
LINE
8
BLACK
6
CONTINUOUS
10
1.2256088976377952
20
0.7805988188976378
11
1.2262875984251969
21
0.7794232283464567
0
LINE
8
BLACK
6
CONTINUOUS
10
1.2262875984251969
20
0.7794232283464567
11
1.2270355511811024
21
0.7782904724409448
0
LINE
8
BLACK
6
CONTINUOUS
10
1.2270355511811024
20
0.7782904724409448
11
1.2298476771653544
21
0.7698540157480315
0
LINE
8
BLACK
6
CONTINUOUS
10
1.2298476771653544
20
0.7698540157480315
11
1.2299046456692913
21
0.7689048425196851
0
LINE
8
BLACK
6
CONTINUOUS
10
1.2299046456692913
20
0.7689048425196851
11
1.2301507086614174
21
0.7679865354330708
0
LINE
8
BLACK
6
CONTINUOUS
10
1.2301507086614174
20
0.7679865354330708
11
1.2301507086614174
21
0.7623622440944882
0
LINE
8
BLACK
6
CONTINUOUS
10
1.2301507086614174
20
0.7623622440944882
11
1.2293595275590552
21
0.7594094881889764
0
LINE
8
BLACK
6
CONTINUOUS
10
1.2293595275590552
20
0.7594094881889764
11
1.2271979527559054
21
0.7572479133858268
0
LINE
8
BLACK
6
CONTINUOUS
10
1.2271979527559054
20
0.7572479133858268
11
1.2242451968503936
21
0.7564567322834646
0
LINE
8
BLACK
6
CONTINUOUS
10
1.2242451968503936
20
0.7564567322834646
11
1.2212924409448818
21
0.7572479133858268
0
LINE
8
BLACK
6
CONTINUOUS
10
1.2212924409448818
20
0.7572479133858268
11
1.2191308661417322
21
0.7594094881889764
0
LINE
8
BLACK
6
CONTINUOUS
10
1.2191308661417322
20
0.7594094881889764
11
1.21833968503937
21
0.7623622440944882
0
LINE
8
BLACK
6
CONTINUOUS
10
1.21833968503937
20
0.7623622440944882
11
1.21833968503937
21
0.7670281496062992
0
LINE
8
BLACK
6
CONTINUOUS
10
1.21833968503937
20
0.7670281496062992
11
1.2162714173228346
21
0.7732329527559055
0
LINE
8
BLACK
6
CONTINUOUS
10
1.2162714173228346
20
0.7732329527559055
11
1.2126186614173229
21
0.7768856692913385
0
LINE
8
BLACK
6
CONTINUOUS
10
1.2126186614173229
20
0.7768856692913385
11
1.2064140157480314
21
0.778953937007874
0
LINE
8
BLACK
6
CONTINUOUS
10
1.2064140157480314
20
0.778953937007874
11
1.1651900787401575
21
0.778953937007874
0
LINE
8
BLACK
6
CONTINUOUS
10
1.1651900787401575
20
0.778953937007874
11
1.1622373228346456
21
0.7797451181102362
0
LINE
8
BLACK
6
CONTINUOUS
10
1.1622373228346456
20
0.7797451181102362
11
1.160075748031496
21
0.7819066929133858
0
LINE
8
BLACK
6
CONTINUOUS
10
1.160075748031496
20
0.7819066929133858
11
1.1592845669291338
21
0.7848594488188976
0
LINE
8
BLACK
6
CONTINUOUS
10
1.1592845669291338
20
0.7848594488188976
11
1.160075748031496
21
0.7878122047244094
0
LINE
8
BLACK
6
CONTINUOUS
10
1.160075748031496
20
0.7878122047244094
11
1.1622373228346456
21
0.789973779527559
0
LINE
8
BLACK
6
CONTINUOUS
10
1.1622373228346456
20
0.789973779527559
11
1.1651900787401575
21
0.7907649606299212
0
LINE
8
BLACK
6
CONTINUOUS
10
1.1651900787401575
20
0.7907649606299212
11
1.2073723228346456
21
0.7907649606299212
0
LINE
8
BLACK
6
CONTINUOUS
10
1.2073723228346456
20
0.7907649606299212
11
1.2082907480314959
21
0.7905188582677165
0
LINE
8
BLACK
6
CONTINUOUS
10
0.9730762992125984
20
0.8147644488188976
11
0.9730894094488188
21
0.8147679133858268
0
LINE
8
BLACK
6
CONTINUOUS
10
0.9730894094488188
20
0.8147679133858268
11
0.9745458661417322
21
0.8143706692913386
0
LINE
8
BLACK
6
CONTINUOUS
10
0.9745458661417322
20
0.8143706692913386
11
0.9760159055118111
21
0.8139768110236221
0
LINE
8
BLACK
6
CONTINUOUS
10
0.9760159055118111
20
0.8139768110236221
11
0.9760255511811023
21
0.8139671259842519
0
LINE
8
BLACK
6
CONTINUOUS
10
0.9760255511811023
20
0.8139671259842519
11
0.9760386614173228
21
0.8139635826771653
0
LINE
8
BLACK
6
CONTINUOUS
10
0.9760386614173228
20
0.8139635826771653
11
0.9771035826771653
21
0.8128890944881889
0
LINE
8
BLACK
6
CONTINUOUS
10
0.9771035826771653
20
0.8128890944881889
11
0.9781774803149607
21
0.8118152362204725
0
LINE
8
BLACK
6
CONTINUOUS
10
0.9781774803149607
20
0.8118152362204725
11
0.9781809842519685
21
0.8118020472440944
0
LINE
8
BLACK
6
CONTINUOUS
10
0.9781809842519685
20
0.8118020472440944
11
0.9781905511811023
21
0.8117924409448819
0
LINE
8
BLACK
6
CONTINUOUS
10
0.9781905511811023
20
0.8117924409448819
11
0.9785750393700787
21
0.8103313385826771
0
LINE
8
BLACK
6
CONTINUOUS
10
0.9785750393700787
20
0.8103313385826771
11
0.9789686614173229
21
0.8088624803149607
0
LINE
8
BLACK
6
CONTINUOUS
10
0.9789686614173229
20
0.8088624803149607
11
0.9789651181102362
21
0.8088492913385826
0
LINE
8
BLACK
6
CONTINUOUS
10
0.9789651181102362
20
0.8088492913385826
11
0.9789685826771654
21
0.8088361811023622
0
LINE
8
BLACK
6
CONTINUOUS
10
0.9789685826771654
20
0.8088361811023622
11
0.9785710629921259
21
0.8073785826771653
0
LINE
8
BLACK
6
CONTINUOUS
10
0.9785710629921259
20
0.8073785826771653
11
0.9781774803149607
21
0.8059097244094487
0
LINE
8
BLACK
6
CONTINUOUS
10
0.9781774803149607
20
0.8059097244094487
11
0.9781677952755905
21
0.8059000393700787
0
LINE
8
BLACK
6
CONTINUOUS
10
0.9781677952755905
20
0.8059000393700787
11
0.9781642519685039
21
0.805886968503937
0
LINE
8
BLACK
6
CONTINUOUS
10
0.9781642519685039
20
0.805886968503937
11
0.9770875590551181
21
0.8048198031496063
0
LINE
8
BLACK
6
CONTINUOUS
10
0.9770875590551181
20
0.8048198031496063
11
0.9760159055118111
21
0.8037481496062991
0
LINE
8
BLACK
6
CONTINUOUS
10
0.9760159055118111
20
0.8037481496062991
11
0.9760027559055118
21
0.8037446062992126
0
LINE
8
BLACK
6
CONTINUOUS
10
0.9760027559055118
20
0.8037446062992126
11
0.9759931102362205
21
0.8037350393700787
0
LINE
8
BLACK
6
CONTINUOUS
10
0.9759931102362205
20
0.8037350393700787
11
0.9441196456692913
21
0.7855216535433071
0
LINE
8
BLACK
6
CONTINUOUS
10
0.9441196456692913
20
0.7855216535433071
11
0.9730631496062991
21
0.7855216535433071
0
LINE
8
BLACK
6
CONTINUOUS
10
0.9730631496062991
20
0.7855216535433071
11
0.9760159055118111
21
0.7847304724409448
0
LINE
8
BLACK
6
CONTINUOUS
10
0.9760159055118111
20
0.7847304724409448
11
0.9781774803149607
21
0.7825688976377952
0
LINE
8
BLACK
6
CONTINUOUS
10
0.9781774803149607
20
0.7825688976377952
11
0.9789686614173229
21
0.7796161417322834
0
LINE
8
BLACK
6
CONTINUOUS
10
0.9789686614173229
20
0.7796161417322834
11
0.9781774803149607
21
0.7766633858267716
0
LINE
8
BLACK
6
CONTINUOUS
10
0.9781774803149607
20
0.7766633858267716
11
0.9760159055118111
21
0.774501811023622
0
LINE
8
BLACK
6
CONTINUOUS
10
0.9760159055118111
20
0.774501811023622
11
0.9730631496062991
21
0.7737106299212598
0
LINE
8
BLACK
6
CONTINUOUS
10
0.9730631496062991
20
0.7737106299212598
11
0.9218820472440945
21
0.7737106299212598
0
LINE
8
BLACK
6
CONTINUOUS
10
0.9218820472440945
20
0.7737106299212598
11
0.921868937007874
21
0.7737141338582677
0
LINE
8
BLACK
6
CONTINUOUS
10
0.921868937007874
20
0.7737141338582677
11
0.9218557480314961
21
0.7737106692913386
0
LINE
8
BLACK
6
CONTINUOUS
10
0.9218557480314961
20
0.7737106692913386
11
0.9203899212598425
21
0.7741104330708661
0
LINE
8
BLACK
6
CONTINUOUS
10
0.9203899212598425
20
0.7741104330708661
11
0.9189292913385827
21
0.774501811023622
0
LINE
8
BLACK
6
CONTINUOUS
10
0.9189292913385827
20
0.774501811023622
11
0.91891968503937
21
0.7745113779527559
0
LINE
8
BLACK
6
CONTINUOUS
10
0.91891968503937
20
0.7745113779527559
11
0.9189065354330709
21
0.774515
0
LINE
8
BLACK
6
CONTINUOUS
10
0.9189065354330709
20
0.774515
11
0.9178393700787402
21
0.7755916929133858
0
LINE
8
BLACK
6
CONTINUOUS
10
0.9178393700787402
20
0.7755916929133858
11
0.9167677165354331
21
0.7766633858267716
0
LINE
8
BLACK
6
CONTINUOUS
10
0.9167677165354331
20
0.7766633858267716
11
0.9167641732283465
21
0.7766765354330708
0
LINE
8
BLACK
6
CONTINUOUS
10
0.9167641732283465
20
0.7766765354330708
11
0.9167546456692913
21
0.7766861811023622
0
LINE
8
BLACK
6
CONTINUOUS
10
0.9167546456692913
20
0.7766861811023622
11
0.9163690157480314
21
0.7781513385826772
0
LINE
8
BLACK
6
CONTINUOUS
10
0.9163690157480314
20
0.7781513385826772
11
0.9159765354330709
21
0.7796161417322834
0
LINE
8
BLACK
6
CONTINUOUS
10
0.9159765354330709
20
0.7796161417322834
11
0.9159800393700788
21
0.7796292125984252
0
LINE
8
BLACK
6
CONTINUOUS
10
0.9159800393700788
20
0.7796292125984252
11
0.9159765748031495
21
0.7796424409448819
0
LINE
8
BLACK
6
CONTINUOUS
10
0.9159765748031495
20
0.7796424409448819
11
0.9163763385826772
21
0.7811082283464567
0
LINE
8
BLACK
6
CONTINUOUS
10
0.9163763385826772
20
0.7811082283464567
11
0.9167677165354331
21
0.7825688976377952
0
LINE
8
BLACK
6
CONTINUOUS
10
0.9167677165354331
20
0.7825688976377952
11
0.9167772834645669
21
0.7825784645669291
0
LINE
8
BLACK
6
CONTINUOUS
10
0.9167772834645669
20
0.7825784645669291
11
0.916780905511811
21
0.7825916535433071
0
LINE
8
BLACK
6
CONTINUOUS
10
0.916780905511811
20
0.7825916535433071
11
0.9178575984251969
21
0.783658779527559
0
LINE
8
BLACK
6
CONTINUOUS
10
0.9178575984251969
20
0.783658779527559
11
0.9189292913385827
21
0.7847304724409448
0
LINE
8
BLACK
6
CONTINUOUS
10
0.9189292913385827
20
0.7847304724409448
11
0.9189424409448819
21
0.7847339763779527
0
LINE
8
BLACK
6
CONTINUOUS
10
0.9189424409448819
20
0.7847339763779527
11
0.9189520866141732
21
0.7847435433070866
0
LINE
8
BLACK
6
CONTINUOUS
10
0.9189520866141732
20
0.7847435433070866
11
0.9508255905511811
21
0.8029569685039369
0
LINE
8
BLACK
6
CONTINUOUS
10
0.9508255905511811
20
0.8029569685039369
11
0.9218820472440945
21
0.8029569685039369
0
LINE
8
BLACK
6
CONTINUOUS
10
0.9218820472440945
20
0.8029569685039369
11
0.9189292913385827
21
0.8037481496062991
0
LINE
8
BLACK
6
CONTINUOUS
10
0.9189292913385827
20
0.8037481496062991
11
0.9167677165354331
21
0.8059097244094487
0
LINE
8
BLACK
6
CONTINUOUS
10
0.9167677165354331
20
0.8059097244094487
11
0.9159765354330709
21
0.8088624803149607
0
LINE
8
BLACK
6
CONTINUOUS
10
0.9159765354330709
20
0.8088624803149607
11
0.9167677165354331
21
0.8118152362204725
0
LINE
8
BLACK
6
CONTINUOUS
10
0.9167677165354331
20
0.8118152362204725
11
0.9189292913385827
21
0.8139768110236221
0
LINE
8
BLACK
6
CONTINUOUS
10
0.9189292913385827
20
0.8139768110236221
11
0.9218820472440945
21
0.8147679921259843
0
LINE
8
BLACK
6
CONTINUOUS
10
0.9218820472440945
20
0.8147679921259843
11
0.9730631496062991
21
0.8147679921259843
0
LINE
8
BLACK
6
CONTINUOUS
10
0.9730631496062991
20
0.8147679921259843
11
0.9730762992125984
21
0.8147644488188976
0
LINE
8
BLACK
6
CONTINUOUS
10
0.6518322047244094
20
0.8243281496062992
11
0.6525606692913386
21
0.8243404330708661
0
LINE
8
BLACK
6
CONTINUOUS
10
0.6525606692913386
20
0.8243404330708661
11
0.6623094488188976
21
0.8219032677165354
0
LINE
8
BLACK
6
CONTINUOUS
10
0.6623094488188976
20
0.8219032677165354
11
0.6628794094488188
21
0.8215868503937007
0
LINE
8
BLACK
6
CONTINUOUS
10
0.6628794094488188
20
0.8215868503937007
11
0.6635181889763779
21
0.8214561417322834
0
LINE
8
BLACK
6
CONTINUOUS
10
0.6635181889763779
20
0.8214561417322834
11
0.6683925984251968
21
0.819018937007874
0
LINE
8
BLACK
6
CONTINUOUS
10
0.6683925984251968
20
0.819018937007874
11
0.6691039763779527
21
0.8183880708661417
0
LINE
8
BLACK
6
CONTINUOUS
10
0.6691039763779527
20
0.8183880708661417
11
0.6699274015748031
21
0.8179127165354331
0
LINE
8
BLACK
6
CONTINUOUS
10
0.6699274015748031
20
0.8179127165354331
11
0.674801811023622
21
0.8130383070866142
0
LINE
8
BLACK
6
CONTINUOUS
10
0.674801811023622
20
0.8130383070866142
11
0.6754804330708661
21
0.8118628346456692
0
LINE
8
BLACK
6
CONTINUOUS
10
0.6754804330708661
20
0.8118628346456692
11
0.6762284645669291
21
0.8107299606299212
0
LINE
8
BLACK
6
CONTINUOUS
10
0.6762284645669291
20
0.8107299606299212
11
0.6786656299212598
21
0.8034183464566929
0
LINE
8
BLACK
6
CONTINUOUS
10
0.6786656299212598
20
0.8034183464566929
11
0.6787225590551181
21
0.8024692125984252
0
LINE
8
BLACK
6
CONTINUOUS
10
0.6787225590551181
20
0.8024692125984252
11
0.6789686614173228
21
0.801550905511811
0
LINE
8
BLACK
6
CONTINUOUS
10
0.6789686614173228
20
0.801550905511811
11
0.6789686614173228
21
0.7893649212598425
0
LINE
8
BLACK
6
CONTINUOUS
10
0.6789686614173228
20
0.7893649212598425
11
0.6781774803149606
21
0.7864121653543307
0
LINE
8
BLACK
6
CONTINUOUS
10
0.6781774803149606
20
0.7864121653543307
11
0.676015905511811
21
0.7842505905511811
0
LINE
8
BLACK
6
CONTINUOUS
10
0.676015905511811
20
0.7842505905511811
11
0.6730631496062992
21
0.7834594094488189
0
LINE
8
BLACK
6
CONTINUOUS
10
0.6730631496062992
20
0.7834594094488189
11
0.6218820472440945
21
0.7834594094488189
0
LINE
8
BLACK
6
CONTINUOUS
10
0.6218820472440945
20
0.7834594094488189
11
0.6189292913385827
21
0.7842505905511811
0
LINE
8
BLACK
6
CONTINUOUS
10
0.6189292913385827
20
0.7842505905511811
11
0.6167677165354331
21
0.7864121653543307
0
LINE
8
BLACK
6
CONTINUOUS
10
0.6167677165354331
20
0.7864121653543307
11
0.6159765354330708
21
0.7893649212598425
0
LINE
8
BLACK
6
CONTINUOUS
10
0.6159765354330708
20
0.7893649212598425
11
0.6159765354330708
21
0.801550905511811
0
LINE
8
BLACK
6
CONTINUOUS
10
0.6159765354330708
20
0.801550905511811
11
0.6162225984251969
21
0.8024693307086614
0
LINE
8
BLACK
6
CONTINUOUS
10
0.6162225984251969
20
0.8024693307086614
11
0.6162796062992126
21
0.8034183858267716
0
LINE
8
BLACK
6
CONTINUOUS
10
0.6162796062992126
20
0.8034183858267716
11
0.6187168110236221
21
0.81073
0
LINE
8
BLACK
6
CONTINUOUS
10
0.6187168110236221
20
0.81073
11
0.6194646456692913
21
0.8118626771653543
0
LINE
8
BLACK
6
CONTINUOUS
10
0.6194646456692913
20
0.8118626771653543
11
0.6201434251968504
21
0.8130383070866142
0
LINE
8
BLACK
6
CONTINUOUS
10
0.6201434251968504
20
0.8130383070866142
11
0.6250178346456693
21
0.8179127165354331
0
LINE
8
BLACK
6
CONTINUOUS
10
0.6250178346456693
20
0.8179127165354331
11
0.6258412598425197
21
0.8183881102362205
0
LINE
8
BLACK
6
CONTINUOUS
10
0.6258412598425197
20
0.8183881102362205
11
0.6265526377952756
21
0.819018937007874
0
LINE
8
BLACK
6
CONTINUOUS
10
0.6265526377952756
20
0.819018937007874
11
0.6314270078740157
21
0.8214561417322834
0
LINE
8
BLACK
6
CONTINUOUS
10
0.6314270078740157
20
0.8214561417322834
11
0.6320657480314961
21
0.8215868503937007
0
LINE
8
BLACK
6
CONTINUOUS
10
0.6320657480314961
20
0.8215868503937007
11
0.632635748031496
21
0.8219032677165354
0
LINE
8
BLACK
6
CONTINUOUS
10
0.632635748031496
20
0.8219032677165354
11
0.6423845275590551
21
0.8243404724409449
0
LINE
8
BLACK
6
CONTINUOUS
10
0.6423845275590551
20
0.8243404724409449
11
0.6431130708661417
21
0.8243281889763779
0
LINE
8
BLACK
6
CONTINUOUS
10
0.6431130708661417
20
0.8243281889763779
11
0.643816811023622
21
0.8245167716535433
0
LINE
8
BLACK
6
CONTINUOUS
10
0.643816811023622
20
0.8245167716535433
11
0.6511283858267717
21
0.8245167716535433
0
LINE
8
BLACK
6
CONTINUOUS
10
0.6511283858267717
20
0.8245167716535433
11
0.6518322047244094
21
0.8243281496062992
0
LINE
8
BLACK
6
CONTINUOUS
10
0.6361293307086614
20
0.8106021653543307
11
0.6326918503937008
21
0.8088834251968504
0
LINE
8
BLACK
6
CONTINUOUS
10
0.6326918503937008
20
0.8088834251968504
11
0.6294807874015748
21
0.8056723622047244
0
LINE
8
BLACK
6
CONTINUOUS
10
0.6294807874015748
20
0.8056723622047244
11
0.6277875590551181
21
0.8005925984251968
0
LINE
8
BLACK
6
CONTINUOUS
10
0.6277875590551181
20
0.8005925984251968
11
0.6277875590551181
21
0.7952704330708661
0
LINE
8
BLACK
6
CONTINUOUS
10
0.6277875590551181
20
0.7952704330708661
11
0.6671576377952756
21
0.7952704330708661
0
LINE
8
BLACK
6
CONTINUOUS
10
0.6671576377952756
20
0.7952704330708661
11
0.6671576377952756
21
0.8005925196850393
0
LINE
8
BLACK
6
CONTINUOUS
10
0.6671576377952756
20
0.8005925196850393
11
0.6654643307086614
21
0.8056724409448819
0
LINE
8
BLACK
6
CONTINUOUS
10
0.6654643307086614
20
0.8056724409448819
11
0.6622533858267716
21
0.8088834251968504
0
LINE
8
BLACK
6
CONTINUOUS
10
0.6622533858267716
20
0.8088834251968504
11
0.6588160236220473
21
0.8106020866141732
0
LINE
8
BLACK
6
CONTINUOUS
10
0.6588160236220473
20
0.8106020866141732
11
0.6504014566929134
21
0.8127057480314961
0
LINE
8
BLACK
6
CONTINUOUS
10
0.6504014566929134
20
0.8127057480314961
11
0.6445437401574803
21
0.8127057480314961
0
LINE
8
BLACK
6
CONTINUOUS
10
0.6445437401574803
20
0.8127057480314961
11
0.6361293307086614
21
0.8106021653543307
0
LINE
8
BLACK
6
CONTINUOUS
10
0.7518322047244095
20
0.8243281496062992
11
0.7525606692913386
21
0.8243404330708661
0
LINE
8
BLACK
6
CONTINUOUS
10
0.7525606692913386
20
0.8243404330708661
11
0.7623094488188976
21
0.8219032677165354
0
LINE
8
BLACK
6
CONTINUOUS
10
0.7623094488188976
20
0.8219032677165354
11
0.7628794094488189
21
0.8215868503937007
0
LINE
8
BLACK
6
CONTINUOUS
10
0.7628794094488189
20
0.8215868503937007
11
0.7635181889763779
21
0.8214561417322834
0
LINE
8
BLACK
6
CONTINUOUS
10
0.7635181889763779
20
0.8214561417322834
11
0.7683925984251968
21
0.819018937007874
0
LINE
8
BLACK
6
CONTINUOUS
10
0.7683925984251968
20
0.819018937007874
11
0.7691039763779527
21
0.8183880708661417
0
LINE
8
BLACK
6
CONTINUOUS
10
0.7691039763779527
20
0.8183880708661417
11
0.7699274015748031
21
0.8179127165354331
0
LINE
8
BLACK
6
CONTINUOUS
10
0.7699274015748031
20
0.8179127165354331
11
0.774801811023622
21
0.8130383070866142
0
LINE
8
BLACK
6
CONTINUOUS
10
0.774801811023622
20
0.8130383070866142
11
0.7754804330708661
21
0.8118628346456692
0
LINE
8
BLACK
6
CONTINUOUS
10
0.7754804330708661
20
0.8118628346456692
11
0.7762284645669291
21
0.8107299606299212
0
LINE
8
BLACK
6
CONTINUOUS
10
0.7762284645669291
20
0.8107299606299212
11
0.7786656299212599
21
0.8034183464566929
0
LINE
8
BLACK
6
CONTINUOUS
10
0.7786656299212599
20
0.8034183464566929
11
0.7787225590551181
21
0.8024692125984252
0
LINE
8
BLACK
6
CONTINUOUS
10
0.7787225590551181
20
0.8024692125984252
11
0.7789686614173228
21
0.801550905511811
0
LINE
8
BLACK
6
CONTINUOUS
10
0.7789686614173228
20
0.801550905511811
11
0.7789686614173228
21
0.7893649212598425
0
LINE
8
BLACK
6
CONTINUOUS
10
0.7789686614173228
20
0.7893649212598425
11
0.7781774803149606
21
0.7864121653543307
0
LINE
8
BLACK
6
CONTINUOUS
10
0.7781774803149606
20
0.7864121653543307
11
0.776015905511811
21
0.7842505905511811
0
LINE
8
BLACK
6
CONTINUOUS
10
0.776015905511811
20
0.7842505905511811
11
0.7730631496062992
21
0.7834594094488189
0
LINE
8
BLACK
6
CONTINUOUS
10
0.7730631496062992
20
0.7834594094488189
11
0.7218820472440944
21
0.7834594094488189
0
LINE
8
BLACK
6
CONTINUOUS
10
0.7218820472440944
20
0.7834594094488189
11
0.7189292913385826
21
0.7842505905511811
0
LINE
8
BLACK
6
CONTINUOUS
10
0.7189292913385826
20
0.7842505905511811
11
0.716767716535433
21
0.7864121653543307
0
LINE
8
BLACK
6
CONTINUOUS
10
0.716767716535433
20
0.7864121653543307
11
0.7159765354330708
21
0.7893649212598425
0
LINE
8
BLACK
6
CONTINUOUS
10
0.7159765354330708
20
0.7893649212598425
11
0.7159765354330708
21
0.801550905511811
0
LINE
8
BLACK
6
CONTINUOUS
10
0.7159765354330708
20
0.801550905511811
11
0.7162225984251969
21
0.8024693307086614
0
LINE
8
BLACK
6
CONTINUOUS
10
0.7162225984251969
20
0.8024693307086614
11
0.7162796062992126
21
0.8034183858267716
0
LINE
8
BLACK
6
CONTINUOUS
10
0.7162796062992126
20
0.8034183858267716
11
0.7187168110236221
21
0.81073
0
LINE
8
BLACK
6
CONTINUOUS
10
0.7187168110236221
20
0.81073
11
0.7194646456692914
21
0.8118626771653543
0
LINE
8
BLACK
6
CONTINUOUS
10
0.7194646456692914
20
0.8118626771653543
11
0.7201434251968504
21
0.8130383070866142
0
LINE
8
BLACK
6
CONTINUOUS
10
0.7201434251968504
20
0.8130383070866142
11
0.7250178346456693
21
0.8179127165354331
0
LINE
8
BLACK
6
CONTINUOUS
10
0.7250178346456693
20
0.8179127165354331
11
0.7258412598425197
21
0.8183881102362205
0
LINE
8
BLACK
6
CONTINUOUS
10
0.7258412598425197
20
0.8183881102362205
11
0.7265526377952756
21
0.819018937007874
0
LINE
8
BLACK
6
CONTINUOUS
10
0.7265526377952756
20
0.819018937007874
11
0.7314270078740157
21
0.8214561417322834
0
LINE
8
BLACK
6
CONTINUOUS
10
0.7314270078740157
20
0.8214561417322834
11
0.732065748031496
21
0.8215868503937007
0
LINE
8
BLACK
6
CONTINUOUS
10
0.732065748031496
20
0.8215868503937007
11
0.732635748031496
21
0.8219032677165354
0
LINE
8
BLACK
6
CONTINUOUS
10
0.732635748031496
20
0.8219032677165354
11
0.7423845275590552
21
0.8243404724409449
0
LINE
8
BLACK
6
CONTINUOUS
10
0.7423845275590552
20
0.8243404724409449
11
0.7431130708661418
21
0.8243281889763779
0
LINE
8
BLACK
6
CONTINUOUS
10
0.7431130708661418
20
0.8243281889763779
11
0.7438168110236221
21
0.8245167716535433
0
LINE
8
BLACK
6
CONTINUOUS
10
0.7438168110236221
20
0.8245167716535433
11
0.7511283858267717
21
0.8245167716535433
0
LINE
8
BLACK
6
CONTINUOUS
10
0.7511283858267717
20
0.8245167716535433
11
0.7518322047244095
21
0.8243281496062992
0
LINE
8
BLACK
6
CONTINUOUS
10
0.7361293307086614
20
0.8106021653543307
11
0.7326918503937008
21
0.8088834251968504
0
LINE
8
BLACK
6
CONTINUOUS
10
0.7326918503937008
20
0.8088834251968504
11
0.7294807874015747
21
0.8056723622047244
0
LINE
8
BLACK
6
CONTINUOUS
10
0.7294807874015747
20
0.8056723622047244
11
0.727787559055118
21
0.8005925984251968
0
LINE
8
BLACK
6
CONTINUOUS
10
0.727787559055118
20
0.8005925984251968
11
0.727787559055118
21
0.7952704330708661
0
LINE
8
BLACK
6
CONTINUOUS
10
0.727787559055118
20
0.7952704330708661
11
0.7671576377952756
21
0.7952704330708661
0
LINE
8
BLACK
6
CONTINUOUS
10
0.7671576377952756
20
0.7952704330708661
11
0.7671576377952756
21
0.8005925196850393
0
LINE
8
BLACK
6
CONTINUOUS
10
0.7671576377952756
20
0.8005925196850393
11
0.7654643307086614
21
0.8056724409448819
0
LINE
8
BLACK
6
CONTINUOUS
10
0.7654643307086614
20
0.8056724409448819
11
0.7622533858267716
21
0.8088834251968504
0
LINE
8
BLACK
6
CONTINUOUS
10
0.7622533858267716
20
0.8088834251968504
11
0.7588160236220473
21
0.8106020866141732
0
LINE
8
BLACK
6
CONTINUOUS
10
0.7588160236220473
20
0.8106020866141732
11
0.7504014566929134
21
0.8127057480314961
0
LINE
8
BLACK
6
CONTINUOUS
10
0.7504014566929134
20
0.8127057480314961
11
0.7445437401574803
21
0.8127057480314961
0
LINE
8
BLACK
6
CONTINUOUS
10
0.7445437401574803
20
0.8127057480314961
11
0.7361293307086614
21
0.8106021653543307
0
LINE
8
BLACK
6
CONTINUOUS
10
0.8309323228346457
20
0.8252242519685039
11
0.8324607480314961
21
0.8225768897637795
0
LINE
8
BLACK
6
CONTINUOUS
10
0.8324607480314961
20
0.8225768897637795
11
0.8324607480314961
21
0.8195199606299213
0
LINE
8
BLACK
6
CONTINUOUS
10
0.8324607480314961
20
0.8195199606299213
11
0.8309322440944882
21
0.8168725984251969
0
LINE
8
BLACK
6
CONTINUOUS
10
0.8309322440944882
20
0.8168725984251969
11
0.8294808661417322
21
0.8154212204724409
0
LINE
8
BLACK
6
CONTINUOUS
10
0.8294808661417322
20
0.8154212204724409
11
0.8277875590551181
21
0.8103413779527558
0
LINE
8
BLACK
6
CONTINUOUS
10
0.8277875590551181
20
0.8103413779527558
11
0.8277875590551181
21
0.8073835826771654
0
LINE
8
BLACK
6
CONTINUOUS
10
0.8277875590551181
20
0.8073835826771654
11
0.8294807874015748
21
0.8023038188976378
0
LINE
8
BLACK
6
CONTINUOUS
10
0.8294807874015748
20
0.8023038188976378
11
0.8326918503937007
21
0.7990927952755905
0
LINE
8
BLACK
6
CONTINUOUS
10
0.8326918503937007
20
0.7990927952755905
11
0.8361293307086614
21
0.7973740157480315
0
LINE
8
BLACK
6
CONTINUOUS
10
0.8361293307086614
20
0.7973740157480315
11
0.8445437401574803
21
0.7952704724409448
0
LINE
8
BLACK
6
CONTINUOUS
10
0.8445437401574803
20
0.7952704724409448
11
0.8504014566929133
21
0.7952704724409448
0
LINE
8
BLACK
6
CONTINUOUS
10
0.8504014566929133
20
0.7952704724409448
11
0.8588160236220472
21
0.797374094488189
0
LINE
8
BLACK
6
CONTINUOUS
10
0.8588160236220472
20
0.797374094488189
11
0.8622533858267716
21
0.7990927952755905
0
LINE
8
BLACK
6
CONTINUOUS
10
0.8622533858267716
20
0.7990927952755905
11
0.8654643307086614
21
0.8023037401574803
0
LINE
8
BLACK
6
CONTINUOUS
10
0.8654643307086614
20
0.8023037401574803
11
0.8671576377952755
21
0.8073836614173228
0
LINE
8
BLACK
6
CONTINUOUS
10
0.8671576377952755
20
0.8073836614173228
11
0.8671576377952755
21
0.8103413385826771
0
LINE
8
BLACK
6
CONTINUOUS
10
0.8671576377952755
20
0.8103413385826771
11
0.8654643307086614
21
0.8154212204724409
0
LINE
8
BLACK
6
CONTINUOUS
10
0.8654643307086614
20
0.8154212204724409
11
0.8640129921259843
21
0.8168725984251969
0
LINE
8
BLACK
6
CONTINUOUS
10
0.8640129921259843
20
0.8168725984251969
11
0.8624844881889764
21
0.8195199606299213
0
LINE
8
BLACK
6
CONTINUOUS
10
0.8624844881889764
20
0.8195199606299213
11
0.8624844881889764
21
0.8225768897637795
0
LINE
8
BLACK
6
CONTINUOUS
10
0.8624844881889764
20
0.8225768897637795
11
0.8640129133858268
21
0.8252242519685039
0
LINE
8
BLACK
6
CONTINUOUS
10
0.8640129133858268
20
0.8252242519685039
11
0.8666602755905511
21
0.8267527559055118
0
LINE
8
BLACK
6
CONTINUOUS
10
0.8666602755905511
20
0.8267527559055118
11
0.8697172047244094
21
0.8267527559055118
0
LINE
8
BLACK
6
CONTINUOUS
10
0.8697172047244094
20
0.8267527559055118
11
0.8723645669291339
21
0.8252243307086614
0
LINE
8
BLACK
6
CONTINUOUS
10
0.8723645669291339
20
0.8252243307086614
11
0.8748017716535433
21
0.8227871653543307
0
LINE
8
BLACK
6
CONTINUOUS
10
0.8748017716535433
20
0.8227871653543307
11
0.8754805511811024
21
0.8216114960629921
0
LINE
8
BLACK
6
CONTINUOUS
10
0.8754805511811024
20
0.8216114960629921
11
0.8762284645669292
21
0.8204787401574803
0
LINE
8
BLACK
6
CONTINUOUS
10
0.8762284645669292
20
0.8204787401574803
11
0.8786656299212598
21
0.8131671653543306
0
LINE
8
BLACK
6
CONTINUOUS
10
0.8786656299212598
20
0.8131671653543306
11
0.8787225984251968
21
0.8122179921259842
0
LINE
8
BLACK
6
CONTINUOUS
10
0.8787225984251968
20
0.8122179921259842
11
0.8789686614173228
21
0.8112996850393701
0
LINE
8
BLACK
6
CONTINUOUS
10
0.8789686614173228
20
0.8112996850393701
11
0.8789686614173228
21
0.8064253149606299
0
LINE
8
BLACK
6
CONTINUOUS
10
0.8789686614173228
20
0.8064253149606299
11
0.8787225590551181
21
0.805506968503937
0
LINE
8
BLACK
6
CONTINUOUS
10
0.8787225590551181
20
0.805506968503937
11
0.8786656299212598
21
0.804557874015748
0
LINE
8
BLACK
6
CONTINUOUS
10
0.8786656299212598
20
0.804557874015748
11
0.8762284645669292
21
0.7972462598425196
0
LINE
8
BLACK
6
CONTINUOUS
10
0.8762284645669292
20
0.7972462598425196
11
0.8754804330708661
21
0.7961133464566928
0
LINE
8
BLACK
6
CONTINUOUS
10
0.8754804330708661
20
0.7961133464566928
11
0.874801811023622
21
0.7949379133858268
0
LINE
8
BLACK
6
CONTINUOUS
10
0.874801811023622
20
0.7949379133858268
11
0.8699274015748031
21
0.7900635039370079
0
LINE
8
BLACK
6
CONTINUOUS
10
0.8699274015748031
20
0.7900635039370079
11
0.8691039763779528
21
0.7895881102362204
0
LINE
8
BLACK
6
CONTINUOUS
10
0.8691039763779528
20
0.7895881102362204
11
0.8683925984251968
21
0.7889572834645669
0
LINE
8
BLACK
6
CONTINUOUS
10
0.8683925984251968
20
0.7889572834645669
11
0.8635181889763779
21
0.7865200787401575
0
LINE
8
BLACK
6
CONTINUOUS
10
0.8635181889763779
20
0.7865200787401575
11
0.8628794094488189
21
0.7863893307086613
0
LINE
8
BLACK
6
CONTINUOUS
10
0.8628794094488189
20
0.7863893307086613
11
0.8623094488188976
21
0.7860729527559055
0
LINE
8
BLACK
6
CONTINUOUS
10
0.8623094488188976
20
0.7860729527559055
11
0.8525606692913386
21
0.7836357874015748
0
LINE
8
BLACK
6
CONTINUOUS
10
0.8525606692913386
20
0.7836357874015748
11
0.8518322047244095
21
0.783648031496063
0
LINE
8
BLACK
6
CONTINUOUS
10
0.8518322047244095
20
0.783648031496063
11
0.8511283858267716
21
0.7834594488188976
0
LINE
8
BLACK
6
CONTINUOUS
10
0.8511283858267716
20
0.7834594488188976
11
0.843816811023622
21
0.7834594488188976
0
LINE
8
BLACK
6
CONTINUOUS
10
0.843816811023622
20
0.7834594488188976
11
0.8431130708661417
21
0.7836479921259842
0
LINE
8
BLACK
6
CONTINUOUS
10
0.8431130708661417
20
0.7836479921259842
11
0.8423845275590551
21
0.783635748031496
0
LINE
8
BLACK
6
CONTINUOUS
10
0.8423845275590551
20
0.783635748031496
11
0.8326357480314961
21
0.7860729527559055
0
LINE
8
BLACK
6
CONTINUOUS
10
0.8326357480314961
20
0.7860729527559055
11
0.832065748031496
21
0.7863893307086613
0
LINE
8
BLACK
6
CONTINUOUS
10
0.832065748031496
20
0.7863893307086613
11
0.8314270078740157
21
0.7865200787401575
0
LINE
8
BLACK
6
CONTINUOUS
10
0.8314270078740157
20
0.7865200787401575
11
0.8265526377952755
21
0.7889572834645669
0
LINE
8
BLACK
6
CONTINUOUS
10
0.8265526377952755
20
0.7889572834645669
11
0.8258412598425197
21
0.7895880708661417
0
LINE
8
BLACK
6
CONTINUOUS
10
0.8258412598425197
20
0.7895880708661417
11
0.8250178346456692
21
0.7900635039370079
0
LINE
8
BLACK
6
CONTINUOUS
10
0.8250178346456692
20
0.7900635039370079
11
0.8201434251968504
21
0.7949379133858268
0
LINE
8
BLACK
6
CONTINUOUS
10
0.8201434251968504
20
0.7949379133858268
11
0.8194646456692913
21
0.7961135039370079
0
LINE
8
BLACK
6
CONTINUOUS
10
0.8194646456692913
20
0.7961135039370079
11
0.818716811023622
21
0.797246220472441
0
LINE
8
BLACK
6
CONTINUOUS
10
0.818716811023622
20
0.797246220472441
11
0.8162796062992126
21
0.8045578346456693
0
LINE
8
BLACK
6
CONTINUOUS
10
0.8162796062992126
20
0.8045578346456693
11
0.8162225984251968
21
0.8055068503937007
0
LINE
8
BLACK
6
CONTINUOUS
10
0.8162225984251968
20
0.8055068503937007
11
0.8159765354330708
21
0.8064253149606299
0
LINE
8
BLACK
6
CONTINUOUS
10
0.8159765354330708
20
0.8064253149606299
11
0.8159765354330708
21
0.8112996850393701
0
LINE
8
BLACK
6
CONTINUOUS
10
0.8159765354330708
20
0.8112996850393701
11
0.8162225984251968
21
0.8122181102362205
0
LINE
8
BLACK
6
CONTINUOUS
10
0.8162225984251968
20
0.8122181102362205
11
0.8162796062992126
21
0.8131671653543306
0
LINE
8
BLACK
6
CONTINUOUS
10
0.8162796062992126
20
0.8131671653543306
11
0.818716811023622
21
0.820478779527559
0
LINE
8
BLACK
6
CONTINUOUS
10
0.818716811023622
20
0.820478779527559
11
0.8194646850393701
21
0.8216115354330709
0
LINE
8
BLACK
6
CONTINUOUS
10
0.8194646850393701
20
0.8216115354330709
11
0.8201434645669291
21
0.8227871653543307
0
LINE
8
BLACK
6
CONTINUOUS
10
0.8201434645669291
20
0.8227871653543307
11
0.8225806692913386
21
0.8252243307086614
0
LINE
8
BLACK
6
CONTINUOUS
10
0.8225806692913386
20
0.8252243307086614
11
0.8252280314960629
21
0.8267527559055118
0
LINE
8
BLACK
6
CONTINUOUS
10
0.8252280314960629
20
0.8267527559055118
11
0.8282849606299213
21
0.8267527559055118
0
LINE
8
BLACK
6
CONTINUOUS
10
0.8282849606299213
20
0.8267527559055118
11
0.8309323228346457
21
0.8252242519685039
0
LINE
8
BLACK
6
CONTINUOUS
10
0.48
20
0.82
11
0.42
21
0.82
0
LINE
8
BLACK
6
CONTINUOUS
10
0.42
20
0.82
11
0.42
21
0.88
0
LINE
8
BLACK
6
CONTINUOUS
10
0.42
20
0.88
11
0.48
21
0.88
0
LINE
8
BLACK
6
CONTINUOUS
10
0.48
20
0.88
11
0.48
21
0.82
0
LINE
8
BLACK
6
CONTINUOUS
10
0.58
20
0.82
11
0.52
21
0.82
0
LINE
8
BLACK
6
CONTINUOUS
10
0.52
20
0.82
11
0.52
21
0.88
0
LINE
8
BLACK
6
CONTINUOUS
10
0.52
20
0.88
11
0.58
21
0.88
0
LINE
8
BLACK
6
CONTINUOUS
10
0.58
20
0.88
11
0.58
21
0.82
0
LINE
8
BLACK
6
CONTINUOUS
10
0.98
20
0.9199999999999999
11
0.9199999999999999
21
0.9199999999999999
0
LINE
8
BLACK
6
CONTINUOUS
10
0.9199999999999999
20
0.9199999999999999
11
0.9199999999999999
21
0.98
0
LINE
8
BLACK
6
CONTINUOUS
10
0.9199999999999999
20
0.98
11
0.98
21
0.98
0
LINE
8
BLACK
6
CONTINUOUS
10
0.98
20
0.98
11
0.98
21
0.9199999999999999
0
LINE
8
BLACK
6
CONTINUOUS
10
0.98
20
1.02
11
0.9199999999999999
21
1.02
0
LINE
8
BLACK
6
CONTINUOUS
10
0.9199999999999999
20
1.02
11
0.9199999999999999
21
1.0800000000000001
0
LINE
8
BLACK
6
CONTINUOUS
10
0.9199999999999999
20
1.0800000000000001
11
0.98
21
1.0800000000000001
0
LINE
8
BLACK
6
CONTINUOUS
10
0.98
20
1.0800000000000001
11
0.98
21
1.02
0
LINE
8
BLACK
6
CONTINUOUS
10
0.88
20
0.9199999999999999
11
0.82
21
0.9199999999999999
0
LINE
8
BLACK
6
CONTINUOUS
10
0.82
20
0.9199999999999999
11
0.82
21
0.98
0
LINE
8
BLACK
6
CONTINUOUS
10
0.82
20
0.98
11
0.88
21
0.98
0
LINE
8
BLACK
6
CONTINUOUS
10
0.88
20
0.98
11
0.88
21
0.9199999999999999
0
LINE
8
BLACK
6
CONTINUOUS
10
0.88
20
1.02
11
0.82
21
1.02
0
LINE
8
BLACK
6
CONTINUOUS
10
0.82
20
1.02
11
0.82
21
1.0800000000000001
0
LINE
8
BLACK
6
CONTINUOUS
10
0.82
20
1.0800000000000001
11
0.88
21
1.0800000000000001
0
LINE
8
BLACK
6
CONTINUOUS
10
0.88
20
1.0800000000000001
11
0.88
21
1.02
0
LINE
8
BLACK
6
CONTINUOUS
10
0.78
20
0.9199999999999999
11
0.72
21
0.9199999999999999
0
LINE
8
BLACK
6
CONTINUOUS
10
0.72
20
0.9199999999999999
11
0.72
21
0.98
0
LINE
8
BLACK
6
CONTINUOUS
10
0.72
20
0.98
11
0.78
21
0.98
0
LINE
8
BLACK
6
CONTINUOUS
10
0.78
20
0.98
11
0.78
21
0.9199999999999999
0
LINE
8
BLACK
6
CONTINUOUS
10
0.78
20
1.02
11
0.72
21
1.02
0
LINE
8
BLACK
6
CONTINUOUS
10
0.72
20
1.02
11
0.72
21
1.0800000000000001
0
LINE
8
BLACK
6
CONTINUOUS
10
0.72
20
1.0800000000000001
11
0.78
21
1.0800000000000001
0
LINE
8
BLACK
6
CONTINUOUS
10
0.78
20
1.0800000000000001
11
0.78
21
1.02
0
LINE
8
BLACK
6
CONTINUOUS
10
0.6799999999999999
20
0.9199999999999999
11
0.62
21
0.9199999999999999
0
LINE
8
BLACK
6
CONTINUOUS
10
0.62
20
0.9199999999999999
11
0.62
21
0.98
0
LINE
8
BLACK
6
CONTINUOUS
10
0.62
20
0.98
11
0.6799999999999999
21
0.98
0
LINE
8
BLACK
6
CONTINUOUS
10
0.6799999999999999
20
0.98
11
0.6799999999999999
21
0.9199999999999999
0
LINE
8
BLACK
6
CONTINUOUS
10
0.6799999999999999
20
1.02
11
0.62
21
1.02
0
LINE
8
BLACK
6
CONTINUOUS
10
0.62
20
1.02
11
0.62
21
1.0800000000000001
0
LINE
8
BLACK
6
CONTINUOUS
10
0.62
20
1.0800000000000001
11
0.6799999999999999
21
1.0800000000000001
0
LINE
8
BLACK
6
CONTINUOUS
10
0.6799999999999999
20
1.0800000000000001
11
0.6799999999999999
21
1.02
0
LINE
8
BLACK
6
CONTINUOUS
10
0.58
20
0.9199999999999999
11
0.52
21
0.9199999999999999
0
LINE
8
BLACK
6
CONTINUOUS
10
0.52
20
0.9199999999999999
11
0.52
21
0.98
0
LINE
8
BLACK
6
CONTINUOUS
10
0.52
20
0.98
11
0.58
21
0.98
0
LINE
8
BLACK
6
CONTINUOUS
10
0.58
20
0.98
11
0.58
21
0.9199999999999999
0
LINE
8
BLACK
6
CONTINUOUS
10
0.58
20
1.02
11
0.52
21
1.02
0
LINE
8
BLACK
6
CONTINUOUS
10
0.52
20
1.02
11
0.52
21
1.0800000000000001
0
LINE
8
BLACK
6
CONTINUOUS
10
0.52
20
1.0800000000000001
11
0.58
21
1.0800000000000001
0
LINE
8
BLACK
6
CONTINUOUS
10
0.58
20
1.0800000000000001
11
0.58
21
1.02
0
LINE
8
BLACK
6
CONTINUOUS
10
0.6
20
1.1029527559055119
11
0.7
21
1.1029527559055119
0
LINE
8
BLACK
6
CONTINUOUS
10
0.7
20
1.1029527559055119
11
0.7999999999999999
21
1.1029527559055119
0
LINE
8
BLACK
6
CONTINUOUS
10
0.7999999999999999
20
1.1029527559055119
11
0.9
21
1.1029527559055119
0
LINE
8
BLACK
6
CONTINUOUS
10
0.9
20
1.1029527559055119
11
1.
21
1.1029527559055119
0
LINE
8
BLACK
6
CONTINUOUS
10
1.
20
1.1029527559055119
11
1.0003835039370079
21
1.1028851181102362
0
LINE
8
BLACK
6
CONTINUOUS
10
1.0003835039370079
20
1.1028851181102362
11
1.0005127559055118
21
1.1029079133858268
0
LINE
8
BLACK
6
CONTINUOUS
10
1.0005127559055118
20
1.1029079133858268
11
1.0006263385826772
21
1.1028422834645668
0
LINE
8
BLACK
6
CONTINUOUS
10
1.0006263385826772
20
1.1028422834645668
11
1.0010099212598425
21
1.10277468503937
0
LINE
8
BLACK
6
CONTINUOUS
10
1.0010099212598425
20
1.10277468503937
11
1.0015975984251968
21
1.1022815354330708
0
LINE
8
BLACK
6
CONTINUOUS
10
1.0015975984251968
20
1.1022815354330708
11
1.0022619291338581
21
1.1018979921259842
0
LINE
8
BLACK
6
CONTINUOUS
10
1.0022619291338581
20
1.1018979921259842
11
1.0023530314960629
21
1.1016476377952755
0
LINE
8
BLACK
6
CONTINUOUS
10
1.0023530314960629
20
1.1016476377952755
11
1.0025571653543306
21
1.1014763779527559
0
LINE
8
BLACK
6
CONTINUOUS
10
1.0025571653543306
20
1.1014763779527559
11
1.0026903937007874
21
1.1007207874015748
0
LINE
8
BLACK
6
CONTINUOUS
10
1.0026903937007874
20
1.1007207874015748
11
1.0029527559055118
21
1.0999999999999999
0
LINE
8
BLACK
6
CONTINUOUS
10
1.0029527559055118
20
1.0999999999999999
11
1.0029527559055118
21
0.9
0
LINE
8
BLACK
6
CONTINUOUS
10
1.0029527559055118
20
0.9
11
1.0028851181102363
21
0.8996164566929133
0
LINE
8
BLACK
6
CONTINUOUS
10
1.0028851181102363
20
0.8996164566929133
11
1.0029079133858267
21
0.8994872440944882
0
LINE
8
BLACK
6
CONTINUOUS
10
1.0029079133858267
20
0.8994872440944882
11
1.0028422834645669
21
0.899373622047244
0
LINE
8
BLACK
6
CONTINUOUS
10
1.0028422834645669
20
0.899373622047244
11
1.00277468503937
21
0.8989900787401575
0
LINE
8
BLACK
6
CONTINUOUS
10
1.00277468503937
20
0.8989900787401575
11
1.0022815354330707
21
0.8984023622047244
0
LINE
8
BLACK
6
CONTINUOUS
10
1.0022815354330707
20
0.8984023622047244
11
1.0018979921259843
21
0.8977380708661417
0
LINE
8
BLACK
6
CONTINUOUS
10
1.0018979921259843
20
0.8977380708661417
11
1.0016476377952757
21
0.8976469291338582
0
LINE
8
BLACK
6
CONTINUOUS
10
1.0016476377952757
20
0.8976469291338582
11
1.0014763779527558
21
0.8974428346456693
0
LINE
8
BLACK
6
CONTINUOUS
10
1.0014763779527558
20
0.8974428346456693
11
1.0007207874015749
21
0.8973095669291339
0
LINE
8
BLACK
6
CONTINUOUS
10
1.0007207874015749
20
0.8973095669291339
11
1.
21
0.8970472440944882
0
LINE
8
BLACK
6
CONTINUOUS
10
1.
20
0.8970472440944882
11
0.9
21
0.8970472440944882
0
LINE
8
BLACK
6
CONTINUOUS
10
0.9
20
0.8970472440944882
11
0.7999999999999999
21
0.8970472440944882
0
LINE
8
BLACK
6
CONTINUOUS
10
0.7999999999999999
20
0.8970472440944882
11
0.7
21
0.8970472440944882
0
LINE
8
BLACK
6
CONTINUOUS
10
0.7
20
0.8970472440944882
11
0.6029527559055118
21
0.8970472440944882
0
LINE
8
BLACK
6
CONTINUOUS
10
0.6029527559055118
20
0.8970472440944882
11
0.6029527559055118
21
0.7999999999999999
0
LINE
8
BLACK
6
CONTINUOUS
10
0.6029527559055118
20
0.7999999999999999
11
0.6028851181102363
21
0.7996164566929134
0
LINE
8
BLACK
6
CONTINUOUS
10
0.6028851181102363
20
0.7996164566929134
11
0.6029079133858267
21
0.7994872440944881
0
LINE
8
BLACK
6
CONTINUOUS
10
0.6029079133858267
20
0.7994872440944881
11
0.6028422834645669
21
0.799373622047244
0
LINE
8
BLACK
6
CONTINUOUS
10
0.6028422834645669
20
0.799373622047244
11
0.60277468503937
21
0.7989900787401575
0
LINE
8
BLACK
6
CONTINUOUS
10
0.60277468503937
20
0.7989900787401575
11
0.6022815354330708
21
0.7984023622047244
0
LINE
8
BLACK
6
CONTINUOUS
10
0.6022815354330708
20
0.7984023622047244
11
0.6018979921259843
21
0.7977380708661417
0
LINE
8
BLACK
6
CONTINUOUS
10
0.6018979921259843
20
0.7977380708661417
11
0.6016476377952755
21
0.7976469291338583
0
LINE
8
BLACK
6
CONTINUOUS
10
0.6016476377952755
20
0.7976469291338583
11
0.6014763779527559
21
0.7974428346456692
0
LINE
8
BLACK
6
CONTINUOUS
10
0.6014763779527559
20
0.7974428346456692
11
0.6007207874015748
21
0.7973095669291338
0
LINE
8
BLACK
6
CONTINUOUS
10
0.6007207874015748
20
0.7973095669291338
11
0.6
21
0.7970472440944881
0
LINE
8
BLACK
6
CONTINUOUS
10
0.6
20
0.7970472440944881
11
0.4
21
0.7970472440944881
0
LINE
8
BLACK
6
CONTINUOUS
10
0.4
20
0.7970472440944881
11
0.3996164566929134
21
0.797114842519685
0
LINE
8
BLACK
6
CONTINUOUS
10
0.3996164566929134
20
0.797114842519685
11
0.3994872440944882
21
0.7970920866141732
0
LINE
8
BLACK
6
CONTINUOUS
10
0.3994872440944882
20
0.7970920866141732
11
0.3993736220472441
21
0.7971576771653544
0
LINE
8
BLACK
6
CONTINUOUS
10
0.3993736220472441
20
0.7971576771653544
11
0.3989900787401575
21
0.7972253149606299
0
LINE
8
BLACK
6
CONTINUOUS
10
0.3989900787401575
20
0.7972253149606299
11
0.3984023622047244
21
0.7977184251968503
0
LINE
8
BLACK
6
CONTINUOUS
10
0.3984023622047244
20
0.7977184251968503
11
0.3977380708661417
21
0.7981020078740158
0
LINE
8
BLACK
6
CONTINUOUS
10
0.3977380708661417
20
0.7981020078740158
11
0.3976469291338582
21
0.7983523228346456
0
LINE
8
BLACK
6
CONTINUOUS
10
0.3976469291338582
20
0.7983523228346456
11
0.3974428346456693
21
0.798523622047244
0
LINE
8
BLACK
6
CONTINUOUS
10
0.3974428346456693
20
0.798523622047244
11
0.3973095669291338
21
0.7992791732283464
0
LINE
8
BLACK
6
CONTINUOUS
10
0.3973095669291338
20
0.7992791732283464
11
0.3970472440944882
21
0.7999999999999999
0
LINE
8
BLACK
6
CONTINUOUS
10
0.3970472440944882
20
0.7999999999999999
11
0.3970472440944882
21
0.9
0
LINE
8
BLACK
6
CONTINUOUS
10
0.3970472440944882
20
0.9
11
0.397114842519685
21
0.9003835039370078
0
LINE
8
BLACK
6
CONTINUOUS
10
0.397114842519685
20
0.9003835039370078
11
0.3970920866141732
21
0.9005127559055118
0
LINE
8
BLACK
6
CONTINUOUS
10
0.3970920866141732
20
0.9005127559055118
11
0.3971576771653543
21
0.9006263385826772
0
LINE
8
BLACK
6
CONTINUOUS
10
0.3971576771653543
20
0.9006263385826772
11
0.3972253149606299
21
0.9010099212598425
0
LINE
8
BLACK
6
CONTINUOUS
10
0.3972253149606299
20
0.9010099212598425
11
0.3977184251968504
21
0.9015975984251968
0
LINE
8
BLACK
6
CONTINUOUS
10
0.3977184251968504
20
0.9015975984251968
11
0.3981020078740157
21
0.9022619291338583
0
LINE
8
BLACK
6
CONTINUOUS
10
0.3981020078740157
20
0.9022619291338583
11
0.3983523228346457
21
0.9023530314960629
0
LINE
8
BLACK
6
CONTINUOUS
10
0.3983523228346457
20
0.9023530314960629
11
0.3985236220472441
21
0.9025571653543307
0
LINE
8
BLACK
6
CONTINUOUS
10
0.3985236220472441
20
0.9025571653543307
11
0.3992791732283464
21
0.9026903937007874
0
LINE
8
BLACK
6
CONTINUOUS
10
0.3992791732283464
20
0.9026903937007874
11
0.4
21
0.9029527559055118
0
LINE
8
BLACK
6
CONTINUOUS
10
0.4
20
0.9029527559055118
11
0.4970472440944882
21
0.9029527559055118
0
LINE
8
BLACK
6
CONTINUOUS
10
0.4970472440944882
20
0.9029527559055118
11
0.4970472440944882
21
1.0999999999999999
0
LINE
8
BLACK
6
CONTINUOUS
10
0.4970472440944882
20
1.0999999999999999
11
0.497114842519685
21
1.1003835039370078
0
LINE
8
BLACK
6
CONTINUOUS
10
0.497114842519685
20
1.1003835039370078
11
0.4970920866141732
21
1.1005127559055119
0
LINE
8
BLACK
6
CONTINUOUS
10
0.4970920866141732
20
1.1005127559055119
11
0.4971576771653543
21
1.1006263385826771
0
LINE
8
BLACK
6
CONTINUOUS
10
0.4971576771653543
20
1.1006263385826771
11
0.4972253149606299
21
1.1010099212598425
0
LINE
8
BLACK
6
CONTINUOUS
10
0.4972253149606299
20
1.1010099212598425
11
0.4977184251968504
21
1.1015975984251969
0
LINE
8
BLACK
6
CONTINUOUS
10
0.4977184251968504
20
1.1015975984251969
11
0.4981020078740158
21
1.1022619291338582
0
LINE
8
BLACK
6
CONTINUOUS
10
0.4981020078740158
20
1.1022619291338582
11
0.4983523228346456
21
1.102353031496063
0
LINE
8
BLACK
6
CONTINUOUS
10
0.4983523228346456
20
1.102353031496063
11
0.4985236220472441
21
1.1025571653543307
0
LINE
8
BLACK
6
CONTINUOUS
10
0.4985236220472441
20
1.1025571653543307
11
0.4992791732283464
21
1.1026903937007875
0
LINE
8
BLACK
6
CONTINUOUS
10
0.4992791732283464
20
1.1026903937007875
11
0.5
21
1.1029527559055119
0
LINE
8
BLACK
6
CONTINUOUS
10
0.5
20
1.1029527559055119
11
0.6
21
1.1029527559055119
0
LINE
8
BLACK
6
CONTINUOUS
10
0.4029527559055118
20
0.8970472440944882
11
0.4029527559055118
21
0.8029527559055117
0
LINE
8
BLACK
6
CONTINUOUS
10
0.4029527559055118
20
0.8029527559055117
11
0.5970472440944882
21
0.8029527559055117
0
LINE
8
BLACK
6
CONTINUOUS
10
0.5970472440944882
20
0.8029527559055117
11
0.5970472440944882
21
0.8970472440944882
0
LINE
8
BLACK
6
CONTINUOUS
10
0.5970472440944882
20
0.8970472440944882
11
0.5
21
0.8970472440944882
0
LINE
8
BLACK
6
CONTINUOUS
10
0.5
20
0.8970472440944882
11
0.4029527559055118
21
0.8970472440944882
0
LINE
8
BLACK
6
CONTINUOUS
10
0.9029527559055118
20
1.0970472440944881
11
0.9029527559055118
21
0.9029527559055118
0
LINE
8
BLACK
6
CONTINUOUS
10
0.9029527559055118
20
0.9029527559055118
11
0.9970472440944882
21
0.9029527559055118
0
LINE
8
BLACK
6
CONTINUOUS
10
0.9970472440944882
20
0.9029527559055118
11
0.9970472440944882
21
1.0970472440944881
0
LINE
8
BLACK
6
CONTINUOUS
10
0.9970472440944882
20
1.0970472440944881
11
0.9029527559055118
21
1.0970472440944881
0
LINE
8
BLACK
6
CONTINUOUS
10
0.8029527559055117
20
1.0970472440944881
11
0.8029527559055117
21
0.9029527559055118
0
LINE
8
BLACK
6
CONTINUOUS
10
0.8029527559055117
20
0.9029527559055118
11
0.8970472440944882
21
0.9029527559055118
0
LINE
8
BLACK
6
CONTINUOUS
10
0.8970472440944882
20
0.9029527559055118
11
0.8970472440944882
21
1.0970472440944881
0
LINE
8
BLACK
6
CONTINUOUS
10
0.8970472440944882
20
1.0970472440944881
11
0.8029527559055117
21
1.0970472440944881
0
LINE
8
BLACK
6
CONTINUOUS
10
0.7029527559055118
20
1.0970472440944881
11
0.7029527559055118
21
0.9029527559055118
0
LINE
8
BLACK
6
CONTINUOUS
10
0.7029527559055118
20
0.9029527559055118
11
0.7970472440944881
21
0.9029527559055118
0
LINE
8
BLACK
6
CONTINUOUS
10
0.7970472440944881
20
0.9029527559055118
11
0.7970472440944881
21
1.0970472440944881
0
LINE
8
BLACK
6
CONTINUOUS
10
0.7970472440944881
20
1.0970472440944881
11
0.7029527559055118
21
1.0970472440944881
0
LINE
8
BLACK
6
CONTINUOUS
10
0.6029527559055118
20
1.0970472440944881
11
0.6029527559055118
21
0.9029527559055118
0
LINE
8
BLACK
6
CONTINUOUS
10
0.6029527559055118
20
0.9029527559055118
11
0.6970472440944881
21
0.9029527559055118
0
LINE
8
BLACK
6
CONTINUOUS
10
0.6970472440944881
20
0.9029527559055118
11
0.6970472440944881
21
1.0970472440944881
0
LINE
8
BLACK
6
CONTINUOUS
10
0.6970472440944881
20
1.0970472440944881
11
0.6029527559055118
21
1.0970472440944881
0
LINE
8
BLACK
6
CONTINUOUS
10
0.5029527559055118
20
1.0970472440944881
11
0.5029527559055118
21
0.9029527559055118
0
LINE
8
BLACK
6
CONTINUOUS
10
0.5029527559055118
20
0.9029527559055118
11
0.5970472440944882
21
0.9029527559055118
0
LINE
8
BLACK
6
CONTINUOUS
10
0.5970472440944882
20
0.9029527559055118
11
0.5970472440944882
21
1.0970472440944881
0
LINE
8
BLACK
6
CONTINUOUS
10
0.5970472440944882
20
1.0970472440944881
11
0.5029527559055118
21
1.0970472440944881
0
LINE
8
BLACK
6
CONTINUOUS
10
1.1330846062992126
20
0.8905153149606299
11
1.134768937007874
21
0.8879642519685039
0
LINE
8
BLACK
6
CONTINUOUS
10
1.134768937007874
20
0.8879642519685039
11
1.1349520866141731
21
0.8849128346456693
0
LINE
8
BLACK
6
CONTINUOUS
10
1.1349520866141731
20
0.8849128346456693
11
1.1335850000000001
21
0.8821786220472441
0
LINE
8
BLACK
6
CONTINUOUS
10
1.1335850000000001
20
0.8821786220472441
11
1.1310339370078739
21
0.8804943307086613
0
LINE
8
BLACK
6
CONTINUOUS
10
1.1310339370078739
20
0.8804943307086613
11
1.118199094488189
21
0.8762160236220472
0
LINE
8
BLACK
6
CONTINUOUS
10
1.118199094488189
20
0.8762160236220472
11
1.118199094488189
21
0.8566074015748031
0
LINE
8
BLACK
6
CONTINUOUS
10
1.118199094488189
20
0.8566074015748031
11
1.1310339370078739
21
0.8523291338582677
0
LINE
8
BLACK
6
CONTINUOUS
10
1.1310339370078739
20
0.8523291338582677
11
1.1335850000000001
21
0.850644842519685
0
LINE
8
BLACK
6
CONTINUOUS
10
1.1335850000000001
20
0.850644842519685
11
1.1349520866141731
21
0.8479106299212599
0
LINE
8
BLACK
6
CONTINUOUS
10
1.1349520866141731
20
0.8479106299212599
11
1.134768937007874
21
0.8448592125984252
0
LINE
8
BLACK
6
CONTINUOUS
10
1.134768937007874
20
0.8448592125984252
11
1.1330846062992126
21
0.8423081496062992
0
LINE
8
BLACK
6
CONTINUOUS
10
1.1330846062992126
20
0.8423081496062992
11
1.1305135039370078
21
0.8410225984251968
0
LINE
8
BLACK
6
CONTINUOUS
10
1.1305135039370078
20
0.8410225984251968
11
1.1321192125984252
21
0.8405924015748031
0
LINE
8
BLACK
6
CONTINUOUS
10
1.1321192125984252
20
0.8405924015748031
11
1.1342807874015748
21
0.8384308267716535
0
LINE
8
BLACK
6
CONTINUOUS
10
1.1342807874015748
20
0.8384308267716535
11
1.135071968503937
21
0.8354780708661417
0
LINE
8
BLACK
6
CONTINUOUS
10
1.135071968503937
20
0.8354780708661417
11
1.135071968503937
21
0.8073565748031496
0
LINE
8
BLACK
6
CONTINUOUS
10
1.135071968503937
20
0.8073565748031496
11
1.1342807874015748
21
0.8044038188976378
0
LINE
8
BLACK
6
CONTINUOUS
10
1.1342807874015748
20
0.8044038188976378
11
1.1321192125984252
21
0.8022422440944882
0
LINE
8
BLACK
6
CONTINUOUS
10
1.1321192125984252
20
0.8022422440944882
11
1.1291664566929134
21
0.801451062992126
0
LINE
8
BLACK
6
CONTINUOUS
10
1.1291664566929134
20
0.801451062992126
11
1.070111338582677
21
0.801451062992126
0
LINE
8
BLACK
6
CONTINUOUS
10
1.070111338582677
20
0.801451062992126
11
1.0671585826771652
21
0.8022422440944882
0
LINE
8
BLACK
6
CONTINUOUS
10
1.0671585826771652
20
0.8022422440944882
11
1.0649970078740156
21
0.8044038188976378
0
LINE
8
BLACK
6
CONTINUOUS
10
1.0649970078740156
20
0.8044038188976378
11
1.0642058267716534
21
0.8073565748031496
0
LINE
8
BLACK
6
CONTINUOUS
10
1.0642058267716534
20
0.8073565748031496
11
1.0649970078740156
21
0.8103093307086614
0
LINE
8
BLACK
6
CONTINUOUS
10
1.0649970078740156
20
0.8103093307086614
11
1.0671585826771652
21
0.812470905511811
0
LINE
8
BLACK
6
CONTINUOUS
10
1.0671585826771652
20
0.812470905511811
11
1.070111338582677
21
0.8132620866141732
0
LINE
8
BLACK
6
CONTINUOUS
10
1.070111338582677
20
0.8132620866141732
11
1.1232609448818898
21
0.8132620866141732
0
LINE
8
BLACK
6
CONTINUOUS
10
1.1232609448818898
20
0.8132620866141732
11
1.1232609448818898
21
0.8354780708661417
0
LINE
8
BLACK
6
CONTINUOUS
10
1.1232609448818898
20
0.8354780708661417
11
1.124052125984252
21
0.8384308267716535
0
LINE
8
BLACK
6
CONTINUOUS
10
1.124052125984252
20
0.8384308267716535
11
1.1262137007874016
21
0.8405924015748031
0
LINE
8
BLACK
6
CONTINUOUS
10
1.1262137007874016
20
0.8405924015748031
11
1.1280338188976378
21
0.8410800787401574
0
LINE
8
BLACK
6
CONTINUOUS
10
1.1280338188976378
20
0.8410800787401574
11
1.1272989763779526
21
0.8411242125984252
0
LINE
8
BLACK
6
CONTINUOUS
10
1.1272989763779526
20
0.8411242125984252
11
1.0682438582677165
21
0.8608092913385826
0
LINE
8
BLACK
6
CONTINUOUS
10
1.0682438582677165
20
0.8608092913385826
11
1.0672541338582677
21
0.861462716535433
0
LINE
8
BLACK
6
CONTINUOUS
10
1.0672541338582677
20
0.861462716535433
11
1.0661931889763778
21
0.8619932283464566
0
LINE
8
BLACK
6
CONTINUOUS
10
1.0661931889763778
20
0.8619932283464566
11
1.0659941732283464
21
0.8622945669291339
0
LINE
8
BLACK
6
CONTINUOUS
10
1.0659941732283464
20
0.8622945669291339
11
1.0656928346456693
21
0.8624935826771654
0
LINE
8
BLACK
6
CONTINUOUS
10
1.0656928346456693
20
0.8624935826771654
11
1.0651623228346456
21
0.8635545275590552
0
LINE
8
BLACK
6
CONTINUOUS
10
1.0651623228346456
20
0.8635545275590552
11
1.0645088976377952
21
0.8645442519685039
0
LINE
8
BLACK
6
CONTINUOUS
10
1.0645088976377952
20
0.8645442519685039
11
1.0644872440944881
21
0.86490468503937
0
LINE
8
BLACK
6
CONTINUOUS
10
1.0644872440944881
20
0.86490468503937
11
1.0643257086614173
21
0.8652277952755906
0
LINE
8
BLACK
6
CONTINUOUS
10
1.0643257086614173
20
0.8652277952755906
11
1.0643967716535432
21
0.8664117322834646
0
LINE
8
BLACK
6
CONTINUOUS
10
1.0643967716535432
20
0.8664117322834646
11
1.0643257086614173
21
0.8675956692913386
0
LINE
8
BLACK
6
CONTINUOUS
10
1.0643257086614173
20
0.8675956692913386
11
1.0644872440944881
21
0.8679187401574803
0
LINE
8
BLACK
6
CONTINUOUS
10
1.0644872440944881
20
0.8679187401574803
11
1.0645088976377952
21
0.8682792125984252
0
LINE
8
BLACK
6
CONTINUOUS
10
1.0645088976377952
20
0.8682792125984252
11
1.0651623228346456
21
0.8692688976377952
0
LINE
8
BLACK
6
CONTINUOUS
10
1.0651623228346456
20
0.8692688976377952
11
1.0656928346456693
21
0.8703298818897638
0
LINE
8
BLACK
6
CONTINUOUS
10
1.0656928346456693
20
0.8703298818897638
11
1.0659941732283464
21
0.8705288582677165
0
LINE
8
BLACK
6
CONTINUOUS
10
1.0659941732283464
20
0.8705288582677165
11
1.0661931889763778
21
0.8708302362204724
0
LINE
8
BLACK
6
CONTINUOUS
10
1.0661931889763778
20
0.8708302362204724
11
1.0672541338582677
21
0.8713607086614173
0
LINE
8
BLACK
6
CONTINUOUS
10
1.0672541338582677
20
0.8713607086614173
11
1.0682438582677165
21
0.8720141732283464
0
LINE
8
BLACK
6
CONTINUOUS
10
1.0682438582677165
20
0.8720141732283464
11
1.1272989763779526
21
0.891699251968504
0
LINE
8
BLACK
6
CONTINUOUS
10
1.1272989763779526
20
0.891699251968504
11
1.1303503937007873
21
0.8918824015748031
0
LINE
8
BLACK
6
CONTINUOUS
10
1.1303503937007873
20
0.8918824015748031
11
1.1330846062992126
21
0.8905153149606299
0
LINE
8
BLACK
6
CONTINUOUS
10
1.0887861417322835
20
0.8664117322834646
11
1.1063880708661418
21
0.8605444094488188
0
LINE
8
BLACK
6
CONTINUOUS
10
1.1063880708661418
20
0.8605444094488188
11
1.1063880708661418
21
0.8722790157480315
0
LINE
8
BLACK
6
CONTINUOUS
10
1.1063880708661418
20
0.8722790157480315
11
1.0887861417322835
21
0.8664117322834646
0
LINE
8
BLACK
6
CONTINUOUS
10
1.2271979527559054
20
0.8490288976377952
11
1.2293595275590552
21
0.8468673228346456
0
LINE
8
BLACK
6
CONTINUOUS
10
1.2293595275590552
20
0.8468673228346456
11
1.2301507086614174
21
0.8439145669291338
0
LINE
8
BLACK
6
CONTINUOUS
10
1.2301507086614174
20
0.8439145669291338
11
1.2301507086614174
21
0.8101687795275591
0
LINE
8
BLACK
6
CONTINUOUS
10
1.2301507086614174
20
0.8101687795275591
11
1.2293595275590552
21
0.8072160236220473
0
LINE
8
BLACK
6
CONTINUOUS
10
1.2293595275590552
20
0.8072160236220473
11
1.2271979527559054
21
0.8050544488188976
0
LINE
8
BLACK
6
CONTINUOUS
10
1.2271979527559054
20
0.8050544488188976
11
1.2242451968503936
21
0.8042632677165354
0
LINE
8
BLACK
6
CONTINUOUS
10
1.2242451968503936
20
0.8042632677165354
11
1.2212924409448818
21
0.8050544488188976
0
LINE
8
BLACK
6
CONTINUOUS
10
1.2212924409448818
20
0.8050544488188976
11
1.2191308661417322
21
0.8072160236220473
0
LINE
8
BLACK
6
CONTINUOUS
10
1.2191308661417322
20
0.8072160236220473
11
1.21833968503937
21
0.8101687795275591
0
LINE
8
BLACK
6
CONTINUOUS
10
1.21833968503937
20
0.8101687795275591
11
1.21833968503937
21
0.8211361417322834
0
LINE
8
BLACK
6
CONTINUOUS
10
1.21833968503937
20
0.8211361417322834
11
1.1822594094488188
21
0.8211361417322834
0
LINE
8
BLACK
6
CONTINUOUS
10
1.1822594094488188
20
0.8211361417322834
11
1.1834266535433071
21
0.8199688976377952
0
LINE
8
BLACK
6
CONTINUOUS
10
1.1834266535433071
20
0.8199688976377952
11
1.1839020472440944
21
0.8191454330708661
0
LINE
8
BLACK
6
CONTINUOUS
10
1.1839020472440944
20
0.8191454330708661
11
1.1845328740157479
21
0.8184340944881889
0
LINE
8
BLACK
6
CONTINUOUS
10
1.1845328740157479
20
0.8184340944881889
11
1.1873450393700786
21
0.812809842519685
0
LINE
8
BLACK
6
CONTINUOUS
10
1.1873450393700786
20
0.812809842519685
11
1.1879579133858267
21
0.8098149606299212
0
LINE
8
BLACK
6
CONTINUOUS
10
1.1879579133858267
20
0.8098149606299212
11
1.1869912204724409
21
0.8069149212598425
0
LINE
8
BLACK
6
CONTINUOUS
10
1.1869912204724409
20
0.8069149212598425
11
1.1847040157480315
21
0.8048867322834645
0
LINE
8
BLACK
6
CONTINUOUS
10
1.1847040157480315
20
0.8048867322834645
11
1.1817091732283465
21
0.8042738582677165
0
LINE
8
BLACK
6
CONTINUOUS
10
1.1817091732283465
20
0.8042738582677165
11
1.1788091338582678
21
0.8052405511811024
0
LINE
8
BLACK
6
CONTINUOUS
10
1.1788091338582678
20
0.8052405511811024
11
1.1767809448818898
21
0.8075277559055118
0
LINE
8
BLACK
6
CONTINUOUS
10
1.1767809448818898
20
0.8075277559055118
11
1.1743973622047243
21
0.812294842519685
0
LINE
8
BLACK
6
CONTINUOUS
10
1.1743973622047243
20
0.812294842519685
11
1.1698642519685039
21
0.8168279527559055
0
LINE
8
BLACK
6
CONTINUOUS
10
1.1698642519685039
20
0.8168279527559055
11
1.1619142913385827
21
0.8221279527559054
0
LINE
8
BLACK
6
CONTINUOUS
10
1.1619142913385827
20
0.8221279527559054
11
1.1610266535433071
21
0.8231379527559055
0
LINE
8
BLACK
6
CONTINUOUS
10
1.1610266535433071
20
0.8231379527559055
11
1.160075748031496
21
0.8240888976377952
0
LINE
8
BLACK
6
CONTINUOUS
10
1.160075748031496
20
0.8240888976377952
11
1.1600251968503936
21
0.8242775196850394
0
LINE
8
BLACK
6
CONTINUOUS
10
1.1600251968503936
20
0.8242775196850394
11
1.159896338582677
21
0.8244241732283465
0
LINE
8
BLACK
6
CONTINUOUS
10
1.159896338582677
20
0.8244241732283465
11
1.1596326377952755
21
0.8257425590551181
0
LINE
8
BLACK
6
CONTINUOUS
10
1.1596326377952755
20
0.8257425590551181
11
1.1592845669291338
21
0.8270416535433071
0
LINE
8
BLACK
6
CONTINUOUS
10
1.1592845669291338
20
0.8270416535433071
11
1.1593350787401575
21
0.8272302362204724
0
LINE
8
BLACK
6
CONTINUOUS
10
1.1593350787401575
20
0.8272302362204724
11
1.1592968110236219
21
0.8274217322834645
0
LINE
8
BLACK
6
CONTINUOUS
10
1.1592968110236219
20
0.8274217322834645
11
1.1597277165354329
21
0.8286955511811024
0
LINE
8
BLACK
6
CONTINUOUS
10
1.1597277165354329
20
0.8286955511811024
11
1.160075748031496
21
0.8299944094488189
0
LINE
8
BLACK
6
CONTINUOUS
10
1.160075748031496
20
0.8299944094488189
11
1.1602137795275591
21
0.8301324409448819
0
LINE
8
BLACK
6
CONTINUOUS
10
1.1602137795275591
20
0.8301324409448819
11
1.1602763779527558
21
0.8303174409448819
0
LINE
8
BLACK
6
CONTINUOUS
10
1.1602763779527558
20
0.8303174409448819
11
1.1612863779527558
21
0.8312050393700787
0
LINE
8
BLACK
6
CONTINUOUS
10
1.1612863779527558
20
0.8312050393700787
11
1.1622373228346456
21
0.8321559842519685
0
LINE
8
BLACK
6
CONTINUOUS
10
1.1622373228346456
20
0.8321559842519685
11
1.1624259448818897
21
0.8322064960629921
0
LINE
8
BLACK
6
CONTINUOUS
10
1.1624259448818897
20
0.8322064960629921
11
1.1625725984251969
21
0.8323353937007874
0
LINE
8
BLACK
6
CONTINUOUS
10
1.1625725984251969
20
0.8323353937007874
11
1.1638909842519685
21
0.8325990551181102
0
LINE
8
BLACK
6
CONTINUOUS
10
1.1638909842519685
20
0.8325990551181102
11
1.1651900787401575
21
0.8329471653543307
0
LINE
8
BLACK
6
CONTINUOUS
10
1.1651900787401575
20
0.8329471653543307
11
1.21833968503937
21
0.8329471653543307
0
LINE
8
BLACK
6
CONTINUOUS
10
1.21833968503937
20
0.8329471653543307
11
1.21833968503937
21
0.8439145669291338
0
LINE
8
BLACK
6
CONTINUOUS
10
1.21833968503937
20
0.8439145669291338
11
1.2191308661417322
21
0.8468673228346456
0
LINE
8
BLACK
6
CONTINUOUS
10
1.2191308661417322
20
0.8468673228346456
11
1.2212924409448818
21
0.8490288976377952
0
LINE
8
BLACK
6
CONTINUOUS
10
1.2212924409448818
20
0.8490288976377952
11
1.2242451968503936
21
0.8498200787401574
0
LINE
8
BLACK
6
CONTINUOUS
10
1.2242451968503936
20
0.8498200787401574
11
1.2271979527559054
21
0.8490288976377952
0
LINE
8
BLACK
6
CONTINUOUS
10
0.9518322047244094
20
0.8681976771653543
11
0.9525606692913385
21
0.8682099606299213
0
LINE
8
BLACK
6
CONTINUOUS
10
0.9525606692913385
20
0.8682099606299213
11
0.9623094488188976
21
0.8657727952755905
0
LINE
8
BLACK
6
CONTINUOUS
10
0.9623094488188976
20
0.8657727952755905
11
0.9628794094488189
21
0.8654563779527559
0
LINE
8
BLACK
6
CONTINUOUS
10
0.9628794094488189
20
0.8654563779527559
11
0.963518188976378
21
0.8653256692913386
0
LINE
8
BLACK
6
CONTINUOUS
10
0.963518188976378
20
0.8653256692913386
11
0.9683925984251969
21
0.8628884645669291
0
LINE
8
BLACK
6
CONTINUOUS
10
0.9683925984251969
20
0.8628884645669291
11
0.9691039763779528
21
0.8622575984251968
0
LINE
8
BLACK
6
CONTINUOUS
10
0.9691039763779528
20
0.8622575984251968
11
0.9699274015748032
21
0.8617822440944881
0
LINE
8
BLACK
6
CONTINUOUS
10
0.9699274015748032
20
0.8617822440944881
11
0.9748018110236221
21
0.8569078346456692
0
LINE
8
BLACK
6
CONTINUOUS
10
0.9748018110236221
20
0.8569078346456692
11
0.9754804330708661
21
0.8557323622047244
0
LINE
8
BLACK
6
CONTINUOUS
10
0.9754804330708661
20
0.8557323622047244
11
0.9762284645669291
21
0.8545994881889764
0
LINE
8
BLACK
6
CONTINUOUS
10
0.9762284645669291
20
0.8545994881889764
11
0.9786656299212598
21
0.847287874015748
0
LINE
8
BLACK
6
CONTINUOUS
10
0.9786656299212598
20
0.847287874015748
11
0.9787225590551181
21
0.8463387401574803
0
LINE
8
BLACK
6
CONTINUOUS
10
0.9787225590551181
20
0.8463387401574803
11
0.9789686614173229
21
0.8454204330708661
0
LINE
8
BLACK
6
CONTINUOUS
10
0.9789686614173229
20
0.8454204330708661
11
0.9789686614173229
21
0.8332344488188976
0
LINE
8
BLACK
6
CONTINUOUS
10
0.9789686614173229
20
0.8332344488188976
11
0.9781774803149607
21
0.8302816929133858
0
LINE
8
BLACK
6
CONTINUOUS
10
0.9781774803149607
20
0.8302816929133858
11
0.9760159055118111
21
0.8281201181102362
0
LINE
8
BLACK
6
CONTINUOUS
10
0.9760159055118111
20
0.8281201181102362
11
0.9730631496062991
21
0.827328937007874
0
LINE
8
BLACK
6
CONTINUOUS
10
0.9730631496062991
20
0.827328937007874
11
0.9218820472440945
21
0.827328937007874
0
LINE
8
BLACK
6
CONTINUOUS
10
0.9218820472440945
20
0.827328937007874
11
0.9189292913385827
21
0.8281201181102362
0
LINE
8
BLACK
6
CONTINUOUS
10
0.9189292913385827
20
0.8281201181102362
11
0.9167677165354331
21
0.8302816929133858
0
LINE
8
BLACK
6
CONTINUOUS
10
0.9167677165354331
20
0.8302816929133858
11
0.9159765354330709
21
0.8332344488188976
0
LINE
8
BLACK
6
CONTINUOUS
10
0.9159765354330709
20
0.8332344488188976
11
0.9159765354330709
21
0.8454204330708661
0
LINE
8
BLACK
6
CONTINUOUS
10
0.9159765354330709
20
0.8454204330708661
11
0.9162225984251968
21
0.8463388582677165
0
LINE
8
BLACK
6
CONTINUOUS
10
0.9162225984251968
20
0.8463388582677165
11
0.9162796062992126
21
0.8472879133858268
0
LINE
8
BLACK
6
CONTINUOUS
10
0.9162796062992126
20
0.8472879133858268
11
0.918716811023622
21
0.8545995275590551
0
LINE
8
BLACK
6
CONTINUOUS
10
0.918716811023622
20
0.8545995275590551
11
0.9194646456692913
21
0.8557322047244095
0
LINE
8
BLACK
6
CONTINUOUS
10
0.9194646456692913
20
0.8557322047244095
11
0.9201434251968503
21
0.8569078346456692
0
LINE
8
BLACK
6
CONTINUOUS
10
0.9201434251968503
20
0.8569078346456692
11
0.9250178346456692
21
0.8617822440944881
0
LINE
8
BLACK
6
CONTINUOUS
10
0.9250178346456692
20
0.8617822440944881
11
0.9258412598425196
21
0.8622576377952755
0
LINE
8
BLACK
6
CONTINUOUS
10
0.9258412598425196
20
0.8622576377952755
11
0.9265526377952755
21
0.8628884645669291
0
LINE
8
BLACK
6
CONTINUOUS
10
0.9265526377952755
20
0.8628884645669291
11
0.9314270078740158
21
0.8653256692913386
0
LINE
8
BLACK
6
CONTINUOUS
10
0.9314270078740158
20
0.8653256692913386
11
0.932065748031496
21
0.8654563779527559
0
LINE
8
BLACK
6
CONTINUOUS
10
0.932065748031496
20
0.8654563779527559
11
0.9326357480314961
21
0.8657727952755905
0
LINE
8
BLACK
6
CONTINUOUS
10
0.9326357480314961
20
0.8657727952755905
11
0.9423845275590551
21
0.8682099999999999
0
LINE
8
BLACK
6
CONTINUOUS
10
0.9423845275590551
20
0.8682099999999999
11
0.9431130708661417
21
0.8681977165354331
0
LINE
8
BLACK
6
CONTINUOUS
10
0.9431130708661417
20
0.8681977165354331
11
0.943816811023622
21
0.8683862992125984
0
LINE
8
BLACK
6
CONTINUOUS
10
0.943816811023622
20
0.8683862992125984
11
0.9511283858267716
21
0.8683862992125984
0
LINE
8
BLACK
6
CONTINUOUS
10
0.9511283858267716
20
0.8683862992125984
11
0.9518322047244094
21
0.8681976771653543
0
LINE
8
BLACK
6
CONTINUOUS
10
0.9361293307086614
20
0.8544716929133858
11
0.9326918503937007
21
0.8527529527559055
0
LINE
8
BLACK
6
CONTINUOUS
10
0.9326918503937007
20
0.8527529527559055
11
0.9294807874015748
21
0.8495418897637795
0
LINE
8
BLACK
6
CONTINUOUS
10
0.9294807874015748
20
0.8495418897637795
11
0.9277875590551181
21
0.844462125984252
0
LINE
8
BLACK
6
CONTINUOUS
10
0.9277875590551181
20
0.844462125984252
11
0.9277875590551181
21
0.8391399606299212
0
LINE
8
BLACK
6
CONTINUOUS
10
0.9277875590551181
20
0.8391399606299212
11
0.9671576377952755
21
0.8391399606299212
0
LINE
8
BLACK
6
CONTINUOUS
10
0.9671576377952755
20
0.8391399606299212
11
0.9671576377952755
21
0.8444620472440945
0
LINE
8
BLACK
6
CONTINUOUS
10
0.9671576377952755
20
0.8444620472440945
11
0.9654643307086614
21
0.849541968503937
0
LINE
8
BLACK
6
CONTINUOUS
10
0.9654643307086614
20
0.849541968503937
11
0.9622533858267717
21
0.8527529527559055
0
LINE
8
BLACK
6
CONTINUOUS
10
0.9622533858267717
20
0.8527529527559055
11
0.9588160236220472
21
0.8544716141732284
0
LINE
8
BLACK
6
CONTINUOUS
10
0.9588160236220472
20
0.8544716141732284
11
0.9504014566929133
21
0.8565752755905511
0
LINE
8
BLACK
6
CONTINUOUS
10
0.9504014566929133
20
0.8565752755905511
11
0.9445437401574803
21
0.8565752755905511
0
LINE
8
BLACK
6
CONTINUOUS
10
0.9445437401574803
20
0.8565752755905511
11
0.9361293307086614
21
0.8544716929133858
0
LINE
8
BLACK
6
CONTINUOUS
10
1.3760159055118111
20
0.8675951574803149
11
1.3781774803149607
21
0.8654335826771653
0
LINE
8
BLACK
6
CONTINUOUS
10
1.3781774803149607
20
0.8654335826771653
11
1.3789686614173229
21
0.8624808267716535
0
LINE
8
BLACK
6
CONTINUOUS
10
1.3789686614173229
20
0.8624808267716535
11
1.3789686614173229
21
0.8332344881889764
0
LINE
8
BLACK
6
CONTINUOUS
10
1.3789686614173229
20
0.8332344881889764
11
1.3781774803149607
21
0.8302817322834646
0
LINE
8
BLACK
6
CONTINUOUS
10
1.3781774803149607
20
0.8302817322834646
11
1.3760159055118111
21
0.828120157480315
0
LINE
8
BLACK
6
CONTINUOUS
10
1.3760159055118111
20
0.828120157480315
11
1.3730631496062993
21
0.8273289763779528
0
LINE
8
BLACK
6
CONTINUOUS
10
1.3730631496062993
20
0.8273289763779528
11
1.3701103937007875
21
0.828120157480315
0
LINE
8
BLACK
6
CONTINUOUS
10
1.3701103937007875
20
0.828120157480315
11
1.3679488188976379
21
0.8302817322834646
0
LINE
8
BLACK
6
CONTINUOUS
10
1.3679488188976379
20
0.8302817322834646
11
1.3671576377952757
21
0.8332344881889764
0
LINE
8
BLACK
6
CONTINUOUS
10
1.3671576377952757
20
0.8332344881889764
11
1.3671576377952757
21
0.841952125984252
0
LINE
8
BLACK
6
CONTINUOUS
10
1.3671576377952757
20
0.841952125984252
11
1.3384358661417322
21
0.841952125984252
0
LINE
8
BLACK
6
CONTINUOUS
10
1.3384358661417322
20
0.841952125984252
11
1.3387192519685038
21
0.8414612598425196
0
LINE
8
BLACK
6
CONTINUOUS
10
1.3387192519685038
20
0.8414612598425196
11
1.3393500787401575
21
0.8407498818897637
0
LINE
8
BLACK
6
CONTINUOUS
10
1.3393500787401575
20
0.8407498818897637
11
1.341787283464567
21
0.8358755118110236
0
LINE
8
BLACK
6
CONTINUOUS
10
1.341787283464567
20
0.8358755118110236
11
1.3424001574803148
21
0.8328806692913385
0
LINE
8
BLACK
6
CONTINUOUS
10
1.3424001574803148
20
0.8328806692913385
11
1.341433464566929
21
0.8299806299212599
0
LINE
8
BLACK
6
CONTINUOUS
10
1.341433464566929
20
0.8299806299212599
11
1.3391462992125984
21
0.8279524409448819
0
LINE
8
BLACK
6
CONTINUOUS
10
1.3391462992125984
20
0.8279524409448819
11
1.3361514173228346
21
0.8273395669291338
0
LINE
8
BLACK
6
CONTINUOUS
10
1.3361514173228346
20
0.8273395669291338
11
1.3332513779527559
21
0.8283062598425197
0
LINE
8
BLACK
6
CONTINUOUS
10
1.3332513779527559
20
0.8283062598425197
11
1.3312231889763779
21
0.8305934251968504
0
LINE
8
BLACK
6
CONTINUOUS
10
1.3312231889763779
20
0.8305934251968504
11
1.329214527559055
21
0.8346106692913385
0
LINE
8
BLACK
6
CONTINUOUS
10
1.329214527559055
20
0.8346106692913385
11
1.325431338582677
21
0.8383938582677165
0
LINE
8
BLACK
6
CONTINUOUS
10
1.325431338582677
20
0.8383938582677165
11
1.3186062598425197
21
0.842943937007874
0
LINE
8
BLACK
6
CONTINUOUS
10
1.3186062598425197
20
0.842943937007874
11
1.3177184645669291
21
0.8439540944881889
0
LINE
8
BLACK
6
CONTINUOUS
10
1.3177184645669291
20
0.8439540944881889
11
1.316767716535433
21
0.8449048818897638
0
LINE
8
BLACK
6
CONTINUOUS
10
1.316767716535433
20
0.8449048818897638
11
1.3167171653543306
21
0.8450934645669291
0
LINE
8
BLACK
6
CONTINUOUS
10
1.3167171653543306
20
0.8450934645669291
11
1.3165883070866142
21
0.8452401181102362
0
LINE
8
BLACK
6
CONTINUOUS
10
1.3165883070866142
20
0.8452401181102362
11
1.3163245669291339
21
0.8465586614173228
0
LINE
8
BLACK
6
CONTINUOUS
10
1.3163245669291339
20
0.8465586614173228
11
1.3159765354330708
21
0.8478576377952756
0
LINE
8
BLACK
6
CONTINUOUS
10
1.3159765354330708
20
0.8478576377952756
11
1.3160270472440945
21
0.8480462204724409
0
LINE
8
BLACK
6
CONTINUOUS
10
1.3160270472440945
20
0.8480462204724409
11
1.3159887795275591
21
0.8482376771653544
0
LINE
8
BLACK
6
CONTINUOUS
10
1.3159887795275591
20
0.8482376771653544
11
1.3164196456692914
21
0.8495114173228346
0
LINE
8
BLACK
6
CONTINUOUS
10
1.3164196456692914
20
0.8495114173228346
11
1.316767716535433
21
0.8508103937007874
0
LINE
8
BLACK
6
CONTINUOUS
10
1.316767716535433
20
0.8508103937007874
11
1.3169057480314961
21
0.8509484251968503
0
LINE
8
BLACK
6
CONTINUOUS
10
1.3169057480314961
20
0.8509484251968503
11
1.3169683464566928
21
0.8511334251968504
0
LINE
8
BLACK
6
CONTINUOUS
10
1.3169683464566928
20
0.8511334251968504
11
1.3179785039370078
21
0.8520211811023621
0
LINE
8
BLACK
6
CONTINUOUS
10
1.3179785039370078
20
0.8520211811023621
11
1.3189292913385826
21
0.852971968503937
0
LINE
8
BLACK
6
CONTINUOUS
10
1.3189292913385826
20
0.852971968503937
11
1.3191178740157481
21
0.8530224803149606
0
LINE
8
BLACK
6
CONTINUOUS
10
1.3191178740157481
20
0.8530224803149606
11
1.3192645275590551
21
0.8531513779527559
0
LINE
8
BLACK
6
CONTINUOUS
10
1.3192645275590551
20
0.8531513779527559
11
1.3205830708661417
21
0.8534150787401574
0
LINE
8
BLACK
6
CONTINUOUS
10
1.3205830708661417
20
0.8534150787401574
11
1.3218820472440944
21
0.8537631496062992
0
LINE
8
BLACK
6
CONTINUOUS
10
1.3218820472440944
20
0.8537631496062992
11
1.3671576377952757
21
0.8537631496062992
0
LINE
8
BLACK
6
CONTINUOUS
10
1.3671576377952757
20
0.8537631496062992
11
1.3671576377952757
21
0.8624808267716535
0
LINE
8
BLACK
6
CONTINUOUS
10
1.3671576377952757
20
0.8624808267716535
11
1.3679488188976379
21
0.8654335826771653
0
LINE
8
BLACK
6
CONTINUOUS
10
1.3679488188976379
20
0.8654335826771653
11
1.3701103937007875
21
0.8675951574803149
0
LINE
8
BLACK
6
CONTINUOUS
10
1.3701103937007875
20
0.8675951574803149
11
1.3730631496062993
21
0.8683863385826771
0
LINE
8
BLACK
6
CONTINUOUS
10
1.3730631496062993
20
0.8683863385826771
11
1.3760159055118111
21
0.8675951574803149
0
LINE
8
BLACK
6
CONTINUOUS
10
1.4646254330708661
20
0.868035
11
1.4659553937007874
21
0.867762874015748
0
LINE
8
BLACK
6
CONTINUOUS
10
1.4659553937007874
20
0.867762874015748
11
1.4708298031496063
21
0.8653256692913386
0
LINE
8
BLACK
6
CONTINUOUS
10
1.4708298031496063
20
0.8653256692913386
11
1.4715411811023622
21
0.8646948031496062
0
LINE
8
BLACK
6
CONTINUOUS
10
1.4715411811023622
20
0.8646948031496062
11
1.4723646062992126
21
0.8642194488188977
0
LINE
8
BLACK
6
CONTINUOUS
10
1.4723646062992126
20
0.8642194488188977
11
1.4748018110236221
21
0.8617822440944881
0
LINE
8
BLACK
6
CONTINUOUS
10
1.4748018110236221
20
0.8617822440944881
11
1.4752771653543306
21
0.8609588188976378
0
LINE
8
BLACK
6
CONTINUOUS
10
1.4752771653543306
20
0.8609588188976378
11
1.4759080314960629
21
0.8602474409448819
0
LINE
8
BLACK
6
CONTINUOUS
10
1.4759080314960629
20
0.8602474409448819
11
1.4783451968503936
21
0.8553730708661417
0
LINE
8
BLACK
6
CONTINUOUS
10
1.4783451968503936
20
0.8553730708661417
11
1.4786172440944882
21
0.8540433858267716
0
LINE
8
BLACK
6
CONTINUOUS
10
1.4786172440944882
20
0.8540433858267716
11
1.4789686614173227
21
0.8527320472440945
0
LINE
8
BLACK
6
CONTINUOUS
10
1.4789686614173227
20
0.8527320472440945
11
1.4789686614173227
21
0.8429832677165354
0
LINE
8
BLACK
6
CONTINUOUS
10
1.4789686614173227
20
0.8429832677165354
11
1.4786172440944882
21
0.8416717322834646
0
LINE
8
BLACK
6
CONTINUOUS
10
1.4786172440944882
20
0.8416717322834646
11
1.4783451968503936
21
0.840342283464567
0
LINE
8
BLACK
6
CONTINUOUS
10
1.4783451968503936
20
0.840342283464567
11
1.4759080708661416
21
0.835467874015748
0
LINE
8
BLACK
6
CONTINUOUS
10
1.4759080708661416
20
0.835467874015748
11
1.4752772047244094
21
0.8347564566929133
0
LINE
8
BLACK
6
CONTINUOUS
10
1.4752772047244094
20
0.8347564566929133
11
1.4748018110236221
21
0.833933031496063
0
LINE
8
BLACK
6
CONTINUOUS
10
1.4748018110236221
20
0.833933031496063
11
1.4723646062992126
21
0.8314958267716536
0
LINE
8
BLACK
6
CONTINUOUS
10
1.4723646062992126
20
0.8314958267716536
11
1.4715411811023622
21
0.8310204330708661
0
LINE
8
BLACK
6
CONTINUOUS
10
1.4715411811023622
20
0.8310204330708661
11
1.4708297637795276
21
0.8303895669291338
0
LINE
8
BLACK
6
CONTINUOUS
10
1.4708297637795276
20
0.8303895669291338
11
1.4659553543307087
21
0.8279524015748031
0
LINE
8
BLACK
6
CONTINUOUS
10
1.4659553543307087
20
0.8279524015748031
11
1.4646252362204724
21
0.8276801968503937
0
LINE
8
BLACK
6
CONTINUOUS
10
1.4646252362204724
20
0.8276801968503937
11
1.4633143700787401
21
0.8273289763779528
0
LINE
8
BLACK
6
CONTINUOUS
10
1.4633143700787401
20
0.8273289763779528
11
1.443816811023622
21
0.8273289763779528
0
LINE
8
BLACK
6
CONTINUOUS
10
1.443816811023622
20
0.8273289763779528
11
1.4431130708661417
21
0.8275175196850394
0
LINE
8
BLACK
6
CONTINUOUS
10
1.4431130708661417
20
0.8275175196850394
11
1.442384527559055
21
0.8275052755905512
0
LINE
8
BLACK
6
CONTINUOUS
10
1.442384527559055
20
0.8275052755905512
11
1.432635748031496
21
0.8299424803149607
0
LINE
8
BLACK
6
CONTINUOUS
10
1.432635748031496
20
0.8299424803149607
11
1.4317508267716534
21
0.8304336614173228
0
LINE
8
BLACK
6
CONTINUOUS
10
1.4317508267716534
20
0.8304336614173228
11
1.4307922440944882
21
0.8307579921259842
0
LINE
8
BLACK
6
CONTINUOUS
10
1.4307922440944882
20
0.8307579921259842
11
1.4234806692913387
21
0.8356324015748031
0
LINE
8
BLACK
6
CONTINUOUS
10
1.4234806692913387
20
0.8356324015748031
11
1.4230913779527559
21
0.8360753149606299
0
LINE
8
BLACK
6
CONTINUOUS
10
1.4230913779527559
20
0.8360753149606299
11
1.4225806299212598
21
0.8363702362204725
0
LINE
8
BLACK
6
CONTINUOUS
10
1.4225806299212598
20
0.8363702362204725
11
1.4201434251968503
21
0.8388074409448819
0
LINE
8
BLACK
6
CONTINUOUS
10
1.4201434251968503
20
0.8388074409448819
11
1.419668031496063
21
0.8396307874015748
0
LINE
8
BLACK
6
CONTINUOUS
10
1.419668031496063
20
0.8396307874015748
11
1.4190372047244093
21
0.8403422047244095
0
LINE
8
BLACK
6
CONTINUOUS
10
1.4190372047244093
20
0.8403422047244095
11
1.4165999999999999
21
0.8452166141732284
0
LINE
8
BLACK
6
CONTINUOUS
10
1.4165999999999999
20
0.8452166141732284
11
1.4163278346456694
21
0.8465465354330709
0
LINE
8
BLACK
6
CONTINUOUS
10
1.4163278346456694
20
0.8465465354330709
11
1.4159765354330709
21
0.8478576377952756
0
LINE
8
BLACK
6
CONTINUOUS
10
1.4159765354330709
20
0.8478576377952756
11
1.4159765354330709
21
0.8576064173228346
0
LINE
8
BLACK
6
CONTINUOUS
10
1.4159765354330709
20
0.8576064173228346
11
1.4167677165354331
21
0.8605591732283464
0
LINE
8
BLACK
6
CONTINUOUS
10
1.4167677165354331
20
0.8605591732283464
11
1.4189292913385827
21
0.862720748031496
0
LINE
8
BLACK
6
CONTINUOUS
10
1.4189292913385827
20
0.862720748031496
11
1.4218820472440945
21
0.8635119291338582
0
LINE
8
BLACK
6
CONTINUOUS
10
1.4218820472440945
20
0.8635119291338582
11
1.4248348031496063
21
0.862720748031496
0
LINE
8
BLACK
6
CONTINUOUS
10
1.4248348031496063
20
0.862720748031496
11
1.4269963779527559
21
0.8605591732283464
0
LINE
8
BLACK
6
CONTINUOUS
10
1.4269963779527559
20
0.8605591732283464
11
1.4277875590551181
21
0.8576064173228346
0
LINE
8
BLACK
6
CONTINUOUS
10
1.4277875590551181
20
0.8576064173228346
11
1.4277875590551181
21
0.8492517322834645
0
LINE
8
BLACK
6
CONTINUOUS
10
1.4277875590551181
20
0.8492517322834645
11
1.4291726771653543
21
0.8464814566929134
0
LINE
8
BLACK
6
CONTINUOUS
10
1.4291726771653543
20
0.8464814566929134
11
1.4305188582677164
21
0.8451352755905511
0
LINE
8
BLACK
6
CONTINUOUS
10
1.4305188582677164
20
0.8451352755905511
11
1.4358430314960628
21
0.8415857874015747
0
LINE
8
BLACK
6
CONTINUOUS
10
1.4358430314960628
20
0.8415857874015747
11
1.4358253937007874
21
0.8416721653543306
0
LINE
8
BLACK
6
CONTINUOUS
10
1.4358253937007874
20
0.8416721653543306
11
1.435474094488189
21
0.8429832677165354
0
LINE
8
BLACK
6
CONTINUOUS
10
1.435474094488189
20
0.8429832677165354
11
1.435474094488189
21
0.8527320472440945
0
LINE
8
BLACK
6
CONTINUOUS
10
1.435474094488189
20
0.8527320472440945
11
1.4358253937007874
21
0.8540431102362205
0
LINE
8
BLACK
6
CONTINUOUS
10
1.4358253937007874
20
0.8540431102362205
11
1.4360975590551182
21
0.8553730708661417
0
LINE
8
BLACK
6
CONTINUOUS
10
1.4360975590551182
20
0.8553730708661417
11
1.4385347637795276
21
0.8602474803149606
0
LINE
8
BLACK
6
CONTINUOUS
10
1.4385347637795276
20
0.8602474803149606
11
1.4391655905511811
21
0.8609588582677166
0
LINE
8
BLACK
6
CONTINUOUS
10
1.4391655905511811
20
0.8609588582677166
11
1.4396409842519684
21
0.8617822440944881
0
LINE
8
BLACK
6
CONTINUOUS
10
1.4396409842519684
20
0.8617822440944881
11
1.4420781889763779
21
0.8642194488188977
0
LINE
8
BLACK
6
CONTINUOUS
10
1.4420781889763779
20
0.8642194488188977
11
1.4429016141732283
21
0.864694842519685
0
LINE
8
BLACK
6
CONTINUOUS
10
1.4429016141732283
20
0.864694842519685
11
1.4436129921259842
21
0.8653256692913386
0
LINE
8
BLACK
6
CONTINUOUS
10
1.4436129921259842
20
0.8653256692913386
11
1.4484873622047243
21
0.867762874015748
0
LINE
8
BLACK
6
CONTINUOUS
10
1.4484873622047243
20
0.867762874015748
11
1.4498172834645668
21
0.868035
0
LINE
8
BLACK
6
CONTINUOUS
10
1.4498172834645668
20
0.868035
11
1.4511283858267716
21
0.8683863385826771
0
LINE
8
BLACK
6
CONTINUOUS
10
1.4511283858267716
20
0.8683863385826771
11
1.4633143700787401
21
0.8683863385826771
0
LINE
8
BLACK
6
CONTINUOUS
10
1.4633143700787401
20
0.8683863385826771
11
1.4646254330708661
21
0.868035
0
LINE
8
BLACK
6
CONTINUOUS
10
1.4497522047244094
20
0.8551901574803149
11
1.4486702362204724
21
0.854108188976378
0
LINE
8
BLACK
6
CONTINUOUS
10
1.4486702362204724
20
0.854108188976378
11
1.4472851181102362
21
0.8513379133858268
0
LINE
8
BLACK
6
CONTINUOUS
10
1.4472851181102362
20
0.8513379133858268
11
1.4472851181102362
21
0.8443773622047244
0
LINE
8
BLACK
6
CONTINUOUS
10
1.4472851181102362
20
0.8443773622047244
11
1.4486702755905512
21
0.8416070472440945
0
LINE
8
BLACK
6
CONTINUOUS
10
1.4486702755905512
20
0.8416070472440945
11
1.4497522047244094
21
0.8405251181102362
0
LINE
8
BLACK
6
CONTINUOUS
10
1.4497522047244094
20
0.8405251181102362
11
1.4525224409448818
21
0.83914
0
LINE
8
BLACK
6
CONTINUOUS
10
1.4525224409448818
20
0.83914
11
1.4619202755905512
21
0.83914
0
LINE
8
BLACK
6
CONTINUOUS
10
1.4619202755905512
20
0.83914
11
1.4646905511811024
21
0.8405250787401575
0
LINE
8
BLACK
6
CONTINUOUS
10
1.4646905511811024
20
0.8405250787401575
11
1.4657724409448818
21
0.841606968503937
0
LINE
8
BLACK
6
CONTINUOUS
10
1.4657724409448818
20
0.841606968503937
11
1.4671576377952755
21
0.8443773622047244
0
LINE
8
BLACK
6
CONTINUOUS
10
1.4671576377952755
20
0.8443773622047244
11
1.4671576377952755
21
0.8513379921259843
0
LINE
8
BLACK
6
CONTINUOUS
10
1.4671576377952755
20
0.8513379921259843
11
1.4657725196850393
21
0.8541082283464567
0
LINE
8
BLACK
6
CONTINUOUS
10
1.4657725196850393
20
0.8541082283464567
11
1.4646905905511811
21
0.8551901574803149
0
LINE
8
BLACK
6
CONTINUOUS
10
1.4646905905511811
20
0.8551901574803149
11
1.4619202755905512
21
0.8565753149606299
0
LINE
8
BLACK
6
CONTINUOUS
10
1.4619202755905512
20
0.8565753149606299
11
1.4525225196850393
21
0.8565753149606299
0
LINE
8
BLACK
6
CONTINUOUS
10
1.4525225196850393
20
0.8565753149606299
11
1.4497522047244094
21
0.8551901574803149
0
LINE
8
BLACK
6
CONTINUOUS
10
0.6769812992125984
20
0.8717737401574803
11
0.6786656299212598
21
0.8692226771653543
0
LINE
8
BLACK
6
CONTINUOUS
10
0.6786656299212598
20
0.8692226771653543
11
0.6788487795275591
21
0.8661712598425196
0
LINE
8
BLACK
6
CONTINUOUS
10
0.6788487795275591
20
0.8661712598425196
11
0.6774816929133858
21
0.8634370866141732
0
LINE
8
BLACK
6
CONTINUOUS
10
0.6774816929133858
20
0.8634370866141732
11
0.6749306692913386
21
0.8617527559055118
0
LINE
8
BLACK
6
CONTINUOUS
10
0.6749306692913386
20
0.8617527559055118
11
0.6643455118110236
21
0.8582243307086614
0
LINE
8
BLACK
6
CONTINUOUS
10
0.6643455118110236
20
0.8582243307086614
11
0.6643455118110236
21
0.8423652755905512
0
LINE
8
BLACK
6
CONTINUOUS
10
0.6643455118110236
20
0.8423652755905512
11
0.6749306299212599
21
0.8388369291338582
0
LINE
8
BLACK
6
CONTINUOUS
10
0.6749306299212599
20
0.8388369291338582
11
0.677481653543307
21
0.8371525984251968
0
LINE
8
BLACK
6
CONTINUOUS
10
0.677481653543307
20
0.8371525984251968
11
0.6788487795275591
21
0.8344183858267716
0
LINE
8
BLACK
6
CONTINUOUS
10
0.6788487795275591
20
0.8344183858267716
11
0.6786655905511811
21
0.831366968503937
0
LINE
8
BLACK
6
CONTINUOUS
10
0.6786655905511811
20
0.831366968503937
11
0.6769812598425197
21
0.8288159448818897
0
LINE
8
BLACK
6
CONTINUOUS
10
0.6769812598425197
20
0.8288159448818897
11
0.6742470866141732
21
0.8274488188976378
0
LINE
8
BLACK
6
CONTINUOUS
10
0.6742470866141732
20
0.8274488188976378
11
0.6711956692913386
21
0.8276320078740157
0
LINE
8
BLACK
6
CONTINUOUS
10
0.6711956692913386
20
0.8276320078740157
11
0.6200145669291338
21
0.8446923228346457
0
LINE
8
BLACK
6
CONTINUOUS
10
0.6200145669291338
20
0.8446923228346457
11
0.619024842519685
21
0.8453457874015747
0
LINE
8
BLACK
6
CONTINUOUS
10
0.619024842519685
20
0.8453457874015747
11
0.6179638976377952
21
0.8458762598425197
0
LINE
8
BLACK
6
CONTINUOUS
10
0.6179638976377952
20
0.8458762598425197
11
0.6177648818897638
21
0.8461776771653543
0
LINE
8
BLACK
6
CONTINUOUS
10
0.6177648818897638
20
0.8461776771653543
11
0.6174635433070866
21
0.846376653543307
0
LINE
8
BLACK
6
CONTINUOUS
10
0.6174635433070866
20
0.846376653543307
11
0.6169330708661417
21
0.8474375196850393
0
LINE
8
BLACK
6
CONTINUOUS
10
0.6169330708661417
20
0.8474375196850393
11
0.6162796062992126
21
0.8484273228346456
0
LINE
8
BLACK
6
CONTINUOUS
10
0.6162796062992126
20
0.8484273228346456
11
0.6162579527559054
21
0.8487877559055118
0
LINE
8
BLACK
6
CONTINUOUS
10
0.6162579527559054
20
0.8487877559055118
11
0.6160964173228346
21
0.8491108661417323
0
LINE
8
BLACK
6
CONTINUOUS
10
0.6160964173228346
20
0.8491108661417323
11
0.6161674803149606
21
0.8502949212598425
0
LINE
8
BLACK
6
CONTINUOUS
10
0.6161674803149606
20
0.8502949212598425
11
0.6160964173228346
21
0.8514787401574803
0
LINE
8
BLACK
6
CONTINUOUS
10
0.6160964173228346
20
0.8514787401574803
11
0.6162579133858268
21
0.8518017322834646
0
LINE
8
BLACK
6
CONTINUOUS
10
0.6162579133858268
20
0.8518017322834646
11
0.6162795669291339
21
0.8521622834645669
0
LINE
8
BLACK
6
CONTINUOUS
10
0.6162795669291339
20
0.8521622834645669
11
0.6169330314960629
21
0.853151968503937
0
LINE
8
BLACK
6
CONTINUOUS
10
0.6169330314960629
20
0.853151968503937
11
0.6174635039370079
21
0.8542129527559055
0
LINE
8
BLACK
6
CONTINUOUS
10
0.6174635039370079
20
0.8542129527559055
11
0.6177649212598425
21
0.8544119291338582
0
LINE
8
BLACK
6
CONTINUOUS
10
0.6177649212598425
20
0.8544119291338582
11
0.6179638976377952
21
0.8547133070866142
0
LINE
8
BLACK
6
CONTINUOUS
10
0.6179638976377952
20
0.8547133070866142
11
0.6190247637795275
21
0.8552437401574803
0
LINE
8
BLACK
6
CONTINUOUS
10
0.6190247637795275
20
0.8552437401574803
11
0.6200145669291338
21
0.8558972440944882
0
LINE
8
BLACK
6
CONTINUOUS
10
0.6200145669291338
20
0.8558972440944882
11
0.6711956692913386
21
0.8729576771653543
0
LINE
8
BLACK
6
CONTINUOUS
10
0.6711956692913386
20
0.8729576771653543
11
0.6742470866141732
21
0.8731408267716535
0
LINE
8
BLACK
6
CONTINUOUS
10
0.6742470866141732
20
0.8731408267716535
11
0.6769812992125984
21
0.8717737401574803
0
LINE
8
BLACK
6
CONTINUOUS
10
0.6405568897637796
20
0.8502948031496063
11
0.6525344881889764
21
0.8463022834645669
0
LINE
8
BLACK
6
CONTINUOUS
10
0.6525344881889764
20
0.8463022834645669
11
0.6525344881889764
21
0.8542873228346457
0
LINE
8
BLACK
6
CONTINUOUS
10
0.6525344881889764
20
0.8542873228346457
11
0.6405568897637796
21
0.8502948031496063
0
LINE
8
BLACK
6
CONTINUOUS
10
0.7769812992125984
20
0.8717737401574803
11
0.7786656299212599
21
0.8692226771653543
0
LINE
8
BLACK
6
CONTINUOUS
10
0.7786656299212599
20
0.8692226771653543
11
0.778848779527559
21
0.8661712598425196
0
LINE
8
BLACK
6
CONTINUOUS
10
0.778848779527559
20
0.8661712598425196
11
0.7774816929133858
21
0.8634370866141732
0
LINE
8
BLACK
6
CONTINUOUS
10
0.7774816929133858
20
0.8634370866141732
11
0.7749306692913386
21
0.8617527559055118
0
LINE
8
BLACK
6
CONTINUOUS
10
0.7749306692913386
20
0.8617527559055118
11
0.7643455118110236
21
0.8582243307086614
0
LINE
8
BLACK
6
CONTINUOUS
10
0.7643455118110236
20
0.8582243307086614
11
0.7643455118110236
21
0.8423652755905512
0
LINE
8
BLACK
6
CONTINUOUS
10
0.7643455118110236
20
0.8423652755905512
11
0.7749306299212598
21
0.8388369291338582
0
LINE
8
BLACK
6
CONTINUOUS
10
0.7749306299212598
20
0.8388369291338582
11
0.7774816535433071
21
0.8371525984251968
0
LINE
8
BLACK
6
CONTINUOUS
10
0.7774816535433071
20
0.8371525984251968
11
0.778848779527559
21
0.8344183858267716
0
LINE
8
BLACK
6
CONTINUOUS
10
0.778848779527559
20
0.8344183858267716
11
0.7786655905511811
21
0.831366968503937
0
LINE
8
BLACK
6
CONTINUOUS
10
0.7786655905511811
20
0.831366968503937
11
0.7769812598425196
21
0.8288159448818897
0
LINE
8
BLACK
6
CONTINUOUS
10
0.7769812598425196
20
0.8288159448818897
11
0.7742470866141732
21
0.8274488188976378
0
LINE
8
BLACK
6
CONTINUOUS
10
0.7742470866141732
20
0.8274488188976378
11
0.7711956692913385
21
0.8276320078740157
0
LINE
8
BLACK
6
CONTINUOUS
10
0.7711956692913385
20
0.8276320078740157
11
0.7200145669291338
21
0.8446923228346457
0
LINE
8
BLACK
6
CONTINUOUS
10
0.7200145669291338
20
0.8446923228346457
11
0.719024842519685
21
0.8453457874015747
0
LINE
8
BLACK
6
CONTINUOUS
10
0.719024842519685
20
0.8453457874015747
11
0.7179638976377952
21
0.8458762598425197
0
LINE
8
BLACK
6
CONTINUOUS
10
0.7179638976377952
20
0.8458762598425197
11
0.7177648818897637
21
0.8461776771653543
0
LINE
8
BLACK
6
CONTINUOUS
10
0.7177648818897637
20
0.8461776771653543
11
0.7174635433070866
21
0.846376653543307
0
LINE
8
BLACK
6
CONTINUOUS
10
0.7174635433070866
20
0.846376653543307
11
0.7169330708661417
21
0.8474375196850393
0
LINE
8
BLACK
6
CONTINUOUS
10
0.7169330708661417
20
0.8474375196850393
11
0.7162796062992126
21
0.8484273228346456
0
LINE
8
BLACK
6
CONTINUOUS
10
0.7162796062992126
20
0.8484273228346456
11
0.7162579527559055
21
0.8487877559055118
0
LINE
8
BLACK
6
CONTINUOUS
10
0.7162579527559055
20
0.8487877559055118
11
0.7160964173228346
21
0.8491108661417323
0
LINE
8
BLACK
6
CONTINUOUS
10
0.7160964173228346
20
0.8491108661417323
11
0.7161674803149606
21
0.8502949212598425
0
LINE
8
BLACK
6
CONTINUOUS
10
0.7161674803149606
20
0.8502949212598425
11
0.7160964173228346
21
0.8514787401574803
0
LINE
8
BLACK
6
CONTINUOUS
10
0.7160964173228346
20
0.8514787401574803
11
0.7162579133858268
21
0.8518017322834646
0
LINE
8
BLACK
6
CONTINUOUS
10
0.7162579133858268
20
0.8518017322834646
11
0.7162795669291339
21
0.8521622834645669
0
LINE
8
BLACK
6
CONTINUOUS
10
0.7162795669291339
20
0.8521622834645669
11
0.716933031496063
21
0.853151968503937
0
LINE
8
BLACK
6
CONTINUOUS
10
0.716933031496063
20
0.853151968503937
11
0.7174635039370079
21
0.8542129527559055
0
LINE
8
BLACK
6
CONTINUOUS
10
0.7174635039370079
20
0.8542129527559055
11
0.7177649212598425
21
0.8544119291338582
0
LINE
8
BLACK
6
CONTINUOUS
10
0.7177649212598425
20
0.8544119291338582
11
0.7179638976377952
21
0.8547133070866142
0
LINE
8
BLACK
6
CONTINUOUS
10
0.7179638976377952
20
0.8547133070866142
11
0.7190247637795275
21
0.8552437401574803
0
LINE
8
BLACK
6
CONTINUOUS
10
0.7190247637795275
20
0.8552437401574803
11
0.7200145669291338
21
0.8558972440944882
0
LINE
8
BLACK
6
CONTINUOUS
10
0.7200145669291338
20
0.8558972440944882
11
0.7711956692913385
21
0.8729576771653543
0
LINE
8
BLACK
6
CONTINUOUS
10
0.7711956692913385
20
0.8729576771653543
11
0.7742470866141732
21
0.8731408267716535
0
LINE
8
BLACK
6
CONTINUOUS
10
0.7742470866141732
20
0.8731408267716535
11
0.7769812992125984
21
0.8717737401574803
0
LINE
8
BLACK
6
CONTINUOUS
10
0.7405568897637795
20
0.8502948031496063
11
0.7525344881889764
21
0.8463022834645669
0
LINE
8
BLACK
6
CONTINUOUS
10
0.7525344881889764
20
0.8463022834645669
11
0.7525344881889764
21
0.8542873228346457
0
LINE
8
BLACK
6
CONTINUOUS
10
0.7525344881889764
20
0.8542873228346457
11
0.7405568897637795
21
0.8502948031496063
0
LINE
8
BLACK
6
CONTINUOUS
10
0.876015905511811
20
0.872469527559055
11
0.8781774803149606
21
0.8703079527559054
0
LINE
8
BLACK
6
CONTINUOUS
10
0.8781774803149606
20
0.8703079527559054
11
0.8789686614173228
21
0.8673551968503936
0
LINE
8
BLACK
6
CONTINUOUS
10
0.8789686614173228
20
0.8673551968503936
11
0.8789686614173228
21
0.8429832283464567
0
LINE
8
BLACK
6
CONTINUOUS
10
0.8789686614173228
20
0.8429832283464567
11
0.8781774803149606
21
0.8400304724409449
0
LINE
8
BLACK
6
CONTINUOUS
10
0.8781774803149606
20
0.8400304724409449
11
0.876015905511811
21
0.8378688976377953
0
LINE
8
BLACK
6
CONTINUOUS
10
0.876015905511811
20
0.8378688976377953
11
0.8730631496062992
21
0.8370777165354331
0
LINE
8
BLACK
6
CONTINUOUS
10
0.8730631496062992
20
0.8370777165354331
11
0.8218820472440944
21
0.8370777165354331
0
LINE
8
BLACK
6
CONTINUOUS
10
0.8218820472440944
20
0.8370777165354331
11
0.8189292913385826
21
0.8378688976377953
0
LINE
8
BLACK
6
CONTINUOUS
10
0.8189292913385826
20
0.8378688976377953
11
0.816767716535433
21
0.8400304724409449
0
LINE
8
BLACK
6
CONTINUOUS
10
0.816767716535433
20
0.8400304724409449
11
0.8159765354330708
21
0.8429832283464567
0
LINE
8
BLACK
6
CONTINUOUS
10
0.8159765354330708
20
0.8429832283464567
11
0.816767716535433
21
0.8459359842519685
0
LINE
8
BLACK
6
CONTINUOUS
10
0.816767716535433
20
0.8459359842519685
11
0.8189292913385826
21
0.8480975590551181
0
LINE
8
BLACK
6
CONTINUOUS
10
0.8189292913385826
20
0.8480975590551181
11
0.8218820472440944
21
0.8488887401574803
0
LINE
8
BLACK
6
CONTINUOUS
10
0.8218820472440944
20
0.8488887401574803
11
0.8671576377952755
21
0.8488887401574803
0
LINE
8
BLACK
6
CONTINUOUS
10
0.8671576377952755
20
0.8488887401574803
11
0.8671576377952755
21
0.8673551968503936
0
LINE
8
BLACK
6
CONTINUOUS
10
0.8671576377952755
20
0.8673551968503936
11
0.8679488188976378
21
0.8703079527559054
0
LINE
8
BLACK
6
CONTINUOUS
10
0.8679488188976378
20
0.8703079527559054
11
0.8701103937007874
21
0.872469527559055
0
LINE
8
BLACK
6
CONTINUOUS
10
0.8701103937007874
20
0.872469527559055
11
0.8730631496062992
21
0.8732607086614173
0
LINE
8
BLACK
6
CONTINUOUS
10
0.8730631496062992
20
0.8732607086614173
11
0.876015905511811
21
0.872469527559055
0
LINE
8
BLACK
6
CONTINUOUS
10
1.1829814173228346
20
0.9058169291338583
11
1.1839305118110235
21
0.9057599606299213
0
LINE
8
BLACK
6
CONTINUOUS
10
1.1839305118110235
20
0.9057599606299213
11
1.1923668897637796
21
0.9029477952755905
0
LINE
8
BLACK
6
CONTINUOUS
10
1.1923668897637796
20
0.9029477952755905
11
1.1934992913385827
21
0.9022000787401575
0
LINE
8
BLACK
6
CONTINUOUS
10
1.1934992913385827
20
0.9022000787401575
11
1.1946752362204724
21
0.9015211811023622
0
LINE
8
BLACK
6
CONTINUOUS
10
1.1946752362204724
20
0.9015211811023622
11
1.21833968503937
21
0.8778567322834645
0
LINE
8
BLACK
6
CONTINUOUS
10
1.21833968503937
20
0.8778567322834645
11
1.21833968503937
21
0.9001575196850393
0
LINE
8
BLACK
6
CONTINUOUS
10
1.21833968503937
20
0.9001575196850393
11
1.2191308661417322
21
0.9031102755905511
0
LINE
8
BLACK
6
CONTINUOUS
10
1.2191308661417322
20
0.9031102755905511
11
1.2212924409448818
21
0.9052718503937007
0
LINE
8
BLACK
6
CONTINUOUS
10
1.2212924409448818
20
0.9052718503937007
11
1.2242451968503936
21
0.9060630314960629
0
LINE
8
BLACK
6
CONTINUOUS
10
1.2242451968503936
20
0.9060630314960629
11
1.2271979527559054
21
0.9052718503937007
0
LINE
8
BLACK
6
CONTINUOUS
10
1.2271979527559054
20
0.9052718503937007
11
1.2293595275590552
21
0.9031102755905511
0
LINE
8
BLACK
6
CONTINUOUS
10
1.2293595275590552
20
0.9031102755905511
11
1.2301507086614174
21
0.9001575196850393
0
LINE
8
BLACK
6
CONTINUOUS
10
1.2301507086614174
20
0.9001575196850393
11
1.2301507086614174
21
0.8635995669291339
0
LINE
8
BLACK
6
CONTINUOUS
10
1.2301507086614174
20
0.8635995669291339
11
1.2299494881889763
21
0.8628485826771654
0
LINE
8
BLACK
6
CONTINUOUS
10
1.2299494881889763
20
0.8628485826771654
11
1.2299494881889763
21
0.8620711023622047
0
LINE
8
BLACK
6
CONTINUOUS
10
1.2299494881889763
20
0.8620711023622047
11
1.2295607480314961
21
0.8613977559055118
0
LINE
8
BLACK
6
CONTINUOUS
10
1.2295607480314961
20
0.8613977559055118
11
1.2293595275590552
21
0.8606468110236221
0
LINE
8
BLACK
6
CONTINUOUS
10
1.2293595275590552
20
0.8606468110236221
11
1.2288097244094487
21
0.8600970078740158
0
LINE
8
BLACK
6
CONTINUOUS
10
1.2288097244094487
20
0.8600970078740158
11
1.2284210236220472
21
0.8594237401574802
0
LINE
8
BLACK
6
CONTINUOUS
10
1.2284210236220472
20
0.8594237401574802
11
1.2277477165354331
21
0.859035
0
LINE
8
BLACK
6
CONTINUOUS
10
1.2277477165354331
20
0.859035
11
1.2271979527559054
21
0.8584852362204725
0
LINE
8
BLACK
6
CONTINUOUS
10
1.2271979527559054
20
0.8584852362204725
11
1.226446968503937
21
0.8582839763779527
0
LINE
8
BLACK
6
CONTINUOUS
10
1.226446968503937
20
0.8582839763779527
11
1.2257736614173229
21
0.8578952755905511
0
LINE
8
BLACK
6
CONTINUOUS
10
1.2257736614173229
20
0.8578952755905511
11
1.2249961811023622
21
0.8578952755905511
0
LINE
8
BLACK
6
CONTINUOUS
10
1.2249961811023622
20
0.8578952755905511
11
1.2242451968503936
21
0.8576940551181103
0
LINE
8
BLACK
6
CONTINUOUS
10
1.2242451968503936
20
0.8576940551181103
11
1.2234942125984252
21
0.8578952755905511
0
LINE
8
BLACK
6
CONTINUOUS
10
1.2234942125984252
20
0.8578952755905511
11
1.2227167322834644
21
0.8578952755905511
0
LINE
8
BLACK
6
CONTINUOUS
10
1.2227167322834644
20
0.8578952755905511
11
1.2220433858267716
21
0.8582839763779527
0
LINE
8
BLACK
6
CONTINUOUS
10
1.2220433858267716
20
0.8582839763779527
11
1.2212924409448818
21
0.8584852362204725
0
LINE
8
BLACK
6
CONTINUOUS
10
1.2212924409448818
20
0.8584852362204725
11
1.2207426377952755
21
0.859035
0
LINE
8
BLACK
6
CONTINUOUS
10
1.2207426377952755
20
0.859035
11
1.2200693700787402
21
0.8594237401574802
0
LINE
8
BLACK
6
CONTINUOUS
10
1.2200693700787402
20
0.8594237401574802
11
1.1873093307086613
21
0.8921837401574803
0
LINE
8
BLACK
6
CONTINUOUS
10
1.1873093307086613
20
0.8921837401574803
11
1.1811046850393701
21
0.8942520078740157
0
LINE
8
BLACK
6
CONTINUOUS
10
1.1811046850393701
20
0.8942520078740157
11
1.1778327559055117
21
0.8942520078740157
0
LINE
8
BLACK
6
CONTINUOUS
10
1.1778327559055117
20
0.8942520078740157
11
1.174312559055118
21
0.8924918897637795
0
LINE
8
BLACK
6
CONTINUOUS
10
1.174312559055118
20
0.8924918897637795
11
1.1728557086614173
21
0.8910350393700788
0
LINE
8
BLACK
6
CONTINUOUS
10
1.1728557086614173
20
0.8910350393700788
11
1.1710955905511811
21
0.8875148031496063
0
LINE
8
BLACK
6
CONTINUOUS
10
1.1710955905511811
20
0.8875148031496063
11
1.1710955905511811
21
0.8762422834645669
0
LINE
8
BLACK
6
CONTINUOUS
10
1.1710955905511811
20
0.8762422834645669
11
1.1728557086614173
21
0.8727220472440945
0
LINE
8
BLACK
6
CONTINUOUS
10
1.1728557086614173
20
0.8727220472440945
11
1.1749901968503937
21
0.8705875590551181
0
LINE
8
BLACK
6
CONTINUOUS
10
1.1749901968503937
20
0.8705875590551181
11
1.1765186614173229
21
0.8679401968503937
0
LINE
8
BLACK
6
CONTINUOUS
10
1.1765186614173229
20
0.8679401968503937
11
1.1765186614173229
21
0.8648832677165355
0
LINE
8
BLACK
6
CONTINUOUS
10
1.1765186614173229
20
0.8648832677165355
11
1.1749901968503937
21
0.862235905511811
0
LINE
8
BLACK
6
CONTINUOUS
10
1.1749901968503937
20
0.862235905511811
11
1.1723428346456692
21
0.8607074409448818
0
LINE
8
BLACK
6
CONTINUOUS
10
1.1723428346456692
20
0.8607074409448818
11
1.169285905511811
21
0.8607074409448818
0
LINE
8
BLACK
6
CONTINUOUS
10
1.169285905511811
20
0.8607074409448818
11
1.1666385433070865
21
0.862235905511811
0
LINE
8
BLACK
6
CONTINUOUS
10
1.1666385433070865
20
0.862235905511811
11
1.1638264173228345
21
0.865048031496063
0
LINE
8
BLACK
6
CONTINUOUS
10
1.1638264173228345
20
0.865048031496063
11
1.1633510236220472
21
0.8658714173228347
0
LINE
8
BLACK
6
CONTINUOUS
10
1.1633510236220472
20
0.8658714173228347
11
1.1627201968503937
21
0.8665828346456693
0
LINE
8
BLACK
6
CONTINUOUS
10
1.1627201968503937
20
0.8665828346456693
11
1.159908031496063
21
0.8722071653543307
0
LINE
8
BLACK
6
CONTINUOUS
10
1.159908031496063
20
0.8722071653543307
11
1.1596358661417323
21
0.8735370866141732
0
LINE
8
BLACK
6
CONTINUOUS
10
1.1596358661417323
20
0.8735370866141732
11
1.1592845669291338
21
0.8748481889763779
0
LINE
8
BLACK
6
CONTINUOUS
10
1.1592845669291338
20
0.8748481889763779
11
1.1592845669291338
21
0.8889088976377952
0
LINE
8
BLACK
6
CONTINUOUS
10
1.1592845669291338
20
0.8889088976377952
11
1.1596358661417323
21
0.8902199606299213
0
LINE
8
BLACK
6
CONTINUOUS
10
1.1596358661417323
20
0.8902199606299213
11
1.159908031496063
21
0.8915499212598424
0
LINE
8
BLACK
6
CONTINUOUS
10
1.159908031496063
20
0.8915499212598424
11
1.1627201968503937
21
0.8971742519685039
0
LINE
8
BLACK
6
CONTINUOUS
10
1.1627201968503937
20
0.8971742519685039
11
1.1633510236220472
21
0.8978856299212599
0
LINE
8
BLACK
6
CONTINUOUS
10
1.1633510236220472
20
0.8978856299212599
11
1.1638264173228345
21
0.8987090551181102
0
LINE
8
BLACK
6
CONTINUOUS
10
1.1638264173228345
20
0.8987090551181102
11
1.1666385433070865
21
0.9015211811023622
0
LINE
8
BLACK
6
CONTINUOUS
10
1.1666385433070865
20
0.9015211811023622
11
1.1674619685039369
21
0.9019965748031495
0
LINE
8
BLACK
6
CONTINUOUS
10
1.1674619685039369
20
0.9019965748031495
11
1.1681733464566928
21
0.9026274015748031
0
LINE
8
BLACK
6
CONTINUOUS
10
1.1681733464566928
20
0.9026274015748031
11
1.1737975984251969
21
0.9054395669291339
0
LINE
8
BLACK
6
CONTINUOUS
10
1.1737975984251969
20
0.9054395669291339
11
1.1751275984251968
21
0.9057117322834646
0
LINE
8
BLACK
6
CONTINUOUS
10
1.1751275984251968
20
0.9057117322834646
11
1.1764386614173228
21
0.9060630314960629
0
LINE
8
BLACK
6
CONTINUOUS
10
1.1764386614173228
20
0.9060630314960629
11
1.1820629921259842
21
0.9060630314960629
0
LINE
8
BLACK
6
CONTINUOUS
10
1.1820629921259842
20
0.9060630314960629
11
1.1829814173228346
21
0.9058169291338583
0
LINE
8
BLACK
6
CONTINUOUS
10
1.3799999999999999
20
0.9199999999999999
11
1.3200000000000001
21
0.9199999999999999
0
LINE
8
BLACK
6
CONTINUOUS
10
1.3200000000000001
20
0.9199999999999999
11
1.3200000000000001
21
0.98
0
LINE
8
BLACK
6
CONTINUOUS
10
1.3200000000000001
20
0.98
11
1.3799999999999999
21
0.98
0
LINE
8
BLACK
6
CONTINUOUS
10
1.3799999999999999
20
0.98
11
1.3799999999999999
21
0.9199999999999999
0
LINE
8
BLACK
6
CONTINUOUS
10
1.48
20
0.9199999999999999
11
1.4199999999999999
21
0.9199999999999999
0
LINE
8
BLACK
6
CONTINUOUS
10
1.4199999999999999
20
0.9199999999999999
11
1.4199999999999999
21
0.98
0
LINE
8
BLACK
6
CONTINUOUS
10
1.4199999999999999
20
0.98
11
1.48
21
0.98
0
LINE
8
BLACK
6
CONTINUOUS
10
1.48
20
0.98
11
1.48
21
0.9199999999999999
0
LINE
8
BLACK
6
CONTINUOUS
10
1.3799999999999999
20
1.02
11
1.3200000000000001
21
1.02
0
LINE
8
BLACK
6
CONTINUOUS
10
1.3200000000000001
20
1.02
11
1.3200000000000001
21
1.0800000000000001
0
LINE
8
BLACK
6
CONTINUOUS
10
1.3200000000000001
20
1.0800000000000001
11
1.3799999999999999
21
1.0800000000000001
0
LINE
8
BLACK
6
CONTINUOUS
10
1.3799999999999999
20
1.0800000000000001
11
1.3799999999999999
21
1.02
0
LINE
8
BLACK
6
CONTINUOUS
10
1.48
20
1.02
11
1.4199999999999999
21
1.02
0
LINE
8
BLACK
6
CONTINUOUS
10
1.4199999999999999
20
1.02
11
1.4199999999999999
21
1.0800000000000001
0
LINE
8
BLACK
6
CONTINUOUS
10
1.4199999999999999
20
1.0800000000000001
11
1.48
21
1.0800000000000001
0
LINE
8
BLACK
6
CONTINUOUS
10
1.48
20
1.0800000000000001
11
1.48
21
1.02
0
LINE
8
BLACK
6
CONTINUOUS
10
1.5003835039370079
20
1.1028851181102362
11
1.5005127559055118
21
1.1029079133858268
0
LINE
8
BLACK
6
CONTINUOUS
10
1.5005127559055118
20
1.1029079133858268
11
1.500626338582677
21
1.1028422834645668
0
LINE
8
BLACK
6
CONTINUOUS
10
1.500626338582677
20
1.1028422834645668
11
1.5010099212598425
21
1.10277468503937
0
LINE
8
BLACK
6
CONTINUOUS
10
1.5010099212598425
20
1.10277468503937
11
1.5015975984251968
21
1.1022815354330708
0
LINE
8
BLACK
6
CONTINUOUS
10
1.5015975984251968
20
1.1022815354330708
11
1.5022619291338581
21
1.1018979921259842
0
LINE
8
BLACK
6
CONTINUOUS
10
1.5022619291338581
20
1.1018979921259842
11
1.5023530314960629
21
1.1016476377952755
0
LINE
8
BLACK
6
CONTINUOUS
10
1.5023530314960629
20
1.1016476377952755
11
1.5025571653543306
21
1.1014763779527559
0
LINE
8
BLACK
6
CONTINUOUS
10
1.5025571653543306
20
1.1014763779527559
11
1.5026903937007874
21
1.1007207874015748
0
LINE
8
BLACK
6
CONTINUOUS
10
1.5026903937007874
20
1.1007207874015748
11
1.5029527559055118
21
1.0999999999999999
0
LINE
8
BLACK
6
CONTINUOUS
10
1.5029527559055118
20
1.0999999999999999
11
1.5029527559055118
21
0.9
0
LINE
8
BLACK
6
CONTINUOUS
10
1.5029527559055118
20
0.9
11
1.5028851181102363
21
0.8996164566929133
0
LINE
8
BLACK
6
CONTINUOUS
10
1.5028851181102363
20
0.8996164566929133
11
1.5029079133858267
21
0.8994872440944882
0
LINE
8
BLACK
6
CONTINUOUS
10
1.5029079133858267
20
0.8994872440944882
11
1.5028422834645669
21
0.899373622047244
0
LINE
8
BLACK
6
CONTINUOUS
10
1.5028422834645669
20
0.899373622047244
11
1.50277468503937
21
0.8989900787401575
0
LINE
8
BLACK
6
CONTINUOUS
10
1.50277468503937
20
0.8989900787401575
11
1.5022815354330707
21
0.8984023622047244
0
LINE
8
BLACK
6
CONTINUOUS
10
1.5022815354330707
20
0.8984023622047244
11
1.5018979921259843
21
0.8977380708661417
0
LINE
8
BLACK
6
CONTINUOUS
10
1.5018979921259843
20
0.8977380708661417
11
1.5016476377952757
21
0.8976469291338582
0
LINE
8
BLACK
6
CONTINUOUS
10
1.5016476377952757
20
0.8976469291338582
11
1.5014763779527558
21
0.8974428346456693
0
LINE
8
BLACK
6
CONTINUOUS
10
1.5014763779527558
20
0.8974428346456693
11
1.5007207874015747
21
0.8973095669291339
0
LINE
8
BLACK
6
CONTINUOUS
10
1.5007207874015747
20
0.8973095669291339
11
1.5
21
0.8970472440944882
0
LINE
8
BLACK
6
CONTINUOUS
10
1.5
20
0.8970472440944882
11
1.3
21
0.8970472440944882
0
LINE
8
BLACK
6
CONTINUOUS
10
1.3
20
0.8970472440944882
11
1.2996164566929134
21
0.897114842519685
0
LINE
8
BLACK
6
CONTINUOUS
10
1.2996164566929134
20
0.897114842519685
11
1.2994872440944882
21
0.8970920866141732
0
LINE
8
BLACK
6
CONTINUOUS
10
1.2994872440944882
20
0.8970920866141732
11
1.299373622047244
21
0.8971576771653543
0
LINE
8
BLACK
6
CONTINUOUS
10
1.299373622047244
20
0.8971576771653543
11
1.2989900787401574
21
0.8972253149606298
0
LINE
8
BLACK
6
CONTINUOUS
10
1.2989900787401574
20
0.8972253149606298
11
1.2984023622047243
21
0.8977184251968504
0
LINE
8
BLACK
6
CONTINUOUS
10
1.2984023622047243
20
0.8977184251968504
11
1.2977380708661417
21
0.8981020078740157
0
LINE
8
BLACK
6
CONTINUOUS
10
1.2977380708661417
20
0.8981020078740157
11
1.2976469291338582
21
0.8983523228346456
0
LINE
8
BLACK
6
CONTINUOUS
10
1.2976469291338582
20
0.8983523228346456
11
1.2974428346456692
21
0.8985236220472441
0
LINE
8
BLACK
6
CONTINUOUS
10
1.2974428346456692
20
0.8985236220472441
11
1.2973095669291339
21
0.8992791732283464
0
LINE
8
BLACK
6
CONTINUOUS
10
1.2973095669291339
20
0.8992791732283464
11
1.2970472440944882
21
0.9
0
LINE
8
BLACK
6
CONTINUOUS
10
1.2970472440944882
20
0.9
11
1.2970472440944882
21
1.0999999999999999
0
LINE
8
BLACK
6
CONTINUOUS
10
1.2970472440944882
20
1.0999999999999999
11
1.297114842519685
21
1.1003835039370078
0
LINE
8
BLACK
6
CONTINUOUS
10
1.297114842519685
20
1.1003835039370078
11
1.2970920866141733
21
1.1005127559055119
0
LINE
8
BLACK
6
CONTINUOUS
10
1.2970920866141733
20
1.1005127559055119
11
1.2971576771653544
21
1.1006263385826771
0
LINE
8
BLACK
6
CONTINUOUS
10
1.2971576771653544
20
1.1006263385826771
11
1.2972253149606299
21
1.1010099212598425
0
LINE
8
BLACK
6
CONTINUOUS
10
1.2972253149606299
20
1.1010099212598425
11
1.2977184251968503
21
1.1015975984251969
0
LINE
8
BLACK
6
CONTINUOUS
10
1.2977184251968503
20
1.1015975984251969
11
1.2981020078740158
21
1.1022619291338582
0
LINE
8
BLACK
6
CONTINUOUS
10
1.2981020078740158
20
1.1022619291338582
11
1.2983523228346456
21
1.102353031496063
0
LINE
8
BLACK
6
CONTINUOUS
10
1.2983523228346456
20
1.102353031496063
11
1.298523622047244
21
1.1025571653543307
0
LINE
8
BLACK
6
CONTINUOUS
10
1.298523622047244
20
1.1025571653543307
11
1.2992791732283464
21
1.1026903937007875
0
LINE
8
BLACK
6
CONTINUOUS
10
1.2992791732283464
20
1.1026903937007875
11
1.3
21
1.1029527559055119
0
LINE
8
BLACK
6
CONTINUOUS
10
1.3
20
1.1029527559055119
11
1.5
21
1.1029527559055119
0
LINE
8
BLACK
6
CONTINUOUS
10
1.5
20
1.1029527559055119
11
1.5003835039370079
21
1.1028851181102362
0
LINE
8
BLACK
6
CONTINUOUS
10
1.3029527559055119
20
1.0970472440944881
11
1.3029527559055119
21
0.9029527559055118
0
LINE
8
BLACK
6
CONTINUOUS
10
1.3029527559055119
20
0.9029527559055118
11
1.4970472440944882
21
0.9029527559055118
0
LINE
8
BLACK
6
CONTINUOUS
10
1.4970472440944882
20
0.9029527559055118
11
1.4970472440944882
21
1.0970472440944881
0
LINE
8
BLACK
6
CONTINUOUS
10
1.4970472440944882
20
1.0970472440944881
11
1.3029527559055119
21
1.0970472440944881
0
LINE
8
BLACK
6
CONTINUOUS
10
1.1192290157480316
20
0.9450817322834646
11
1.1205588976377951
21
0.9448096062992126
0
LINE
8
BLACK
6
CONTINUOUS
10
1.1205588976377951
20
0.9448096062992126
11
1.126183188976378
21
0.9419974803149606
0
LINE
8
BLACK
6
CONTINUOUS
10
1.126183188976378
20
0.9419974803149606
11
1.1268945669291339
21
0.9413666141732283
0
LINE
8
BLACK
6
CONTINUOUS
10
1.1268945669291339
20
0.9413666141732283
11
1.1277179921259843
21
0.9408912598425196
0
LINE
8
BLACK
6
CONTINUOUS
10
1.1277179921259843
20
0.9408912598425196
11
1.130530157480315
21
0.9380790944881889
0
LINE
8
BLACK
6
CONTINUOUS
10
1.130530157480315
20
0.9380790944881889
11
1.1310055118110236
21
0.9372556692913385
0
LINE
8
BLACK
6
CONTINUOUS
10
1.1310055118110236
20
0.9372556692913385
11
1.1316363779527558
21
0.9365442913385826
0
LINE
8
BLACK
6
CONTINUOUS
10
1.1316363779527558
20
0.9365442913385826
11
1.1344485039370078
21
0.9309199606299212
0
LINE
8
BLACK
6
CONTINUOUS
10
1.1344485039370078
20
0.9309199606299212
11
1.134720590551181
21
0.9295901968503937
0
LINE
8
BLACK
6
CONTINUOUS
10
1.134720590551181
20
0.9295901968503937
11
1.135071968503937
21
0.9282789763779528
0
LINE
8
BLACK
6
CONTINUOUS
10
1.135071968503937
20
0.9282789763779528
11
1.135071968503937
21
0.9057817716535432
0
LINE
8
BLACK
6
CONTINUOUS
10
1.135071968503937
20
0.9057817716535432
11
1.1342807874015748
21
0.9028290157480314
0
LINE
8
BLACK
6
CONTINUOUS
10
1.1342807874015748
20
0.9028290157480314
11
1.1321192125984252
21
0.9006674409448818
0
LINE
8
BLACK
6
CONTINUOUS
10
1.1321192125984252
20
0.9006674409448818
11
1.1291664566929134
21
0.8998762598425196
0
LINE
8
BLACK
6
CONTINUOUS
10
1.1291664566929134
20
0.8998762598425196
11
1.0982328346456693
21
0.8998762598425196
0
LINE
8
BLACK
6
CONTINUOUS
10
1.0982328346456693
20
0.8998762598425196
11
1.070111338582677
21
0.8998762598425196
0
LINE
8
BLACK
6
CONTINUOUS
10
1.070111338582677
20
0.8998762598425196
11
1.0671585826771652
21
0.9006674409448818
0
LINE
8
BLACK
6
CONTINUOUS
10
1.0671585826771652
20
0.9006674409448818
11
1.0649970078740156
21
0.9028290157480314
0
LINE
8
BLACK
6
CONTINUOUS
10
1.0649970078740156
20
0.9028290157480314
11
1.0642058267716534
21
0.9057817716535432
0
LINE
8
BLACK
6
CONTINUOUS
10
1.0642058267716534
20
0.9057817716535432
11
1.0642058267716534
21
0.925466811023622
0
LINE
8
BLACK
6
CONTINUOUS
10
1.0642058267716534
20
0.925466811023622
11
1.0645571259842519
21
0.926777874015748
0
LINE
8
BLACK
6
CONTINUOUS
10
1.0645571259842519
20
0.926777874015748
11
1.0648292913385826
21
0.9281078346456693
0
LINE
8
BLACK
6
CONTINUOUS
10
1.0648292913385826
20
0.9281078346456693
11
1.0676414566929133
21
0.9337321653543307
0
LINE
8
BLACK
6
CONTINUOUS
10
1.0676414566929133
20
0.9337321653543307
11
1.0682722834645668
21
0.9344435433070866
0
LINE
8
BLACK
6
CONTINUOUS
10
1.0682722834645668
20
0.9344435433070866
11
1.0687476771653543
21
0.935266968503937
0
LINE
8
BLACK
6
CONTINUOUS
10
1.0687476771653543
20
0.935266968503937
11
1.0715598031496063
21
0.9380790944881889
0
LINE
8
BLACK
6
CONTINUOUS
10
1.0715598031496063
20
0.9380790944881889
11
1.0723832283464567
21
0.9385544881889764
0
LINE
8
BLACK
6
CONTINUOUS
10
1.0723832283464567
20
0.9385544881889764
11
1.0730946062992126
21
0.9391853149606298
0
LINE
8
BLACK
6
CONTINUOUS
10
1.0730946062992126
20
0.9391853149606298
11
1.0787188582677165
21
0.9419974803149606
0
LINE
8
BLACK
6
CONTINUOUS
10
1.0787188582677165
20
0.9419974803149606
11
1.0800488582677166
21
0.9422696456692913
0
LINE
8
BLACK
6
CONTINUOUS
10
1.0800488582677166
20
0.9422696456692913
11
1.0813599212598426
21
0.9426209448818897
0
LINE
8
BLACK
6
CONTINUOUS
10
1.0813599212598426
20
0.9426209448818897
11
1.086984251968504
21
0.9426209448818897
0
LINE
8
BLACK
6
CONTINUOUS
10
1.086984251968504
20
0.9426209448818897
11
1.0882953149606298
21
0.9422696062992125
0
LINE
8
BLACK
6
CONTINUOUS
10
1.0882953149606298
20
0.9422696062992125
11
1.0896252755905511
21
0.9419974803149606
0
LINE
8
BLACK
6
CONTINUOUS
10
1.0896252755905511
20
0.9419974803149606
11
1.0952495669291338
21
0.9391853149606298
0
LINE
8
BLACK
6
CONTINUOUS
10
1.0952495669291338
20
0.9391853149606298
11
1.0959609055118109
21
0.9385544881889764
0
LINE
8
BLACK
6
CONTINUOUS
10
1.0959609055118109
20
0.9385544881889764
11
1.0967843700787401
21
0.9380790944881889
0
LINE
8
BLACK
6
CONTINUOUS
10
1.0967843700787401
20
0.9380790944881889
11
1.0968380708661416
21
0.9380253543307087
0
LINE
8
BLACK
6
CONTINUOUS
10
1.0968380708661416
20
0.9380253543307087
11
1.0968691338582677
21
0.9380790944881889
0
LINE
8
BLACK
6
CONTINUOUS
10
1.0968691338582677
20
0.9380790944881889
11
1.0996812992125984
21
0.9408912598425196
0
LINE
8
BLACK
6
CONTINUOUS
10
1.0996812992125984
20
0.9408912598425196
11
1.10050468503937
21
0.9413666141732283
0
LINE
8
BLACK
6
CONTINUOUS
10
1.10050468503937
20
0.9413666141732283
11
1.1012161023622047
21
0.9419974803149606
0
LINE
8
BLACK
6
CONTINUOUS
10
1.1012161023622047
20
0.9419974803149606
11
1.1068404330708661
21
0.9448096062992126
0
LINE
8
BLACK
6
CONTINUOUS
10
1.1068404330708661
20
0.9448096062992126
11
1.1081701574803149
21
0.9450816929133858
0
LINE
8
BLACK
6
CONTINUOUS
10
1.1081701574803149
20
0.9450816929133858
11
1.1094814173228347
21
0.9454330708661417
0
LINE
8
BLACK
6
CONTINUOUS
10
1.1094814173228347
20
0.9454330708661417
11
1.117917874015748
21
0.9454330708661417
0
LINE
8
BLACK
6
CONTINUOUS
10
1.117917874015748
20
0.9454330708661417
11
1.1192290157480316
21
0.9450817322834646
0
LINE
8
BLACK
6
CONTINUOUS
10
1.0792338188976378
20
0.9290498031496063
11
1.0777769685039369
21
0.9275929527559055
0
LINE
8
BLACK
6
CONTINUOUS
10
1.0777769685039369
20
0.9275929527559055
11
1.0760168503937007
21
0.9240727165354331
0
LINE
8
BLACK
6
CONTINUOUS
10
1.0760168503937007
20
0.9240727165354331
11
1.0760168503937007
21
0.911687283464567
0
LINE
8
BLACK
6
CONTINUOUS
10
1.0760168503937007
20
0.911687283464567
11
1.0923273228346457
21
0.911687283464567
0
LINE
8
BLACK
6
CONTINUOUS
10
1.0923273228346457
20
0.911687283464567
11
1.0923273228346457
21
0.9240727165354331
0
LINE
8
BLACK
6
CONTINUOUS
10
1.0923273228346457
20
0.9240727165354331
11
1.0905672047244095
21
0.9275929527559055
0
LINE
8
BLACK
6
CONTINUOUS
10
1.0905672047244095
20
0.9275929527559055
11
1.0891103543307086
21
0.9290497637795275
0
LINE
8
BLACK
6
CONTINUOUS
10
1.0891103543307086
20
0.9290497637795275
11
1.0855901574803148
21
0.9308099212598425
0
LINE
8
BLACK
6
CONTINUOUS
10
1.0855901574803148
20
0.9308099212598425
11
1.0827540157480315
21
0.9308099212598425
0
LINE
8
BLACK
6
CONTINUOUS
10
1.0827540157480315
20
0.9308099212598425
11
1.0792338188976378
21
0.9290498031496063
0
LINE
8
BLACK
6
CONTINUOUS
10
1.1073552755905511
20
0.9318619291338582
11
1.1062065748031495
21
0.9307132283464566
0
LINE
8
BLACK
6
CONTINUOUS
10
1.1062065748031495
20
0.9307132283464566
11
1.104138346456693
21
0.9245084251968504
0
LINE
8
BLACK
6
CONTINUOUS
10
1.104138346456693
20
0.9245084251968504
11
1.104138346456693
21
0.911687283464567
0
LINE
8
BLACK
6
CONTINUOUS
10
1.104138346456693
20
0.911687283464567
11
1.1232609448818898
21
0.911687283464567
0
LINE
8
BLACK
6
CONTINUOUS
10
1.1232609448818898
20
0.911687283464567
11
1.1232609448818898
21
0.9268848818897638
0
LINE
8
BLACK
6
CONTINUOUS
10
1.1232609448818898
20
0.9268848818897638
11
1.1215008267716535
21
0.9304050787401574
0
LINE
8
BLACK
6
CONTINUOUS
10
1.1215008267716535
20
0.9304050787401574
11
1.1200439370078741
21
0.931861968503937
0
LINE
8
BLACK
6
CONTINUOUS
10
1.1200439370078741
20
0.931861968503937
11
1.1165237795275591
21
0.9336220472440945
0
LINE
8
BLACK
6
CONTINUOUS
10
1.1165237795275591
20
0.9336220472440945
11
1.1108755118110236
21
0.9336220472440945
0
LINE
8
BLACK
6
CONTINUOUS
10
1.1108755118110236
20
0.9336220472440945
11
1.1073552755905511
21
0.9318619291338582
0
LINE
8
BLACK
6
CONTINUOUS
10
1.167057559055118
20
0.9620029133858268
11
1.2261126771653543
21
0.942317874015748
0
LINE
8
BLACK
6
CONTINUOUS
10
1.2261126771653543
20
0.942317874015748
11
1.2271022834645668
21
0.9416644488188977
0
LINE
8
BLACK
6
CONTINUOUS
10
1.2271022834645668
20
0.9416644488188977
11
1.2281633464566928
21
0.9411339763779527
0
LINE
8
BLACK
6
CONTINUOUS
10
1.2281633464566928
20
0.9411339763779527
11
1.2283623228346456
21
0.9408325590551181
0
LINE
8
BLACK
6
CONTINUOUS
10
1.2283623228346456
20
0.9408325590551181
11
1.2286637401574803
21
0.9406335826771653
0
LINE
8
BLACK
6
CONTINUOUS
10
1.2286637401574803
20
0.9406335826771653
11
1.2291941732283465
21
0.9395726771653543
0
LINE
8
BLACK
6
CONTINUOUS
10
1.2291941732283465
20
0.9395726771653543
11
1.2298476771653544
21
0.9385829133858268
0
LINE
8
BLACK
6
CONTINUOUS
10
1.2298476771653544
20
0.9385829133858268
11
1.2298692913385827
21
0.9382223622047244
0
LINE
8
BLACK
6
CONTINUOUS
10
1.2298692913385827
20
0.9382223622047244
11
1.2300308267716535
21
0.9378993700787401
0
LINE
8
BLACK
6
CONTINUOUS
10
1.2300308267716535
20
0.9378993700787401
11
1.2299597637795274
21
0.9367154330708661
0
LINE
8
BLACK
6
CONTINUOUS
10
1.2299597637795274
20
0.9367154330708661
11
1.2300308267716535
21
0.9355314960629921
0
LINE
8
BLACK
6
CONTINUOUS
10
1.2300308267716535
20
0.9355314960629921
11
1.2298692913385827
21
0.9352084645669291
0
LINE
8
BLACK
6
CONTINUOUS
10
1.2298692913385827
20
0.9352084645669291
11
1.2298476771653544
21
0.9348479527559055
0
LINE
8
BLACK
6
CONTINUOUS
10
1.2298476771653544
20
0.9348479527559055
11
1.2291941732283465
21
0.9338581496062992
0
LINE
8
BLACK
6
CONTINUOUS
10
1.2291941732283465
20
0.9338581496062992
11
1.2286637401574803
21
0.9327972834645669
0
LINE
8
BLACK
6
CONTINUOUS
10
1.2286637401574803
20
0.9327972834645669
11
1.2283623228346456
21
0.9325982677165354
0
LINE
8
BLACK
6
CONTINUOUS
10
1.2283623228346456
20
0.9325982677165354
11
1.2281633464566928
21
0.9322968897637796
0
LINE
8
BLACK
6
CONTINUOUS
10
1.2281633464566928
20
0.9322968897637796
11
1.2271022834645668
21
0.9317663779527559
0
LINE
8
BLACK
6
CONTINUOUS
10
1.2271022834645668
20
0.9317663779527559
11
1.2261126771653543
21
0.9311129921259842
0
LINE
8
BLACK
6
CONTINUOUS
10
1.2261126771653543
20
0.9311129921259842
11
1.167057559055118
21
0.9114279527559055
0
LINE
8
BLACK
6
CONTINUOUS
10
1.167057559055118
20
0.9114279527559055
11
1.1640061417322833
21
0.9112447637795276
0
LINE
8
BLACK
6
CONTINUOUS
10
1.1640061417322833
20
0.9112447637795276
11
1.1612719291338582
21
0.9126118897637795
0
LINE
8
BLACK
6
CONTINUOUS
10
1.1612719291338582
20
0.9126118897637795
11
1.1595876377952756
21
0.9151629133858268
0
LINE
8
BLACK
6
CONTINUOUS
10
1.1595876377952756
20
0.9151629133858268
11
1.1594044488188977
21
0.9182143307086614
0
LINE
8
BLACK
6
CONTINUOUS
10
1.1594044488188977
20
0.9182143307086614
11
1.1607715748031495
21
0.9209485433070866
0
LINE
8
BLACK
6
CONTINUOUS
10
1.1607715748031495
20
0.9209485433070866
11
1.1633225984251969
21
0.9226328346456693
0
LINE
8
BLACK
6
CONTINUOUS
10
1.1633225984251969
20
0.9226328346456693
11
1.2055702755905511
21
0.9367154330708661
0
LINE
8
BLACK
6
CONTINUOUS
10
1.2055702755905511
20
0.9367154330708661
11
1.1633225984251969
21
0.950798031496063
0
LINE
8
BLACK
6
CONTINUOUS
10
1.1633225984251969
20
0.950798031496063
11
1.1607715748031495
21
0.9524823228346456
0
LINE
8
BLACK
6
CONTINUOUS
10
1.1607715748031495
20
0.9524823228346456
11
1.1594044488188977
21
0.9552165354330708
0
LINE
8
BLACK
6
CONTINUOUS
10
1.1594044488188977
20
0.9552165354330708
11
1.1595876377952756
21
0.9582679527559055
0
LINE
8
BLACK
6
CONTINUOUS
10
1.1595876377952756
20
0.9582679527559055
11
1.1612719291338582
21
0.9608189763779528
0
LINE
8
BLACK
6
CONTINUOUS
10
1.1612719291338582
20
0.9608189763779528
11
1.1640061417322833
21
0.9621861023622047
0
LINE
8
BLACK
6
CONTINUOUS
10
1.1640061417322833
20
0.9621861023622047
11
1.167057559055118
21
0.9620029133858268
0
LINE
8
BLACK
6
CONTINUOUS
10
1.1294112992125984
20
0.9724708267716535
11
1.130530157480315
21
0.9718248818897638
0
LINE
8
BLACK
6
CONTINUOUS
10
1.130530157480315
20
0.9718248818897638
11
1.130530157480315
21
0.971824842519685
0
LINE
8
BLACK
6
CONTINUOUS
10
1.130530157480315
20
0.971824842519685
11
1.1305301968503936
21
0.971824842519685
0
LINE
8
BLACK
6
CONTINUOUS
10
1.1305301968503936
20
0.971824842519685
11
1.133342283464567
21
0.9690127165354331
0
LINE
8
BLACK
6
CONTINUOUS
10
1.133342283464567
20
0.9690127165354331
11
1.1337309842519685
21
0.9683394094488189
0
LINE
8
BLACK
6
CONTINUOUS
10
1.1337309842519685
20
0.9683394094488189
11
1.1342807874015748
21
0.9677896456692913
0
LINE
8
BLACK
6
CONTINUOUS
10
1.1342807874015748
20
0.9677896456692913
11
1.1344820078740157
21
0.9670386614173229
0
LINE
8
BLACK
6
CONTINUOUS
10
1.1344820078740157
20
0.9670386614173229
11
1.1348707480314961
21
0.9663653543307087
0
LINE
8
BLACK
6
CONTINUOUS
10
1.1348707480314961
20
0.9663653543307087
11
1.1348707480314961
21
0.9663653149606299
0
LINE
8
BLACK
6
CONTINUOUS
10
1.1348707480314961
20
0.9663653149606299
11
1.1348707480314961
21
0.9655878346456692
0
LINE
8
BLACK
6
CONTINUOUS
10
1.1348707480314961
20
0.9655878346456692
11
1.135071968503937
21
0.9648368897637795
0
LINE
8
BLACK
6
CONTINUOUS
10
1.135071968503937
20
0.9648368897637795
11
1.1348707480314961
21
0.9640859055118109
0
LINE
8
BLACK
6
CONTINUOUS
10
1.1348707480314961
20
0.9640859055118109
11
1.1348707480314961
21
0.9633083858267716
0
LINE
8
BLACK
6
CONTINUOUS
10
1.1348707480314961
20
0.9633083858267716
11
1.1344819685039369
21
0.9626350393700788
0
LINE
8
BLACK
6
CONTINUOUS
10
1.1344819685039369
20
0.9626350393700788
11
1.1342807874015748
21
0.9618841338582677
0
LINE
8
BLACK
6
CONTINUOUS
10
1.1342807874015748
20
0.9618841338582677
11
1.1337309842519685
21
0.9613343307086614
0
LINE
8
BLACK
6
CONTINUOUS
10
1.1337309842519685
20
0.9613343307086614
11
1.133342283464567
21
0.9606610629921259
0
LINE
8
BLACK
6
CONTINUOUS
10
1.133342283464567
20
0.9606610629921259
11
1.130530157480315
21
0.957848937007874
0
LINE
8
BLACK
6
CONTINUOUS
10
1.130530157480315
20
0.957848937007874
11
1.1305300787401575
21
0.9578488976377952
0
LINE
8
BLACK
6
CONTINUOUS
10
1.1305300787401575
20
0.9578488976377952
11
1.1278828346456693
21
0.9563204724409449
0
LINE
8
BLACK
6
CONTINUOUS
10
1.1278828346456693
20
0.9563204724409449
11
1.1248259055118111
21
0.9563204724409449
0
LINE
8
BLACK
6
CONTINUOUS
10
1.1248259055118111
20
0.9563204724409449
11
1.1248258661417323
21
0.9563204724409449
0
LINE
8
BLACK
6
CONTINUOUS
10
1.1248258661417323
20
0.9563204724409449
11
1.1232974409448819
21
0.9572029133858267
0
LINE
8
BLACK
6
CONTINUOUS
10
1.1232974409448819
20
0.9572029133858267
11
1.1221785433070866
21
0.9578488976377952
0
LINE
8
BLACK
6
CONTINUOUS
10
1.1221785433070866
20
0.9578488976377952
11
1.1193663779527558
21
0.9606610236220472
0
LINE
8
BLACK
6
CONTINUOUS
10
1.1193663779527558
20
0.9606610236220472
11
1.1193662992125983
21
0.9606611023622047
0
LINE
8
BLACK
6
CONTINUOUS
10
1.1193662992125983
20
0.9606611023622047
11
1.1189775984251968
21
0.9613343307086614
0
LINE
8
BLACK
6
CONTINUOUS
10
1.1189775984251968
20
0.9613343307086614
11
1.1184278346456693
21
0.9618841338582677
0
LINE
8
BLACK
6
CONTINUOUS
10
1.1184278346456693
20
0.9618841338582677
11
1.1182266141732282
21
0.9626350393700788
0
LINE
8
BLACK
6
CONTINUOUS
10
1.1182266141732282
20
0.9626350393700788
11
1.117837874015748
21
0.9633083858267716
0
LINE
8
BLACK
6
CONTINUOUS
10
1.117837874015748
20
0.9633083858267716
11
1.117837874015748
21
0.9640859055118109
0
LINE
8
BLACK
6
CONTINUOUS
10
1.117837874015748
20
0.9640859055118109
11
1.1176366535433071
21
0.9648368897637795
0
LINE
8
BLACK
6
CONTINUOUS
10
1.1176366535433071
20
0.9648368897637795
11
1.117837874015748
21
0.9655878346456692
0
LINE
8
BLACK
6
CONTINUOUS
10
1.117837874015748
20
0.9655878346456692
11
1.117837874015748
21
0.9663653149606299
0
LINE
8
BLACK
6
CONTINUOUS
10
1.117837874015748
20
0.9663653149606299
11
1.117837874015748
21
0.9663653543307087
0
LINE
8
BLACK
6
CONTINUOUS
10
1.117837874015748
20
0.9663653543307087
11
1.1182265748031497
21
0.9670386614173229
0
LINE
8
BLACK
6
CONTINUOUS
10
1.1182265748031497
20
0.9670386614173229
11
1.1184278346456693
21
0.9677896456692913
0
LINE
8
BLACK
6
CONTINUOUS
10
1.1184278346456693
20
0.9677896456692913
11
1.1189775984251968
21
0.9683394094488189
0
LINE
8
BLACK
6
CONTINUOUS
10
1.1189775984251968
20
0.9683394094488189
11
1.1193663385826771
21
0.9690127165354331
0
LINE
8
BLACK
6
CONTINUOUS
10
1.1193663385826771
20
0.9690127165354331
11
1.1221785039370078
21
0.9718248818897638
0
LINE
8
BLACK
6
CONTINUOUS
10
1.1221785039370078
20
0.9718248818897638
11
1.1221785433070866
21
0.9718249212598425
0
LINE
8
BLACK
6
CONTINUOUS
10
1.1221785433070866
20
0.9718249212598425
11
1.1232974409448819
21
0.9724708661417323
0
LINE
8
BLACK
6
CONTINUOUS
10
1.1232974409448819
20
0.9724708661417323
11
1.1248258661417323
21
0.9733533464566929
0
LINE
8
BLACK
6
CONTINUOUS
10
1.1248258661417323
20
0.9733533464566929
11
1.1278827952755905
21
0.9733533464566929
0
LINE
8
BLACK
6
CONTINUOUS
10
1.1278827952755905
20
0.9733533464566929
11
1.1278828346456693
21
0.9733533464566929
0
LINE
8
BLACK
6
CONTINUOUS
10
1.1278828346456693
20
0.9733533464566929
11
1.1294112992125984
21
0.9724708267716535
0
LINE
8
BLACK
6
CONTINUOUS
10
1.202451811023622
20
1.0127360236220473
11
1.2031803543307087
21
1.0127483070866141
0
LINE
8
BLACK
6
CONTINUOUS
10
1.2031803543307087
20
1.0127483070866141
11
1.2144288976377953
21
1.0099361417322834
0
LINE
8
BLACK
6
CONTINUOUS
10
1.2144288976377953
20
1.0099361417322834
11
1.2149988582677165
21
1.0096197244094487
0
LINE
8
BLACK
6
CONTINUOUS
10
1.2149988582677165
20
1.0096197244094487
11
1.2156376377952756
21
1.0094890157480314
0
LINE
8
BLACK
6
CONTINUOUS
10
1.2156376377952756
20
1.0094890157480314
11
1.2212619291338582
21
1.0066768897637794
0
LINE
8
BLACK
6
CONTINUOUS
10
1.2212619291338582
20
1.0066768897637794
11
1.2219733070866141
21
1.0060460236220472
0
LINE
8
BLACK
6
CONTINUOUS
10
1.2219733070866141
20
1.0060460236220472
11
1.2227967322834645
21
1.0055706692913386
0
LINE
8
BLACK
6
CONTINUOUS
10
1.2227967322834645
20
1.0055706692913386
11
1.2256088976377952
21
1.0027585039370079
0
LINE
8
BLACK
6
CONTINUOUS
10
1.2256088976377952
20
1.0027585039370079
11
1.226084251968504
21
1.0019350787401575
0
LINE
8
BLACK
6
CONTINUOUS
10
1.226084251968504
20
1.0019350787401575
11
1.2267151181102363
21
1.0012237007874016
0
LINE
8
BLACK
6
CONTINUOUS
10
1.2267151181102363
20
1.0012237007874016
11
1.2295272440944882
21
0.9955993700787401
0
LINE
8
BLACK
6
CONTINUOUS
10
1.2295272440944882
20
0.9955993700787401
11
1.2297993307086614
21
0.9942696062992126
0
LINE
8
BLACK
6
CONTINUOUS
10
1.2297993307086614
20
0.9942696062992126
11
1.2301507086614174
21
0.9929583858267717
0
LINE
8
BLACK
6
CONTINUOUS
10
1.2301507086614174
20
0.9929583858267717
11
1.2301507086614174
21
0.987334094488189
0
LINE
8
BLACK
6
CONTINUOUS
10
1.2301507086614174
20
0.987334094488189
11
1.2297993307086614
21
0.9860228346456693
0
LINE
8
BLACK
6
CONTINUOUS
10
1.2297993307086614
20
0.9860228346456693
11
1.2295272440944882
21
0.9846931102362204
0
LINE
8
BLACK
6
CONTINUOUS
10
1.2295272440944882
20
0.9846931102362204
11
1.2267151181102363
21
0.979068779527559
0
LINE
8
BLACK
6
CONTINUOUS
10
1.2267151181102363
20
0.979068779527559
11
1.226084251968504
21
0.9783573622047244
0
LINE
8
BLACK
6
CONTINUOUS
10
1.226084251968504
20
0.9783573622047244
11
1.2256088976377952
21
0.9775339763779527
0
LINE
8
BLACK
6
CONTINUOUS
10
1.2256088976377952
20
0.9775339763779527
11
1.2227967322834645
21
0.974721811023622
0
LINE
8
BLACK
6
CONTINUOUS
10
1.2227967322834645
20
0.974721811023622
11
1.2219732677165354
21
0.9742463779527559
0
LINE
8
BLACK
6
CONTINUOUS
10
1.2219732677165354
20
0.9742463779527559
11
1.2212619291338582
21
0.9736155905511811
0
LINE
8
BLACK
6
CONTINUOUS
10
1.2212619291338582
20
0.9736155905511811
11
1.2156376377952756
21
0.9708034251968504
0
LINE
8
BLACK
6
CONTINUOUS
10
1.2156376377952756
20
0.9708034251968504
11
1.2149988582677165
21
0.9706726771653543
0
LINE
8
BLACK
6
CONTINUOUS
10
1.2149988582677165
20
0.9706726771653543
11
1.2144288976377953
21
0.9703562992125984
0
LINE
8
BLACK
6
CONTINUOUS
10
1.2144288976377953
20
0.9703562992125984
11
1.2031803149606299
21
0.9675441732283464
0
LINE
8
BLACK
6
CONTINUOUS
10
1.2031803149606299
20
0.9675441732283464
11
1.2024518503937007
21
0.9675564173228346
0
LINE
8
BLACK
6
CONTINUOUS
10
1.2024518503937007
20
0.9675564173228346
11
1.2017480314960629
21
0.9673678346456692
0
LINE
8
BLACK
6
CONTINUOUS
10
1.2017480314960629
20
0.9673678346456692
11
1.1876872834645669
21
0.9673678346456692
0
LINE
8
BLACK
6
CONTINUOUS
10
1.1876872834645669
20
0.9673678346456692
11
1.1869834251968503
21
0.9675564173228346
0
LINE
8
BLACK
6
CONTINUOUS
10
1.1869834251968503
20
0.9675564173228346
11
1.1862550000000001
21
0.9675441732283464
0
LINE
8
BLACK
6
CONTINUOUS
10
1.1862550000000001
20
0.9675441732283464
11
1.175006377952756
21
0.9703562992125984
0
LINE
8
BLACK
6
CONTINUOUS
10
1.175006377952756
20
0.9703562992125984
11
1.1744364173228345
21
0.9706726771653543
0
LINE
8
BLACK
6
CONTINUOUS
10
1.1744364173228345
20
0.9706726771653543
11
1.1737975984251969
21
0.9708034251968504
0
LINE
8
BLACK
6
CONTINUOUS
10
1.1737975984251969
20
0.9708034251968504
11
1.1681733464566928
21
0.9736155905511811
0
LINE
8
BLACK
6
CONTINUOUS
10
1.1681733464566928
20
0.9736155905511811
11
1.1674619685039369
21
0.9742463779527559
0
LINE
8
BLACK
6
CONTINUOUS
10
1.1674619685039369
20
0.9742463779527559
11
1.1666385039370077
21
0.9747218503937007
0
LINE
8
BLACK
6
CONTINUOUS
10
1.1666385039370077
20
0.9747218503937007
11
1.1638263779527558
21
0.9775340157480314
0
LINE
8
BLACK
6
CONTINUOUS
10
1.1638263779527558
20
0.9775340157480314
11
1.1633509842519685
21
0.9783574015748031
0
LINE
8
BLACK
6
CONTINUOUS
10
1.1633509842519685
20
0.9783574015748031
11
1.1627201968503937
21
0.979068779527559
0
LINE
8
BLACK
6
CONTINUOUS
10
1.1627201968503937
20
0.979068779527559
11
1.159908031496063
21
0.9846930708661417
0
LINE
8
BLACK
6
CONTINUOUS
10
1.159908031496063
20
0.9846930708661417
11
1.1596358661417323
21
0.9860229921259842
0
LINE
8
BLACK
6
CONTINUOUS
10
1.1596358661417323
20
0.9860229921259842
11
1.1592845669291338
21
0.987334094488189
0
LINE
8
BLACK
6
CONTINUOUS
10
1.1592845669291338
20
0.987334094488189
11
1.1592845669291338
21
0.9929583858267717
0
LINE
8
BLACK
6
CONTINUOUS
10
1.1592845669291338
20
0.9929583858267717
11
1.1596358661417323
21
0.9942694488188976
0
LINE
8
BLACK
6
CONTINUOUS
10
1.1596358661417323
20
0.9942694488188976
11
1.159908031496063
21
0.9955994094488189
0
LINE
8
BLACK
6
CONTINUOUS
10
1.159908031496063
20
0.9955994094488189
11
1.1627201968503937
21
1.0012237007874016
0
LINE
8
BLACK
6
CONTINUOUS
10
1.1627201968503937
20
1.0012237007874016
11
1.1633509842519685
21
1.0019350393700788
0
LINE
8
BLACK
6
CONTINUOUS
10
1.1633509842519685
20
1.0019350393700788
11
1.1638263779527558
21
1.0027584645669292
0
LINE
8
BLACK
6
CONTINUOUS
10
1.1638263779527558
20
1.0027584645669292
11
1.1666385039370077
21
1.0055706299212599
0
LINE
8
BLACK
6
CONTINUOUS
10
1.1666385039370077
20
1.0055706299212599
11
1.1674619291338582
21
1.0060460236220472
0
LINE
8
BLACK
6
CONTINUOUS
10
1.1674619291338582
20
1.0060460236220472
11
1.1681733464566928
21
1.0066768897637794
0
LINE
8
BLACK
6
CONTINUOUS
10
1.1681733464566928
20
1.0066768897637794
11
1.1737976771653542
21
1.0094890157480314
0
LINE
8
BLACK
6
CONTINUOUS
10
1.1737976771653542
20
1.0094890157480314
11
1.1744363779527558
21
1.0096196850393702
0
LINE
8
BLACK
6
CONTINUOUS
10
1.1744363779527558
20
1.0096196850393702
11
1.175006377952756
21
1.0099361417322834
0
LINE
8
BLACK
6
CONTINUOUS
10
1.175006377952756
20
1.0099361417322834
11
1.1862549606299213
21
1.0127483070866141
0
LINE
8
BLACK
6
CONTINUOUS
10
1.1862549606299213
20
1.0127483070866141
11
1.186983464566929
21
1.0127360236220473
0
LINE
8
BLACK
6
CONTINUOUS
10
1.186983464566929
20
1.0127360236220473
11
1.1876872834645669
21
1.0129246456692913
0
LINE
8
BLACK
6
CONTINUOUS
10
1.1876872834645669
20
1.0129246456692913
11
1.2017480314960629
21
1.0129246456692913
0
LINE
8
BLACK
6
CONTINUOUS
10
1.2017480314960629
20
1.0129246456692913
11
1.202451811023622
21
1.0127360236220473
0
LINE
8
BLACK
6
CONTINUOUS
10
1.1784998818897638
20
0.9986349999999999
11
1.174312559055118
21
0.9965413779527559
0
LINE
8
BLACK
6
CONTINUOUS
10
1.174312559055118
20
0.9965413779527559
11
1.1728557086614173
21
0.9950845275590551
0
LINE
8
BLACK
6
CONTINUOUS
10
1.1728557086614173
20
0.9950845275590551
11
1.1710955905511811
21
0.991564251968504
0
LINE
8
BLACK
6
CONTINUOUS
10
1.1710955905511811
20
0.991564251968504
11
1.1710955905511811
21
0.9887281889763779
0
LINE
8
BLACK
6
CONTINUOUS
10
1.1710955905511811
20
0.9887281889763779
11
1.1728557086614173
21
0.9852079133858267
0
LINE
8
BLACK
6
CONTINUOUS
10
1.1728557086614173
20
0.9852079133858267
11
1.174312559055118
21
0.983751062992126
0
LINE
8
BLACK
6
CONTINUOUS
10
1.174312559055118
20
0.983751062992126
11
1.1784999212598426
21
0.9816574015748031
0
LINE
8
BLACK
6
CONTINUOUS
10
1.1784999212598426
20
0.9816574015748031
11
1.1884142125984252
21
0.9791788582677166
0
LINE
8
BLACK
6
CONTINUOUS
10
1.1884142125984252
20
0.9791788582677166
11
1.2010211023622046
21
0.9791788582677166
0
LINE
8
BLACK
6
CONTINUOUS
10
1.2010211023622046
20
0.9791788582677166
11
1.2109353149606299
21
0.9816573622047244
0
LINE
8
BLACK
6
CONTINUOUS
10
1.2109353149606299
20
0.9816573622047244
11
1.215122716535433
21
0.9837511023622048
0
LINE
8
BLACK
6
CONTINUOUS
10
1.215122716535433
20
0.9837511023622048
11
1.2165795669291339
21
0.9852079527559054
0
LINE
8
BLACK
6
CONTINUOUS
10
1.2165795669291339
20
0.9852079527559054
11
1.21833968503937
21
0.9887281496062992
0
LINE
8
BLACK
6
CONTINUOUS
10
1.21833968503937
20
0.9887281496062992
11
1.21833968503937
21
0.9915642913385827
0
LINE
8
BLACK
6
CONTINUOUS
10
1.21833968503937
20
0.9915642913385827
11
1.2165795669291339
21
0.9950844881889763
0
LINE
8
BLACK
6
CONTINUOUS
10
1.2165795669291339
20
0.9950844881889763
11
1.2151226771653543
21
0.9965413779527559
0
LINE
8
BLACK
6
CONTINUOUS
10
1.2151226771653543
20
0.9965413779527559
11
1.2109353937007874
21
0.9986349999999999
0
LINE
8
BLACK
6
CONTINUOUS
10
1.2109353937007874
20
0.9986349999999999
11
1.2010210629921259
21
1.0011136220472441
0
LINE
8
BLACK
6
CONTINUOUS
10
1.2010210629921259
20
1.0011136220472441
11
1.1884142125984252
21
1.0011136220472441
0
LINE
8
BLACK
6
CONTINUOUS
10
1.1884142125984252
20
1.0011136220472441
11
1.1784998818897638
21
0.9986349999999999
0
LINE
8
BLACK
6
CONTINUOUS
10
1.0799114566929133
20
1.03088
11
1.0814399212598425
21
1.0282326377952755
0
LINE
8
BLACK
6
CONTINUOUS
10
1.0814399212598425
20
1.0282326377952755
11
1.0814399212598425
21
1.0251757086614173
0
LINE
8
BLACK
6
CONTINUOUS
10
1.0814399212598425
20
1.0251757086614173
11
1.0799114566929133
21
1.022528346456693
0
LINE
8
BLACK
6
CONTINUOUS
10
1.0799114566929133
20
1.022528346456693
11
1.0780850787401575
21
1.0207019685039369
0
LINE
8
BLACK
6
CONTINUOUS
10
1.0780850787401575
20
1.0207019685039369
11
1.0760168503937007
21
1.0144972834645669
0
LINE
8
BLACK
6
CONTINUOUS
10
1.0760168503937007
20
1.0144972834645669
11
1.0760168503937007
21
1.0107895669291338
0
LINE
8
BLACK
6
CONTINUOUS
10
1.0760168503937007
20
1.0107895669291338
11
1.0780850787401575
21
1.0045848818897638
0
LINE
8
BLACK
6
CONTINUOUS
10
1.0780850787401575
20
1.0045848818897638
11
1.0820459842519685
21
1.0006239763779528
0
LINE
8
BLACK
6
CONTINUOUS
10
1.0820459842519685
20
1.0006239763779528
11
1.0862333464566929
21
0.9985303149606299
0
LINE
8
BLACK
6
CONTINUOUS
10
1.0862333464566929
20
0.9985303149606299
11
1.0961475984251969
21
0.9960517716535433
0
LINE
8
BLACK
6
CONTINUOUS
10
1.0961475984251969
20
0.9960517716535433
11
1.1031301968503937
21
0.9960517716535433
0
LINE
8
BLACK
6
CONTINUOUS
10
1.1031301968503937
20
0.9960517716535433
11
1.1130444094488188
21
0.9985302755905512
0
LINE
8
BLACK
6
CONTINUOUS
10
1.1130444094488188
20
0.9985302755905512
11
1.1172318110236221
21
1.0006240157480315
0
LINE
8
BLACK
6
CONTINUOUS
10
1.1172318110236221
20
1.0006240157480315
11
1.1211926771653542
21
1.0045848425196851
0
LINE
8
BLACK
6
CONTINUOUS
10
1.1211926771653542
20
1.0045848425196851
11
1.1232609448818898
21
1.0107896456692913
0
LINE
8
BLACK
6
CONTINUOUS
10
1.1232609448818898
20
1.0107896456692913
11
1.1232609448818898
21
1.0144972047244094
0
LINE
8
BLACK
6
CONTINUOUS
10
1.1232609448818898
20
1.0144972047244094
11
1.1211926771653542
21
1.0207020078740157
0
LINE
8
BLACK
6
CONTINUOUS
10
1.1211926771653542
20
1.0207020078740157
11
1.1193663779527558
21
1.0225283070866142
0
LINE
8
BLACK
6
CONTINUOUS
10
1.1193663779527558
20
1.0225283070866142
11
1.117837874015748
21
1.0251756692913385
0
LINE
8
BLACK
6
CONTINUOUS
10
1.117837874015748
20
1.0251756692913385
11
1.117837874015748
21
1.0282325984251968
0
LINE
8
BLACK
6
CONTINUOUS
10
1.117837874015748
20
1.0282325984251968
11
1.1193662992125983
21
1.0308799606299213
0
LINE
8
BLACK
6
CONTINUOUS
10
1.1193662992125983
20
1.0308799606299213
11
1.1220136614173228
21
1.0324084645669291
0
LINE
8
BLACK
6
CONTINUOUS
10
1.1220136614173228
20
1.0324084645669291
11
1.1250705905511811
21
1.0324084645669291
0
LINE
8
BLACK
6
CONTINUOUS
10
1.1250705905511811
20
1.0324084645669291
11
1.1277179527559056
21
1.0308800393700788
0
LINE
8
BLACK
6
CONTINUOUS
10
1.1277179527559056
20
1.0308800393700788
11
1.1305301181102363
21
1.0280679133858268
0
LINE
8
BLACK
6
CONTINUOUS
10
1.1305301181102363
20
1.0280679133858268
11
1.1312087795275589
21
1.0268924015748031
0
LINE
8
BLACK
6
CONTINUOUS
10
1.1312087795275589
20
1.0268924015748031
11
1.131956811023622
21
1.0257595275590552
0
LINE
8
BLACK
6
CONTINUOUS
10
1.131956811023622
20
1.0257595275590552
11
1.134768937007874
21
1.0173230708661416
0
LINE
8
BLACK
6
CONTINUOUS
10
1.134768937007874
20
1.0173230708661416
11
1.1348259055118111
21
1.0163738976377952
0
LINE
8
BLACK
6
CONTINUOUS
10
1.1348259055118111
20
1.0163738976377952
11
1.135071968503937
21
1.0154555905511811
0
LINE
8
BLACK
6
CONTINUOUS
10
1.135071968503937
20
1.0154555905511811
11
1.135071968503937
21
1.0098312992125984
0
LINE
8
BLACK
6
CONTINUOUS
10
1.135071968503937
20
1.0098312992125984
11
1.1348259055118111
21
1.0089129527559055
0
LINE
8
BLACK
6
CONTINUOUS
10
1.1348259055118111
20
1.0089129527559055
11
1.134768937007874
21
1.0079638188976379
0
LINE
8
BLACK
6
CONTINUOUS
10
1.134768937007874
20
1.0079638188976379
11
1.131956811023622
21
0.9995273622047244
0
LINE
8
BLACK
6
CONTINUOUS
10
1.131956811023622
20
0.9995273622047244
11
1.1312088582677164
21
0.9983945669291339
0
LINE
8
BLACK
6
CONTINUOUS
10
1.1312088582677164
20
0.9983945669291339
11
1.130530157480315
21
0.9972190157480315
0
LINE
8
BLACK
6
CONTINUOUS
10
1.130530157480315
20
0.9972190157480315
11
1.1249058267716536
21
0.9915947244094488
0
LINE
8
BLACK
6
CONTINUOUS
10
1.1249058267716536
20
0.9915947244094488
11
1.1240824015748032
21
0.9911192913385827
0
LINE
8
BLACK
6
CONTINUOUS
10
1.1240824015748032
20
0.9911192913385827
11
1.1233710236220473
21
0.9904885039370078
0
LINE
8
BLACK
6
CONTINUOUS
10
1.1233710236220473
20
0.9904885039370078
11
1.1177467322834644
21
0.9876763385826771
0
LINE
8
BLACK
6
CONTINUOUS
10
1.1177467322834644
20
0.9876763385826771
11
1.1171079527559056
21
0.9875455905511811
0
LINE
8
BLACK
6
CONTINUOUS
10
1.1171079527559056
20
0.9875455905511811
11
1.1165379921259841
21
0.9872292125984252
0
LINE
8
BLACK
6
CONTINUOUS
10
1.1165379921259841
20
0.9872292125984252
11
1.1052894094488188
21
0.9844170866141732
0
LINE
8
BLACK
6
CONTINUOUS
10
1.1052894094488188
20
0.9844170866141732
11
1.1045609448818898
21
0.9844293307086613
0
LINE
8
BLACK
6
CONTINUOUS
10
1.1045609448818898
20
0.9844293307086613
11
1.103857125984252
21
0.9842407480314961
0
LINE
8
BLACK
6
CONTINUOUS
10
1.103857125984252
20
0.9842407480314961
11
1.0954206692913386
21
0.9842407480314961
0
LINE
8
BLACK
6
CONTINUOUS
10
1.0954206692913386
20
0.9842407480314961
11
1.0947168110236221
21
0.9844293307086613
0
LINE
8
BLACK
6
CONTINUOUS
10
1.0947168110236221
20
0.9844293307086613
11
1.0939883858267716
21
0.9844170866141732
0
LINE
8
BLACK
6
CONTINUOUS
10
1.0939883858267716
20
0.9844170866141732
11
1.0827398031496063
21
0.9872292125984252
0
LINE
8
BLACK
6
CONTINUOUS
10
1.0827398031496063
20
0.9872292125984252
11
1.0821698425196851
21
0.9875455905511811
0
LINE
8
BLACK
6
CONTINUOUS
10
1.0821698425196851
20
0.9875455905511811
11
1.0815310236220472
21
0.9876763385826771
0
LINE
8
BLACK
6
CONTINUOUS
10
1.0815310236220472
20
0.9876763385826771
11
1.0759067716535433
21
0.9904885039370078
0
LINE
8
BLACK
6
CONTINUOUS
10
1.0759067716535433
20
0.9904885039370078
11
1.0751953937007874
21
0.9911192913385827
0
LINE
8
BLACK
6
CONTINUOUS
10
1.0751953937007874
20
0.9911192913385827
11
1.074371968503937
21
0.9915947244094488
0
LINE
8
BLACK
6
CONTINUOUS
10
1.074371968503937
20
0.9915947244094488
11
1.0687476771653543
21
0.9972190157480315
0
LINE
8
BLACK
6
CONTINUOUS
10
1.0687476771653543
20
0.9972190157480315
11
1.0680690157480315
21
0.9983944488188976
0
LINE
8
BLACK
6
CONTINUOUS
10
1.0680690157480315
20
0.9983944488188976
11
1.0673210236220472
21
0.9995273622047244
0
LINE
8
BLACK
6
CONTINUOUS
10
1.0673210236220472
20
0.9995273622047244
11
1.0645088976377952
21
1.0079638188976379
0
LINE
8
BLACK
6
CONTINUOUS
10
1.0645088976377952
20
1.0079638188976379
11
1.0644518897637796
21
1.0089128346456693
0
LINE
8
BLACK
6
CONTINUOUS
10
1.0644518897637796
20
1.0089128346456693
11
1.0642058267716534
21
1.0098312992125984
0
LINE
8
BLACK
6
CONTINUOUS
10
1.0642058267716534
20
1.0098312992125984
11
1.0642058267716534
21
1.0154555905511811
0
LINE
8
BLACK
6
CONTINUOUS
10
1.0642058267716534
20
1.0154555905511811
11
1.0644518897637796
21
1.0163740157480314
0
LINE
8
BLACK
6
CONTINUOUS
10
1.0644518897637796
20
1.0163740157480314
11
1.0645088976377952
21
1.0173230708661416
0
LINE
8
BLACK
6
CONTINUOUS
10
1.0645088976377952
20
1.0173230708661416
11
1.0673210236220472
21
1.0257595275590552
0
LINE
8
BLACK
6
CONTINUOUS
10
1.0673210236220472
20
1.0257595275590552
11
1.0680690157480315
21
1.0268924015748031
0
LINE
8
BLACK
6
CONTINUOUS
10
1.0680690157480315
20
1.0268924015748031
11
1.0687476771653543
21
1.0280678740157481
0
LINE
8
BLACK
6
CONTINUOUS
10
1.0687476771653543
20
1.0280678740157481
11
1.0715598031496063
21
1.03088
0
LINE
8
BLACK
6
CONTINUOUS
10
1.0715598031496063
20
1.03088
11
1.0742071653543306
21
1.0324084645669291
0
LINE
8
BLACK
6
CONTINUOUS
10
1.0742071653543306
20
1.0324084645669291
11
1.0772640944881891
21
1.0324084645669291
0
LINE
8
BLACK
6
CONTINUOUS
10
1.0772640944881891
20
1.0324084645669291
11
1.0799114566929133
21
1.03088
0
LINE
8
BLACK
6
CONTINUOUS
10
1.2271979527559054
20
1.0683764173228347
11
1.2293595275590552
21
1.0662148425196851
0
LINE
8
BLACK
6
CONTINUOUS
10
1.2293595275590552
20
1.0662148425196851
11
1.2301507086614174
21
1.0632620866141731
0
LINE
8
BLACK
6
CONTINUOUS
10
1.2301507086614174
20
1.0632620866141731
11
1.2301507086614174
21
1.0295162992125984
0
LINE
8
BLACK
6
CONTINUOUS
10
1.2301507086614174
20
1.0295162992125984
11
1.2293595275590552
21
1.0265635433070865
0
LINE
8
BLACK
6
CONTINUOUS
10
1.2293595275590552
20
1.0265635433070865
11
1.2271979527559054
21
1.0244019685039369
0
LINE
8
BLACK
6
CONTINUOUS
10
1.2271979527559054
20
1.0244019685039369
11
1.2242451968503936
21
1.0236107874015747
0
LINE
8
BLACK
6
CONTINUOUS
10
1.2242451968503936
20
1.0236107874015747
11
1.2212924409448818
21
1.0244019685039369
0
LINE
8
BLACK
6
CONTINUOUS
10
1.2212924409448818
20
1.0244019685039369
11
1.2191308661417322
21
1.0265635433070865
0
LINE
8
BLACK
6
CONTINUOUS
10
1.2191308661417322
20
1.0265635433070865
11
1.21833968503937
21
1.0295162992125984
0
LINE
8
BLACK
6
CONTINUOUS
10
1.21833968503937
20
1.0295162992125984
11
1.21833968503937
21
1.0404836614173227
0
LINE
8
BLACK
6
CONTINUOUS
10
1.21833968503937
20
1.0404836614173227
11
1.1822594094488188
21
1.0404836614173227
0
LINE
8
BLACK
6
CONTINUOUS
10
1.1822594094488188
20
1.0404836614173227
11
1.1834266535433071
21
1.0393164173228346
0
LINE
8
BLACK
6
CONTINUOUS
10
1.1834266535433071
20
1.0393164173228346
11
1.1839020472440944
21
1.0384929527559055
0
LINE
8
BLACK
6
CONTINUOUS
10
1.1839020472440944
20
1.0384929527559055
11
1.1845328740157479
21
1.0377816141732283
0
LINE
8
BLACK
6
CONTINUOUS
10
1.1845328740157479
20
1.0377816141732283
11
1.1873450393700786
21
1.0321573622047244
0
LINE
8
BLACK
6
CONTINUOUS
10
1.1873450393700786
20
1.0321573622047244
11
1.1879579133858267
21
1.0291624803149606
0
LINE
8
BLACK
6
CONTINUOUS
10
1.1879579133858267
20
1.0291624803149606
11
1.1869912204724409
21
1.0262624409448819
0
LINE
8
BLACK
6
CONTINUOUS
10
1.1869912204724409
20
1.0262624409448819
11
1.1847040157480315
21
1.0242342519685039
0
LINE
8
BLACK
6
CONTINUOUS
10
1.1847040157480315
20
1.0242342519685039
11
1.1817091732283465
21
1.0236213779527559
0
LINE
8
BLACK
6
CONTINUOUS
10
1.1817091732283465
20
1.0236213779527559
11
1.1788091338582678
21
1.0245880708661417
0
LINE
8
BLACK
6
CONTINUOUS
10
1.1788091338582678
20
1.0245880708661417
11
1.1767809448818898
21
1.0268752755905513
0
LINE
8
BLACK
6
CONTINUOUS
10
1.1767809448818898
20
1.0268752755905513
11
1.1743973622047243
21
1.0316423622047244
0
LINE
8
BLACK
6
CONTINUOUS
10
1.1743973622047243
20
1.0316423622047244
11
1.1698642519685039
21
1.0361754724409449
0
LINE
8
BLACK
6
CONTINUOUS
10
1.1698642519685039
20
1.0361754724409449
11
1.1619142913385827
21
1.041475472440945
0
LINE
8
BLACK
6
CONTINUOUS
10
1.1619142913385827
20
1.041475472440945
11
1.1610266535433071
21
1.0424854724409449
0
LINE
8
BLACK
6
CONTINUOUS
10
1.1610266535433071
20
1.0424854724409449
11
1.160075748031496
21
1.0434364173228345
0
LINE
8
BLACK
6
CONTINUOUS
10
1.160075748031496
20
1.0434364173228345
11
1.1600251968503936
21
1.0436250393700788
0
LINE
8
BLACK
6
CONTINUOUS
10
1.1600251968503936
20
1.0436250393700788
11
1.159896338582677
21
1.0437716929133858
0
LINE
8
BLACK
6
CONTINUOUS
10
1.159896338582677
20
1.0437716929133858
11
1.1596326377952755
21
1.0450900787401574
0
LINE
8
BLACK
6
CONTINUOUS
10
1.1596326377952755
20
1.0450900787401574
11
1.1592845669291338
21
1.0463891732283463
0
LINE
8
BLACK
6
CONTINUOUS
10
1.1592845669291338
20
1.0463891732283463
11
1.1593350787401575
21
1.0465777559055118
0
LINE
8
BLACK
6
CONTINUOUS
10
1.1593350787401575
20
1.0465777559055118
11
1.1592968110236219
21
1.0467692519685039
0
LINE
8
BLACK
6
CONTINUOUS
10
1.1592968110236219
20
1.0467692519685039
11
1.1597277165354329
21
1.0480430708661417
0
LINE
8
BLACK
6
CONTINUOUS
10
1.1597277165354329
20
1.0480430708661417
11
1.160075748031496
21
1.0493419291338582
0
LINE
8
BLACK
6
CONTINUOUS
10
1.160075748031496
20
1.0493419291338582
11
1.1602137795275591
21
1.0494799606299212
0
LINE
8
BLACK
6
CONTINUOUS
10
1.1602137795275591
20
1.0494799606299212
11
1.1602763779527558
21
1.0496649606299213
0
LINE
8
BLACK
6
CONTINUOUS
10
1.1602763779527558
20
1.0496649606299213
11
1.1612863779527558
21
1.0505525590551181
0
LINE
8
BLACK
6
CONTINUOUS
10
1.1612863779527558
20
1.0505525590551181
11
1.1622373228346456
21
1.0515035039370078
0
LINE
8
BLACK
6
CONTINUOUS
10
1.1622373228346456
20
1.0515035039370078
11
1.1624259448818897
21
1.0515540157480314
0
LINE
8
BLACK
6
CONTINUOUS
10
1.1624259448818897
20
1.0515540157480314
11
1.1625725984251969
21
1.0516829133858268
0
LINE
8
BLACK
6
CONTINUOUS
10
1.1625725984251969
20
1.0516829133858268
11
1.1638909842519685
21
1.0519465748031496
0
LINE
8
BLACK
6
CONTINUOUS
10
1.1638909842519685
20
1.0519465748031496
11
1.1651900787401575
21
1.05229468503937
0
LINE
8
BLACK
6
CONTINUOUS
10
1.1651900787401575
20
1.05229468503937
11
1.21833968503937
21
1.05229468503937
0
LINE
8
BLACK
6
CONTINUOUS
10
1.21833968503937
20
1.05229468503937
11
1.21833968503937
21
1.0632620866141731
0
LINE
8
BLACK
6
CONTINUOUS
10
1.21833968503937
20
1.0632620866141731
11
1.2191308661417322
21
1.0662148425196851
0
LINE
8
BLACK
6
CONTINUOUS
10
1.2191308661417322
20
1.0662148425196851
11
1.2212924409448818
21
1.0683764173228347
0
LINE
8
BLACK
6
CONTINUOUS
10
1.2212924409448818
20
1.0683764173228347
11
1.2242451968503936
21
1.0691675984251969
0
LINE
8
BLACK
6
CONTINUOUS
10
1.2242451968503936
20
1.0691675984251969
11
1.2271979527559054
21
1.0683764173228347
0
LINE
8
BLACK
6
CONTINUOUS
10
1.1321192125984252
20
1.0908736220472441
11
1.1342807874015748
21
1.0887120472440945
0
LINE
8
BLACK
6
CONTINUOUS
10
1.1342807874015748
20
1.0887120472440945
11
1.135071968503937
21
1.0857592913385827
0
LINE
8
BLACK
6
CONTINUOUS
10
1.135071968503937
20
1.0857592913385827
11
1.135071968503937
21
1.0463892125984251
0
LINE
8
BLACK
6
CONTINUOUS
10
1.135071968503937
20
1.0463892125984251
11
1.1350214173228346
21
1.0462005905511811
0
LINE
8
BLACK
6
CONTINUOUS
10
1.1350214173228346
20
1.0462005905511811
11
1.1350597244094487
21
1.0460091338582678
0
LINE
8
BLACK
6
CONTINUOUS
10
1.1350597244094487
20
1.0460091338582678
11
1.1346287795275591
21
1.0447352755905512
0
LINE
8
BLACK
6
CONTINUOUS
10
1.1346287795275591
20
1.0447352755905512
11
1.1342807874015748
21
1.0434364566929133
0
LINE
8
BLACK
6
CONTINUOUS
10
1.1342807874015748
20
1.0434364566929133
11
1.134142716535433
21
1.0432983858267717
0
LINE
8
BLACK
6
CONTINUOUS
10
1.134142716535433
20
1.0432983858267717
11
1.134080157480315
21
1.0431134251968504
0
LINE
8
BLACK
6
CONTINUOUS
10
1.134080157480315
20
1.0431134251968504
11
1.1330699606299213
21
1.0422256299212598
0
LINE
8
BLACK
6
CONTINUOUS
10
1.1330699606299213
20
1.0422256299212598
11
1.1321192125984252
21
1.0412748818897637
0
LINE
8
BLACK
6
CONTINUOUS
10
1.1321192125984252
20
1.0412748818897637
11
1.1319306299212599
21
1.0412243307086615
0
LINE
8
BLACK
6
CONTINUOUS
10
1.1319306299212599
20
1.0412243307086615
11
1.1317839370078739
21
1.0410954330708662
0
LINE
8
BLACK
6
CONTINUOUS
10
1.1317839370078739
20
1.0410954330708662
11
1.1304651968503936
21
1.0408316929133858
0
LINE
8
BLACK
6
CONTINUOUS
10
1.1304651968503936
20
1.0408316929133858
11
1.1291664566929134
21
1.0404837007874015
0
LINE
8
BLACK
6
CONTINUOUS
10
1.1291664566929134
20
1.0404837007874015
11
1.1289778346456694
21
1.0405342125984252
0
LINE
8
BLACK
6
CONTINUOUS
10
1.1289778346456694
20
1.0405342125984252
11
1.1287863779527558
21
1.0404959448818898
0
LINE
8
BLACK
6
CONTINUOUS
10
1.1287863779527558
20
1.0404959448818898
11
1.1275125196850393
21
1.0409268503937008
0
LINE
8
BLACK
6
CONTINUOUS
10
1.1275125196850393
20
1.0409268503937008
11
1.1262137007874016
21
1.0412748818897637
0
LINE
8
BLACK
6
CONTINUOUS
10
1.1262137007874016
20
1.0412748818897637
11
1.1260756299212598
21
1.0414129133858268
0
LINE
8
BLACK
6
CONTINUOUS
10
1.1260756299212598
20
1.0414129133858268
11
1.1258906692913386
21
1.0414755118110235
0
LINE
8
BLACK
6
CONTINUOUS
10
1.1258906692913386
20
1.0414755118110235
11
1.0760168503937007
21
1.0747247244094489
0
LINE
8
BLACK
6
CONTINUOUS
10
1.0760168503937007
20
1.0747247244094489
11
1.0760168503937007
21
1.0463892125984251
0
LINE
8
BLACK
6
CONTINUOUS
10
1.0760168503937007
20
1.0463892125984251
11
1.0752256692913384
21
1.0434364566929133
0
LINE
8
BLACK
6
CONTINUOUS
10
1.0752256692913384
20
1.0434364566929133
11
1.0730640944881888
21
1.0412748818897637
0
LINE
8
BLACK
6
CONTINUOUS
10
1.0730640944881888
20
1.0412748818897637
11
1.070111338582677
21
1.0404837007874015
0
LINE
8
BLACK
6
CONTINUOUS
10
1.070111338582677
20
1.0404837007874015
11
1.0671585826771652
21
1.0412748818897637
0
LINE
8
BLACK
6
CONTINUOUS
10
1.0671585826771652
20
1.0412748818897637
11
1.0649970078740156
21
1.0434364566929133
0
LINE
8
BLACK
6
CONTINUOUS
10
1.0649970078740156
20
1.0434364566929133
11
1.0642058267716534
21
1.0463892125984251
0
LINE
8
BLACK
6
CONTINUOUS
10
1.0642058267716534
20
1.0463892125984251
11
1.0642058267716534
21
1.0857592913385827
0
LINE
8
BLACK
6
CONTINUOUS
10
1.0642058267716534
20
1.0857592913385827
11
1.0642563385826771
21
1.085947874015748
0
LINE
8
BLACK
6
CONTINUOUS
10
1.0642563385826771
20
1.085947874015748
11
1.0642180708661417
21
1.0861393700787401
0
LINE
8
BLACK
6
CONTINUOUS
10
1.0642180708661417
20
1.0861393700787401
11
1.0646489763779527
21
1.0874131889763778
0
LINE
8
BLACK
6
CONTINUOUS
10
1.0646489763779527
20
1.0874131889763778
11
1.0649970078740156
21
1.0887120472440945
0
LINE
8
BLACK
6
CONTINUOUS
10
1.0649970078740156
20
1.0887120472440945
11
1.0651350393700787
21
1.0888500787401574
0
LINE
8
BLACK
6
CONTINUOUS
10
1.0651350393700787
20
1.0888500787401574
11
1.0651976377952757
21
1.0890350787401575
0
LINE
8
BLACK
6
CONTINUOUS
10
1.0651976377952757
20
1.0890350787401575
11
1.0662077952755906
21
1.0899228346456693
0
LINE
8
BLACK
6
CONTINUOUS
10
1.0662077952755906
20
1.0899228346456693
11
1.0671585826771652
21
1.0908736220472441
0
LINE
8
BLACK
6
CONTINUOUS
10
1.0671585826771652
20
1.0908736220472441
11
1.067347125984252
21
1.0909241338582676
0
LINE
8
BLACK
6
CONTINUOUS
10
1.067347125984252
20
1.0909241338582676
11
1.0674938582677165
21
1.0910530708661417
0
LINE
8
BLACK
6
CONTINUOUS
10
1.0674938582677165
20
1.0910530708661417
11
1.0688125590551181
21
1.0913167716535432
0
LINE
8
BLACK
6
CONTINUOUS
10
1.0688125590551181
20
1.0913167716535432
11
1.070111338582677
21
1.0916648031496063
0
LINE
8
BLACK
6
CONTINUOUS
10
1.070111338582677
20
1.0916648031496063
11
1.0702999212598425
21
1.0916142519685039
0
LINE
8
BLACK
6
CONTINUOUS
10
1.0702999212598425
20
1.0916142519685039
11
1.0704914173228346
21
1.091652559055118
0
LINE
8
BLACK
6
CONTINUOUS
10
1.0704914173228346
20
1.091652559055118
11
1.0717652362204724
21
1.0912216141732283
0
LINE
8
BLACK
6
CONTINUOUS
10
1.0717652362204724
20
1.0912216141732283
11
1.0730640944881888
21
1.0908736220472441
0
LINE
8
BLACK
6
CONTINUOUS
10
1.0730640944881888
20
1.0908736220472441
11
1.0732021259842519
21
1.0907355511811023
0
LINE
8
BLACK
6
CONTINUOUS
10
1.0732021259842519
20
1.0907355511811023
11
1.073387125984252
21
1.0906729921259841
0
LINE
8
BLACK
6
CONTINUOUS
10
1.073387125984252
20
1.0906729921259841
11
1.1232609448818898
21
1.0574237401574802
0
LINE
8
BLACK
6
CONTINUOUS
10
1.1232609448818898
20
1.0574237401574802
11
1.1232609448818898
21
1.0857592913385827
0
LINE
8
BLACK
6
CONTINUOUS
10
1.1232609448818898
20
1.0857592913385827
11
1.124052125984252
21
1.0887120472440945
0
LINE
8
BLACK
6
CONTINUOUS
10
1.124052125984252
20
1.0887120472440945
11
1.1262137007874016
21
1.0908736220472441
0
LINE
8
BLACK
6
CONTINUOUS
10
1.1262137007874016
20
1.0908736220472441
11
1.1291664566929134
21
1.0916648031496063
0
LINE
8
BLACK
6
CONTINUOUS
10
1.1291664566929134
20
1.0916648031496063
11
1.1321192125984252
21
1.0908736220472441
0
LINE
8
BLACK
6
CONTINUOUS
10
1.2281633464566928
20
1.1239235826771654
11
1.2298476771653544
21
1.1213725196850393
0
LINE
8
BLACK
6
CONTINUOUS
10
1.2298476771653544
20
1.1213725196850393
11
1.2300308267716535
21
1.1183211023622046
0
LINE
8
BLACK
6
CONTINUOUS
10
1.2300308267716535
20
1.1183211023622046
11
1.2286637401574803
21
1.1155868897637795
0
LINE
8
BLACK
6
CONTINUOUS
10
1.2286637401574803
20
1.1155868897637795
11
1.2261126771653543
21
1.1139025984251969
0
LINE
8
BLACK
6
CONTINUOUS
10
1.2261126771653543
20
1.1139025984251969
11
1.2132778346456692
21
1.1096242913385828
0
LINE
8
BLACK
6
CONTINUOUS
10
1.2132778346456692
20
1.1096242913385828
11
1.2132778346456692
21
1.0900156692913385
0
LINE
8
BLACK
6
CONTINUOUS
10
1.2132778346456692
20
1.0900156692913385
11
1.2261126771653543
21
1.0857374015748031
0
LINE
8
BLACK
6
CONTINUOUS
10
1.2261126771653543
20
1.0857374015748031
11
1.2286637401574803
21
1.0840531102362205
0
LINE
8
BLACK
6
CONTINUOUS
10
1.2286637401574803
20
1.0840531102362205
11
1.2300308267716535
21
1.0813188976377952
0
LINE
8
BLACK
6
CONTINUOUS
10
1.2300308267716535
20
1.0813188976377952
11
1.2298476771653544
21
1.0782674803149606
0
LINE
8
BLACK
6
CONTINUOUS
10
1.2298476771653544
20
1.0782674803149606
11
1.2281633464566928
21
1.0757164173228346
0
LINE
8
BLACK
6
CONTINUOUS
10
1.2281633464566928
20
1.0757164173228346
11
1.2254291338582677
21
1.0743493307086613
0
LINE
8
BLACK
6
CONTINUOUS
10
1.2254291338582677
20
1.0743493307086613
11
1.222377716535433
21
1.0745324803149605
0
LINE
8
BLACK
6
CONTINUOUS
10
1.222377716535433
20
1.0745324803149605
11
1.1633225984251969
21
1.0942175590551182
0
LINE
8
BLACK
6
CONTINUOUS
10
1.1633225984251969
20
1.0942175590551182
11
1.1623328740157479
21
1.0948709842519684
0
LINE
8
BLACK
6
CONTINUOUS
10
1.1623328740157479
20
1.0948709842519684
11
1.1612719291338582
21
1.0954014960629921
0
LINE
8
BLACK
6
CONTINUOUS
10
1.1612719291338582
20
1.0954014960629921
11
1.1610729133858269
21
1.0957028346456692
0
LINE
8
BLACK
6
CONTINUOUS
10
1.1610729133858269
20
1.0957028346456692
11
1.1607715748031495
21
1.0959018503937008
0
LINE
8
BLACK
6
CONTINUOUS
10
1.1607715748031495
20
1.0959018503937008
11
1.160241062992126
21
1.0969627952755905
0
LINE
8
BLACK
6
CONTINUOUS
10
1.160241062992126
20
1.0969627952755905
11
1.1595876377952756
21
1.0979525196850393
0
LINE
8
BLACK
6
CONTINUOUS
10
1.1595876377952756
20
1.0979525196850393
11
1.1595659842519686
21
1.0983129527559055
0
LINE
8
BLACK
6
CONTINUOUS
10
1.1595659842519686
20
1.0983129527559055
11
1.1594044488188977
21
1.0986360629921259
0
LINE
8
BLACK
6
CONTINUOUS
10
1.1594044488188977
20
1.0986360629921259
11
1.1594755118110236
21
1.09982
0
LINE
8
BLACK
6
CONTINUOUS
10
1.1594755118110236
20
1.09982
11
1.1594044488188977
21
1.1010039370078739
0
LINE
8
BLACK
6
CONTINUOUS
10
1.1594044488188977
20
1.1010039370078739
11
1.1595659842519686
21
1.1013270078740158
0
LINE
8
BLACK
6
CONTINUOUS
10
1.1595659842519686
20
1.1013270078740158
11
1.1595876377952756
21
1.1016874803149606
0
LINE
8
BLACK
6
CONTINUOUS
10
1.1595876377952756
20
1.1016874803149606
11
1.160241062992126
21
1.1026771653543306
0
LINE
8
BLACK
6
CONTINUOUS
10
1.160241062992126
20
1.1026771653543306
11
1.1607715748031495
21
1.1037381496062992
0
LINE
8
BLACK
6
CONTINUOUS
10
1.1607715748031495
20
1.1037381496062992
11
1.1610729133858269
21
1.1039371259842519
0
LINE
8
BLACK
6
CONTINUOUS
10
1.1610729133858269
20
1.1039371259842519
11
1.1612719291338582
21
1.104238503937008
0
LINE
8
BLACK
6
CONTINUOUS
10
1.1612719291338582
20
1.104238503937008
11
1.1623328740157479
21
1.1047689763779527
0
LINE
8
BLACK
6
CONTINUOUS
10
1.1623328740157479
20
1.1047689763779527
11
1.1633225984251969
21
1.1054224409448818
0
LINE
8
BLACK
6
CONTINUOUS
10
1.1633225984251969
20
1.1054224409448818
11
1.222377716535433
21
1.1251075196850393
0
LINE
8
BLACK
6
CONTINUOUS
10
1.222377716535433
20
1.1251075196850393
11
1.2254291338582677
21
1.1252906692913385
0
LINE
8
BLACK
6
CONTINUOUS
10
1.2254291338582677
20
1.1252906692913385
11
1.2281633464566928
21
1.1239235826771654
0
LINE
8
BLACK
6
CONTINUOUS
10
1.1838648818897637
20
1.09982
11
1.201466811023622
21
1.0939526771653543
0
LINE
8
BLACK
6
CONTINUOUS
10
1.201466811023622
20
1.0939526771653543
11
1.201466811023622
21
1.1056872834645668
0
LINE
8
BLACK
6
CONTINUOUS
10
1.201466811023622
20
1.1056872834645668
11
1.1838648818897637
21
1.09982
0
LINE
8
BLACK
6
CONTINUOUS
10
1.459700275590551
20
1.1213202755905511
11
1.4599885433070865
21
1.1206242913385827
0
LINE
8
BLACK
6
CONTINUOUS
10
1.4599885433070865
20
1.1206242913385827
11
1.4599885433070865
21
1.1093757086614173
0
LINE
8
BLACK
6
CONTINUOUS
10
1.4599885433070865
20
1.1093757086614173
11
1.459700275590551
21
1.1086797244094488
0
LINE
8
BLACK
6
CONTINUOUS
10
1.459700275590551
20
1.1086797244094488
11
1.4590042913385826
21
1.1083914566929134
0
LINE
8
BLACK
6
CONTINUOUS
10
1.4590042913385826
20
1.1083914566929134
11
1.4583083070866141
21
1.1086797244094488
0
LINE
8
BLACK
6
CONTINUOUS
10
1.4583083070866141
20
1.1086797244094488
11
1.4580200393700786
21
1.1093757086614173
0
LINE
8
BLACK
6
CONTINUOUS
10
1.4580200393700786
20
1.1093757086614173
11
1.4580200393700786
21
1.1140157480314961
0
LINE
8
BLACK
6
CONTINUOUS
10
1.4580200393700786
20
1.1140157480314961
11
1.4425700393700787
21
1.1140157480314961
0
LINE
8
BLACK
6
CONTINUOUS
10
1.4425700393700787
20
1.1140157480314961
11
1.4426774015748032
21
1.1139441732283464
0
LINE
8
BLACK
6
CONTINUOUS
10
1.4426774015748032
20
1.1139441732283464
11
1.4427337401574802
21
1.1138600000000001
0
LINE
8
BLACK
6
CONTINUOUS
10
1.4427337401574802
20
1.1138600000000001
11
1.442827401574803
21
1.1138212204724409
0
LINE
8
BLACK
6
CONTINUOUS
10
1.442827401574803
20
1.1138212204724409
11
1.4447021259842519
21
1.1119464566929134
0
LINE
8
BLACK
6
CONTINUOUS
10
1.4447021259842519
20
1.1119464566929134
11
1.444764094488189
21
1.1117967716535433
0
LINE
8
BLACK
6
CONTINUOUS
10
1.444764094488189
20
1.1117967716535433
11
1.4448865354330709
21
1.1116906299212599
0
LINE
8
BLACK
6
CONTINUOUS
10
1.4448865354330709
20
1.1116906299212599
11
1.4458238976377953
21
1.1098159055118111
0
LINE
8
BLACK
6
CONTINUOUS
10
1.4458238976377953
20
1.1098159055118111
11
1.4458772834645668
21
1.1090644488188977
0
LINE
8
BLACK
6
CONTINUOUS
10
1.4458772834645668
20
1.1090644488188977
11
1.4453837007874015
21
1.1084953937007873
0
LINE
8
BLACK
6
CONTINUOUS
10
1.4453837007874015
20
1.1084953937007873
11
1.4446322834645668
21
1.1084419685039371
0
LINE
8
BLACK
6
CONTINUOUS
10
1.4446322834645668
20
1.1084419685039371
11
1.444063188976378
21
1.1089355511811023
0
LINE
8
BLACK
6
CONTINUOUS
10
1.444063188976378
20
1.1089355511811023
11
1.4431972047244095
21
1.1106674409448818
0
LINE
8
BLACK
6
CONTINUOUS
10
1.4431972047244095
20
1.1106674409448818
11
1.4415042125984252
21
1.1123604330708661
0
LINE
8
BLACK
6
CONTINUOUS
10
1.4415042125984252
20
1.1123604330708661
11
1.4387733070866142
21
1.114181062992126
0
LINE
8
BLACK
6
CONTINUOUS
10
1.4387733070866142
20
1.114181062992126
11
1.4387169291338582
21
1.1142651968503936
0
LINE
8
BLACK
6
CONTINUOUS
10
1.4387169291338582
20
1.1142651968503936
11
1.4386232677165354
21
1.1143040157480315
0
LINE
8
BLACK
6
CONTINUOUS
10
1.4386232677165354
20
1.1143040157480315
11
1.4385135433070866
21
1.1145688582677165
0
LINE
8
BLACK
6
CONTINUOUS
10
1.4385135433070866
20
1.1145688582677165
11
1.438354094488189
21
1.114806968503937
0
LINE
8
BLACK
6
CONTINUOUS
10
1.438354094488189
20
1.114806968503937
11
1.4383737401574803
21
1.1149063779527559
0
LINE
8
BLACK
6
CONTINUOUS
10
1.4383737401574803
20
1.1149063779527559
11
1.4383349999999999
21
1.115
0
LINE
8
BLACK
6
CONTINUOUS
10
1.4383349999999999
20
1.115
11
1.43844468503937
21
1.1152648031496062
0
LINE
8
BLACK
6
CONTINUOUS
10
1.43844468503937
20
1.1152648031496062
11
1.4385003149606299
21
1.1155459448818896
0
LINE
8
BLACK
6
CONTINUOUS
10
1.4385003149606299
20
1.1155459448818896
11
1.4385844488188977
21
1.1156022834645669
0
LINE
8
BLACK
6
CONTINUOUS
10
1.4385844488188977
20
1.1156022834645669
11
1.4386232677165354
21
1.1156959842519685
0
LINE
8
BLACK
6
CONTINUOUS
10
1.4386232677165354
20
1.1156959842519685
11
1.4388881102362205
21
1.1158056692913385
0
LINE
8
BLACK
6
CONTINUOUS
10
1.4388881102362205
20
1.1158056692913385
11
1.4391262204724409
21
1.1159651574803149
0
LINE
8
BLACK
6
CONTINUOUS
10
1.4391262204724409
20
1.1159651574803149
11
1.4392256299212598
21
1.1159454724409448
0
LINE
8
BLACK
6
CONTINUOUS
10
1.4392256299212598
20
1.1159454724409448
11
1.4393192519685039
21
1.1159842519685039
0
LINE
8
BLACK
6
CONTINUOUS
10
1.4393192519685039
20
1.1159842519685039
11
1.4580200393700786
21
1.1159842519685039
0
LINE
8
BLACK
6
CONTINUOUS
10
1.4580200393700786
20
1.1159842519685039
11
1.4580200393700786
21
1.1206242913385827
0
LINE
8
BLACK
6
CONTINUOUS
10
1.4580200393700786
20
1.1206242913385827
11
1.4583083070866141
21
1.1213202755905511
0
LINE
8
BLACK
6
CONTINUOUS
10
1.4583083070866141
20
1.1213202755905511
11
1.4590042913385826
21
1.1216085433070866
0
LINE
8
BLACK
6
CONTINUOUS
10
1.4590042913385826
20
1.1216085433070866
11
1.459700275590551
21
1.1213202755905511
0
LINE
8
BLACK
6
CONTINUOUS
10
1.9923141338582677
20
1.1931851181102362
11
1.9937443307086613
21
1.1912166141732283
0
LINE
8
BLACK
6
CONTINUOUS
10
1.9937443307086613
20
1.1912166141732283
11
1.9937443307086613
21
1.1887833858267716
0
LINE
8
BLACK
6
CONTINUOUS
10
1.9937443307086613
20
1.1887833858267716
11
1.9923141338582677
21
1.1868148818897637
0
LINE
8
BLACK
6
CONTINUOUS
10
1.9923141338582677
20
1.1868148818897637
11
1.99
21
1.1860629921259842
0
LINE
8
BLACK
6
CONTINUOUS
10
1.99
20
1.1860629921259842
11
0.01
21
1.1860629921259842
0
LINE
8
BLACK
6
CONTINUOUS
10
0.01
20
1.1860629921259842
11
0.0076858661417323
21
1.1868148818897637
0
LINE
8
BLACK
6
CONTINUOUS
10
0.0076858661417323
20
1.1868148818897637
11
0.0062556692913386
21
1.1887833858267716
0
LINE
8
BLACK
6
CONTINUOUS
10
0.0062556692913386
20
1.1887833858267716
11
0.0062556692913386
21
1.1912166141732283
0
LINE
8
BLACK
6
CONTINUOUS
10
0.0062556692913386
20
1.1912166141732283
11
0.0076858661417323
21
1.1931851181102362
0
LINE
8
BLACK
6
CONTINUOUS
10
0.0076858661417323
20
1.1931851181102362
11
0.01
21
1.1939370078740157
0
LINE
8
BLACK
6
CONTINUOUS
10
0.01
20
1.1939370078740157
11
1.99
21
1.1939370078740157
0
LINE
8
BLACK
6
CONTINUOUS
10
1.99
20
1.1939370078740157
11
1.9923141338582677
21
1.1931851181102362
0
CIRCLE
8
BLACK
10
0.2
20
1.
40
0.0068897637795276
0
CIRCLE
8
BLACK
10
1.8
20
1.
40
0.0068897637795276
0
CIRCLE
8
BLACK
10
1.8
20
0.2
40
0.0068897637795276
0
CIRCLE
8
BLACK
10
0.2
20
0.2
40
0.0068897637795276
0
CIRCLE
8
BLACK
10
0.5499999999999999
20
0.95
40
0.0068897637795276
0
CIRCLE
8
BLACK
10
0.5499999999999999
20
1.05
40
0.0068897637795276
0
CIRCLE
8
BLACK
10
0.65
20
0.95
40
0.0068897637795276
0
CIRCLE
8
BLACK
10
0.65
20
1.05
40
0.0068897637795276
0
CIRCLE
8
BLACK
10
0.75
20
0.95
40
0.0068897637795276
0
CIRCLE
8
BLACK
10
0.75
20
1.05
40
0.0068897637795276
0
CIRCLE
8
BLACK
10
0.85
20
0.95
40
0.0068897637795276
0
CIRCLE
8
BLACK
10
0.85
20
1.05
40
0.0068897637795276
0
CIRCLE
8
BLACK
10
0.95
20
0.95
40
0.0068897637795276
0
CIRCLE
8
BLACK
10
0.95
20
1.05
40
0.0068897637795276
0
CIRCLE
8
BLACK
10
1.45
20
1.05
40
0.0068897637795276
0
CIRCLE
8
BLACK
10
1.45
20
0.95
40
0.0068897637795276
0
CIRCLE
8
BLACK
10
1.3499999999999999
20
1.05
40
0.0068897637795276
0
CIRCLE
8
BLACK
10
1.3499999999999999
20
0.95
40
0.0068897637795276
0
CIRCLE
8
BLACK
10
0.45
20
0.85
40
0.0068897637795276
0
CIRCLE
8
BLACK
10
0.5499999999999999
20
0.85
40
0.0068897637795276
0
CIRCLE
8
BLACK
10
1.8499999999999999
20
0.75
40
0.0068897637795276
0
CIRCLE
8
BLACK
10
1.75
20
0.75
40
0.0068897637795276
0
CIRCLE
8
BLACK
10
1.8499999999999999
20
0.65
40
0.0068897637795276
0
CIRCLE
8
BLACK
10
1.75
20
0.65
40
0.0068897637795276
0
CIRCLE
8
BLACK
10
1.1728031496062992
20
0.5978937007874016
40
0.0068897637795276
0
CIRCLE
8
BLACK
10
1.2228031496062992
20
0.4978937007874016
40
0.0068897637795276
0
CIRCLE
8
BLACK
10
1.2728031496062993
20
0.5978937007874016
40
0.0068897637795276
0
CIRCLE
8
BLACK
10
1.3228031496062991
20
0.4978937007874016
40
0.0068897637795276
0
CIRCLE
8
BLACK
10
1.3728031496062991
20
0.5978937007874016
40
0.0068897637795276
0
CIRCLE
8
BLACK
10
1.4228031496062992
20
0.4978937007874016
40
0.0068897637795276
0
CIRCLE
8
BLACK
10
1.0979999999999999
20
0.2475
40
0.0068897637795276
0
CIRCLE
8
BLACK
10
1.498
20
0.2475
40
0.0068897637795276
0
CIRCLE
8
BLACK
10
0.5728031496062992
20
0.5978937007874016
40
0.0068897637795276
0
CIRCLE
8
BLACK
10
0.6228031496062992
20
0.4978937007874016
40
0.0068897637795276
0
CIRCLE
8
BLACK
10
0.6728031496062992
20
0.5978937007874016
40
0.0068897637795276
0
CIRCLE
8
BLACK
10
0.7228031496062992
20
0.4978937007874016
40
0.0068897637795276
0
CIRCLE
8
BLACK
10
0.7728031496062991
20
0.5978937007874016
40
0.0068897637795276
0
CIRCLE
8
BLACK
10
0.8228031496062992
20
0.4978937007874016
40
0.0068897637795276
0
CIRCLE
8
BLACK
10
0.498
20
0.2475
40
0.0068897637795276
0
CIRCLE
8
BLACK
10
0.898
20
0.2475
40
0.0068897637795276
0
CIRCLE
8
BLACK
10
1.8499999999999999
20
0.5499999999999999
40
0.0068897637795276
0
CIRCLE
8
BLACK
10
1.75
20
0.5499999999999999
40
0.0068897637795276
0
CIRCLE
8
BLACK
10
1.8499999999999999
20
0.45
40
0.0068897637795276
0
CIRCLE
8
BLACK
10
1.75
20
0.45
40
0.0068897637795276
0
CIRCLE
8
BLACK
10
0.15
20
0.75
40
0.0068897637795276
0
CIRCLE
8
BLACK
10
0.25
20
0.75
40
0.0068897637795276
0
CIRCLE
8
BLACK
10
0.15
20
0.65
40
0.0068897637795276
0
CIRCLE
8
BLACK
10
0.25
20
0.65
40
0.0068897637795276
0
CIRCLE
8
BLACK
10
0.15
20
0.5499999999999999
40
0.0068897637795276
0
CIRCLE
8
BLACK
10
0.25
20
0.5499999999999999
40
0.0068897637795276
0
CIRCLE
8
BLACK
10
0.15
20
0.45
40
0.0068897637795276
0
CIRCLE
8
BLACK
10
0.25
20
0.45
40
0.0068897637795276
  0
ENDSEC
  0
EOF
