  0
SECTION
  2
HEADER
  9
$ANGBASE
  50
0.0
  9
$ANGDIR
  70
1
  9
$MEASUREMENT
  70
0
  0
ENDSEC
  0
SECTION
  2
TABLES
  0
TABLE
  2
LTYPE
  70
4
  0
LTYPE
  5
40F
  2
CONTINUOUS
  70
0
  3
Solid line
  72
65
  73
0
  40
0.0
  0
LTYPE
  5
410
  2
DASHDOT
 70
0
  3
Dash Dot ____ _ ____ _
 72
65
 73
4
 40
2.0
 49
1.25
 49
-0.25
 49
0.25
 49
-0.25
  0
LTYPE
  5
411
  2
DASHED
 70
0
  3
Dashed __ __ __ __ __
 72
65
 73
2
 40
0.75
 49
0.5
 49
-0.25
  0
LTYPE
  5
43B
  2
DOTTED
 70
0
  3
Dotted .  .  .  .
 72
65
 73
2
 40
0.2
 49
0.0
 49
-0.2
  0
ENDTAB
  0
TABLE
  2
STYLE
  70
4
  0
STYLE
  2
KICAD
  70
0
  40
0
  41
1
  42
1
  50
0
  71
0
  3
isocp.shx
  0
STYLE
  2
KICADB
  70
0
  40
0
  41
1
  42
1
  50
0
  71
0
  3
isocp.shx
  0
STYLE
  2
KICADI
  70
0
  40
0
  41
1
  42
1
  50
15
  71
0
  3
isocp.shx
  0
STYLE
  2
KICADBI
  70
0
  40
0
  41
1
  42
1
  50
15
  71
0
  3
isocp.shx
  0
ENDTAB
  0
TABLE
  2
LAYER
  70
1
  0
LAYER
  2
BLACK
  70
0
  62
7
  6
CONTINUOUS
  0
ENDTAB
  0
ENDSEC
  0
SECTION
  2
ENTITIES
0
LINE
8
BLACK
6
CONTINUOUS
10
0.509205905511811
20
0.3254387007874016
11
0.5201836614173229
21
0.3230506299212598
0
LINE
8
BLACK
6
CONTINUOUS
10
0.5201836614173229
20
0.3230506299212598
11
0.530709842519685
21
0.3191245669291338
0
LINE
8
BLACK
6
CONTINUOUS
10
0.530709842519685
20
0.3191245669291338
11
0.5405701574803149
21
0.3137404330708661
0
LINE
8
BLACK
6
CONTINUOUS
10
0.5405701574803149
20
0.3137404330708661
11
0.5495638188976378
21
0.3070078346456693
0
LINE
8
BLACK
6
CONTINUOUS
10
0.5495638188976378
20
0.3070078346456693
11
0.5575078346456693
21
0.2990638188976378
0
LINE
8
BLACK
6
CONTINUOUS
10
0.5575078346456693
20
0.2990638188976378
11
0.5642404330708661
21
0.2900701574803149
0
LINE
8
BLACK
6
CONTINUOUS
10
0.5642404330708661
20
0.2900701574803149
11
0.5696245669291339
21
0.2802098425196851
0
LINE
8
BLACK
6
CONTINUOUS
10
0.5696245669291339
20
0.2802098425196851
11
0.5735506299212598
21
0.2696836614173228
0
LINE
8
BLACK
6
CONTINUOUS
10
0.5735506299212598
20
0.2696836614173228
11
0.5759387007874016
21
0.258705905511811
0
LINE
8
BLACK
6
CONTINUOUS
10
0.5759387007874016
20
0.258705905511811
11
0.5767401574803149
21
0.2475
0
LINE
8
BLACK
6
CONTINUOUS
10
0.5767401574803149
20
0.2475
11
0.5759387007874016
21
0.236294094488189
0
LINE
8
BLACK
6
CONTINUOUS
10
0.5759387007874016
20
0.236294094488189
11
0.5735506299212598
21
0.2253163385826772
0
LINE
8
BLACK
6
CONTINUOUS
10
0.5735506299212598
20
0.2253163385826772
11
0.5696245669291339
21
0.214790157480315
0
LINE
8
BLACK
6
CONTINUOUS
10
0.5696245669291339
20
0.214790157480315
11
0.5642404330708661
21
0.204929842519685
0
LINE
8
BLACK
6
CONTINUOUS
10
0.5642404330708661
20
0.204929842519685
11
0.5575078346456693
21
0.1959361811023622
0
LINE
8
BLACK
6
CONTINUOUS
10
0.5575078346456693
20
0.1959361811023622
11
0.5495638188976378
21
0.1879921653543307
0
LINE
8
BLACK
6
CONTINUOUS
10
0.5495638188976378
20
0.1879921653543307
11
0.5405701574803149
21
0.1812595669291339
0
LINE
8
BLACK
6
CONTINUOUS
10
0.5405701574803149
20
0.1812595669291339
11
0.530709842519685
21
0.1758754330708661
0
LINE
8
BLACK
6
CONTINUOUS
10
0.530709842519685
20
0.1758754330708661
11
0.5201836614173229
21
0.1719493700787401
0
LINE
8
BLACK
6
CONTINUOUS
10
0.5201836614173229
20
0.1719493700787401
11
0.509205905511811
21
0.1695612992125984
0
LINE
8
BLACK
6
CONTINUOUS
10
0.509205905511811
20
0.1695612992125984
11
0.498
21
0.168759842519685
0
LINE
8
BLACK
6
CONTINUOUS
10
0.498
20
0.168759842519685
11
0.4867940944881889
21
0.1695612992125984
0
LINE
8
BLACK
6
CONTINUOUS
10
0.4867940944881889
20
0.1695612992125984
11
0.4758163385826771
21
0.1719493700787401
0
LINE
8
BLACK
6
CONTINUOUS
10
0.4758163385826771
20
0.1719493700787401
11
0.4652901574803149
21
0.1758754330708661
0
LINE
8
BLACK
6
CONTINUOUS
10
0.4652901574803149
20
0.1758754330708661
11
0.455429842519685
21
0.1812595669291339
0
LINE
8
BLACK
6
CONTINUOUS
10
0.455429842519685
20
0.1812595669291339
11
0.4464361811023622
21
0.1879921653543307
0
LINE
8
BLACK
6
CONTINUOUS
10
0.4464361811023622
20
0.1879921653543307
11
0.4384921653543307
21
0.1959361811023622
0
LINE
8
BLACK
6
CONTINUOUS
10
0.4384921653543307
20
0.1959361811023622
11
0.4317595669291339
21
0.204929842519685
0
LINE
8
BLACK
6
CONTINUOUS
10
0.4317595669291339
20
0.204929842519685
11
0.4263754330708661
21
0.214790157480315
0
LINE
8
BLACK
6
CONTINUOUS
10
0.4263754330708661
20
0.214790157480315
11
0.4224493700787402
21
0.2253163385826772
0
LINE
8
BLACK
6
CONTINUOUS
10
0.4224493700787402
20
0.2253163385826772
11
0.4200612992125984
21
0.236294094488189
0
LINE
8
BLACK
6
CONTINUOUS
10
0.4200612992125984
20
0.236294094488189
11
0.419259842519685
21
0.2475
0
LINE
8
BLACK
6
CONTINUOUS
10
0.419259842519685
20
0.2475
11
0.4200612992125984
21
0.258705905511811
0
LINE
8
BLACK
6
CONTINUOUS
10
0.4200612992125984
20
0.258705905511811
11
0.4224493700787402
21
0.2696836614173228
0
LINE
8
BLACK
6
CONTINUOUS
10
0.4224493700787402
20
0.2696836614173228
11
0.4263754330708661
21
0.2802098425196851
0
LINE
8
BLACK
6
CONTINUOUS
10
0.4263754330708661
20
0.2802098425196851
11
0.4317595669291339
21
0.2900701574803149
0
LINE
8
BLACK
6
CONTINUOUS
10
0.4317595669291339
20
0.2900701574803149
11
0.4384921653543307
21
0.2990638188976378
0
LINE
8
BLACK
6
CONTINUOUS
10
0.4384921653543307
20
0.2990638188976378
11
0.4464361811023622
21
0.3070078346456693
0
LINE
8
BLACK
6
CONTINUOUS
10
0.4464361811023622
20
0.3070078346456693
11
0.455429842519685
21
0.3137404330708661
0
LINE
8
BLACK
6
CONTINUOUS
10
0.455429842519685
20
0.3137404330708661
11
0.4652901574803149
21
0.3191245669291338
0
LINE
8
BLACK
6
CONTINUOUS
10
0.4652901574803149
20
0.3191245669291338
11
0.4758163385826771
21
0.3230506299212598
0
LINE
8
BLACK
6
CONTINUOUS
10
0.4758163385826771
20
0.3230506299212598
11
0.4867940944881889
21
0.3254387007874016
0
LINE
8
BLACK
6
CONTINUOUS
10
0.4867940944881889
20
0.3254387007874016
11
0.498
21
0.3262401574803149
0
LINE
8
BLACK
6
CONTINUOUS
10
0.498
20
0.3262401574803149
11
0.509205905511811
21
0.3254387007874016
0
LINE
8
BLACK
6
CONTINUOUS
10
0.909205905511811
20
0.3254387007874016
11
0.9201836614173228
21
0.3230506299212598
0
LINE
8
BLACK
6
CONTINUOUS
10
0.9201836614173228
20
0.3230506299212598
11
0.930709842519685
21
0.3191245669291338
0
LINE
8
BLACK
6
CONTINUOUS
10
0.930709842519685
20
0.3191245669291338
11
0.9405701574803149
21
0.3137404330708661
0
LINE
8
BLACK
6
CONTINUOUS
10
0.9405701574803149
20
0.3137404330708661
11
0.9495638188976377
21
0.3070078346456693
0
LINE
8
BLACK
6
CONTINUOUS
10
0.9495638188976377
20
0.3070078346456693
11
0.9575078346456692
21
0.2990638188976378
0
LINE
8
BLACK
6
CONTINUOUS
10
0.9575078346456692
20
0.2990638188976378
11
0.9642404330708662
21
0.2900701574803149
0
LINE
8
BLACK
6
CONTINUOUS
10
0.9642404330708662
20
0.2900701574803149
11
0.9696245669291338
21
0.2802098425196851
0
LINE
8
BLACK
6
CONTINUOUS
10
0.9696245669291338
20
0.2802098425196851
11
0.9735506299212598
21
0.2696836614173228
0
LINE
8
BLACK
6
CONTINUOUS
10
0.9735506299212598
20
0.2696836614173228
11
0.9759387007874015
21
0.258705905511811
0
LINE
8
BLACK
6
CONTINUOUS
10
0.9759387007874015
20
0.258705905511811
11
0.976740157480315
21
0.2475
0
LINE
8
BLACK
6
CONTINUOUS
10
0.976740157480315
20
0.2475
11
0.9759387007874015
21
0.236294094488189
0
LINE
8
BLACK
6
CONTINUOUS
10
0.9759387007874015
20
0.236294094488189
11
0.9735506299212598
21
0.2253163385826772
0
LINE
8
BLACK
6
CONTINUOUS
10
0.9735506299212598
20
0.2253163385826772
11
0.9696245669291338
21
0.214790157480315
0
LINE
8
BLACK
6
CONTINUOUS
10
0.9696245669291338
20
0.214790157480315
11
0.9642404330708662
21
0.204929842519685
0
LINE
8
BLACK
6
CONTINUOUS
10
0.9642404330708662
20
0.204929842519685
11
0.9575078346456692
21
0.1959361811023622
0
LINE
8
BLACK
6
CONTINUOUS
10
0.9575078346456692
20
0.1959361811023622
11
0.9495638188976377
21
0.1879921653543307
0
LINE
8
BLACK
6
CONTINUOUS
10
0.9495638188976377
20
0.1879921653543307
11
0.9405701574803149
21
0.1812595669291339
0
LINE
8
BLACK
6
CONTINUOUS
10
0.9405701574803149
20
0.1812595669291339
11
0.930709842519685
21
0.1758754330708661
0
LINE
8
BLACK
6
CONTINUOUS
10
0.930709842519685
20
0.1758754330708661
11
0.9201836614173228
21
0.1719493700787401
0
LINE
8
BLACK
6
CONTINUOUS
10
0.9201836614173228
20
0.1719493700787401
11
0.909205905511811
21
0.1695612992125984
0
LINE
8
BLACK
6
CONTINUOUS
10
0.909205905511811
20
0.1695612992125984
11
0.898
21
0.168759842519685
0
LINE
8
BLACK
6
CONTINUOUS
10
0.898
20
0.168759842519685
11
0.8867940944881889
21
0.1695612992125984
0
LINE
8
BLACK
6
CONTINUOUS
10
0.8867940944881889
20
0.1695612992125984
11
0.8758163385826772
21
0.1719493700787401
0
LINE
8
BLACK
6
CONTINUOUS
10
0.8758163385826772
20
0.1719493700787401
11
0.8652901574803149
21
0.1758754330708661
0
LINE
8
BLACK
6
CONTINUOUS
10
0.8652901574803149
20
0.1758754330708661
11
0.855429842519685
21
0.1812595669291339
0
LINE
8
BLACK
6
CONTINUOUS
10
0.855429842519685
20
0.1812595669291339
11
0.8464361811023622
21
0.1879921653543307
0
LINE
8
BLACK
6
CONTINUOUS
10
0.8464361811023622
20
0.1879921653543307
11
0.8384921653543307
21
0.1959361811023622
0
LINE
8
BLACK
6
CONTINUOUS
10
0.8384921653543307
20
0.1959361811023622
11
0.8317595669291339
21
0.204929842519685
0
LINE
8
BLACK
6
CONTINUOUS
10
0.8317595669291339
20
0.204929842519685
11
0.8263754330708661
21
0.214790157480315
0
LINE
8
BLACK
6
CONTINUOUS
10
0.8263754330708661
20
0.214790157480315
11
0.8224493700787402
21
0.2253163385826772
0
LINE
8
BLACK
6
CONTINUOUS
10
0.8224493700787402
20
0.2253163385826772
11
0.8200612992125984
21
0.236294094488189
0
LINE
8
BLACK
6
CONTINUOUS
10
0.8200612992125984
20
0.236294094488189
11
0.819259842519685
21
0.2475
0
LINE
8
BLACK
6
CONTINUOUS
10
0.819259842519685
20
0.2475
11
0.8200612992125984
21
0.258705905511811
0
LINE
8
BLACK
6
CONTINUOUS
10
0.8200612992125984
20
0.258705905511811
11
0.8224493700787402
21
0.2696836614173228
0
LINE
8
BLACK
6
CONTINUOUS
10
0.8224493700787402
20
0.2696836614173228
11
0.8263754330708661
21
0.2802098425196851
0
LINE
8
BLACK
6
CONTINUOUS
10
0.8263754330708661
20
0.2802098425196851
11
0.8317595669291339
21
0.2900701574803149
0
LINE
8
BLACK
6
CONTINUOUS
10
0.8317595669291339
20
0.2900701574803149
11
0.8384921653543307
21
0.2990638188976378
0
LINE
8
BLACK
6
CONTINUOUS
10
0.8384921653543307
20
0.2990638188976378
11
0.8464361811023622
21
0.3070078346456693
0
LINE
8
BLACK
6
CONTINUOUS
10
0.8464361811023622
20
0.3070078346456693
11
0.855429842519685
21
0.3137404330708661
0
LINE
8
BLACK
6
CONTINUOUS
10
0.855429842519685
20
0.3137404330708661
11
0.8652901574803149
21
0.3191245669291338
0
LINE
8
BLACK
6
CONTINUOUS
10
0.8652901574803149
20
0.3191245669291338
11
0.8758163385826772
21
0.3230506299212598
0
LINE
8
BLACK
6
CONTINUOUS
10
0.8758163385826772
20
0.3230506299212598
11
0.8867940944881889
21
0.3254387007874016
0
LINE
8
BLACK
6
CONTINUOUS
10
0.8867940944881889
20
0.3254387007874016
11
0.898
21
0.3262401574803149
0
LINE
8
BLACK
6
CONTINUOUS
10
0.898
20
0.3262401574803149
11
0.909205905511811
21
0.3254387007874016
0
LINE
8
BLACK
6
CONTINUOUS
10
1.1092059055118111
20
0.3254387007874016
11
1.1201836614173228
21
0.3230506299212598
0
LINE
8
BLACK
6
CONTINUOUS
10
1.1201836614173228
20
0.3230506299212598
11
1.1307098425196851
21
0.3191245669291338
0
LINE
8
BLACK
6
CONTINUOUS
10
1.1307098425196851
20
0.3191245669291338
11
1.1405701574803149
21
0.3137404330708661
0
LINE
8
BLACK
6
CONTINUOUS
10
1.1405701574803149
20
0.3137404330708661
11
1.1495638188976378
21
0.3070078346456693
0
LINE
8
BLACK
6
CONTINUOUS
10
1.1495638188976378
20
0.3070078346456693
11
1.1575078346456693
21
0.2990638188976378
0
LINE
8
BLACK
6
CONTINUOUS
10
1.1575078346456693
20
0.2990638188976378
11
1.1642404330708662
21
0.2900701574803149
0
LINE
8
BLACK
6
CONTINUOUS
10
1.1642404330708662
20
0.2900701574803149
11
1.1696245669291339
21
0.2802098425196851
0
LINE
8
BLACK
6
CONTINUOUS
10
1.1696245669291339
20
0.2802098425196851
11
1.1735506299212599
21
0.2696836614173228
0
LINE
8
BLACK
6
CONTINUOUS
10
1.1735506299212599
20
0.2696836614173228
11
1.1759387007874016
21
0.258705905511811
0
LINE
8
BLACK
6
CONTINUOUS
10
1.1759387007874016
20
0.258705905511811
11
1.1767401574803149
21
0.2475
0
LINE
8
BLACK
6
CONTINUOUS
10
1.1767401574803149
20
0.2475
11
1.1759387007874016
21
0.236294094488189
0
LINE
8
BLACK
6
CONTINUOUS
10
1.1759387007874016
20
0.236294094488189
11
1.1735506299212599
21
0.2253163385826772
0
LINE
8
BLACK
6
CONTINUOUS
10
1.1735506299212599
20
0.2253163385826772
11
1.1696245669291339
21
0.214790157480315
0
LINE
8
BLACK
6
CONTINUOUS
10
1.1696245669291339
20
0.214790157480315
11
1.1642404330708662
21
0.204929842519685
0
LINE
8
BLACK
6
CONTINUOUS
10
1.1642404330708662
20
0.204929842519685
11
1.1575078346456693
21
0.1959361811023622
0
LINE
8
BLACK
6
CONTINUOUS
10
1.1575078346456693
20
0.1959361811023622
11
1.1495638188976378
21
0.1879921653543307
0
LINE
8
BLACK
6
CONTINUOUS
10
1.1495638188976378
20
0.1879921653543307
11
1.1405701574803149
21
0.1812595669291339
0
LINE
8
BLACK
6
CONTINUOUS
10
1.1405701574803149
20
0.1812595669291339
11
1.1307098425196851
21
0.1758754330708661
0
LINE
8
BLACK
6
CONTINUOUS
10
1.1307098425196851
20
0.1758754330708661
11
1.1201836614173228
21
0.1719493700787401
0
LINE
8
BLACK
6
CONTINUOUS
10
1.1201836614173228
20
0.1719493700787401
11
1.1092059055118111
21
0.1695612992125984
0
LINE
8
BLACK
6
CONTINUOUS
10
1.1092059055118111
20
0.1695612992125984
11
1.0979999999999999
21
0.168759842519685
0
LINE
8
BLACK
6
CONTINUOUS
10
1.0979999999999999
20
0.168759842519685
11
1.0867940944881889
21
0.1695612992125984
0
LINE
8
BLACK
6
CONTINUOUS
10
1.0867940944881889
20
0.1695612992125984
11
1.0758163385826771
21
0.1719493700787401
0
LINE
8
BLACK
6
CONTINUOUS
10
1.0758163385826771
20
0.1719493700787401
11
1.0652901574803149
21
0.1758754330708661
0
LINE
8
BLACK
6
CONTINUOUS
10
1.0652901574803149
20
0.1758754330708661
11
1.0554298425196851
21
0.1812595669291339
0
LINE
8
BLACK
6
CONTINUOUS
10
1.0554298425196851
20
0.1812595669291339
11
1.0464361811023621
21
0.1879921653543307
0
LINE
8
BLACK
6
CONTINUOUS
10
1.0464361811023621
20
0.1879921653543307
11
1.0384921653543306
21
0.1959361811023622
0
LINE
8
BLACK
6
CONTINUOUS
10
1.0384921653543306
20
0.1959361811023622
11
1.0317595669291337
21
0.204929842519685
0
LINE
8
BLACK
6
CONTINUOUS
10
1.0317595669291337
20
0.204929842519685
11
1.0263754330708661
21
0.214790157480315
0
LINE
8
BLACK
6
CONTINUOUS
10
1.0263754330708661
20
0.214790157480315
11
1.02244937007874
21
0.2253163385826772
0
LINE
8
BLACK
6
CONTINUOUS
10
1.02244937007874
20
0.2253163385826772
11
1.0200612992125984
21
0.236294094488189
0
LINE
8
BLACK
6
CONTINUOUS
10
1.0200612992125984
20
0.236294094488189
11
1.019259842519685
21
0.2475
0
LINE
8
BLACK
6
CONTINUOUS
10
1.019259842519685
20
0.2475
11
1.0200612992125984
21
0.258705905511811
0
LINE
8
BLACK
6
CONTINUOUS
10
1.0200612992125984
20
0.258705905511811
11
1.02244937007874
21
0.2696836614173228
0
LINE
8
BLACK
6
CONTINUOUS
10
1.02244937007874
20
0.2696836614173228
11
1.0263754330708661
21
0.2802098425196851
0
LINE
8
BLACK
6
CONTINUOUS
10
1.0263754330708661
20
0.2802098425196851
11
1.0317595669291337
21
0.2900701574803149
0
LINE
8
BLACK
6
CONTINUOUS
10
1.0317595669291337
20
0.2900701574803149
11
1.0384921653543306
21
0.2990638188976378
0
LINE
8
BLACK
6
CONTINUOUS
10
1.0384921653543306
20
0.2990638188976378
11
1.0464361811023621
21
0.3070078346456693
0
LINE
8
BLACK
6
CONTINUOUS
10
1.0464361811023621
20
0.3070078346456693
11
1.0554298425196851
21
0.3137404330708661
0
LINE
8
BLACK
6
CONTINUOUS
10
1.0554298425196851
20
0.3137404330708661
11
1.0652901574803149
21
0.3191245669291338
0
LINE
8
BLACK
6
CONTINUOUS
10
1.0652901574803149
20
0.3191245669291338
11
1.0758163385826771
21
0.3230506299212598
0
LINE
8
BLACK
6
CONTINUOUS
10
1.0758163385826771
20
0.3230506299212598
11
1.0867940944881889
21
0.3254387007874016
0
LINE
8
BLACK
6
CONTINUOUS
10
1.0867940944881889
20
0.3254387007874016
11
1.0979999999999999
21
0.3262401574803149
0
LINE
8
BLACK
6
CONTINUOUS
10
1.0979999999999999
20
0.3262401574803149
11
1.1092059055118111
21
0.3254387007874016
0
LINE
8
BLACK
6
CONTINUOUS
10
1.509205905511811
20
0.3254387007874016
11
1.5201836614173228
21
0.3230506299212598
0
LINE
8
BLACK
6
CONTINUOUS
10
1.5201836614173228
20
0.3230506299212598
11
1.530709842519685
21
0.3191245669291338
0
LINE
8
BLACK
6
CONTINUOUS
10
1.530709842519685
20
0.3191245669291338
11
1.540570157480315
21
0.3137404330708661
0
LINE
8
BLACK
6
CONTINUOUS
10
1.540570157480315
20
0.3137404330708661
11
1.5495638188976377
21
0.3070078346456693
0
LINE
8
BLACK
6
CONTINUOUS
10
1.5495638188976377
20
0.3070078346456693
11
1.5575078346456692
21
0.2990638188976378
0
LINE
8
BLACK
6
CONTINUOUS
10
1.5575078346456692
20
0.2990638188976378
11
1.5642404330708661
21
0.2900701574803149
0
LINE
8
BLACK
6
CONTINUOUS
10
1.5642404330708661
20
0.2900701574803149
11
1.5696245669291338
21
0.2802098425196851
0
LINE
8
BLACK
6
CONTINUOUS
10
1.5696245669291338
20
0.2802098425196851
11
1.5735506299212598
21
0.2696836614173228
0
LINE
8
BLACK
6
CONTINUOUS
10
1.5735506299212598
20
0.2696836614173228
11
1.5759387007874015
21
0.258705905511811
0
LINE
8
BLACK
6
CONTINUOUS
10
1.5759387007874015
20
0.258705905511811
11
1.5767401574803148
21
0.2475
0
LINE
8
BLACK
6
CONTINUOUS
10
1.5767401574803148
20
0.2475
11
1.5759387007874015
21
0.236294094488189
0
LINE
8
BLACK
6
CONTINUOUS
10
1.5759387007874015
20
0.236294094488189
11
1.5735506299212598
21
0.2253163385826772
0
LINE
8
BLACK
6
CONTINUOUS
10
1.5735506299212598
20
0.2253163385826772
11
1.5696245669291338
21
0.214790157480315
0
LINE
8
BLACK
6
CONTINUOUS
10
1.5696245669291338
20
0.214790157480315
11
1.5642404330708661
21
0.204929842519685
0
LINE
8
BLACK
6
CONTINUOUS
10
1.5642404330708661
20
0.204929842519685
11
1.5575078346456692
21
0.1959361811023622
0
LINE
8
BLACK
6
CONTINUOUS
10
1.5575078346456692
20
0.1959361811023622
11
1.5495638188976377
21
0.1879921653543307
0
LINE
8
BLACK
6
CONTINUOUS
10
1.5495638188976377
20
0.1879921653543307
11
1.540570157480315
21
0.1812595669291339
0
LINE
8
BLACK
6
CONTINUOUS
10
1.540570157480315
20
0.1812595669291339
11
1.530709842519685
21
0.1758754330708661
0
LINE
8
BLACK
6
CONTINUOUS
10
1.530709842519685
20
0.1758754330708661
11
1.5201836614173228
21
0.1719493700787401
0
LINE
8
BLACK
6
CONTINUOUS
10
1.5201836614173228
20
0.1719493700787401
11
1.509205905511811
21
0.1695612992125984
0
LINE
8
BLACK
6
CONTINUOUS
10
1.509205905511811
20
0.1695612992125984
11
1.498
21
0.168759842519685
0
LINE
8
BLACK
6
CONTINUOUS
10
1.498
20
0.168759842519685
11
1.486794094488189
21
0.1695612992125984
0
LINE
8
BLACK
6
CONTINUOUS
10
1.486794094488189
20
0.1695612992125984
11
1.475816338582677
21
0.1719493700787401
0
LINE
8
BLACK
6
CONTINUOUS
10
1.475816338582677
20
0.1719493700787401
11
1.465290157480315
21
0.1758754330708661
0
LINE
8
BLACK
6
CONTINUOUS
10
1.465290157480315
20
0.1758754330708661
11
1.455429842519685
21
0.1812595669291339
0
LINE
8
BLACK
6
CONTINUOUS
10
1.455429842519685
20
0.1812595669291339
11
1.4464361811023623
21
0.1879921653543307
0
LINE
8
BLACK
6
CONTINUOUS
10
1.4464361811023623
20
0.1879921653543307
11
1.4384921653543308
21
0.1959361811023622
0
LINE
8
BLACK
6
CONTINUOUS
10
1.4384921653543308
20
0.1959361811023622
11
1.4317595669291339
21
0.204929842519685
0
LINE
8
BLACK
6
CONTINUOUS
10
1.4317595669291339
20
0.204929842519685
11
1.426375433070866
21
0.214790157480315
0
LINE
8
BLACK
6
CONTINUOUS
10
1.426375433070866
20
0.214790157480315
11
1.4224493700787402
21
0.2253163385826772
0
LINE
8
BLACK
6
CONTINUOUS
10
1.4224493700787402
20
0.2253163385826772
11
1.4200612992125985
21
0.236294094488189
0
LINE
8
BLACK
6
CONTINUOUS
10
1.4200612992125985
20
0.236294094488189
11
1.419259842519685
21
0.2475
0
LINE
8
BLACK
6
CONTINUOUS
10
1.419259842519685
20
0.2475
11
1.4200612992125985
21
0.258705905511811
0
LINE
8
BLACK
6
CONTINUOUS
10
1.4200612992125985
20
0.258705905511811
11
1.4224493700787402
21
0.2696836614173228
0
LINE
8
BLACK
6
CONTINUOUS
10
1.4224493700787402
20
0.2696836614173228
11
1.426375433070866
21
0.2802098425196851
0
LINE
8
BLACK
6
CONTINUOUS
10
1.426375433070866
20
0.2802098425196851
11
1.4317595669291339
21
0.2900701574803149
0
LINE
8
BLACK
6
CONTINUOUS
10
1.4317595669291339
20
0.2900701574803149
11
1.4384921653543308
21
0.2990638188976378
0
LINE
8
BLACK
6
CONTINUOUS
10
1.4384921653543308
20
0.2990638188976378
11
1.4464361811023623
21
0.3070078346456693
0
LINE
8
BLACK
6
CONTINUOUS
10
1.4464361811023623
20
0.3070078346456693
11
1.455429842519685
21
0.3137404330708661
0
LINE
8
BLACK
6
CONTINUOUS
10
1.455429842519685
20
0.3137404330708661
11
1.465290157480315
21
0.3191245669291338
0
LINE
8
BLACK
6
CONTINUOUS
10
1.465290157480315
20
0.3191245669291338
11
1.475816338582677
21
0.3230506299212598
0
LINE
8
BLACK
6
CONTINUOUS
10
1.475816338582677
20
0.3230506299212598
11
1.486794094488189
21
0.3254387007874016
0
LINE
8
BLACK
6
CONTINUOUS
10
1.486794094488189
20
0.3254387007874016
11
1.498
21
0.3262401574803149
0
LINE
8
BLACK
6
CONTINUOUS
10
1.498
20
0.3262401574803149
11
1.509205905511811
21
0.3254387007874016
0
LINE
8
BLACK
6
CONTINUOUS
10
0.531224251968504
20
0.6955541338582677
11
0.5324635433070866
21
0.6955541338582677
0
LINE
8
BLACK
6
CONTINUOUS
10
0.5324635433070866
20
0.6955541338582677
11
0.5336421653543307
21
0.6951711811023622
0
LINE
8
BLACK
6
CONTINUOUS
10
0.5336421653543307
20
0.6951711811023622
11
0.5348664173228347
21
0.6949772834645669
0
LINE
8
BLACK
6
CONTINUOUS
10
0.5348664173228347
20
0.6949772834645669
11
0.535970748031496
21
0.6944145669291338
0
LINE
8
BLACK
6
CONTINUOUS
10
0.535970748031496
20
0.6944145669291338
11
0.5371494488188976
21
0.6940316141732283
0
LINE
8
BLACK
6
CONTINUOUS
10
0.5371494488188976
20
0.6940316141732283
11
0.538152125984252
21
0.6933030708661417
0
LINE
8
BLACK
6
CONTINUOUS
10
0.538152125984252
20
0.6933030708661417
11
0.5392564566929133
21
0.6927404330708661
0
LINE
8
BLACK
6
CONTINUOUS
10
0.5392564566929133
20
0.6927404330708661
11
0.5401327952755905
21
0.6918640551181102
0
LINE
8
BLACK
6
CONTINUOUS
10
0.5401327952755905
20
0.6918640551181102
11
0.5411355511811023
21
0.6911355511811024
0
LINE
8
BLACK
6
CONTINUOUS
10
0.5411355511811023
20
0.6911355511811024
11
0.5418640551181102
21
0.6901327952755906
0
LINE
8
BLACK
6
CONTINUOUS
10
0.5418640551181102
20
0.6901327952755906
11
0.5427404330708662
21
0.6892564566929134
0
LINE
8
BLACK
6
CONTINUOUS
10
0.5427404330708662
20
0.6892564566929134
11
0.5433030708661417
21
0.6881521259842519
0
LINE
8
BLACK
6
CONTINUOUS
10
0.5433030708661417
20
0.6881521259842519
11
0.5440316141732283
21
0.6871494488188976
0
LINE
8
BLACK
6
CONTINUOUS
10
0.5440316141732283
20
0.6871494488188976
11
0.5444145669291338
21
0.685970748031496
0
LINE
8
BLACK
6
CONTINUOUS
10
0.5444145669291338
20
0.685970748031496
11
0.5449772834645669
21
0.6848664173228346
0
LINE
8
BLACK
6
CONTINUOUS
10
0.5449772834645669
20
0.6848664173228346
11
0.5451711811023622
21
0.6836421653543306
0
LINE
8
BLACK
6
CONTINUOUS
10
0.5451711811023622
20
0.6836421653543306
11
0.5455541338582677
21
0.6824635433070866
0
LINE
8
BLACK
6
CONTINUOUS
10
0.5455541338582677
20
0.6824635433070866
11
0.5455541338582677
21
0.6812242125984251
0
LINE
8
BLACK
6
CONTINUOUS
10
0.5455541338582677
20
0.6812242125984251
11
0.545748031496063
21
0.6799999999999999
0
LINE
8
BLACK
6
CONTINUOUS
10
0.545748031496063
20
0.6799999999999999
11
0.5455541338582677
21
0.6787757480314961
0
LINE
8
BLACK
6
CONTINUOUS
10
0.5455541338582677
20
0.6787757480314961
11
0.5455541338582677
21
0.6775364566929134
0
LINE
8
BLACK
6
CONTINUOUS
10
0.5455541338582677
20
0.6775364566929134
11
0.5451711811023622
21
0.6763577952755906
0
LINE
8
BLACK
6
CONTINUOUS
10
0.5451711811023622
20
0.6763577952755906
11
0.5449772834645669
21
0.6751335826771654
0
LINE
8
BLACK
6
CONTINUOUS
10
0.5449772834645669
20
0.6751335826771654
11
0.5444145669291338
21
0.6740292125984252
0
LINE
8
BLACK
6
CONTINUOUS
10
0.5444145669291338
20
0.6740292125984252
11
0.5440316141732283
21
0.6728505511811024
0
LINE
8
BLACK
6
CONTINUOUS
10
0.5440316141732283
20
0.6728505511811024
11
0.5433030708661417
21
0.6718478346456693
0
LINE
8
BLACK
6
CONTINUOUS
10
0.5433030708661417
20
0.6718478346456693
11
0.5427404330708662
21
0.6707435433070866
0
LINE
8
BLACK
6
CONTINUOUS
10
0.5427404330708662
20
0.6707435433070866
11
0.5418640551181102
21
0.6698671653543307
0
LINE
8
BLACK
6
CONTINUOUS
10
0.5418640551181102
20
0.6698671653543307
11
0.5411355511811023
21
0.6688644488188976
0
LINE
8
BLACK
6
CONTINUOUS
10
0.5411355511811023
20
0.6688644488188976
11
0.5209465354330709
21
0.6486754330708662
0
LINE
8
BLACK
6
CONTINUOUS
10
0.5209465354330709
20
0.6486754330708662
11
0.495748031496063
21
0.6234769291338582
0
LINE
8
BLACK
6
CONTINUOUS
10
0.495748031496063
20
0.6234769291338582
11
0.495748031496063
21
0.446523031496063
0
LINE
8
BLACK
6
CONTINUOUS
10
0.495748031496063
20
0.446523031496063
11
0.5766607874015748
21
0.3656102755905511
0
LINE
8
BLACK
6
CONTINUOUS
10
0.5766607874015748
20
0.3656102755905511
11
0.7070551181102362
21
0.3656102755905511
0
LINE
8
BLACK
6
CONTINUOUS
10
0.7070551181102362
20
0.3656102755905511
11
0.7070551181102362
21
0.4618848818897638
0
LINE
8
BLACK
6
CONTINUOUS
10
0.7070551181102362
20
0.4618848818897638
11
0.7009303149606299
21
0.4651586614173228
0
LINE
8
BLACK
6
CONTINUOUS
10
0.7009303149606299
20
0.4651586614173228
11
0.6949642913385826
21
0.470054842519685
0
LINE
8
BLACK
6
CONTINUOUS
10
0.6949642913385826
20
0.470054842519685
11
0.6900681102362205
21
0.4760208661417323
0
LINE
8
BLACK
6
CONTINUOUS
10
0.6900681102362205
20
0.4760208661417323
11
0.6864299212598425
21
0.4828274409448819
0
LINE
8
BLACK
6
CONTINUOUS
10
0.6864299212598425
20
0.4828274409448819
11
0.6841895669291338
21
0.4902129921259842
0
LINE
8
BLACK
6
CONTINUOUS
10
0.6841895669291338
20
0.4902129921259842
11
0.6834330708661417
21
0.4978937007874016
0
LINE
8
BLACK
6
CONTINUOUS
10
0.6834330708661417
20
0.4978937007874016
11
0.6841895669291338
21
0.5055744094488189
0
LINE
8
BLACK
6
CONTINUOUS
10
0.6841895669291338
20
0.5055744094488189
11
0.6864299212598425
21
0.5129599606299212
0
LINE
8
BLACK
6
CONTINUOUS
10
0.6864299212598425
20
0.5129599606299212
11
0.6900681102362205
21
0.5197665354330708
0
LINE
8
BLACK
6
CONTINUOUS
10
0.6900681102362205
20
0.5197665354330708
11
0.6949642913385826
21
0.5257325590551181
0
LINE
8
BLACK
6
CONTINUOUS
10
0.6949642913385826
20
0.5257325590551181
11
0.7009303149606299
21
0.5306287401574803
0
LINE
8
BLACK
6
CONTINUOUS
10
0.7009303149606299
20
0.5306287401574803
11
0.7077368897637795
21
0.5342669291338582
0
LINE
8
BLACK
6
CONTINUOUS
10
0.7077368897637795
20
0.5342669291338582
11
0.7151224409448819
21
0.5365072834645669
0
LINE
8
BLACK
6
CONTINUOUS
10
0.7151224409448819
20
0.5365072834645669
11
0.7228031496062992
21
0.537263779527559
0
LINE
8
BLACK
6
CONTINUOUS
10
0.7228031496062992
20
0.537263779527559
11
0.7304838582677166
21
0.5365072834645669
0
LINE
8
BLACK
6
CONTINUOUS
10
0.7304838582677166
20
0.5365072834645669
11
0.7378694094488188
21
0.5342669291338582
0
LINE
8
BLACK
6
CONTINUOUS
10
0.7378694094488188
20
0.5342669291338582
11
0.7446759842519685
21
0.5306287401574803
0
LINE
8
BLACK
6
CONTINUOUS
10
0.7446759842519685
20
0.5306287401574803
11
0.7506420078740157
21
0.5257325590551181
0
LINE
8
BLACK
6
CONTINUOUS
10
0.7506420078740157
20
0.5257325590551181
11
0.7555381889763779
21
0.5197665354330708
0
LINE
8
BLACK
6
CONTINUOUS
10
0.7555381889763779
20
0.5197665354330708
11
0.7591763779527559
21
0.5129599606299212
0
LINE
8
BLACK
6
CONTINUOUS
10
0.7591763779527559
20
0.5129599606299212
11
0.7614167322834645
21
0.5055744094488189
0
LINE
8
BLACK
6
CONTINUOUS
10
0.7614167322834645
20
0.5055744094488189
11
0.7621732283464566
21
0.4978937007874016
0
LINE
8
BLACK
6
CONTINUOUS
10
0.7621732283464566
20
0.4978937007874016
11
0.7614167322834645
21
0.4902129921259842
0
LINE
8
BLACK
6
CONTINUOUS
10
0.7614167322834645
20
0.4902129921259842
11
0.7591763779527559
21
0.4828274409448819
0
LINE
8
BLACK
6
CONTINUOUS
10
0.7591763779527559
20
0.4828274409448819
11
0.7555381889763779
21
0.4760208661417323
0
LINE
8
BLACK
6
CONTINUOUS
10
0.7555381889763779
20
0.4760208661417323
11
0.7506420078740157
21
0.470054842519685
0
LINE
8
BLACK
6
CONTINUOUS
10
0.7506420078740157
20
0.470054842519685
11
0.7446759842519685
21
0.4651586614173228
0
LINE
8
BLACK
6
CONTINUOUS
10
0.7446759842519685
20
0.4651586614173228
11
0.7385511811023622
21
0.4618848818897638
0
LINE
8
BLACK
6
CONTINUOUS
10
0.7385511811023622
20
0.4618848818897638
11
0.7385511811023622
21
0.3656102755905511
0
LINE
8
BLACK
6
CONTINUOUS
10
0.7385511811023622
20
0.3656102755905511
11
1.0081889763779528
21
0.3656102755905511
0
LINE
8
BLACK
6
CONTINUOUS
10
1.0081889763779528
20
0.3656102755905511
11
1.0081889763779528
21
0.4438588582677165
0
LINE
8
BLACK
6
CONTINUOUS
10
1.0081889763779528
20
0.4438588582677165
11
1.0081889763779528
21
0.4559440551181102
0
LINE
8
BLACK
6
CONTINUOUS
10
1.0081889763779528
20
0.4559440551181102
11
1.0072595669291338
21
0.4568734645669291
0
LINE
8
BLACK
6
CONTINUOUS
10
1.0072595669291338
20
0.4568734645669291
11
1.0050227165354331
21
0.4612635039370079
0
LINE
8
BLACK
6
CONTINUOUS
10
1.0050227165354331
20
0.4612635039370079
11
1.0042519685039371
21
0.4661299212598425
0
LINE
8
BLACK
6
CONTINUOUS
10
1.0042519685039371
20
0.4661299212598425
11
1.0050227165354331
21
0.4709963385826771
0
LINE
8
BLACK
6
CONTINUOUS
10
1.0050227165354331
20
0.4709963385826771
11
1.0072595669291338
21
0.4753863779527559
0
LINE
8
BLACK
6
CONTINUOUS
10
1.0072595669291338
20
0.4753863779527559
11
1.0107435433070866
21
0.4788703543307086
0
LINE
8
BLACK
6
CONTINUOUS
10
1.0107435433070866
20
0.4788703543307086
11
1.0151335826771652
21
0.4811072047244094
0
LINE
8
BLACK
6
CONTINUOUS
10
1.0151335826771652
20
0.4811072047244094
11
1.02
21
0.4818779527559055
0
LINE
8
BLACK
6
CONTINUOUS
10
1.02
20
0.4818779527559055
11
1.0248664173228346
21
0.4811072047244094
0
LINE
8
BLACK
6
CONTINUOUS
10
1.0248664173228346
20
0.4811072047244094
11
1.0292564566929134
21
0.4788703543307086
0
LINE
8
BLACK
6
CONTINUOUS
10
1.0292564566929134
20
0.4788703543307086
11
1.032740433070866
21
0.4753863779527559
0
LINE
8
BLACK
6
CONTINUOUS
10
1.032740433070866
20
0.4753863779527559
11
1.034977283464567
21
0.4709963385826771
0
LINE
8
BLACK
6
CONTINUOUS
10
1.034977283464567
20
0.4709963385826771
11
1.035748031496063
21
0.4661299212598425
0
LINE
8
BLACK
6
CONTINUOUS
10
1.035748031496063
20
0.4661299212598425
11
1.034977283464567
21
0.4612635039370079
0
LINE
8
BLACK
6
CONTINUOUS
10
1.034977283464567
20
0.4612635039370079
11
1.032740433070866
21
0.4568734645669291
0
LINE
8
BLACK
6
CONTINUOUS
10
1.032740433070866
20
0.4568734645669291
11
1.0318110236220472
21
0.4559440551181102
0
LINE
8
BLACK
6
CONTINUOUS
10
1.0318110236220472
20
0.4559440551181102
11
1.0318110236220472
21
0.4438588582677165
0
LINE
8
BLACK
6
CONTINUOUS
10
1.0318110236220472
20
0.4438588582677165
11
1.0318110236220472
21
0.3656102755905511
0
LINE
8
BLACK
6
CONTINUOUS
10
1.0318110236220472
20
0.3656102755905511
11
1.1592679921259843
21
0.3656102755905511
0
LINE
8
BLACK
6
CONTINUOUS
10
1.1592679921259843
20
0.3656102755905511
11
1.1601377559055117
21
0.365748031496063
0
LINE
8
BLACK
6
CONTINUOUS
10
1.1601377559055117
20
0.365748031496063
11
1.3070551181102361
21
0.365748031496063
0
LINE
8
BLACK
6
CONTINUOUS
10
1.3070551181102361
20
0.365748031496063
11
1.3070551181102361
21
0.4618848818897638
0
LINE
8
BLACK
6
CONTINUOUS
10
1.3070551181102361
20
0.4618848818897638
11
1.3009303149606299
21
0.4651586614173228
0
LINE
8
BLACK
6
CONTINUOUS
10
1.3009303149606299
20
0.4651586614173228
11
1.2949642913385826
21
0.470054842519685
0
LINE
8
BLACK
6
CONTINUOUS
10
1.2949642913385826
20
0.470054842519685
11
1.2900681102362204
21
0.4760208661417323
0
LINE
8
BLACK
6
CONTINUOUS
10
1.2900681102362204
20
0.4760208661417323
11
1.2864299212598425
21
0.4828274409448819
0
LINE
8
BLACK
6
CONTINUOUS
10
1.2864299212598425
20
0.4828274409448819
11
1.2841895669291339
21
0.4902129921259842
0
LINE
8
BLACK
6
CONTINUOUS
10
1.2841895669291339
20
0.4902129921259842
11
1.2834330708661417
21
0.4978937007874016
0
LINE
8
BLACK
6
CONTINUOUS
10
1.2834330708661417
20
0.4978937007874016
11
1.2841895669291339
21
0.5055744094488189
0
LINE
8
BLACK
6
CONTINUOUS
10
1.2841895669291339
20
0.5055744094488189
11
1.2864299212598425
21
0.5129599606299212
0
LINE
8
BLACK
6
CONTINUOUS
10
1.2864299212598425
20
0.5129599606299212
11
1.2900681102362204
21
0.5197665354330708
0
LINE
8
BLACK
6
CONTINUOUS
10
1.2900681102362204
20
0.5197665354330708
11
1.2949642913385826
21
0.5257325590551181
0
LINE
8
BLACK
6
CONTINUOUS
10
1.2949642913385826
20
0.5257325590551181
11
1.3009303149606299
21
0.5306287401574803
0
LINE
8
BLACK
6
CONTINUOUS
10
1.3009303149606299
20
0.5306287401574803
11
1.3077368897637796
21
0.5342669291338582
0
LINE
8
BLACK
6
CONTINUOUS
10
1.3077368897637796
20
0.5342669291338582
11
1.3151224409448818
21
0.5365072834645669
0
LINE
8
BLACK
6
CONTINUOUS
10
1.3151224409448818
20
0.5365072834645669
11
1.3228031496062991
21
0.537263779527559
0
LINE
8
BLACK
6
CONTINUOUS
10
1.3228031496062991
20
0.537263779527559
11
1.3304838582677165
21
0.5365072834645669
0
LINE
8
BLACK
6
CONTINUOUS
10
1.3304838582677165
20
0.5365072834645669
11
1.3378694094488188
21
0.5342669291338582
0
LINE
8
BLACK
6
CONTINUOUS
10
1.3378694094488188
20
0.5342669291338582
11
1.3446759842519684
21
0.5306287401574803
0
LINE
8
BLACK
6
CONTINUOUS
10
1.3446759842519684
20
0.5306287401574803
11
1.3506420078740158
21
0.5257325590551181
0
LINE
8
BLACK
6
CONTINUOUS
10
1.3506420078740158
20
0.5257325590551181
11
1.355538188976378
21
0.5197665354330708
0
LINE
8
BLACK
6
CONTINUOUS
10
1.355538188976378
20
0.5197665354330708
11
1.3591763779527559
21
0.5129599606299212
0
LINE
8
BLACK
6
CONTINUOUS
10
1.3591763779527559
20
0.5129599606299212
11
1.3614167322834645
21
0.5055744094488189
0
LINE
8
BLACK
6
CONTINUOUS
10
1.3614167322834645
20
0.5055744094488189
11
1.3621732283464567
21
0.4978937007874016
0
LINE
8
BLACK
6
CONTINUOUS
10
1.3621732283464567
20
0.4978937007874016
11
1.3614167322834645
21
0.4902129921259842
0
LINE
8
BLACK
6
CONTINUOUS
10
1.3614167322834645
20
0.4902129921259842
11
1.3591763779527559
21
0.4828274409448819
0
LINE
8
BLACK
6
CONTINUOUS
10
1.3591763779527559
20
0.4828274409448819
11
1.355538188976378
21
0.4760208661417323
0
LINE
8
BLACK
6
CONTINUOUS
10
1.355538188976378
20
0.4760208661417323
11
1.3506420078740158
21
0.470054842519685
0
LINE
8
BLACK
6
CONTINUOUS
10
1.3506420078740158
20
0.470054842519685
11
1.3446759842519684
21
0.4651586614173228
0
LINE
8
BLACK
6
CONTINUOUS
10
1.3446759842519684
20
0.4651586614173228
11
1.3385511811023623
21
0.4618848818897638
0
LINE
8
BLACK
6
CONTINUOUS
10
1.3385511811023623
20
0.4618848818897638
11
1.3385511811023623
21
0.3656102755905511
0
LINE
8
BLACK
6
CONTINUOUS
10
1.3385511811023623
20
0.3656102755905511
11
1.6433391732283464
21
0.3656102755905511
0
LINE
8
BLACK
6
CONTINUOUS
10
1.6433391732283464
20
0.3656102755905511
11
1.72
21
0.4422711023622047
0
LINE
8
BLACK
6
CONTINUOUS
10
1.72
20
0.4422711023622047
11
1.72
21
0.48
0
LINE
8
BLACK
6
CONTINUOUS
10
1.72
20
0.48
11
1.78
21
0.48
0
LINE
8
BLACK
6
CONTINUOUS
10
1.78
20
0.48
11
1.78
21
0.42
0
LINE
8
BLACK
6
CONTINUOUS
10
1.78
20
0.42
11
1.7422711023622046
21
0.42
0
LINE
8
BLACK
6
CONTINUOUS
10
1.7422711023622046
20
0.42
11
1.6609977952755905
21
0.3387266929133858
0
LINE
8
BLACK
6
CONTINUOUS
10
1.6609977952755905
20
0.3387266929133858
11
1.6599950393700786
21
0.3379981496062992
0
LINE
8
BLACK
6
CONTINUOUS
10
1.6599950393700786
20
0.3379981496062992
11
1.6591187007874015
21
0.337121811023622
0
LINE
8
BLACK
6
CONTINUOUS
10
1.6591187007874015
20
0.337121811023622
11
1.6580143700787402
21
0.3365591338582677
0
LINE
8
BLACK
6
CONTINUOUS
10
1.6580143700787402
20
0.3365591338582677
11
1.6570116929133858
21
0.3358306299212598
0
LINE
8
BLACK
6
CONTINUOUS
10
1.6570116929133858
20
0.3358306299212598
11
1.6558329921259842
21
0.3354476377952756
0
LINE
8
BLACK
6
CONTINUOUS
10
1.6558329921259842
20
0.3354476377952756
11
1.6547286614173229
21
0.3348849606299212
0
LINE
8
BLACK
6
CONTINUOUS
10
1.6547286614173229
20
0.3348849606299212
11
1.6535044094488189
21
0.3346910236220472
0
LINE
8
BLACK
6
CONTINUOUS
10
1.6535044094488189
20
0.3346910236220472
11
1.6523257874015749
21
0.3343081102362205
0
LINE
8
BLACK
6
CONTINUOUS
10
1.6523257874015749
20
0.3343081102362205
11
1.6510864960629921
21
0.3343081102362205
0
LINE
8
BLACK
6
CONTINUOUS
10
1.6510864960629921
20
0.3343081102362205
11
1.6498622440944881
21
0.3341142125984252
0
LINE
8
BLACK
6
CONTINUOUS
10
1.6498622440944881
20
0.3341142125984252
11
1.3200000000000001
21
0.3341142125984252
0
LINE
8
BLACK
6
CONTINUOUS
10
1.3200000000000001
20
0.3341142125984252
11
1.3191302362204724
21
0.334251968503937
0
LINE
8
BLACK
6
CONTINUOUS
10
1.3191302362204724
20
0.334251968503937
11
1.1710075196850394
21
0.334251968503937
0
LINE
8
BLACK
6
CONTINUOUS
10
1.1710075196850394
20
0.334251968503937
11
1.1701377559055117
21
0.3341142125984252
0
LINE
8
BLACK
6
CONTINUOUS
10
1.1701377559055117
20
0.3341142125984252
11
1.1599999999999999
21
0.3341142125984252
0
LINE
8
BLACK
6
CONTINUOUS
10
1.1599999999999999
20
0.3341142125984252
11
1.02
21
0.3341142125984252
0
LINE
8
BLACK
6
CONTINUOUS
10
1.02
20
0.3341142125984252
11
0.72
21
0.3341142125984252
0
LINE
8
BLACK
6
CONTINUOUS
10
0.72
20
0.3341142125984252
11
0.5701377559055117
21
0.3341142125984252
0
LINE
8
BLACK
6
CONTINUOUS
10
0.5701377559055117
20
0.3341142125984252
11
0.5689137401574803
21
0.3343080708661417
0
LINE
8
BLACK
6
CONTINUOUS
10
0.5689137401574803
20
0.3343080708661417
11
0.5676742125984252
21
0.3343080708661417
0
LINE
8
BLACK
6
CONTINUOUS
10
0.5676742125984252
20
0.3343080708661417
11
0.5664953937007874
21
0.334691062992126
0
LINE
8
BLACK
6
CONTINUOUS
10
0.5664953937007874
20
0.334691062992126
11
0.5652713385826772
21
0.3348849606299212
0
LINE
8
BLACK
6
CONTINUOUS
10
0.5652713385826772
20
0.3348849606299212
11
0.5641670078740157
21
0.3354475984251968
0
LINE
8
BLACK
6
CONTINUOUS
10
0.5641670078740157
20
0.3354475984251968
11
0.5629883070866142
21
0.3358306299212598
0
LINE
8
BLACK
6
CONTINUOUS
10
0.5629883070866142
20
0.3358306299212598
11
0.5619855905511811
21
0.336559094488189
0
LINE
8
BLACK
6
CONTINUOUS
10
0.5619855905511811
20
0.336559094488189
11
0.5608812992125984
21
0.337121811023622
0
LINE
8
BLACK
6
CONTINUOUS
10
0.5608812992125984
20
0.337121811023622
11
0.5600048425196851
21
0.3379982283464567
0
LINE
8
BLACK
6
CONTINUOUS
10
0.5600048425196851
20
0.3379982283464567
11
0.5590022440944882
21
0.3387266929133858
0
LINE
8
BLACK
6
CONTINUOUS
10
0.5590022440944882
20
0.3387266929133858
11
0.4688644488188976
21
0.4288644488188976
0
LINE
8
BLACK
6
CONTINUOUS
10
0.4688644488188976
20
0.4288644488188976
11
0.468135905511811
21
0.4298671653543307
0
LINE
8
BLACK
6
CONTINUOUS
10
0.468135905511811
20
0.4298671653543307
11
0.4672595669291338
21
0.4307435433070866
0
LINE
8
BLACK
6
CONTINUOUS
10
0.4672595669291338
20
0.4307435433070866
11
0.4666968897637795
21
0.4318478346456693
0
LINE
8
BLACK
6
CONTINUOUS
10
0.4666968897637795
20
0.4318478346456693
11
0.4659683858267716
21
0.4328505511811023
0
LINE
8
BLACK
6
CONTINUOUS
10
0.4659683858267716
20
0.4328505511811023
11
0.4655853937007874
21
0.4340292125984252
0
LINE
8
BLACK
6
CONTINUOUS
10
0.4655853937007874
20
0.4340292125984252
11
0.465022716535433
21
0.4351335826771653
0
LINE
8
BLACK
6
CONTINUOUS
10
0.465022716535433
20
0.4351335826771653
11
0.464828779527559
21
0.4363577952755905
0
LINE
8
BLACK
6
CONTINUOUS
10
0.464828779527559
20
0.4363577952755905
11
0.4644458661417323
21
0.4375364566929134
0
LINE
8
BLACK
6
CONTINUOUS
10
0.4644458661417323
20
0.4375364566929134
11
0.4644458661417323
21
0.438775748031496
0
LINE
8
BLACK
6
CONTINUOUS
10
0.4644458661417323
20
0.438775748031496
11
0.464251968503937
21
0.44
0
LINE
8
BLACK
6
CONTINUOUS
10
0.464251968503937
20
0.44
11
0.464251968503937
21
0.63
0
LINE
8
BLACK
6
CONTINUOUS
10
0.464251968503937
20
0.63
11
0.4644458661417323
21
0.6312242125984252
0
LINE
8
BLACK
6
CONTINUOUS
10
0.4644458661417323
20
0.6312242125984252
11
0.4644458661417323
21
0.6324635433070867
0
LINE
8
BLACK
6
CONTINUOUS
10
0.4644458661417323
20
0.6324635433070867
11
0.464828779527559
21
0.6336421653543307
0
LINE
8
BLACK
6
CONTINUOUS
10
0.464828779527559
20
0.6336421653543307
11
0.465022716535433
21
0.6348664173228347
0
LINE
8
BLACK
6
CONTINUOUS
10
0.465022716535433
20
0.6348664173228347
11
0.4655853937007874
21
0.635970748031496
0
LINE
8
BLACK
6
CONTINUOUS
10
0.4655853937007874
20
0.635970748031496
11
0.4659683858267716
21
0.6371494488188976
0
LINE
8
BLACK
6
CONTINUOUS
10
0.4659683858267716
20
0.6371494488188976
11
0.4666968897637795
21
0.638152125984252
0
LINE
8
BLACK
6
CONTINUOUS
10
0.4666968897637795
20
0.638152125984252
11
0.4672595669291338
21
0.6392564566929134
0
LINE
8
BLACK
6
CONTINUOUS
10
0.4672595669291338
20
0.6392564566929134
11
0.468135905511811
21
0.6401327952755905
0
LINE
8
BLACK
6
CONTINUOUS
10
0.468135905511811
20
0.6401327952755905
11
0.4688644488188976
21
0.6411355511811023
0
LINE
8
BLACK
6
CONTINUOUS
10
0.4688644488188976
20
0.6411355511811023
11
0.4986754330708661
21
0.6709465354330708
0
LINE
8
BLACK
6
CONTINUOUS
10
0.4986754330708661
20
0.6709465354330708
11
0.5188644488188976
21
0.6911355511811024
0
LINE
8
BLACK
6
CONTINUOUS
10
0.5188644488188976
20
0.6911355511811024
11
0.5198671653543308
21
0.6918640551181102
0
LINE
8
BLACK
6
CONTINUOUS
10
0.5198671653543308
20
0.6918640551181102
11
0.5207435433070866
21
0.6927404330708661
0
LINE
8
BLACK
6
CONTINUOUS
10
0.5207435433070866
20
0.6927404330708661
11
0.5218478346456693
21
0.6933030708661417
0
LINE
8
BLACK
6
CONTINUOUS
10
0.5218478346456693
20
0.6933030708661417
11
0.5228505511811024
21
0.6940316141732283
0
LINE
8
BLACK
6
CONTINUOUS
10
0.5228505511811024
20
0.6940316141732283
11
0.5240292125984252
21
0.6944145669291338
0
LINE
8
BLACK
6
CONTINUOUS
10
0.5240292125984252
20
0.6944145669291338
11
0.5251335826771654
21
0.6949772834645669
0
LINE
8
BLACK
6
CONTINUOUS
10
0.5251335826771654
20
0.6949772834645669
11
0.5263577952755906
21
0.6951711811023622
0
LINE
8
BLACK
6
CONTINUOUS
10
0.5263577952755906
20
0.6951711811023622
11
0.5275364566929134
21
0.6955541338582677
0
LINE
8
BLACK
6
CONTINUOUS
10
0.5275364566929134
20
0.6955541338582677
11
0.5287757480314961
21
0.6955541338582677
0
LINE
8
BLACK
6
CONTINUOUS
10
0.5287757480314961
20
0.6955541338582677
11
0.53
21
0.695748031496063
0
LINE
8
BLACK
6
CONTINUOUS
10
0.53
20
0.695748031496063
11
0.531224251968504
21
0.6955541338582677
0
LINE
8
BLACK
6
CONTINUOUS
10
1.2304838582677164
20
0.5365072834645669
11
1.237869409448819
21
0.5342669291338582
0
LINE
8
BLACK
6
CONTINUOUS
10
1.237869409448819
20
0.5342669291338582
11
1.2446759842519686
21
0.5306287401574803
0
LINE
8
BLACK
6
CONTINUOUS
10
1.2446759842519686
20
0.5306287401574803
11
1.2506420078740157
21
0.5257325590551181
0
LINE
8
BLACK
6
CONTINUOUS
10
1.2506420078740157
20
0.5257325590551181
11
1.2555381889763779
21
0.5197665354330708
0
LINE
8
BLACK
6
CONTINUOUS
10
1.2555381889763779
20
0.5197665354330708
11
1.2591763779527558
21
0.5129599606299212
0
LINE
8
BLACK
6
CONTINUOUS
10
1.2591763779527558
20
0.5129599606299212
11
1.2614167322834646
21
0.5055744094488189
0
LINE
8
BLACK
6
CONTINUOUS
10
1.2614167322834646
20
0.5055744094488189
11
1.2621732283464566
21
0.4978937007874016
0
LINE
8
BLACK
6
CONTINUOUS
10
1.2621732283464566
20
0.4978937007874016
11
1.2614167322834646
21
0.4902129921259842
0
LINE
8
BLACK
6
CONTINUOUS
10
1.2614167322834646
20
0.4902129921259842
11
1.2591763779527558
21
0.4828274409448819
0
LINE
8
BLACK
6
CONTINUOUS
10
1.2591763779527558
20
0.4828274409448819
11
1.2555381889763779
21
0.4760208661417323
0
LINE
8
BLACK
6
CONTINUOUS
10
1.2555381889763779
20
0.4760208661417323
11
1.2506420078740157
21
0.470054842519685
0
LINE
8
BLACK
6
CONTINUOUS
10
1.2506420078740157
20
0.470054842519685
11
1.2446759842519686
21
0.4651586614173228
0
LINE
8
BLACK
6
CONTINUOUS
10
1.2446759842519686
20
0.4651586614173228
11
1.237869409448819
21
0.4615204724409449
0
LINE
8
BLACK
6
CONTINUOUS
10
1.237869409448819
20
0.4615204724409449
11
1.2346141732283464
21
0.4605329921259843
0
LINE
8
BLACK
6
CONTINUOUS
10
1.2346141732283464
20
0.4605329921259843
11
1.2346141732283464
21
0.4093827952755905
0
LINE
8
BLACK
6
CONTINUOUS
10
1.2346141732283464
20
0.4093827952755905
11
1.2367405118110235
21
0.4072564566929134
0
LINE
8
BLACK
6
CONTINUOUS
10
1.2367405118110235
20
0.4072564566929134
11
1.2389773622047244
21
0.4028664173228346
0
LINE
8
BLACK
6
CONTINUOUS
10
1.2389773622047244
20
0.4028664173228346
11
1.2397481102362204
21
0.398
0
LINE
8
BLACK
6
CONTINUOUS
10
1.2397481102362204
20
0.398
11
1.2389773622047244
21
0.3931335826771654
0
LINE
8
BLACK
6
CONTINUOUS
10
1.2389773622047244
20
0.3931335826771654
11
1.2367405118110235
21
0.3887435433070866
0
LINE
8
BLACK
6
CONTINUOUS
10
1.2367405118110235
20
0.3887435433070866
11
1.2332565354330709
21
0.3852595669291338
0
LINE
8
BLACK
6
CONTINUOUS
10
1.2332565354330709
20
0.3852595669291338
11
1.228866496062992
21
0.3830227165354331
0
LINE
8
BLACK
6
CONTINUOUS
10
1.228866496062992
20
0.3830227165354331
11
1.2240000787401575
21
0.382251968503937
0
LINE
8
BLACK
6
CONTINUOUS
10
1.2240000787401575
20
0.382251968503937
11
1.2191336614173227
21
0.3830227165354331
0
LINE
8
BLACK
6
CONTINUOUS
10
1.2191336614173227
20
0.3830227165354331
11
1.2147436220472441
21
0.3852595669291338
0
LINE
8
BLACK
6
CONTINUOUS
10
1.2147436220472441
20
0.3852595669291338
11
1.2112596456692912
21
0.3887435433070866
0
LINE
8
BLACK
6
CONTINUOUS
10
1.2112596456692912
20
0.3887435433070866
11
1.2090227952755905
21
0.3931335826771654
0
LINE
8
BLACK
6
CONTINUOUS
10
1.2090227952755905
20
0.3931335826771654
11
1.2082520472440945
21
0.398
0
LINE
8
BLACK
6
CONTINUOUS
10
1.2082520472440945
20
0.398
11
1.2090227952755905
21
0.4028664173228346
0
LINE
8
BLACK
6
CONTINUOUS
10
1.2090227952755905
20
0.4028664173228346
11
1.210992125984252
21
0.4067314173228346
0
LINE
8
BLACK
6
CONTINUOUS
10
1.210992125984252
20
0.4067314173228346
11
1.210992125984252
21
0.4605329921259843
0
LINE
8
BLACK
6
CONTINUOUS
10
1.210992125984252
20
0.4605329921259843
11
1.2077368897637795
21
0.4615204724409449
0
LINE
8
BLACK
6
CONTINUOUS
10
1.2077368897637795
20
0.4615204724409449
11
1.2009303149606299
21
0.4651586614173228
0
LINE
8
BLACK
6
CONTINUOUS
10
1.2009303149606299
20
0.4651586614173228
11
1.1949642913385827
21
0.470054842519685
0
LINE
8
BLACK
6
CONTINUOUS
10
1.1949642913385827
20
0.470054842519685
11
1.1900681102362205
21
0.4760208661417323
0
LINE
8
BLACK
6
CONTINUOUS
10
1.1900681102362205
20
0.4760208661417323
11
1.1864299212598426
21
0.4828274409448819
0
LINE
8
BLACK
6
CONTINUOUS
10
1.1864299212598426
20
0.4828274409448819
11
1.1841895669291338
21
0.4902129921259842
0
LINE
8
BLACK
6
CONTINUOUS
10
1.1841895669291338
20
0.4902129921259842
11
1.1834330708661418
21
0.4978937007874016
0
LINE
8
BLACK
6
CONTINUOUS
10
1.1834330708661418
20
0.4978937007874016
11
1.1841895669291338
21
0.5055744094488189
0
LINE
8
BLACK
6
CONTINUOUS
10
1.1841895669291338
20
0.5055744094488189
11
1.1864299212598426
21
0.5129599606299212
0
LINE
8
BLACK
6
CONTINUOUS
10
1.1864299212598426
20
0.5129599606299212
11
1.1900681102362205
21
0.5197665354330708
0
LINE
8
BLACK
6
CONTINUOUS
10
1.1900681102362205
20
0.5197665354330708
11
1.1949642913385827
21
0.5257325590551181
0
LINE
8
BLACK
6
CONTINUOUS
10
1.1949642913385827
20
0.5257325590551181
11
1.2009303149606299
21
0.5306287401574803
0
LINE
8
BLACK
6
CONTINUOUS
10
1.2009303149606299
20
0.5306287401574803
11
1.2077368897637795
21
0.5342669291338582
0
LINE
8
BLACK
6
CONTINUOUS
10
1.2077368897637795
20
0.5342669291338582
11
1.2151224409448818
21
0.5365072834645669
0
LINE
8
BLACK
6
CONTINUOUS
10
1.2151224409448818
20
0.5365072834645669
11
1.2228031496062992
21
0.537263779527559
0
LINE
8
BLACK
6
CONTINUOUS
10
1.2228031496062992
20
0.537263779527559
11
1.2304838582677164
21
0.5365072834645669
0
LINE
8
BLACK
6
CONTINUOUS
10
0.6304838582677165
20
0.5365072834645669
11
0.6378694094488189
21
0.5342669291338582
0
LINE
8
BLACK
6
CONTINUOUS
10
0.6378694094488189
20
0.5342669291338582
11
0.6446759842519685
21
0.5306287401574803
0
LINE
8
BLACK
6
CONTINUOUS
10
0.6446759842519685
20
0.5306287401574803
11
0.6506420078740157
21
0.5257325590551181
0
LINE
8
BLACK
6
CONTINUOUS
10
0.6506420078740157
20
0.5257325590551181
11
0.6555381889763779
21
0.5197665354330708
0
LINE
8
BLACK
6
CONTINUOUS
10
0.6555381889763779
20
0.5197665354330708
11
0.6591763779527559
21
0.5129599606299212
0
LINE
8
BLACK
6
CONTINUOUS
10
0.6591763779527559
20
0.5129599606299212
11
0.6614167322834645
21
0.5055744094488189
0
LINE
8
BLACK
6
CONTINUOUS
10
0.6614167322834645
20
0.5055744094488189
11
0.6621732283464566
21
0.4978937007874016
0
LINE
8
BLACK
6
CONTINUOUS
10
0.6621732283464566
20
0.4978937007874016
11
0.6614167322834645
21
0.4902129921259842
0
LINE
8
BLACK
6
CONTINUOUS
10
0.6614167322834645
20
0.4902129921259842
11
0.6591763779527559
21
0.4828274409448819
0
LINE
8
BLACK
6
CONTINUOUS
10
0.6591763779527559
20
0.4828274409448819
11
0.6555381889763779
21
0.4760208661417323
0
LINE
8
BLACK
6
CONTINUOUS
10
0.6555381889763779
20
0.4760208661417323
11
0.6506420078740157
21
0.470054842519685
0
LINE
8
BLACK
6
CONTINUOUS
10
0.6506420078740157
20
0.470054842519685
11
0.6446759842519685
21
0.4651586614173228
0
LINE
8
BLACK
6
CONTINUOUS
10
0.6446759842519685
20
0.4651586614173228
11
0.6378694094488189
21
0.4615204724409449
0
LINE
8
BLACK
6
CONTINUOUS
10
0.6378694094488189
20
0.4615204724409449
11
0.6304838582677165
21
0.4592801181102362
0
LINE
8
BLACK
6
CONTINUOUS
10
0.6304838582677165
20
0.4592801181102362
11
0.6228031496062992
21
0.4585236220472441
0
LINE
8
BLACK
6
CONTINUOUS
10
0.6228031496062992
20
0.4585236220472441
11
0.6151224409448819
21
0.4592801181102362
0
LINE
8
BLACK
6
CONTINUOUS
10
0.6151224409448819
20
0.4592801181102362
11
0.6077368897637795
21
0.4615204724409449
0
LINE
8
BLACK
6
CONTINUOUS
10
0.6077368897637795
20
0.4615204724409449
11
0.6009303149606299
21
0.4651586614173228
0
LINE
8
BLACK
6
CONTINUOUS
10
0.6009303149606299
20
0.4651586614173228
11
0.5949642913385826
21
0.470054842519685
0
LINE
8
BLACK
6
CONTINUOUS
10
0.5949642913385826
20
0.470054842519685
11
0.5900681102362204
21
0.4760208661417323
0
LINE
8
BLACK
6
CONTINUOUS
10
0.5900681102362204
20
0.4760208661417323
11
0.5864299212598425
21
0.4828274409448819
0
LINE
8
BLACK
6
CONTINUOUS
10
0.5864299212598425
20
0.4828274409448819
11
0.5841895669291338
21
0.4902129921259842
0
LINE
8
BLACK
6
CONTINUOUS
10
0.5841895669291338
20
0.4902129921259842
11
0.5834330708661417
21
0.4978937007874016
0
LINE
8
BLACK
6
CONTINUOUS
10
0.5834330708661417
20
0.4978937007874016
11
0.5841895669291338
21
0.5055744094488189
0
LINE
8
BLACK
6
CONTINUOUS
10
0.5841895669291338
20
0.5055744094488189
11
0.5864299212598425
21
0.5129599606299212
0
LINE
8
BLACK
6
CONTINUOUS
10
0.5864299212598425
20
0.5129599606299212
11
0.5900681102362204
21
0.5197665354330708
0
LINE
8
BLACK
6
CONTINUOUS
10
0.5900681102362204
20
0.5197665354330708
11
0.5949642913385826
21
0.5257325590551181
0
LINE
8
BLACK
6
CONTINUOUS
10
0.5949642913385826
20
0.5257325590551181
11
0.6009303149606299
21
0.5306287401574803
0
LINE
8
BLACK
6
CONTINUOUS
10
0.6009303149606299
20
0.5306287401574803
11
0.6077368897637795
21
0.5342669291338582
0
LINE
8
BLACK
6
CONTINUOUS
10
0.6077368897637795
20
0.5342669291338582
11
0.6151224409448819
21
0.5365072834645669
0
LINE
8
BLACK
6
CONTINUOUS
10
0.6151224409448819
20
0.5365072834645669
11
0.6228031496062992
21
0.537263779527559
0
LINE
8
BLACK
6
CONTINUOUS
10
0.6228031496062992
20
0.537263779527559
11
0.6304838582677165
21
0.5365072834645669
0
LINE
8
BLACK
6
CONTINUOUS
10
0.8304838582677165
20
0.5365072834645669
11
0.8378694094488188
21
0.5342669291338582
0
LINE
8
BLACK
6
CONTINUOUS
10
0.8378694094488188
20
0.5342669291338582
11
0.8446759842519684
21
0.5306287401574803
0
LINE
8
BLACK
6
CONTINUOUS
10
0.8446759842519684
20
0.5306287401574803
11
0.8506420078740158
21
0.5257325590551181
0
LINE
8
BLACK
6
CONTINUOUS
10
0.8506420078740158
20
0.5257325590551181
11
0.8555381889763779
21
0.5197665354330708
0
LINE
8
BLACK
6
CONTINUOUS
10
0.8555381889763779
20
0.5197665354330708
11
0.8591763779527559
21
0.5129599606299212
0
LINE
8
BLACK
6
CONTINUOUS
10
0.8591763779527559
20
0.5129599606299212
11
0.8614167322834645
21
0.5055744094488189
0
LINE
8
BLACK
6
CONTINUOUS
10
0.8614167322834645
20
0.5055744094488189
11
0.8621732283464567
21
0.4978937007874016
0
LINE
8
BLACK
6
CONTINUOUS
10
0.8621732283464567
20
0.4978937007874016
11
0.8614167322834645
21
0.4902129921259842
0
LINE
8
BLACK
6
CONTINUOUS
10
0.8614167322834645
20
0.4902129921259842
11
0.8591763779527559
21
0.4828274409448819
0
LINE
8
BLACK
6
CONTINUOUS
10
0.8591763779527559
20
0.4828274409448819
11
0.8555381889763779
21
0.4760208661417323
0
LINE
8
BLACK
6
CONTINUOUS
10
0.8555381889763779
20
0.4760208661417323
11
0.8506420078740158
21
0.470054842519685
0
LINE
8
BLACK
6
CONTINUOUS
10
0.8506420078740158
20
0.470054842519685
11
0.8446759842519684
21
0.4651586614173228
0
LINE
8
BLACK
6
CONTINUOUS
10
0.8446759842519684
20
0.4651586614173228
11
0.8378694094488188
21
0.4615204724409449
0
LINE
8
BLACK
6
CONTINUOUS
10
0.8378694094488188
20
0.4615204724409449
11
0.8304838582677165
21
0.4592801181102362
0
LINE
8
BLACK
6
CONTINUOUS
10
0.8304838582677165
20
0.4592801181102362
11
0.8228031496062992
21
0.4585236220472441
0
LINE
8
BLACK
6
CONTINUOUS
10
0.8228031496062992
20
0.4585236220472441
11
0.8151224409448818
21
0.4592801181102362
0
LINE
8
BLACK
6
CONTINUOUS
10
0.8151224409448818
20
0.4592801181102362
11
0.8077368897637796
21
0.4615204724409449
0
LINE
8
BLACK
6
CONTINUOUS
10
0.8077368897637796
20
0.4615204724409449
11
0.8009303149606299
21
0.4651586614173228
0
LINE
8
BLACK
6
CONTINUOUS
10
0.8009303149606299
20
0.4651586614173228
11
0.7949642913385827
21
0.470054842519685
0
LINE
8
BLACK
6
CONTINUOUS
10
0.7949642913385827
20
0.470054842519685
11
0.7900681102362205
21
0.4760208661417323
0
LINE
8
BLACK
6
CONTINUOUS
10
0.7900681102362205
20
0.4760208661417323
11
0.7864299212598425
21
0.4828274409448819
0
LINE
8
BLACK
6
CONTINUOUS
10
0.7864299212598425
20
0.4828274409448819
11
0.7841895669291339
21
0.4902129921259842
0
LINE
8
BLACK
6
CONTINUOUS
10
0.7841895669291339
20
0.4902129921259842
11
0.7834330708661417
21
0.4978937007874016
0
LINE
8
BLACK
6
CONTINUOUS
10
0.7834330708661417
20
0.4978937007874016
11
0.7841895669291339
21
0.5055744094488189
0
LINE
8
BLACK
6
CONTINUOUS
10
0.7841895669291339
20
0.5055744094488189
11
0.7864299212598425
21
0.5129599606299212
0
LINE
8
BLACK
6
CONTINUOUS
10
0.7864299212598425
20
0.5129599606299212
11
0.7900681102362205
21
0.5197665354330708
0
LINE
8
BLACK
6
CONTINUOUS
10
0.7900681102362205
20
0.5197665354330708
11
0.7949642913385827
21
0.5257325590551181
0
LINE
8
BLACK
6
CONTINUOUS
10
0.7949642913385827
20
0.5257325590551181
11
0.8009303149606299
21
0.5306287401574803
0
LINE
8
BLACK
6
CONTINUOUS
10
0.8009303149606299
20
0.5306287401574803
11
0.8077368897637796
21
0.5342669291338582
0
LINE
8
BLACK
6
CONTINUOUS
10
0.8077368897637796
20
0.5342669291338582
11
0.8151224409448818
21
0.5365072834645669
0
LINE
8
BLACK
6
CONTINUOUS
10
0.8151224409448818
20
0.5365072834645669
11
0.8228031496062992
21
0.537263779527559
0
LINE
8
BLACK
6
CONTINUOUS
10
0.8228031496062992
20
0.537263779527559
11
0.8304838582677165
21
0.5365072834645669
0
LINE
8
BLACK
6
CONTINUOUS
10
1.4548664173228345
20
0.654977283464567
11
1.4592564566929134
21
0.6527404330708662
0
LINE
8
BLACK
6
CONTINUOUS
10
1.4592564566929134
20
0.6527404330708662
11
1.4627404330708662
21
0.6492564566929133
0
LINE
8
BLACK
6
CONTINUOUS
10
1.4627404330708662
20
0.6492564566929133
11
1.4649772834645669
21
0.6448664173228347
0
LINE
8
BLACK
6
CONTINUOUS
10
1.4649772834645669
20
0.6448664173228347
11
1.4657480314960629
21
0.64
0
LINE
8
BLACK
6
CONTINUOUS
10
1.4657480314960629
20
0.64
11
1.4649772834645669
21
0.6351335826771654
0
LINE
8
BLACK
6
CONTINUOUS
10
1.4649772834645669
20
0.6351335826771654
11
1.4627404330708662
21
0.6307435433070866
0
LINE
8
BLACK
6
CONTINUOUS
10
1.4627404330708662
20
0.6307435433070866
11
1.4618110236220472
21
0.6298141338582677
0
LINE
8
BLACK
6
CONTINUOUS
10
1.4618110236220472
20
0.6298141338582677
11
1.4618110236220472
21
0.5250905511811024
0
LINE
8
BLACK
6
CONTINUOUS
10
1.4618110236220472
20
0.5250905511811024
11
1.4617756299212599
21
0.5247086614173229
0
LINE
8
BLACK
6
CONTINUOUS
10
1.4617756299212599
20
0.5247086614173229
11
1.4617984645669291
21
0.5245450787401574
0
LINE
8
BLACK
6
CONTINUOUS
10
1.4617984645669291
20
0.5245450787401574
11
1.4617357480314961
21
0.5242785826771653
0
LINE
8
BLACK
6
CONTINUOUS
10
1.4617357480314961
20
0.5242785826771653
11
1.4616099212598426
21
0.5229202755905512
0
LINE
8
BLACK
6
CONTINUOUS
10
1.4616099212598426
20
0.5229202755905512
11
1.4611170472440944
21
0.5216480708661417
0
LINE
8
BLACK
6
CONTINUOUS
10
1.4611170472440944
20
0.5216480708661417
11
1.4608046456692914
21
0.5203198031496062
0
LINE
8
BLACK
6
CONTINUOUS
10
1.4608046456692914
20
0.5203198031496062
11
1.4603393307086614
21
0.5196405511811023
0
LINE
8
BLACK
6
CONTINUOUS
10
1.4603393307086614
20
0.5196405511811023
11
1.4600419291338582
21
0.5188728346456692
0
LINE
8
BLACK
6
CONTINUOUS
10
1.4600419291338582
20
0.5188728346456692
11
1.459122716535433
21
0.5178645275590551
0
LINE
8
BLACK
6
CONTINUOUS
10
1.459122716535433
20
0.5178645275590551
11
1.458351653543307
21
0.5167388976377952
0
LINE
8
BLACK
6
CONTINUOUS
10
1.458351653543307
20
0.5167388976377952
11
1.4575727952755906
21
0.5159600393700787
0
LINE
8
BLACK
6
CONTINUOUS
10
1.4575727952755906
20
0.5159600393700787
11
1.4591763779527558
21
0.5129599606299212
0
LINE
8
BLACK
6
CONTINUOUS
10
1.4591763779527558
20
0.5129599606299212
11
1.4614167322834646
21
0.5055744094488189
0
LINE
8
BLACK
6
CONTINUOUS
10
1.4614167322834646
20
0.5055744094488189
11
1.4621732283464566
21
0.4978937007874016
0
LINE
8
BLACK
6
CONTINUOUS
10
1.4621732283464566
20
0.4978937007874016
11
1.4614167322834646
21
0.4902129921259842
0
LINE
8
BLACK
6
CONTINUOUS
10
1.4614167322834646
20
0.4902129921259842
11
1.4591763779527558
21
0.4828274409448819
0
LINE
8
BLACK
6
CONTINUOUS
10
1.4591763779527558
20
0.4828274409448819
11
1.4555381889763779
21
0.4760208661417323
0
LINE
8
BLACK
6
CONTINUOUS
10
1.4555381889763779
20
0.4760208661417323
11
1.4506420078740156
21
0.470054842519685
0
LINE
8
BLACK
6
CONTINUOUS
10
1.4506420078740156
20
0.470054842519685
11
1.4446759842519685
21
0.4651586614173228
0
LINE
8
BLACK
6
CONTINUOUS
10
1.4446759842519685
20
0.4651586614173228
11
1.4378694094488189
21
0.4615204724409449
0
LINE
8
BLACK
6
CONTINUOUS
10
1.4378694094488189
20
0.4615204724409449
11
1.4304838582677164
21
0.4592801181102362
0
LINE
8
BLACK
6
CONTINUOUS
10
1.4304838582677164
20
0.4592801181102362
11
1.4228031496062992
21
0.4585236220472441
0
LINE
8
BLACK
6
CONTINUOUS
10
1.4228031496062992
20
0.4585236220472441
11
1.4151224409448819
21
0.4592801181102362
0
LINE
8
BLACK
6
CONTINUOUS
10
1.4151224409448819
20
0.4592801181102362
11
1.4077368897637794
21
0.4615204724409449
0
LINE
8
BLACK
6
CONTINUOUS
10
1.4077368897637794
20
0.4615204724409449
11
1.4009303149606298
21
0.4651586614173228
0
LINE
8
BLACK
6
CONTINUOUS
10
1.4009303149606298
20
0.4651586614173228
11
1.3949642913385827
21
0.470054842519685
0
LINE
8
BLACK
6
CONTINUOUS
10
1.3949642913385827
20
0.470054842519685
11
1.3900681102362205
21
0.4760208661417323
0
LINE
8
BLACK
6
CONTINUOUS
10
1.3900681102362205
20
0.4760208661417323
11
1.3864299212598425
21
0.4828274409448819
0
LINE
8
BLACK
6
CONTINUOUS
10
1.3864299212598425
20
0.4828274409448819
11
1.3841895669291338
21
0.4902129921259842
0
LINE
8
BLACK
6
CONTINUOUS
10
1.3841895669291338
20
0.4902129921259842
11
1.3834330708661418
21
0.4978937007874016
0
LINE
8
BLACK
6
CONTINUOUS
10
1.3834330708661418
20
0.4978937007874016
11
1.3841895669291338
21
0.5055744094488189
0
LINE
8
BLACK
6
CONTINUOUS
10
1.3841895669291338
20
0.5055744094488189
11
1.3864299212598425
21
0.5129599606299212
0
LINE
8
BLACK
6
CONTINUOUS
10
1.3864299212598425
20
0.5129599606299212
11
1.3900681102362205
21
0.5197665354330708
0
LINE
8
BLACK
6
CONTINUOUS
10
1.3900681102362205
20
0.5197665354330708
11
1.3949642913385827
21
0.5257325590551181
0
LINE
8
BLACK
6
CONTINUOUS
10
1.3949642913385827
20
0.5257325590551181
11
1.4009303149606298
21
0.5306287401574803
0
LINE
8
BLACK
6
CONTINUOUS
10
1.4009303149606298
20
0.5306287401574803
11
1.4077368897637794
21
0.5342669291338582
0
LINE
8
BLACK
6
CONTINUOUS
10
1.4077368897637794
20
0.5342669291338582
11
1.4151224409448819
21
0.5365072834645669
0
LINE
8
BLACK
6
CONTINUOUS
10
1.4151224409448819
20
0.5365072834645669
11
1.4228031496062992
21
0.537263779527559
0
LINE
8
BLACK
6
CONTINUOUS
10
1.4228031496062992
20
0.537263779527559
11
1.4304838582677164
21
0.5365072834645669
0
LINE
8
BLACK
6
CONTINUOUS
10
1.4304838582677164
20
0.5365072834645669
11
1.4378694094488189
21
0.5342669291338582
0
LINE
8
BLACK
6
CONTINUOUS
10
1.4378694094488189
20
0.5342669291338582
11
1.4381889763779527
21
0.5340961023622047
0
LINE
8
BLACK
6
CONTINUOUS
10
1.4381889763779527
20
0.5340961023622047
11
1.4381889763779527
21
0.6298141338582677
0
LINE
8
BLACK
6
CONTINUOUS
10
1.4381889763779527
20
0.6298141338582677
11
1.4372595669291339
21
0.6307435433070866
0
LINE
8
BLACK
6
CONTINUOUS
10
1.4372595669291339
20
0.6307435433070866
11
1.435022716535433
21
0.6351335826771654
0
LINE
8
BLACK
6
CONTINUOUS
10
1.435022716535433
20
0.6351335826771654
11
1.434251968503937
21
0.64
0
LINE
8
BLACK
6
CONTINUOUS
10
1.434251968503937
20
0.64
11
1.435022716535433
21
0.6448664173228347
0
LINE
8
BLACK
6
CONTINUOUS
10
1.435022716535433
20
0.6448664173228347
11
1.4372595669291339
21
0.6492564566929133
0
LINE
8
BLACK
6
CONTINUOUS
10
1.4372595669291339
20
0.6492564566929133
11
1.4407435433070865
21
0.6527404330708662
0
LINE
8
BLACK
6
CONTINUOUS
10
1.4407435433070865
20
0.6527404330708662
11
1.4451335826771654
21
0.654977283464567
0
LINE
8
BLACK
6
CONTINUOUS
10
1.4451335826771654
20
0.654977283464567
11
1.45
21
0.655748031496063
0
LINE
8
BLACK
6
CONTINUOUS
10
1.45
20
0.655748031496063
11
1.4548664173228345
21
0.654977283464567
0
LINE
8
BLACK
6
CONTINUOUS
10
1.4528230314960631
20
0.7017755905511811
11
1.4529864960629921
21
0.7017984251968504
0
LINE
8
BLACK
6
CONTINUOUS
10
1.4529864960629921
20
0.7017984251968504
11
1.453252716535433
21
0.7017357874015748
0
LINE
8
BLACK
6
CONTINUOUS
10
1.453252716535433
20
0.7017357874015748
11
1.4546112992125984
21
0.7016099212598425
0
LINE
8
BLACK
6
CONTINUOUS
10
1.4546112992125984
20
0.7016099212598425
11
1.4558835826771652
21
0.7011170078740158
0
LINE
8
BLACK
6
CONTINUOUS
10
1.4558835826771652
20
0.7011170078740158
11
1.4572117716535433
21
0.7008046456692913
0
LINE
8
BLACK
6
CONTINUOUS
10
1.4572117716535433
20
0.7008046456692913
11
1.4578909842519685
21
0.7003393307086614
0
LINE
8
BLACK
6
CONTINUOUS
10
1.4578909842519685
20
0.7003393307086614
11
1.4586587401574802
21
0.7000419291338582
0
LINE
8
BLACK
6
CONTINUOUS
10
1.4586587401574802
20
0.7000419291338582
11
1.4596670078740157
21
0.699122716535433
0
LINE
8
BLACK
6
CONTINUOUS
10
1.4596670078740157
20
0.699122716535433
11
1.4607926771653543
21
0.6983516535433071
0
LINE
8
BLACK
6
CONTINUOUS
10
1.4607926771653543
20
0.6983516535433071
11
1.597333307086614
21
0.5618110236220473
0
LINE
8
BLACK
6
CONTINUOUS
10
1.597333307086614
20
0.5618110236220473
11
1.72
21
0.5618110236220473
0
LINE
8
BLACK
6
CONTINUOUS
10
1.72
20
0.5618110236220473
11
1.72
21
0.58
0
LINE
8
BLACK
6
CONTINUOUS
10
1.72
20
0.58
11
1.78
21
0.58
0
LINE
8
BLACK
6
CONTINUOUS
10
1.78
20
0.58
11
1.78
21
0.52
0
LINE
8
BLACK
6
CONTINUOUS
10
1.78
20
0.52
11
1.72
21
0.52
0
LINE
8
BLACK
6
CONTINUOUS
10
1.72
20
0.52
11
1.72
21
0.5381889763779527
0
LINE
8
BLACK
6
CONTINUOUS
10
1.72
20
0.5381889763779527
11
1.5924410236220472
21
0.5381889763779527
0
LINE
8
BLACK
6
CONTINUOUS
10
1.5924410236220472
20
0.5381889763779527
11
1.5920589763779527
21
0.5382243700787401
0
LINE
8
BLACK
6
CONTINUOUS
10
1.5920589763779527
20
0.5382243700787401
11
1.5918955511811024
21
0.5382015748031496
0
LINE
8
BLACK
6
CONTINUOUS
10
1.5918955511811024
20
0.5382015748031496
11
1.5916292913385826
21
0.5382641732283464
0
LINE
8
BLACK
6
CONTINUOUS
10
1.5916292913385826
20
0.5382641732283464
11
1.5902707480314959
21
0.5383900787401574
0
LINE
8
BLACK
6
CONTINUOUS
10
1.5902707480314959
20
0.5383900787401574
11
1.5889984251968503
21
0.5388829527559055
0
LINE
8
BLACK
6
CONTINUOUS
10
1.5889984251968503
20
0.5388829527559055
11
1.5876702755905512
21
0.5391953543307086
0
LINE
8
BLACK
6
CONTINUOUS
10
1.5876702755905512
20
0.5391953543307086
11
1.5869910236220472
21
0.5396606299212598
0
LINE
8
BLACK
6
CONTINUOUS
10
1.5869910236220472
20
0.5396606299212598
11
1.5862233070866141
21
0.5399580708661417
0
LINE
8
BLACK
6
CONTINUOUS
10
1.5862233070866141
20
0.5399580708661417
11
1.585215
21
0.5408772440944882
0
LINE
8
BLACK
6
CONTINUOUS
10
1.585215
20
0.5408772440944882
11
1.5840893700787402
21
0.5416483464566929
0
LINE
8
BLACK
6
CONTINUOUS
10
1.5840893700787402
20
0.5416483464566929
11
1.4475487401574803
21
0.6781889763779527
0
LINE
8
BLACK
6
CONTINUOUS
10
1.4475487401574803
20
0.6781889763779527
11
1.2948922834645669
21
0.6781889763779527
0
LINE
8
BLACK
6
CONTINUOUS
10
1.2948922834645669
20
0.6781889763779527
11
1.2846141732283465
21
0.6679108661417322
0
LINE
8
BLACK
6
CONTINUOUS
10
1.2846141732283465
20
0.6679108661417322
11
1.2846141732283465
21
0.6352543700787402
0
LINE
8
BLACK
6
CONTINUOUS
10
1.2846141732283465
20
0.6352543700787402
11
1.2878694094488188
21
0.6342669291338583
0
LINE
8
BLACK
6
CONTINUOUS
10
1.2878694094488188
20
0.6342669291338583
11
1.2946759842519684
21
0.6306287401574803
0
LINE
8
BLACK
6
CONTINUOUS
10
1.2946759842519684
20
0.6306287401574803
11
1.3006420078740157
21
0.625732559055118
0
LINE
8
BLACK
6
CONTINUOUS
10
1.3006420078740157
20
0.625732559055118
11
1.305538188976378
21
0.6197665354330708
0
LINE
8
BLACK
6
CONTINUOUS
10
1.305538188976378
20
0.6197665354330708
11
1.3091763779527559
21
0.6129599606299212
0
LINE
8
BLACK
6
CONTINUOUS
10
1.3091763779527559
20
0.6129599606299212
11
1.3114167322834644
21
0.6055744094488189
0
LINE
8
BLACK
6
CONTINUOUS
10
1.3114167322834644
20
0.6055744094488189
11
1.3121732283464567
21
0.5978937007874016
0
LINE
8
BLACK
6
CONTINUOUS
10
1.3121732283464567
20
0.5978937007874016
11
1.3114167322834644
21
0.5902129921259842
0
LINE
8
BLACK
6
CONTINUOUS
10
1.3114167322834644
20
0.5902129921259842
11
1.3091763779527559
21
0.5828274409448819
0
LINE
8
BLACK
6
CONTINUOUS
10
1.3091763779527559
20
0.5828274409448819
11
1.305538188976378
21
0.5760208661417323
0
LINE
8
BLACK
6
CONTINUOUS
10
1.305538188976378
20
0.5760208661417323
11
1.3006420078740157
21
0.5700548425196851
0
LINE
8
BLACK
6
CONTINUOUS
10
1.3006420078740157
20
0.5700548425196851
11
1.2946759842519684
21
0.5651586614173228
0
LINE
8
BLACK
6
CONTINUOUS
10
1.2946759842519684
20
0.5651586614173228
11
1.2878694094488188
21
0.5615204724409448
0
LINE
8
BLACK
6
CONTINUOUS
10
1.2878694094488188
20
0.5615204724409448
11
1.2804838582677165
21
0.5592801181102363
0
LINE
8
BLACK
6
CONTINUOUS
10
1.2804838582677165
20
0.5592801181102363
11
1.2728031496062993
21
0.558523622047244
0
LINE
8
BLACK
6
CONTINUOUS
10
1.2728031496062993
20
0.558523622047244
11
1.2651224409448818
21
0.5592801181102363
0
LINE
8
BLACK
6
CONTINUOUS
10
1.2651224409448818
20
0.5592801181102363
11
1.2577368897637795
21
0.5615204724409448
0
LINE
8
BLACK
6
CONTINUOUS
10
1.2577368897637795
20
0.5615204724409448
11
1.2509303149606299
21
0.5651586614173228
0
LINE
8
BLACK
6
CONTINUOUS
10
1.2509303149606299
20
0.5651586614173228
11
1.2449642913385826
21
0.5700548425196851
0
LINE
8
BLACK
6
CONTINUOUS
10
1.2449642913385826
20
0.5700548425196851
11
1.2400681102362205
21
0.5760208661417323
0
LINE
8
BLACK
6
CONTINUOUS
10
1.2400681102362205
20
0.5760208661417323
11
1.2364299212598424
21
0.5828274409448819
0
LINE
8
BLACK
6
CONTINUOUS
10
1.2364299212598424
20
0.5828274409448819
11
1.2341895669291338
21
0.5902129921259842
0
LINE
8
BLACK
6
CONTINUOUS
10
1.2341895669291338
20
0.5902129921259842
11
1.2334330708661416
21
0.5978937007874016
0
LINE
8
BLACK
6
CONTINUOUS
10
1.2334330708661416
20
0.5978937007874016
11
1.2341895669291338
21
0.6055744094488189
0
LINE
8
BLACK
6
CONTINUOUS
10
1.2341895669291338
20
0.6055744094488189
11
1.2364299212598424
21
0.6129599606299212
0
LINE
8
BLACK
6
CONTINUOUS
10
1.2364299212598424
20
0.6129599606299212
11
1.2400681102362205
21
0.6197665354330708
0
LINE
8
BLACK
6
CONTINUOUS
10
1.2400681102362205
20
0.6197665354330708
11
1.2449642913385826
21
0.625732559055118
0
LINE
8
BLACK
6
CONTINUOUS
10
1.2449642913385826
20
0.625732559055118
11
1.2509303149606299
21
0.6306287401574803
0
LINE
8
BLACK
6
CONTINUOUS
10
1.2509303149606299
20
0.6306287401574803
11
1.2577368897637795
21
0.6342669291338583
0
LINE
8
BLACK
6
CONTINUOUS
10
1.2577368897637795
20
0.6342669291338583
11
1.260992125984252
21
0.6352543700787402
0
LINE
8
BLACK
6
CONTINUOUS
10
1.260992125984252
20
0.6352543700787402
11
1.260992125984252
21
0.6728031496062992
0
LINE
8
BLACK
6
CONTINUOUS
10
1.260992125984252
20
0.6728031496062992
11
1.2610275196850393
21
0.6731851574803149
0
LINE
8
BLACK
6
CONTINUOUS
10
1.2610275196850393
20
0.6731851574803149
11
1.2610047244094489
21
0.6733486220472441
0
LINE
8
BLACK
6
CONTINUOUS
10
1.2610047244094489
20
0.6733486220472441
11
1.2610673228346456
21
0.6736148425196851
0
LINE
8
BLACK
6
CONTINUOUS
10
1.2610673228346456
20
0.6736148425196851
11
1.2611932283464566
21
0.6749734251968503
0
LINE
8
BLACK
6
CONTINUOUS
10
1.2611932283464566
20
0.6749734251968503
11
1.2616861023622048
21
0.6762457086614173
0
LINE
8
BLACK
6
CONTINUOUS
10
1.2616861023622048
20
0.6762457086614173
11
1.2619985039370079
21
0.6775738976377953
0
LINE
8
BLACK
6
CONTINUOUS
10
1.2619985039370079
20
0.6775738976377953
11
1.2624637795275591
21
0.6782531102362205
0
LINE
8
BLACK
6
CONTINUOUS
10
1.2624637795275591
20
0.6782531102362205
11
1.262761220472441
21
0.6790208661417323
0
LINE
8
BLACK
6
CONTINUOUS
10
1.262761220472441
20
0.6790208661417323
11
1.2636803937007874
21
0.6800291338582677
0
LINE
8
BLACK
6
CONTINUOUS
10
1.2636803937007874
20
0.6800291338582677
11
1.264451496062992
21
0.6811548031496063
0
LINE
8
BLACK
6
CONTINUOUS
10
1.264451496062992
20
0.6811548031496063
11
1.2816483464566928
21
0.6983516535433071
0
LINE
8
BLACK
6
CONTINUOUS
10
1.2816483464566928
20
0.6983516535433071
11
1.2819434251968505
21
0.6985966929133858
0
LINE
8
BLACK
6
CONTINUOUS
10
1.2819434251968505
20
0.6985966929133858
11
1.2820429527559054
21
0.6987284645669292
0
LINE
8
BLACK
6
CONTINUOUS
10
1.2820429527559054
20
0.6987284645669292
11
1.2822755511811024
21
0.6988724803149606
0
LINE
8
BLACK
6
CONTINUOUS
10
1.2822755511811024
20
0.6988724803149606
11
1.2833251574803148
21
0.6997440551181102
0
LINE
8
BLACK
6
CONTINUOUS
10
1.2833251574803148
20
0.6997440551181102
11
1.2845731889763778
21
0.7002951181102363
0
LINE
8
BLACK
6
CONTINUOUS
10
1.2845731889763778
20
0.7002951181102363
11
1.2857333858267717
21
0.7010134645669291
0
LINE
8
BLACK
6
CONTINUOUS
10
1.2857333858267717
20
0.7010134645669291
11
1.2865427559055118
21
0.7011647637795275
0
LINE
8
BLACK
6
CONTINUOUS
10
1.2865427559055118
20
0.7011647637795275
11
1.2872958661417322
21
0.701497283464567
0
LINE
8
BLACK
6
CONTINUOUS
10
1.2872958661417322
20
0.701497283464567
11
1.2886585826771653
21
0.7015602755905511
0
LINE
8
BLACK
6
CONTINUOUS
10
1.2886585826771653
20
0.7015602755905511
11
1.29
21
0.7018110236220473
0
LINE
8
BLACK
6
CONTINUOUS
10
1.29
20
0.7018110236220473
11
1.4524410236220473
21
0.7018110236220473
0
LINE
8
BLACK
6
CONTINUOUS
10
1.4524410236220473
20
0.7018110236220473
11
1.4528230314960631
21
0.7017755905511811
0
LINE
8
BLACK
6
CONTINUOUS
10
1.3799999999999999
20
1.02
11
1.3618110236220473
21
1.02
0
LINE
8
BLACK
6
CONTINUOUS
10
1.3618110236220473
20
1.02
11
1.3618110236220473
21
0.98
0
LINE
8
BLACK
6
CONTINUOUS
10
1.3618110236220473
20
0.98
11
1.3799999999999999
21
0.98
0
LINE
8
BLACK
6
CONTINUOUS
10
1.3799999999999999
20
0.98
11
1.3799999999999999
21
0.9199999999999999
0
LINE
8
BLACK
6
CONTINUOUS
10
1.3799999999999999
20
0.9199999999999999
11
1.3618110236220473
21
0.9199999999999999
0
LINE
8
BLACK
6
CONTINUOUS
10
1.3618110236220473
20
0.9199999999999999
11
1.3618110236220473
21
0.7618110236220472
0
LINE
8
BLACK
6
CONTINUOUS
10
1.3618110236220473
20
0.7618110236220472
11
1.72
21
0.7618110236220472
0
LINE
8
BLACK
6
CONTINUOUS
10
1.72
20
0.7618110236220472
11
1.72
21
0.78
0
LINE
8
BLACK
6
CONTINUOUS
10
1.72
20
0.78
11
1.78
21
0.78
0
LINE
8
BLACK
6
CONTINUOUS
10
1.78
20
0.78
11
1.78
21
0.72
0
LINE
8
BLACK
6
CONTINUOUS
10
1.78
20
0.72
11
1.72
21
0.72
0
LINE
8
BLACK
6
CONTINUOUS
10
1.72
20
0.72
11
1.72
21
0.7381889763779528
0
LINE
8
BLACK
6
CONTINUOUS
10
1.72
20
0.7381889763779528
11
1.3499999999999999
21
0.7381889763779528
0
LINE
8
BLACK
6
CONTINUOUS
10
1.3499999999999999
20
0.7381889763779528
11
1.2348922834645668
21
0.7381889763779528
0
LINE
8
BLACK
6
CONTINUOUS
10
1.2348922834645668
20
0.7381889763779528
11
1.1846141732283464
21
0.6879108661417322
0
LINE
8
BLACK
6
CONTINUOUS
10
1.1846141732283464
20
0.6879108661417322
11
1.1846141732283464
21
0.6352543700787402
0
LINE
8
BLACK
6
CONTINUOUS
10
1.1846141732283464
20
0.6352543700787402
11
1.1878694094488189
21
0.6342669291338583
0
LINE
8
BLACK
6
CONTINUOUS
10
1.1878694094488189
20
0.6342669291338583
11
1.1946759842519685
21
0.6306287401574803
0
LINE
8
BLACK
6
CONTINUOUS
10
1.1946759842519685
20
0.6306287401574803
11
1.2006420078740156
21
0.625732559055118
0
LINE
8
BLACK
6
CONTINUOUS
10
1.2006420078740156
20
0.625732559055118
11
1.2055381889763779
21
0.6197665354330708
0
LINE
8
BLACK
6
CONTINUOUS
10
1.2055381889763779
20
0.6197665354330708
11
1.2091763779527558
21
0.6129599606299212
0
LINE
8
BLACK
6
CONTINUOUS
10
1.2091763779527558
20
0.6129599606299212
11
1.2114167322834646
21
0.6055744094488189
0
LINE
8
BLACK
6
CONTINUOUS
10
1.2114167322834646
20
0.6055744094488189
11
1.2121732283464566
21
0.5978937007874016
0
LINE
8
BLACK
6
CONTINUOUS
10
1.2121732283464566
20
0.5978937007874016
11
1.2114167322834646
21
0.5902129921259842
0
LINE
8
BLACK
6
CONTINUOUS
10
1.2114167322834646
20
0.5902129921259842
11
1.2091763779527558
21
0.5828274409448819
0
LINE
8
BLACK
6
CONTINUOUS
10
1.2091763779527558
20
0.5828274409448819
11
1.2055381889763779
21
0.5760208661417323
0
LINE
8
BLACK
6
CONTINUOUS
10
1.2055381889763779
20
0.5760208661417323
11
1.2006420078740156
21
0.5700548425196851
0
LINE
8
BLACK
6
CONTINUOUS
10
1.2006420078740156
20
0.5700548425196851
11
1.1946759842519685
21
0.5651586614173228
0
LINE
8
BLACK
6
CONTINUOUS
10
1.1946759842519685
20
0.5651586614173228
11
1.1878694094488189
21
0.5615204724409448
0
LINE
8
BLACK
6
CONTINUOUS
10
1.1878694094488189
20
0.5615204724409448
11
1.1804838582677164
21
0.5592801181102363
0
LINE
8
BLACK
6
CONTINUOUS
10
1.1804838582677164
20
0.5592801181102363
11
1.1728031496062992
21
0.558523622047244
0
LINE
8
BLACK
6
CONTINUOUS
10
1.1728031496062992
20
0.558523622047244
11
1.1651224409448819
21
0.5592801181102363
0
LINE
8
BLACK
6
CONTINUOUS
10
1.1651224409448819
20
0.5592801181102363
11
1.1577368897637794
21
0.5615204724409448
0
LINE
8
BLACK
6
CONTINUOUS
10
1.1577368897637794
20
0.5615204724409448
11
1.1509303149606298
21
0.5651586614173228
0
LINE
8
BLACK
6
CONTINUOUS
10
1.1509303149606298
20
0.5651586614173228
11
1.1449642913385827
21
0.5700548425196851
0
LINE
8
BLACK
6
CONTINUOUS
10
1.1449642913385827
20
0.5700548425196851
11
1.1400681102362205
21
0.5760208661417323
0
LINE
8
BLACK
6
CONTINUOUS
10
1.1400681102362205
20
0.5760208661417323
11
1.1364299212598425
21
0.5828274409448819
0
LINE
8
BLACK
6
CONTINUOUS
10
1.1364299212598425
20
0.5828274409448819
11
1.1354424803149605
21
0.5860826771653543
0
LINE
8
BLACK
6
CONTINUOUS
10
1.1354424803149605
20
0.5860826771653543
11
1.0661062992125985
21
0.5860826771653543
0
LINE
8
BLACK
6
CONTINUOUS
10
1.0661062992125985
20
0.5860826771653543
11
1.065724251968504
21
0.5861180708661418
0
LINE
8
BLACK
6
CONTINUOUS
10
1.065724251968504
20
0.5861180708661418
11
1.0655608267716534
21
0.5860952755905512
0
LINE
8
BLACK
6
CONTINUOUS
10
1.0655608267716534
20
0.5860952755905512
11
1.0652945669291338
21
0.586157874015748
0
LINE
8
BLACK
6
CONTINUOUS
10
1.0652945669291338
20
0.586157874015748
11
1.0639360236220472
21
0.5862837795275591
0
LINE
8
BLACK
6
CONTINUOUS
10
1.0639360236220472
20
0.5862837795275591
11
1.0626637007874016
21
0.5867766535433071
0
LINE
8
BLACK
6
CONTINUOUS
10
1.0626637007874016
20
0.5867766535433071
11
1.0613355511811022
21
0.5870890551181103
0
LINE
8
BLACK
6
CONTINUOUS
10
1.0613355511811022
20
0.5870890551181103
11
1.0606562992125983
21
0.5875543307086614
0
LINE
8
BLACK
6
CONTINUOUS
10
1.0606562992125983
20
0.5875543307086614
11
1.0598885826771653
21
0.5878517716535433
0
LINE
8
BLACK
6
CONTINUOUS
10
1.0598885826771653
20
0.5878517716535433
11
1.0588802755905511
21
0.5887709448818897
0
LINE
8
BLACK
6
CONTINUOUS
10
1.0588802755905511
20
0.5887709448818897
11
1.0577546456692912
21
0.5895420472440944
0
LINE
8
BLACK
6
CONTINUOUS
10
1.0577546456692912
20
0.5895420472440944
11
1.0333963385826772
21
0.6139003543307087
0
LINE
8
BLACK
6
CONTINUOUS
10
1.0333963385826772
20
0.6139003543307087
11
1.0248649212598424
21
0.6224317322834646
0
LINE
8
BLACK
6
CONTINUOUS
10
1.0248649212598424
20
0.6224317322834646
11
1.0211335826771653
21
0.6230227165354331
0
LINE
8
BLACK
6
CONTINUOUS
10
1.0211335826771653
20
0.6230227165354331
11
1.0167435433070866
21
0.6252595669291339
0
LINE
8
BLACK
6
CONTINUOUS
10
1.0167435433070866
20
0.6252595669291339
11
1.0132595669291338
21
0.6287435433070866
0
LINE
8
BLACK
6
CONTINUOUS
10
1.0132595669291338
20
0.6287435433070866
11
1.0110227165354331
21
0.6331335826771654
0
LINE
8
BLACK
6
CONTINUOUS
10
1.0110227165354331
20
0.6331335826771654
11
1.0102519685039371
21
0.638
0
LINE
8
BLACK
6
CONTINUOUS
10
1.0102519685039371
20
0.638
11
1.0110227165354331
21
0.6428664173228347
0
LINE
8
BLACK
6
CONTINUOUS
10
1.0110227165354331
20
0.6428664173228347
11
1.0132595669291338
21
0.6472564566929133
0
LINE
8
BLACK
6
CONTINUOUS
10
1.0132595669291338
20
0.6472564566929133
11
1.0167435433070866
21
0.6507404330708662
0
LINE
8
BLACK
6
CONTINUOUS
10
1.0167435433070866
20
0.6507404330708662
11
1.0211335826771653
21
0.652977283464567
0
LINE
8
BLACK
6
CONTINUOUS
10
1.0211335826771653
20
0.652977283464567
11
1.026
21
0.653748031496063
0
LINE
8
BLACK
6
CONTINUOUS
10
1.026
20
0.653748031496063
11
1.0308664173228346
21
0.652977283464567
0
LINE
8
BLACK
6
CONTINUOUS
10
1.0308664173228346
20
0.652977283464567
11
1.0352564566929134
21
0.6507404330708662
0
LINE
8
BLACK
6
CONTINUOUS
10
1.0352564566929134
20
0.6507404330708662
11
1.0387404330708661
21
0.6472564566929133
0
LINE
8
BLACK
6
CONTINUOUS
10
1.0387404330708661
20
0.6472564566929133
11
1.040977283464567
21
0.6428664173228347
0
LINE
8
BLACK
6
CONTINUOUS
10
1.040977283464567
20
0.6428664173228347
11
1.0415682283464567
21
0.6391350393700788
0
LINE
8
BLACK
6
CONTINUOUS
10
1.0415682283464567
20
0.6391350393700788
11
1.0500996456692913
21
0.6306036614173228
0
LINE
8
BLACK
6
CONTINUOUS
10
1.0500996456692913
20
0.6306036614173228
11
1.0709985826771653
21
0.6097047244094488
0
LINE
8
BLACK
6
CONTINUOUS
10
1.0709985826771653
20
0.6097047244094488
11
1.1354424803149605
21
0.6097047244094488
0
LINE
8
BLACK
6
CONTINUOUS
10
1.1354424803149605
20
0.6097047244094488
11
1.1364299212598425
21
0.6129599606299212
0
LINE
8
BLACK
6
CONTINUOUS
10
1.1364299212598425
20
0.6129599606299212
11
1.1400681102362205
21
0.6197665354330708
0
LINE
8
BLACK
6
CONTINUOUS
10
1.1400681102362205
20
0.6197665354330708
11
1.1449642913385827
21
0.625732559055118
0
LINE
8
BLACK
6
CONTINUOUS
10
1.1449642913385827
20
0.625732559055118
11
1.1509303149606298
21
0.6306287401574803
0
LINE
8
BLACK
6
CONTINUOUS
10
1.1509303149606298
20
0.6306287401574803
11
1.1577368897637794
21
0.6342669291338583
0
LINE
8
BLACK
6
CONTINUOUS
10
1.1577368897637794
20
0.6342669291338583
11
1.1609921259842519
21
0.6352543700787402
0
LINE
8
BLACK
6
CONTINUOUS
10
1.1609921259842519
20
0.6352543700787402
11
1.1609921259842519
21
0.6928031496062992
0
LINE
8
BLACK
6
CONTINUOUS
10
1.1609921259842519
20
0.6928031496062992
11
1.1610275196850393
21
0.693185157480315
0
LINE
8
BLACK
6
CONTINUOUS
10
1.1610275196850393
20
0.693185157480315
11
1.1610047244094488
21
0.6933486220472441
0
LINE
8
BLACK
6
CONTINUOUS
10
1.1610047244094488
20
0.6933486220472441
11
1.1610673228346455
21
0.693614842519685
0
LINE
8
BLACK
6
CONTINUOUS
10
1.1610673228346455
20
0.693614842519685
11
1.1611932283464568
21
0.6949734251968503
0
LINE
8
BLACK
6
CONTINUOUS
10
1.1611932283464568
20
0.6949734251968503
11
1.1616861023622047
21
0.6962457086614173
0
LINE
8
BLACK
6
CONTINUOUS
10
1.1616861023622047
20
0.6962457086614173
11
1.1619985039370078
21
0.6975738976377953
0
LINE
8
BLACK
6
CONTINUOUS
10
1.1619985039370078
20
0.6975738976377953
11
1.162463779527559
21
0.6982531102362205
0
LINE
8
BLACK
6
CONTINUOUS
10
1.162463779527559
20
0.6982531102362205
11
1.1627612204724409
21
0.6990208661417323
0
LINE
8
BLACK
6
CONTINUOUS
10
1.1627612204724409
20
0.6990208661417323
11
1.1636803937007874
21
0.7000291338582677
0
LINE
8
BLACK
6
CONTINUOUS
10
1.1636803937007874
20
0.7000291338582677
11
1.1644514960629921
21
0.7011548031496063
0
LINE
8
BLACK
6
CONTINUOUS
10
1.1644514960629921
20
0.7011548031496063
11
1.221648346456693
21
0.758351653543307
0
LINE
8
BLACK
6
CONTINUOUS
10
1.221648346456693
20
0.758351653543307
11
1.2219434251968504
21
0.7585966929133858
0
LINE
8
BLACK
6
CONTINUOUS
10
1.2219434251968504
20
0.7585966929133858
11
1.2220429527559056
21
0.7587284645669291
0
LINE
8
BLACK
6
CONTINUOUS
10
1.2220429527559056
20
0.7587284645669291
11
1.2222755511811023
21
0.7588724803149606
0
LINE
8
BLACK
6
CONTINUOUS
10
1.2222755511811023
20
0.7588724803149606
11
1.223325157480315
21
0.7597440551181103
0
LINE
8
BLACK
6
CONTINUOUS
10
1.223325157480315
20
0.7597440551181103
11
1.224573188976378
21
0.7602951181102362
0
LINE
8
BLACK
6
CONTINUOUS
10
1.224573188976378
20
0.7602951181102362
11
1.2257333858267716
21
0.7610134645669291
0
LINE
8
BLACK
6
CONTINUOUS
10
1.2257333858267716
20
0.7610134645669291
11
1.2265427559055118
21
0.7611647637795276
0
LINE
8
BLACK
6
CONTINUOUS
10
1.2265427559055118
20
0.7611647637795276
11
1.2272958661417324
21
0.7614972834645669
0
LINE
8
BLACK
6
CONTINUOUS
10
1.2272958661417324
20
0.7614972834645669
11
1.2286585826771654
21
0.7615602755905512
0
LINE
8
BLACK
6
CONTINUOUS
10
1.2286585826771654
20
0.7615602755905512
11
1.23
21
0.7618110236220472
0
LINE
8
BLACK
6
CONTINUOUS
10
1.23
20
0.7618110236220472
11
1.3381889763779526
21
0.7618110236220472
0
LINE
8
BLACK
6
CONTINUOUS
10
1.3381889763779526
20
0.7618110236220472
11
1.3381889763779526
21
0.9199999999999999
0
LINE
8
BLACK
6
CONTINUOUS
10
1.3381889763779526
20
0.9199999999999999
11
1.3200000000000001
21
0.9199999999999999
0
LINE
8
BLACK
6
CONTINUOUS
10
1.3200000000000001
20
0.9199999999999999
11
1.3200000000000001
21
0.98
0
LINE
8
BLACK
6
CONTINUOUS
10
1.3200000000000001
20
0.98
11
1.3381889763779526
21
0.98
0
LINE
8
BLACK
6
CONTINUOUS
10
1.3381889763779526
20
0.98
11
1.3381889763779526
21
1.02
0
LINE
8
BLACK
6
CONTINUOUS
10
1.3381889763779526
20
1.02
11
1.3200000000000001
21
1.02
0
LINE
8
BLACK
6
CONTINUOUS
10
1.3200000000000001
20
1.02
11
1.3200000000000001
21
1.0800000000000001
0
LINE
8
BLACK
6
CONTINUOUS
10
1.3200000000000001
20
1.0800000000000001
11
1.3799999999999999
21
1.0800000000000001
0
LINE
8
BLACK
6
CONTINUOUS
10
1.3799999999999999
20
1.0800000000000001
11
1.3799999999999999
21
1.02
0
LINE
8
BLACK
6
CONTINUOUS
10
1.3804838582677166
20
0.6365072834645669
11
1.3878694094488189
21
0.6342669291338583
0
LINE
8
BLACK
6
CONTINUOUS
10
1.3878694094488189
20
0.6342669291338583
11
1.3946759842519685
21
0.6306287401574803
0
LINE
8
BLACK
6
CONTINUOUS
10
1.3946759842519685
20
0.6306287401574803
11
1.4006420078740158
21
0.625732559055118
0
LINE
8
BLACK
6
CONTINUOUS
10
1.4006420078740158
20
0.625732559055118
11
1.4055381889763778
21
0.6197665354330708
0
LINE
8
BLACK
6
CONTINUOUS
10
1.4055381889763778
20
0.6197665354330708
11
1.409176377952756
21
0.6129599606299212
0
LINE
8
BLACK
6
CONTINUOUS
10
1.409176377952756
20
0.6129599606299212
11
1.4114167322834645
21
0.6055744094488189
0
LINE
8
BLACK
6
CONTINUOUS
10
1.4114167322834645
20
0.6055744094488189
11
1.4121732283464568
21
0.5978937007874016
0
LINE
8
BLACK
6
CONTINUOUS
10
1.4121732283464568
20
0.5978937007874016
11
1.4114167322834645
21
0.5902129921259842
0
LINE
8
BLACK
6
CONTINUOUS
10
1.4114167322834645
20
0.5902129921259842
11
1.409176377952756
21
0.5828274409448819
0
LINE
8
BLACK
6
CONTINUOUS
10
1.409176377952756
20
0.5828274409448819
11
1.4055381889763778
21
0.5760208661417323
0
LINE
8
BLACK
6
CONTINUOUS
10
1.4055381889763778
20
0.5760208661417323
11
1.4006420078740158
21
0.5700548425196851
0
LINE
8
BLACK
6
CONTINUOUS
10
1.4006420078740158
20
0.5700548425196851
11
1.3946759842519685
21
0.5651586614173228
0
LINE
8
BLACK
6
CONTINUOUS
10
1.3946759842519685
20
0.5651586614173228
11
1.3878694094488189
21
0.5615204724409448
0
LINE
8
BLACK
6
CONTINUOUS
10
1.3878694094488189
20
0.5615204724409448
11
1.3804838582677166
21
0.5592801181102363
0
LINE
8
BLACK
6
CONTINUOUS
10
1.3804838582677166
20
0.5592801181102363
11
1.3728031496062991
21
0.558523622047244
0
LINE
8
BLACK
6
CONTINUOUS
10
1.3728031496062991
20
0.558523622047244
11
1.3651224409448819
21
0.5592801181102363
0
LINE
8
BLACK
6
CONTINUOUS
10
1.3651224409448819
20
0.5592801181102363
11
1.3577368897637796
21
0.5615204724409448
0
LINE
8
BLACK
6
CONTINUOUS
10
1.3577368897637796
20
0.5615204724409448
11
1.35093031496063
21
0.5651586614173228
0
LINE
8
BLACK
6
CONTINUOUS
10
1.35093031496063
20
0.5651586614173228
11
1.3449642913385826
21
0.5700548425196851
0
LINE
8
BLACK
6
CONTINUOUS
10
1.3449642913385826
20
0.5700548425196851
11
1.3400681102362204
21
0.5760208661417323
0
LINE
8
BLACK
6
CONTINUOUS
10
1.3400681102362204
20
0.5760208661417323
11
1.3364299212598425
21
0.5828274409448819
0
LINE
8
BLACK
6
CONTINUOUS
10
1.3364299212598425
20
0.5828274409448819
11
1.3341895669291339
21
0.5902129921259842
0
LINE
8
BLACK
6
CONTINUOUS
10
1.3341895669291339
20
0.5902129921259842
11
1.3334330708661417
21
0.5978937007874016
0
LINE
8
BLACK
6
CONTINUOUS
10
1.3334330708661417
20
0.5978937007874016
11
1.3341895669291339
21
0.6055744094488189
0
LINE
8
BLACK
6
CONTINUOUS
10
1.3341895669291339
20
0.6055744094488189
11
1.3364299212598425
21
0.6129599606299212
0
LINE
8
BLACK
6
CONTINUOUS
10
1.3364299212598425
20
0.6129599606299212
11
1.3400681102362204
21
0.6197665354330708
0
LINE
8
BLACK
6
CONTINUOUS
10
1.3400681102362204
20
0.6197665354330708
11
1.3449642913385826
21
0.625732559055118
0
LINE
8
BLACK
6
CONTINUOUS
10
1.3449642913385826
20
0.625732559055118
11
1.35093031496063
21
0.6306287401574803
0
LINE
8
BLACK
6
CONTINUOUS
10
1.35093031496063
20
0.6306287401574803
11
1.3577368897637796
21
0.6342669291338583
0
LINE
8
BLACK
6
CONTINUOUS
10
1.3577368897637796
20
0.6342669291338583
11
1.3651224409448819
21
0.6365072834645669
0
LINE
8
BLACK
6
CONTINUOUS
10
1.3651224409448819
20
0.6365072834645669
11
1.3728031496062991
21
0.6372637795275591
0
LINE
8
BLACK
6
CONTINUOUS
10
1.3728031496062991
20
0.6372637795275591
11
1.3804838582677166
21
0.6365072834645669
0
LINE
8
BLACK
6
CONTINUOUS
10
1.78
20
0.62
11
1.72
21
0.62
0
LINE
8
BLACK
6
CONTINUOUS
10
1.72
20
0.62
11
1.72
21
0.6799999999999999
0
LINE
8
BLACK
6
CONTINUOUS
10
1.72
20
0.6799999999999999
11
1.78
21
0.6799999999999999
0
LINE
8
BLACK
6
CONTINUOUS
10
1.78
20
0.6799999999999999
11
1.78
21
0.62
0
LINE
8
BLACK
6
CONTINUOUS
10
1.8006969291338581
20
0.7114606692913386
11
1.8008603937007874
21
0.7114835039370079
0
LINE
8
BLACK
6
CONTINUOUS
10
1.8008603937007874
20
0.7114835039370079
11
1.8011266141732283
21
0.7114208661417323
0
LINE
8
BLACK
6
CONTINUOUS
10
1.8011266141732283
20
0.7114208661417323
11
1.8024851968503937
21
0.711295
0
LINE
8
BLACK
6
CONTINUOUS
10
1.8024851968503937
20
0.711295
11
1.8037574803149605
21
0.7108020866141732
0
LINE
8
BLACK
6
CONTINUOUS
10
1.8037574803149605
20
0.7108020866141732
11
1.8050856692913386
21
0.7104897244094488
0
LINE
8
BLACK
6
CONTINUOUS
10
1.8050856692913386
20
0.7104897244094488
11
1.8057648818897638
21
0.7100244094488188
0
LINE
8
BLACK
6
CONTINUOUS
10
1.8057648818897638
20
0.7100244094488188
11
1.8065326377952755
21
0.7097270078740158
0
LINE
8
BLACK
6
CONTINUOUS
10
1.8065326377952755
20
0.7097270078740158
11
1.807540905511811
21
0.7088077952755906
0
LINE
8
BLACK
6
CONTINUOUS
10
1.807540905511811
20
0.7088077952755906
11
1.8086665748031496
21
0.7080367322834645
0
LINE
8
BLACK
6
CONTINUOUS
10
1.8086665748031496
20
0.7080367322834645
11
1.8367033070866141
21
0.6799999999999999
0
LINE
8
BLACK
6
CONTINUOUS
10
1.8367033070866141
20
0.6799999999999999
11
1.8799999999999999
21
0.6799999999999999
0
LINE
8
BLACK
6
CONTINUOUS
10
1.8799999999999999
20
0.6799999999999999
11
1.8799999999999999
21
0.62
0
LINE
8
BLACK
6
CONTINUOUS
10
1.8799999999999999
20
0.62
11
1.8200000000000001
21
0.62
0
LINE
8
BLACK
6
CONTINUOUS
10
1.8200000000000001
20
0.62
11
1.8200000000000001
21
0.6632966929133858
0
LINE
8
BLACK
6
CONTINUOUS
10
1.8200000000000001
20
0.6632966929133858
11
1.7954226377952756
21
0.6878740551181102
0
LINE
8
BLACK
6
CONTINUOUS
10
1.7954226377952756
20
0.6878740551181102
11
1.6965773622047244
21
0.6878740551181102
0
LINE
8
BLACK
6
CONTINUOUS
10
1.6965773622047244
20
0.6878740551181102
11
1.6640996456692914
21
0.6553963385826771
0
LINE
8
BLACK
6
CONTINUOUS
10
1.6640996456692914
20
0.6553963385826771
11
1.6555682283464566
21
0.6468649212598425
0
LINE
8
BLACK
6
CONTINUOUS
10
1.6555682283464566
20
0.6468649212598425
11
1.6549772834645669
21
0.6431335826771654
0
LINE
8
BLACK
6
CONTINUOUS
10
1.6549772834645669
20
0.6431335826771654
11
1.6527404330708662
21
0.6387435433070866
0
LINE
8
BLACK
6
CONTINUOUS
10
1.6527404330708662
20
0.6387435433070866
11
1.6492564566929133
21
0.6352595669291339
0
LINE
8
BLACK
6
CONTINUOUS
10
1.6492564566929133
20
0.6352595669291339
11
1.6448664173228347
21
0.6330227165354331
0
LINE
8
BLACK
6
CONTINUOUS
10
1.6448664173228347
20
0.6330227165354331
11
1.6399999999999999
21
0.6322519685039369
0
LINE
8
BLACK
6
CONTINUOUS
10
1.6399999999999999
20
0.6322519685039369
11
1.6351335826771654
21
0.6330227165354331
0
LINE
8
BLACK
6
CONTINUOUS
10
1.6351335826771654
20
0.6330227165354331
11
1.6307435433070865
21
0.6352595669291339
0
LINE
8
BLACK
6
CONTINUOUS
10
1.6307435433070865
20
0.6352595669291339
11
1.6272595669291339
21
0.6387435433070866
0
LINE
8
BLACK
6
CONTINUOUS
10
1.6272595669291339
20
0.6387435433070866
11
1.625022716535433
21
0.6431335826771654
0
LINE
8
BLACK
6
CONTINUOUS
10
1.625022716535433
20
0.6431335826771654
11
1.6242519685039369
21
0.648
0
LINE
8
BLACK
6
CONTINUOUS
10
1.6242519685039369
20
0.648
11
1.625022716535433
21
0.6528664173228347
0
LINE
8
BLACK
6
CONTINUOUS
10
1.625022716535433
20
0.6528664173228347
11
1.6272595669291339
21
0.6572564566929133
0
LINE
8
BLACK
6
CONTINUOUS
10
1.6272595669291339
20
0.6572564566929133
11
1.6307435433070865
21
0.6607404330708662
0
LINE
8
BLACK
6
CONTINUOUS
10
1.6307435433070865
20
0.6607404330708662
11
1.6351335826771654
21
0.662977283464567
0
LINE
8
BLACK
6
CONTINUOUS
10
1.6351335826771654
20
0.662977283464567
11
1.6388649212598425
21
0.6635682283464567
0
LINE
8
BLACK
6
CONTINUOUS
10
1.6388649212598425
20
0.6635682283464567
11
1.6473963385826771
21
0.6720996456692914
0
LINE
8
BLACK
6
CONTINUOUS
10
1.6473963385826771
20
0.6720996456692914
11
1.6833334251968504
21
0.7080367322834645
0
LINE
8
BLACK
6
CONTINUOUS
10
1.6833334251968504
20
0.7080367322834645
11
1.6836285039370078
21
0.7082817716535433
0
LINE
8
BLACK
6
CONTINUOUS
10
1.6836285039370078
20
0.7082817716535433
11
1.683728031496063
21
0.7084135433070866
0
LINE
8
BLACK
6
CONTINUOUS
10
1.683728031496063
20
0.7084135433070866
11
1.6839606299212597
21
0.7085575590551181
0
LINE
8
BLACK
6
CONTINUOUS
10
1.6839606299212597
20
0.7085575590551181
11
1.6850102362204724
21
0.7094291338582677
0
LINE
8
BLACK
6
CONTINUOUS
10
1.6850102362204724
20
0.7094291338582677
11
1.6862583464566929
21
0.7099802362204725
0
LINE
8
BLACK
6
CONTINUOUS
10
1.6862583464566929
20
0.7099802362204725
11
1.687418464566929
21
0.7106985433070866
0
LINE
8
BLACK
6
CONTINUOUS
10
1.687418464566929
20
0.7106985433070866
11
1.6882277165354331
21
0.7108498031496063
0
LINE
8
BLACK
6
CONTINUOUS
10
1.6882277165354331
20
0.7108498031496063
11
1.6889809448818898
21
0.7111824015748032
0
LINE
8
BLACK
6
CONTINUOUS
10
1.6889809448818898
20
0.7111824015748032
11
1.6903439370078739
21
0.7112453937007874
0
LINE
8
BLACK
6
CONTINUOUS
10
1.6903439370078739
20
0.7112453937007874
11
1.6916850787401574
21
0.7114961023622047
0
LINE
8
BLACK
6
CONTINUOUS
10
1.6916850787401574
20
0.7114961023622047
11
1.8003149212598424
21
0.7114961023622047
0
LINE
8
BLACK
6
CONTINUOUS
10
1.8003149212598424
20
0.7114961023622047
11
1.8006969291338581
21
0.7114606692913386
0
LINE
8
BLACK
6
CONTINUOUS
10
1.8799999999999999
20
0.72
11
1.8200000000000001
21
0.72
0
LINE
8
BLACK
6
CONTINUOUS
10
1.8200000000000001
20
0.72
11
1.8200000000000001
21
0.78
0
LINE
8
BLACK
6
CONTINUOUS
10
1.8200000000000001
20
0.78
11
1.8799999999999999
21
0.78
0
LINE
8
BLACK
6
CONTINUOUS
10
1.8799999999999999
20
0.78
11
1.8799999999999999
21
0.72
0
LINE
8
BLACK
6
CONTINUOUS
10
1.8799999999999999
20
0.42
11
1.8200000000000001
21
0.42
0
LINE
8
BLACK
6
CONTINUOUS
10
1.8200000000000001
20
0.42
11
1.8200000000000001
21
0.48
0
LINE
8
BLACK
6
CONTINUOUS
10
1.8200000000000001
20
0.48
11
1.8799999999999999
21
0.48
0
LINE
8
BLACK
6
CONTINUOUS
10
1.8799999999999999
20
0.48
11
1.8799999999999999
21
0.42
0
LINE
8
BLACK
6
CONTINUOUS
10
1.8799999999999999
20
0.52
11
1.8200000000000001
21
0.52
0
LINE
8
BLACK
6
CONTINUOUS
10
1.8200000000000001
20
0.52
11
1.8200000000000001
21
0.58
0
LINE
8
BLACK
6
CONTINUOUS
10
1.8200000000000001
20
0.58
11
1.8799999999999999
21
0.58
0
LINE
8
BLACK
6
CONTINUOUS
10
1.8799999999999999
20
0.58
11
1.8799999999999999
21
0.52
0
LINE
8
BLACK
6
CONTINUOUS
10
0.8503820078740157
20
0.6817755905511811
11
0.8505454724409449
21
0.6817984251968504
0
LINE
8
BLACK
6
CONTINUOUS
10
0.8505454724409449
20
0.6817984251968504
11
0.8508116929133858
21
0.6817357874015748
0
LINE
8
BLACK
6
CONTINUOUS
10
0.8508116929133858
20
0.6817357874015748
11
0.8521702755905511
21
0.6816099212598425
0
LINE
8
BLACK
6
CONTINUOUS
10
0.8521702755905511
20
0.6816099212598425
11
0.8534425590551181
21
0.6811170078740157
0
LINE
8
BLACK
6
CONTINUOUS
10
0.8534425590551181
20
0.6811170078740157
11
0.854770748031496
21
0.6808046456692913
0
LINE
8
BLACK
6
CONTINUOUS
10
0.854770748031496
20
0.6808046456692913
11
0.8554499606299213
21
0.6803393307086614
0
LINE
8
BLACK
6
CONTINUOUS
10
0.8554499606299213
20
0.6803393307086614
11
0.8562177165354331
21
0.6800419291338583
0
LINE
8
BLACK
6
CONTINUOUS
10
0.8562177165354331
20
0.6800419291338583
11
0.8572259842519685
21
0.6791227165354331
0
LINE
8
BLACK
6
CONTINUOUS
10
0.8572259842519685
20
0.6791227165354331
11
0.8583516535433071
21
0.6783516535433071
0
LINE
8
BLACK
6
CONTINUOUS
10
0.8583516535433071
20
0.6783516535433071
11
0.8811350393700788
21
0.6555682283464567
0
LINE
8
BLACK
6
CONTINUOUS
10
0.8811350393700788
20
0.6555682283464567
11
0.8848664173228347
21
0.654977283464567
0
LINE
8
BLACK
6
CONTINUOUS
10
0.8848664173228347
20
0.654977283464567
11
0.8892564566929133
21
0.6527404330708662
0
LINE
8
BLACK
6
CONTINUOUS
10
0.8892564566929133
20
0.6527404330708662
11
0.8927404330708661
21
0.6492564566929133
0
LINE
8
BLACK
6
CONTINUOUS
10
0.8927404330708661
20
0.6492564566929133
11
0.894977283464567
21
0.6448664173228347
0
LINE
8
BLACK
6
CONTINUOUS
10
0.894977283464567
20
0.6448664173228347
11
0.895748031496063
21
0.64
0
LINE
8
BLACK
6
CONTINUOUS
10
0.895748031496063
20
0.64
11
0.894977283464567
21
0.6351335826771654
0
LINE
8
BLACK
6
CONTINUOUS
10
0.894977283464567
20
0.6351335826771654
11
0.8927404330708661
21
0.6307435433070866
0
LINE
8
BLACK
6
CONTINUOUS
10
0.8927404330708661
20
0.6307435433070866
11
0.8892564566929133
21
0.6272595669291339
0
LINE
8
BLACK
6
CONTINUOUS
10
0.8892564566929133
20
0.6272595669291339
11
0.8848664173228347
21
0.6250227165354331
0
LINE
8
BLACK
6
CONTINUOUS
10
0.8848664173228347
20
0.6250227165354331
11
0.88
21
0.624251968503937
0
LINE
8
BLACK
6
CONTINUOUS
10
0.88
20
0.624251968503937
11
0.8751335826771653
21
0.6250227165354331
0
LINE
8
BLACK
6
CONTINUOUS
10
0.8751335826771653
20
0.6250227165354331
11
0.8707435433070866
21
0.6272595669291339
0
LINE
8
BLACK
6
CONTINUOUS
10
0.8707435433070866
20
0.6272595669291339
11
0.8672595669291339
21
0.6307435433070866
0
LINE
8
BLACK
6
CONTINUOUS
10
0.8672595669291339
20
0.6307435433070866
11
0.8650227165354331
21
0.6351335826771654
0
LINE
8
BLACK
6
CONTINUOUS
10
0.8650227165354331
20
0.6351335826771654
11
0.8644317322834646
21
0.6388649212598425
0
LINE
8
BLACK
6
CONTINUOUS
10
0.8644317322834646
20
0.6388649212598425
11
0.845107716535433
21
0.6581889763779527
0
LINE
8
BLACK
6
CONTINUOUS
10
0.845107716535433
20
0.6581889763779527
11
0.650892283464567
21
0.6581889763779527
0
LINE
8
BLACK
6
CONTINUOUS
10
0.650892283464567
20
0.6581889763779527
11
0.6079526377952755
21
0.6152493307086614
0
LINE
8
BLACK
6
CONTINUOUS
10
0.6079526377952755
20
0.6152493307086614
11
0.6091763779527559
21
0.6129599606299212
0
LINE
8
BLACK
6
CONTINUOUS
10
0.6091763779527559
20
0.6129599606299212
11
0.6114167322834646
21
0.6055744094488189
0
LINE
8
BLACK
6
CONTINUOUS
10
0.6114167322834646
20
0.6055744094488189
11
0.6121732283464567
21
0.5978937007874016
0
LINE
8
BLACK
6
CONTINUOUS
10
0.6121732283464567
20
0.5978937007874016
11
0.6114167322834646
21
0.5902129921259842
0
LINE
8
BLACK
6
CONTINUOUS
10
0.6114167322834646
20
0.5902129921259842
11
0.6091763779527559
21
0.5828274409448819
0
LINE
8
BLACK
6
CONTINUOUS
10
0.6091763779527559
20
0.5828274409448819
11
0.6055381889763779
21
0.5760208661417323
0
LINE
8
BLACK
6
CONTINUOUS
10
0.6055381889763779
20
0.5760208661417323
11
0.6006420078740158
21
0.5700548425196851
0
LINE
8
BLACK
6
CONTINUOUS
10
0.6006420078740158
20
0.5700548425196851
11
0.5946759842519684
21
0.5651586614173228
0
LINE
8
BLACK
6
CONTINUOUS
10
0.5946759842519684
20
0.5651586614173228
11
0.5878694094488189
21
0.5615204724409448
0
LINE
8
BLACK
6
CONTINUOUS
10
0.5878694094488189
20
0.5615204724409448
11
0.5804838582677165
21
0.5592801181102363
0
LINE
8
BLACK
6
CONTINUOUS
10
0.5804838582677165
20
0.5592801181102363
11
0.5728031496062992
21
0.558523622047244
0
LINE
8
BLACK
6
CONTINUOUS
10
0.5728031496062992
20
0.558523622047244
11
0.5651224409448818
21
0.5592801181102363
0
LINE
8
BLACK
6
CONTINUOUS
10
0.5651224409448818
20
0.5592801181102363
11
0.5577368897637796
21
0.5615204724409448
0
LINE
8
BLACK
6
CONTINUOUS
10
0.5577368897637796
20
0.5615204724409448
11
0.5509303149606299
21
0.5651586614173228
0
LINE
8
BLACK
6
CONTINUOUS
10
0.5509303149606299
20
0.5651586614173228
11
0.5449642913385827
21
0.5700548425196851
0
LINE
8
BLACK
6
CONTINUOUS
10
0.5449642913385827
20
0.5700548425196851
11
0.5400681102362205
21
0.5760208661417323
0
LINE
8
BLACK
6
CONTINUOUS
10
0.5400681102362205
20
0.5760208661417323
11
0.5364299212598425
21
0.5828274409448819
0
LINE
8
BLACK
6
CONTINUOUS
10
0.5364299212598425
20
0.5828274409448819
11
0.5341895669291339
21
0.5902129921259842
0
LINE
8
BLACK
6
CONTINUOUS
10
0.5341895669291339
20
0.5902129921259842
11
0.5334330708661417
21
0.5978937007874016
0
LINE
8
BLACK
6
CONTINUOUS
10
0.5334330708661417
20
0.5978937007874016
11
0.5341895669291339
21
0.6055744094488189
0
LINE
8
BLACK
6
CONTINUOUS
10
0.5341895669291339
20
0.6055744094488189
11
0.5364299212598425
21
0.6129599606299212
0
LINE
8
BLACK
6
CONTINUOUS
10
0.5364299212598425
20
0.6129599606299212
11
0.5400681102362205
21
0.6197665354330708
0
LINE
8
BLACK
6
CONTINUOUS
10
0.5400681102362205
20
0.6197665354330708
11
0.5449642913385827
21
0.625732559055118
0
LINE
8
BLACK
6
CONTINUOUS
10
0.5449642913385827
20
0.625732559055118
11
0.5509303149606299
21
0.6306287401574803
0
LINE
8
BLACK
6
CONTINUOUS
10
0.5509303149606299
20
0.6306287401574803
11
0.5577368897637796
21
0.6342669291338583
0
LINE
8
BLACK
6
CONTINUOUS
10
0.5577368897637796
20
0.6342669291338583
11
0.5651224409448818
21
0.6365072834645669
0
LINE
8
BLACK
6
CONTINUOUS
10
0.5651224409448818
20
0.6365072834645669
11
0.5728031496062992
21
0.6372637795275591
0
LINE
8
BLACK
6
CONTINUOUS
10
0.5728031496062992
20
0.6372637795275591
11
0.5804838582677165
21
0.6365072834645669
0
LINE
8
BLACK
6
CONTINUOUS
10
0.5804838582677165
20
0.6365072834645669
11
0.5878694094488189
21
0.6342669291338583
0
LINE
8
BLACK
6
CONTINUOUS
10
0.5878694094488189
20
0.6342669291338583
11
0.5915801574803149
21
0.6322834645669291
0
LINE
8
BLACK
6
CONTINUOUS
10
0.5915801574803149
20
0.6322834645669291
11
0.6376483464566929
21
0.6783516535433071
0
LINE
8
BLACK
6
CONTINUOUS
10
0.6376483464566929
20
0.6783516535433071
11
0.6379434251968504
21
0.6785966929133858
0
LINE
8
BLACK
6
CONTINUOUS
10
0.6379434251968504
20
0.6785966929133858
11
0.6380429527559055
21
0.6787284645669291
0
LINE
8
BLACK
6
CONTINUOUS
10
0.6380429527559055
20
0.6787284645669291
11
0.6382755511811024
21
0.6788724803149606
0
LINE
8
BLACK
6
CONTINUOUS
10
0.6382755511811024
20
0.6788724803149606
11
0.6393251574803149
21
0.6797440551181102
0
LINE
8
BLACK
6
CONTINUOUS
10
0.6393251574803149
20
0.6797440551181102
11
0.6405731889763779
21
0.6802951181102362
0
LINE
8
BLACK
6
CONTINUOUS
10
0.6405731889763779
20
0.6802951181102362
11
0.6417333858267716
21
0.6810134645669291
0
LINE
8
BLACK
6
CONTINUOUS
10
0.6417333858267716
20
0.6810134645669291
11
0.6425427559055118
21
0.6811647637795275
0
LINE
8
BLACK
6
CONTINUOUS
10
0.6425427559055118
20
0.6811647637795275
11
0.6432958661417323
21
0.6814972834645669
0
LINE
8
BLACK
6
CONTINUOUS
10
0.6432958661417323
20
0.6814972834645669
11
0.6446587007874015
21
0.6815602755905512
0
LINE
8
BLACK
6
CONTINUOUS
10
0.6446587007874015
20
0.6815602755905512
11
0.646
21
0.6818110236220473
0
LINE
8
BLACK
6
CONTINUOUS
10
0.646
20
0.6818110236220473
11
0.85
21
0.6818110236220473
0
LINE
8
BLACK
6
CONTINUOUS
10
0.85
20
0.6818110236220473
11
0.8503820078740157
21
0.6817755905511811
0
LINE
8
BLACK
6
CONTINUOUS
10
0.6804838582677165
20
0.6365072834645669
11
0.6878694094488189
21
0.6342669291338583
0
LINE
8
BLACK
6
CONTINUOUS
10
0.6878694094488189
20
0.6342669291338583
11
0.6946759842519685
21
0.6306287401574803
0
LINE
8
BLACK
6
CONTINUOUS
10
0.6946759842519685
20
0.6306287401574803
11
0.7006420078740158
21
0.625732559055118
0
LINE
8
BLACK
6
CONTINUOUS
10
0.7006420078740158
20
0.625732559055118
11
0.705538188976378
21
0.6197665354330708
0
LINE
8
BLACK
6
CONTINUOUS
10
0.705538188976378
20
0.6197665354330708
11
0.7091763779527559
21
0.6129599606299212
0
LINE
8
BLACK
6
CONTINUOUS
10
0.7091763779527559
20
0.6129599606299212
11
0.7114167322834646
21
0.6055744094488189
0
LINE
8
BLACK
6
CONTINUOUS
10
0.7114167322834646
20
0.6055744094488189
11
0.7121732283464567
21
0.5978937007874016
0
LINE
8
BLACK
6
CONTINUOUS
10
0.7121732283464567
20
0.5978937007874016
11
0.7114167322834646
21
0.5902129921259842
0
LINE
8
BLACK
6
CONTINUOUS
10
0.7114167322834646
20
0.5902129921259842
11
0.7091763779527559
21
0.5828274409448819
0
LINE
8
BLACK
6
CONTINUOUS
10
0.7091763779527559
20
0.5828274409448819
11
0.705538188976378
21
0.5760208661417323
0
LINE
8
BLACK
6
CONTINUOUS
10
0.705538188976378
20
0.5760208661417323
11
0.7006420078740158
21
0.5700548425196851
0
LINE
8
BLACK
6
CONTINUOUS
10
0.7006420078740158
20
0.5700548425196851
11
0.6946759842519685
21
0.5651586614173228
0
LINE
8
BLACK
6
CONTINUOUS
10
0.6946759842519685
20
0.5651586614173228
11
0.6878694094488189
21
0.5615204724409448
0
LINE
8
BLACK
6
CONTINUOUS
10
0.6878694094488189
20
0.5615204724409448
11
0.6804838582677165
21
0.5592801181102363
0
LINE
8
BLACK
6
CONTINUOUS
10
0.6804838582677165
20
0.5592801181102363
11
0.6728031496062992
21
0.558523622047244
0
LINE
8
BLACK
6
CONTINUOUS
10
0.6728031496062992
20
0.558523622047244
11
0.6651224409448818
21
0.5592801181102363
0
LINE
8
BLACK
6
CONTINUOUS
10
0.6651224409448818
20
0.5592801181102363
11
0.6577368897637795
21
0.5615204724409448
0
LINE
8
BLACK
6
CONTINUOUS
10
0.6577368897637795
20
0.5615204724409448
11
0.6509303149606299
21
0.5651586614173228
0
LINE
8
BLACK
6
CONTINUOUS
10
0.6509303149606299
20
0.5651586614173228
11
0.6449642913385827
21
0.5700548425196851
0
LINE
8
BLACK
6
CONTINUOUS
10
0.6449642913385827
20
0.5700548425196851
11
0.6400681102362205
21
0.5760208661417323
0
LINE
8
BLACK
6
CONTINUOUS
10
0.6400681102362205
20
0.5760208661417323
11
0.6364299212598425
21
0.5828274409448819
0
LINE
8
BLACK
6
CONTINUOUS
10
0.6364299212598425
20
0.5828274409448819
11
0.6341895669291339
21
0.5902129921259842
0
LINE
8
BLACK
6
CONTINUOUS
10
0.6341895669291339
20
0.5902129921259842
11
0.6334330708661418
21
0.5978937007874016
0
LINE
8
BLACK
6
CONTINUOUS
10
0.6334330708661418
20
0.5978937007874016
11
0.6341895669291339
21
0.6055744094488189
0
LINE
8
BLACK
6
CONTINUOUS
10
0.6341895669291339
20
0.6055744094488189
11
0.6364299212598425
21
0.6129599606299212
0
LINE
8
BLACK
6
CONTINUOUS
10
0.6364299212598425
20
0.6129599606299212
11
0.6400681102362205
21
0.6197665354330708
0
LINE
8
BLACK
6
CONTINUOUS
10
0.6400681102362205
20
0.6197665354330708
11
0.6449642913385827
21
0.625732559055118
0
LINE
8
BLACK
6
CONTINUOUS
10
0.6449642913385827
20
0.625732559055118
11
0.6509303149606299
21
0.6306287401574803
0
LINE
8
BLACK
6
CONTINUOUS
10
0.6509303149606299
20
0.6306287401574803
11
0.6577368897637795
21
0.6342669291338583
0
LINE
8
BLACK
6
CONTINUOUS
10
0.6577368897637795
20
0.6342669291338583
11
0.6651224409448818
21
0.6365072834645669
0
LINE
8
BLACK
6
CONTINUOUS
10
0.6651224409448818
20
0.6365072834645669
11
0.6728031496062992
21
0.6372637795275591
0
LINE
8
BLACK
6
CONTINUOUS
10
0.6728031496062992
20
0.6372637795275591
11
0.6804838582677165
21
0.6365072834645669
0
LINE
8
BLACK
6
CONTINUOUS
10
0.9252242519685039
20
1.1435541338582678
11
0.9264635433070866
21
1.1435541338582678
0
LINE
8
BLACK
6
CONTINUOUS
10
0.9264635433070866
20
1.1435541338582678
11
0.9276421653543306
21
1.1431711811023622
0
LINE
8
BLACK
6
CONTINUOUS
10
0.9276421653543306
20
1.1431711811023622
11
0.9288664173228346
21
1.1429772834645668
0
LINE
8
BLACK
6
CONTINUOUS
10
0.9288664173228346
20
1.1429772834645668
11
0.929970748031496
21
1.1424145669291339
0
LINE
8
BLACK
6
CONTINUOUS
10
0.929970748031496
20
1.1424145669291339
11
0.9311494488188976
21
1.1420316141732283
0
LINE
8
BLACK
6
CONTINUOUS
10
0.9311494488188976
20
1.1420316141732283
11
0.9321521259842519
21
1.1413030708661418
0
LINE
8
BLACK
6
CONTINUOUS
10
0.9321521259842519
20
1.1413030708661418
11
0.9332564566929133
21
1.1407404330708661
0
LINE
8
BLACK
6
CONTINUOUS
10
0.9332564566929133
20
1.1407404330708661
11
0.9341327952755906
21
1.1398640551181103
0
LINE
8
BLACK
6
CONTINUOUS
10
0.9341327952755906
20
1.1398640551181103
11
0.9351355511811024
21
1.1391355511811023
0
LINE
8
BLACK
6
CONTINUOUS
10
0.9351355511811024
20
1.1391355511811023
11
0.9611355511811024
21
1.1131355118110235
0
LINE
8
BLACK
6
CONTINUOUS
10
0.9611355511811024
20
1.1131355118110235
11
0.9618639763779527
21
1.1121328740157479
0
LINE
8
BLACK
6
CONTINUOUS
10
0.9618639763779527
20
1.1121328740157479
11
0.9627404330708661
21
1.1112564566929133
0
LINE
8
BLACK
6
CONTINUOUS
10
0.9627404330708661
20
1.1112564566929133
11
0.9633031102362205
21
1.1101521259842519
0
LINE
8
BLACK
6
CONTINUOUS
10
0.9633031102362205
20
1.1101521259842519
11
0.9640316141732284
21
1.1091494488188975
0
LINE
8
BLACK
6
CONTINUOUS
10
0.9640316141732284
20
1.1091494488188975
11
0.9644146062992126
21
1.1079707086614172
0
LINE
8
BLACK
6
CONTINUOUS
10
0.9644146062992126
20
1.1079707086614172
11
0.9649772834645669
21
1.1068664173228346
0
LINE
8
BLACK
6
CONTINUOUS
10
0.9649772834645669
20
1.1068664173228346
11
0.9651711417322835
21
1.1056423228346457
0
LINE
8
BLACK
6
CONTINUOUS
10
0.9651711417322835
20
1.1056423228346457
11
0.9655541732283465
21
1.1044635433070866
0
LINE
8
BLACK
6
CONTINUOUS
10
0.9655541732283465
20
1.1044635433070866
11
0.9655541732283465
21
1.1032239763779528
0
LINE
8
BLACK
6
CONTINUOUS
10
0.9655541732283465
20
1.1032239763779528
11
0.9657480314960629
21
1.1019999999999999
0
LINE
8
BLACK
6
CONTINUOUS
10
0.9657480314960629
20
1.1019999999999999
11
0.9657480314960629
21
1.0800000000000001
0
LINE
8
BLACK
6
CONTINUOUS
10
0.9657480314960629
20
1.0800000000000001
11
0.98
21
1.0800000000000001
0
LINE
8
BLACK
6
CONTINUOUS
10
0.98
20
1.0800000000000001
11
0.98
21
1.02
0
LINE
8
BLACK
6
CONTINUOUS
10
0.98
20
1.02
11
0.9657480314960629
21
1.02
0
LINE
8
BLACK
6
CONTINUOUS
10
0.9657480314960629
20
1.02
11
0.9657480314960629
21
0.98
0
LINE
8
BLACK
6
CONTINUOUS
10
0.9657480314960629
20
0.98
11
0.98
21
0.98
0
LINE
8
BLACK
6
CONTINUOUS
10
0.98
20
0.98
11
0.98
21
0.9199999999999999
0
LINE
8
BLACK
6
CONTINUOUS
10
0.98
20
0.9199999999999999
11
0.9657480314960629
21
0.9199999999999999
0
LINE
8
BLACK
6
CONTINUOUS
10
0.9657480314960629
20
0.9199999999999999
11
0.9657480314960629
21
0.888503937007874
0
LINE
8
BLACK
6
CONTINUOUS
10
0.9657480314960629
20
0.888503937007874
11
0.9657480314960629
21
0.719412874015748
0
LINE
8
BLACK
6
CONTINUOUS
10
0.9657480314960629
20
0.719412874015748
11
0.9657480314960629
21
0.62
0
LINE
8
BLACK
6
CONTINUOUS
10
0.9657480314960629
20
0.62
11
0.9655541338582677
21
0.618775748031496
0
LINE
8
BLACK
6
CONTINUOUS
10
0.9655541338582677
20
0.618775748031496
11
0.9655541338582677
21
0.6175364566929133
0
LINE
8
BLACK
6
CONTINUOUS
10
0.9655541338582677
20
0.6175364566929133
11
0.9651711811023622
21
0.6163577952755905
0
LINE
8
BLACK
6
CONTINUOUS
10
0.9651711811023622
20
0.6163577952755905
11
0.9649772834645669
21
0.6151335826771653
0
LINE
8
BLACK
6
CONTINUOUS
10
0.9649772834645669
20
0.6151335826771653
11
0.9644145669291339
21
0.6140292125984251
0
LINE
8
BLACK
6
CONTINUOUS
10
0.9644145669291339
20
0.6140292125984251
11
0.9640316141732284
21
0.6128505511811023
0
LINE
8
BLACK
6
CONTINUOUS
10
0.9640316141732284
20
0.6128505511811023
11
0.9633030708661418
21
0.6118478346456693
0
LINE
8
BLACK
6
CONTINUOUS
10
0.9633030708661418
20
0.6118478346456693
11
0.9627404330708661
21
0.6107435433070866
0
LINE
8
BLACK
6
CONTINUOUS
10
0.9627404330708661
20
0.6107435433070866
11
0.9618640551181102
21
0.6098671653543307
0
LINE
8
BLACK
6
CONTINUOUS
10
0.9618640551181102
20
0.6098671653543307
11
0.9611355511811024
21
0.6088644488188977
0
LINE
8
BLACK
6
CONTINUOUS
10
0.9611355511811024
20
0.6088644488188977
11
0.939029251968504
21
0.5867581496062992
0
LINE
8
BLACK
6
CONTINUOUS
10
0.939029251968504
20
0.5867581496062992
11
0.9380264960629922
21
0.5860296062992126
0
LINE
8
BLACK
6
CONTINUOUS
10
0.9380264960629922
20
0.5860296062992126
11
0.9371501574803149
21
0.5851532677165354
0
LINE
8
BLACK
6
CONTINUOUS
10
0.9371501574803149
20
0.5851532677165354
11
0.9360458267716535
21
0.5845905905511811
0
LINE
8
BLACK
6
CONTINUOUS
10
0.9360458267716535
20
0.5845905905511811
11
0.9350431496062992
21
0.5838620866141733
0
LINE
8
BLACK
6
CONTINUOUS
10
0.9350431496062992
20
0.5838620866141733
11
0.9338644488188976
21
0.5834790944881889
0
LINE
8
BLACK
6
CONTINUOUS
10
0.9338644488188976
20
0.5834790944881889
11
0.9327601181102362
21
0.5829164173228346
0
LINE
8
BLACK
6
CONTINUOUS
10
0.9327601181102362
20
0.5829164173228346
11
0.9315358661417322
21
0.5827224803149607
0
LINE
8
BLACK
6
CONTINUOUS
10
0.9315358661417322
20
0.5827224803149607
11
0.9303572440944882
21
0.5823395669291338
0
LINE
8
BLACK
6
CONTINUOUS
10
0.9303572440944882
20
0.5823395669291338
11
0.9291179527559055
21
0.5823395669291338
0
LINE
8
BLACK
6
CONTINUOUS
10
0.9291179527559055
20
0.5823395669291338
11
0.9278937007874015
21
0.5821456692913386
0
LINE
8
BLACK
6
CONTINUOUS
10
0.9278937007874015
20
0.5821456692913386
11
0.808811968503937
21
0.5821456692913386
0
LINE
8
BLACK
6
CONTINUOUS
10
0.808811968503937
20
0.5821456692913386
11
0.805538188976378
21
0.5760208661417323
0
LINE
8
BLACK
6
CONTINUOUS
10
0.805538188976378
20
0.5760208661417323
11
0.8006420078740157
21
0.5700548425196851
0
LINE
8
BLACK
6
CONTINUOUS
10
0.8006420078740157
20
0.5700548425196851
11
0.7946759842519685
21
0.5651586614173228
0
LINE
8
BLACK
6
CONTINUOUS
10
0.7946759842519685
20
0.5651586614173228
11
0.7878694094488189
21
0.5615204724409448
0
LINE
8
BLACK
6
CONTINUOUS
10
0.7878694094488189
20
0.5615204724409448
11
0.7804838582677165
21
0.5592801181102363
0
LINE
8
BLACK
6
CONTINUOUS
10
0.7804838582677165
20
0.5592801181102363
11
0.7728031496062991
21
0.558523622047244
0
LINE
8
BLACK
6
CONTINUOUS
10
0.7728031496062991
20
0.558523622047244
11
0.7651224409448819
21
0.5592801181102363
0
LINE
8
BLACK
6
CONTINUOUS
10
0.7651224409448819
20
0.5592801181102363
11
0.7577368897637795
21
0.5615204724409448
0
LINE
8
BLACK
6
CONTINUOUS
10
0.7577368897637795
20
0.5615204724409448
11
0.7509303149606299
21
0.5651586614173228
0
LINE
8
BLACK
6
CONTINUOUS
10
0.7509303149606299
20
0.5651586614173228
11
0.7449642913385827
21
0.5700548425196851
0
LINE
8
BLACK
6
CONTINUOUS
10
0.7449642913385827
20
0.5700548425196851
11
0.7400681102362204
21
0.5760208661417323
0
LINE
8
BLACK
6
CONTINUOUS
10
0.7400681102362204
20
0.5760208661417323
11
0.7364299212598425
21
0.5828274409448819
0
LINE
8
BLACK
6
CONTINUOUS
10
0.7364299212598425
20
0.5828274409448819
11
0.7341895669291338
21
0.5902129921259842
0
LINE
8
BLACK
6
CONTINUOUS
10
0.7341895669291338
20
0.5902129921259842
11
0.7334330708661417
21
0.5978937007874016
0
LINE
8
BLACK
6
CONTINUOUS
10
0.7334330708661417
20
0.5978937007874016
11
0.7341895669291338
21
0.6055744094488189
0
LINE
8
BLACK
6
CONTINUOUS
10
0.7341895669291338
20
0.6055744094488189
11
0.7364299212598425
21
0.6129599606299212
0
LINE
8
BLACK
6
CONTINUOUS
10
0.7364299212598425
20
0.6129599606299212
11
0.7400681102362204
21
0.6197665354330708
0
LINE
8
BLACK
6
CONTINUOUS
10
0.7400681102362204
20
0.6197665354330708
11
0.7449642913385827
21
0.625732559055118
0
LINE
8
BLACK
6
CONTINUOUS
10
0.7449642913385827
20
0.625732559055118
11
0.7509303149606299
21
0.6306287401574803
0
LINE
8
BLACK
6
CONTINUOUS
10
0.7509303149606299
20
0.6306287401574803
11
0.7577368897637795
21
0.6342669291338583
0
LINE
8
BLACK
6
CONTINUOUS
10
0.7577368897637795
20
0.6342669291338583
11
0.7651224409448819
21
0.6365072834645669
0
LINE
8
BLACK
6
CONTINUOUS
10
0.7651224409448819
20
0.6365072834645669
11
0.7728031496062991
21
0.6372637795275591
0
LINE
8
BLACK
6
CONTINUOUS
10
0.7728031496062991
20
0.6372637795275591
11
0.7804838582677165
21
0.6365072834645669
0
LINE
8
BLACK
6
CONTINUOUS
10
0.7804838582677165
20
0.6365072834645669
11
0.7878694094488189
21
0.6342669291338583
0
LINE
8
BLACK
6
CONTINUOUS
10
0.7878694094488189
20
0.6342669291338583
11
0.7946759842519685
21
0.6306287401574803
0
LINE
8
BLACK
6
CONTINUOUS
10
0.7946759842519685
20
0.6306287401574803
11
0.8006420078740157
21
0.625732559055118
0
LINE
8
BLACK
6
CONTINUOUS
10
0.8006420078740157
20
0.625732559055118
11
0.805538188976378
21
0.6197665354330708
0
LINE
8
BLACK
6
CONTINUOUS
10
0.805538188976378
20
0.6197665354330708
11
0.808811968503937
21
0.6136417322834645
0
LINE
8
BLACK
6
CONTINUOUS
10
0.808811968503937
20
0.6136417322834645
11
0.9213706299212598
21
0.6136417322834645
0
LINE
8
BLACK
6
CONTINUOUS
10
0.9213706299212598
20
0.6136417322834645
11
0.934251968503937
21
0.6265230708661417
0
LINE
8
BLACK
6
CONTINUOUS
10
0.934251968503937
20
0.6265230708661417
11
0.934251968503937
21
0.719412874015748
0
LINE
8
BLACK
6
CONTINUOUS
10
0.934251968503937
20
0.719412874015748
11
0.934251968503937
21
0.888503937007874
0
LINE
8
BLACK
6
CONTINUOUS
10
0.934251968503937
20
0.888503937007874
11
0.934251968503937
21
0.9199999999999999
0
LINE
8
BLACK
6
CONTINUOUS
10
0.934251968503937
20
0.9199999999999999
11
0.9199999999999999
21
0.9199999999999999
0
LINE
8
BLACK
6
CONTINUOUS
10
0.9199999999999999
20
0.9199999999999999
11
0.9199999999999999
21
0.98
0
LINE
8
BLACK
6
CONTINUOUS
10
0.9199999999999999
20
0.98
11
0.934251968503937
21
0.98
0
LINE
8
BLACK
6
CONTINUOUS
10
0.934251968503937
20
0.98
11
0.934251968503937
21
1.02
0
LINE
8
BLACK
6
CONTINUOUS
10
0.934251968503937
20
1.02
11
0.9199999999999999
21
1.02
0
LINE
8
BLACK
6
CONTINUOUS
10
0.9199999999999999
20
1.02
11
0.9199999999999999
21
1.0800000000000001
0
LINE
8
BLACK
6
CONTINUOUS
10
0.9199999999999999
20
1.0800000000000001
11
0.934251968503937
21
1.0800000000000001
0
LINE
8
BLACK
6
CONTINUOUS
10
0.934251968503937
20
1.0800000000000001
11
0.934251968503937
21
1.0954769291338582
0
LINE
8
BLACK
6
CONTINUOUS
10
0.934251968503937
20
1.0954769291338582
11
0.9174769291338583
21
1.1122519685039369
0
LINE
8
BLACK
6
CONTINUOUS
10
0.9174769291338583
20
1.1122519685039369
11
0.5865230708661417
21
1.1122519685039369
0
LINE
8
BLACK
6
CONTINUOUS
10
0.5865230708661417
20
1.1122519685039369
11
0.565748031496063
21
1.0914769291338582
0
LINE
8
BLACK
6
CONTINUOUS
10
0.565748031496063
20
1.0914769291338582
11
0.565748031496063
21
1.0800000000000001
0
LINE
8
BLACK
6
CONTINUOUS
10
0.565748031496063
20
1.0800000000000001
11
0.58
21
1.0800000000000001
0
LINE
8
BLACK
6
CONTINUOUS
10
0.58
20
1.0800000000000001
11
0.58
21
1.02
0
LINE
8
BLACK
6
CONTINUOUS
10
0.58
20
1.02
11
0.565748031496063
21
1.02
0
LINE
8
BLACK
6
CONTINUOUS
10
0.565748031496063
20
1.02
11
0.565748031496063
21
0.98
0
LINE
8
BLACK
6
CONTINUOUS
10
0.565748031496063
20
0.98
11
0.58
21
0.98
0
LINE
8
BLACK
6
CONTINUOUS
10
0.58
20
0.98
11
0.58
21
0.9199999999999999
0
LINE
8
BLACK
6
CONTINUOUS
10
0.58
20
0.9199999999999999
11
0.565748031496063
21
0.9199999999999999
0
LINE
8
BLACK
6
CONTINUOUS
10
0.565748031496063
20
0.9199999999999999
11
0.565748031496063
21
0.88
0
LINE
8
BLACK
6
CONTINUOUS
10
0.565748031496063
20
0.88
11
0.58
21
0.88
0
LINE
8
BLACK
6
CONTINUOUS
10
0.58
20
0.88
11
0.58
21
0.82
0
LINE
8
BLACK
6
CONTINUOUS
10
0.58
20
0.82
11
0.52
21
0.82
0
LINE
8
BLACK
6
CONTINUOUS
10
0.52
20
0.82
11
0.52
21
0.88
0
LINE
8
BLACK
6
CONTINUOUS
10
0.52
20
0.88
11
0.534251968503937
21
0.88
0
LINE
8
BLACK
6
CONTINUOUS
10
0.534251968503937
20
0.88
11
0.534251968503937
21
0.9199999999999999
0
LINE
8
BLACK
6
CONTINUOUS
10
0.534251968503937
20
0.9199999999999999
11
0.52
21
0.9199999999999999
0
LINE
8
BLACK
6
CONTINUOUS
10
0.52
20
0.9199999999999999
11
0.52
21
0.98
0
LINE
8
BLACK
6
CONTINUOUS
10
0.52
20
0.98
11
0.534251968503937
21
0.98
0
LINE
8
BLACK
6
CONTINUOUS
10
0.534251968503937
20
0.98
11
0.534251968503937
21
1.02
0
LINE
8
BLACK
6
CONTINUOUS
10
0.534251968503937
20
1.02
11
0.52
21
1.02
0
LINE
8
BLACK
6
CONTINUOUS
10
0.52
20
1.02
11
0.52
21
1.0800000000000001
0
LINE
8
BLACK
6
CONTINUOUS
10
0.52
20
1.0800000000000001
11
0.534251968503937
21
1.0800000000000001
0
LINE
8
BLACK
6
CONTINUOUS
10
0.534251968503937
20
1.0800000000000001
11
0.534251968503937
21
1.0979999999999999
0
LINE
8
BLACK
6
CONTINUOUS
10
0.534251968503937
20
1.0979999999999999
11
0.5344458661417323
21
1.0992242125984251
0
LINE
8
BLACK
6
CONTINUOUS
10
0.5344458661417323
20
1.0992242125984251
11
0.5344458661417323
21
1.1004635433070866
0
LINE
8
BLACK
6
CONTINUOUS
10
0.5344458661417323
20
1.1004635433070866
11
0.534828779527559
21
1.1016421653543307
0
LINE
8
BLACK
6
CONTINUOUS
10
0.534828779527559
20
1.1016421653543307
11
0.5350227165354331
21
1.1028664173228346
0
LINE
8
BLACK
6
CONTINUOUS
10
0.5350227165354331
20
1.1028664173228346
11
0.5355853937007874
21
1.103970748031496
0
LINE
8
BLACK
6
CONTINUOUS
10
0.5355853937007874
20
1.103970748031496
11
0.5359683858267716
21
1.1051494488188975
0
LINE
8
BLACK
6
CONTINUOUS
10
0.5359683858267716
20
1.1051494488188975
11
0.5366968897637795
21
1.1061521259842519
0
LINE
8
BLACK
6
CONTINUOUS
10
0.5366968897637795
20
1.1061521259842519
11
0.5372595669291338
21
1.1072564566929133
0
LINE
8
BLACK
6
CONTINUOUS
10
0.5372595669291338
20
1.1072564566929133
11
0.538135905511811
21
1.1081327952755906
0
LINE
8
BLACK
6
CONTINUOUS
10
0.538135905511811
20
1.1081327952755906
11
0.5388644488188976
21
1.1091355511811023
0
LINE
8
BLACK
6
CONTINUOUS
10
0.5388644488188976
20
1.1091355511811023
11
0.5688644488188976
21
1.1391355511811023
0
LINE
8
BLACK
6
CONTINUOUS
10
0.5688644488188976
20
1.1391355511811023
11
0.5698671653543307
21
1.1398640551181103
0
LINE
8
BLACK
6
CONTINUOUS
10
0.5698671653543307
20
1.1398640551181103
11
0.5707435433070867
21
1.1407404330708661
0
LINE
8
BLACK
6
CONTINUOUS
10
0.5707435433070867
20
1.1407404330708661
11
0.5718478346456692
21
1.1413030708661418
0
LINE
8
BLACK
6
CONTINUOUS
10
0.5718478346456692
20
1.1413030708661418
11
0.5728505511811024
21
1.1420316141732283
0
LINE
8
BLACK
6
CONTINUOUS
10
0.5728505511811024
20
1.1420316141732283
11
0.574029251968504
21
1.1424146062992127
0
LINE
8
BLACK
6
CONTINUOUS
10
0.574029251968504
20
1.1424146062992127
11
0.5751335826771653
21
1.1429772834645668
0
LINE
8
BLACK
6
CONTINUOUS
10
0.5751335826771653
20
1.1429772834645668
11
0.5763576377952756
21
1.1431711417322834
0
LINE
8
BLACK
6
CONTINUOUS
10
0.5763576377952756
20
1.1431711417322834
11
0.5775364566929134
21
1.1435541732283465
0
LINE
8
BLACK
6
CONTINUOUS
10
0.5775364566929134
20
1.1435541732283465
11
0.5787759842519685
21
1.1435541732283465
0
LINE
8
BLACK
6
CONTINUOUS
10
0.5787759842519685
20
1.1435541732283465
11
0.58
21
1.1437480314960629
0
LINE
8
BLACK
6
CONTINUOUS
10
0.58
20
1.1437480314960629
11
0.9239999999999999
21
1.1437480314960629
0
LINE
8
BLACK
6
CONTINUOUS
10
0.9239999999999999
20
1.1437480314960629
11
0.9252242519685039
21
1.1435541338582678
0
LINE
8
BLACK
6
CONTINUOUS
10
0.6799999999999999
20
0.9199999999999999
11
0.62
21
0.9199999999999999
0
LINE
8
BLACK
6
CONTINUOUS
10
0.62
20
0.9199999999999999
11
0.62
21
0.98
0
LINE
8
BLACK
6
CONTINUOUS
10
0.62
20
0.98
11
0.6799999999999999
21
0.98
0
LINE
8
BLACK
6
CONTINUOUS
10
0.6799999999999999
20
0.98
11
0.6799999999999999
21
0.9199999999999999
0
LINE
8
BLACK
6
CONTINUOUS
10
0.78
20
0.9199999999999999
11
0.72
21
0.9199999999999999
0
LINE
8
BLACK
6
CONTINUOUS
10
0.72
20
0.9199999999999999
11
0.72
21
0.98
0
LINE
8
BLACK
6
CONTINUOUS
10
0.72
20
0.98
11
0.78
21
0.98
0
LINE
8
BLACK
6
CONTINUOUS
10
0.78
20
0.98
11
0.78
21
0.9199999999999999
0
LINE
8
BLACK
6
CONTINUOUS
10
0.88
20
0.9199999999999999
11
0.82
21
0.9199999999999999
0
LINE
8
BLACK
6
CONTINUOUS
10
0.82
20
0.9199999999999999
11
0.82
21
0.98
0
LINE
8
BLACK
6
CONTINUOUS
10
0.82
20
0.98
11
0.88
21
0.98
0
LINE
8
BLACK
6
CONTINUOUS
10
0.88
20
0.98
11
0.88
21
0.9199999999999999
0
LINE
8
BLACK
6
CONTINUOUS
10
1.48
20
0.9199999999999999
11
1.4199999999999999
21
0.9199999999999999
0
LINE
8
BLACK
6
CONTINUOUS
10
1.4199999999999999
20
0.9199999999999999
11
1.4199999999999999
21
0.98
0
LINE
8
BLACK
6
CONTINUOUS
10
1.4199999999999999
20
0.98
11
1.48
21
0.98
0
LINE
8
BLACK
6
CONTINUOUS
10
1.48
20
0.98
11
1.48
21
0.9199999999999999
0
LINE
8
BLACK
6
CONTINUOUS
10
0.6799999999999999
20
1.02
11
0.62
21
1.02
0
LINE
8
BLACK
6
CONTINUOUS
10
0.62
20
1.02
11
0.62
21
1.0800000000000001
0
LINE
8
BLACK
6
CONTINUOUS
10
0.62
20
1.0800000000000001
11
0.6799999999999999
21
1.0800000000000001
0
LINE
8
BLACK
6
CONTINUOUS
10
0.6799999999999999
20
1.0800000000000001
11
0.6799999999999999
21
1.02
0
LINE
8
BLACK
6
CONTINUOUS
10
0.78
20
1.02
11
0.72
21
1.02
0
LINE
8
BLACK
6
CONTINUOUS
10
0.72
20
1.02
11
0.72
21
1.0800000000000001
0
LINE
8
BLACK
6
CONTINUOUS
10
0.72
20
1.0800000000000001
11
0.78
21
1.0800000000000001
0
LINE
8
BLACK
6
CONTINUOUS
10
0.78
20
1.0800000000000001
11
0.78
21
1.02
0
LINE
8
BLACK
6
CONTINUOUS
10
0.88
20
1.02
11
0.82
21
1.02
0
LINE
8
BLACK
6
CONTINUOUS
10
0.82
20
1.02
11
0.82
21
1.0800000000000001
0
LINE
8
BLACK
6
CONTINUOUS
10
0.82
20
1.0800000000000001
11
0.88
21
1.0800000000000001
0
LINE
8
BLACK
6
CONTINUOUS
10
0.88
20
1.0800000000000001
11
0.88
21
1.02
0
LINE
8
BLACK
6
CONTINUOUS
10
1.48
20
1.02
11
1.4199999999999999
21
1.02
0
LINE
8
BLACK
6
CONTINUOUS
10
1.4199999999999999
20
1.02
11
1.4199999999999999
21
1.0800000000000001
0
LINE
8
BLACK
6
CONTINUOUS
10
1.4199999999999999
20
1.0800000000000001
11
1.48
21
1.0800000000000001
0
LINE
8
BLACK
6
CONTINUOUS
10
1.48
20
1.0800000000000001
11
1.48
21
1.02
0
LINE
8
BLACK
6
CONTINUOUS
10
1.9847488582677164
20
1.5862400787401574
11
1.9865792913385827
21
1.5841276377952755
0
LINE
8
BLACK
6
CONTINUOUS
10
1.9865792913385827
20
1.5841276377952755
11
1.9870275590551181
21
1.5820669291338583
0
LINE
8
BLACK
6
CONTINUOUS
10
1.9870275590551181
20
1.5820669291338583
11
1.9870275590551181
21
0.0179330708661417
0
LINE
8
BLACK
6
CONTINUOUS
10
1.9870275590551181
20
0.0179330708661417
11
1.9862400787401575
21
0.0152511417322835
0
LINE
8
BLACK
6
CONTINUOUS
10
1.9862400787401575
20
0.0152511417322835
11
1.9841276377952755
21
0.0134207086614173
0
LINE
8
BLACK
6
CONTINUOUS
10
1.9841276377952755
20
0.0134207086614173
11
1.9820669291338582
21
0.0129724409448819
0
LINE
8
BLACK
6
CONTINUOUS
10
1.9820669291338582
20
0.0129724409448819
11
0.0179330708661417
21
0.0129724409448819
0
LINE
8
BLACK
6
CONTINUOUS
10
0.0179330708661417
20
0.0129724409448819
11
0.0152511417322835
21
0.0137599212598425
0
LINE
8
BLACK
6
CONTINUOUS
10
0.0152511417322835
20
0.0137599212598425
11
0.0134207086614173
21
0.0158723622047244
0
LINE
8
BLACK
6
CONTINUOUS
10
0.0134207086614173
20
0.0158723622047244
11
0.0129724409448819
21
0.0179330708661417
0
LINE
8
BLACK
6
CONTINUOUS
10
0.0129724409448819
20
0.0179330708661417
11
0.0129724409448819
21
0.247499842519685
0
LINE
8
BLACK
6
CONTINUOUS
10
0.0129724409448819
20
0.247499842519685
11
0.0129724409448819
21
0.4399999606299212
0
LINE
8
BLACK
6
CONTINUOUS
10
0.0129724409448819
20
0.4399999606299212
11
0.0129724409448819
21
0.8192224015748031
0
LINE
8
BLACK
6
CONTINUOUS
10
0.0129724409448819
20
0.8192224015748031
11
0.0129724409448819
21
1.5820669291338583
0
LINE
8
BLACK
6
CONTINUOUS
10
0.0129724409448819
20
1.5820669291338583
11
0.0137599212598425
21
1.5847488582677165
0
LINE
8
BLACK
6
CONTINUOUS
10
0.0137599212598425
20
1.5847488582677165
11
0.0158723622047244
21
1.5865792913385826
0
LINE
8
BLACK
6
CONTINUOUS
10
0.0158723622047244
20
1.5865792913385826
11
0.0179330708661417
21
1.5870275590551182
0
LINE
8
BLACK
6
CONTINUOUS
10
0.0179330708661417
20
1.5870275590551182
11
1.9820669291338582
21
1.5870275590551182
0
LINE
8
BLACK
6
CONTINUOUS
10
1.9820669291338582
20
1.5870275590551182
11
1.9847488582677164
21
1.5862400787401574
0
LINE
8
BLACK
6
CONTINUOUS
10
0.4931433070866141
20
0.3340014173228346
11
0.4866677559055118
21
0.3335770078740157
0
LINE
8
BLACK
6
CONTINUOUS
10
0.4866677559055118
20
0.3335770078740157
11
0.4866674015748031
21
0.3335769291338583
0
LINE
8
BLACK
6
CONTINUOUS
10
0.4866674015748031
20
0.3335769291338583
11
0.4866673228346456
21
0.3335769291338583
0
LINE
8
BLACK
6
CONTINUOUS
10
0.4866673228346456
20
0.3335769291338583
11
0.484016968503937
21
0.3330497244094488
0
LINE
8
BLACK
6
CONTINUOUS
10
0.484016968503937
20
0.3330497244094488
11
0.4755294094488189
21
0.3313614566929134
0
LINE
8
BLACK
6
CONTINUOUS
10
0.4755294094488189
20
0.3313614566929134
11
0.4647755118110236
21
0.3277109842519685
0
LINE
8
BLACK
6
CONTINUOUS
10
0.4647755118110236
20
0.3277109842519685
11
0.4545901181102362
21
0.3226881102362205
0
LINE
8
BLACK
6
CONTINUOUS
10
0.4545901181102362
20
0.3226881102362205
11
0.451396062992126
21
0.3205538976377953
0
LINE
8
BLACK
6
CONTINUOUS
10
0.451396062992126
20
0.3205538976377953
11
0.4451477952755906
21
0.3163789763779528
0
LINE
8
BLACK
6
CONTINUOUS
10
0.4451477952755906
20
0.3163789763779528
11
0.4451476377952756
21
0.3163788582677165
0
LINE
8
BLACK
6
CONTINUOUS
10
0.4451476377952756
20
0.3163788582677165
11
0.4451474803149606
21
0.3163787401574803
0
LINE
8
BLACK
6
CONTINUOUS
10
0.4451474803149606
20
0.3163787401574803
11
0.4420161023622047
21
0.3136325590551181
0
LINE
8
BLACK
6
CONTINUOUS
10
0.4420161023622047
20
0.3136325590551181
11
0.4366091338582677
21
0.3088908267716535
0
LINE
8
BLACK
6
CONTINUOUS
10
0.4366091338582677
20
0.3088908267716535
11
0.4291211023622047
21
0.3003523228346456
0
LINE
8
BLACK
6
CONTINUOUS
10
0.4291211023622047
20
0.3003523228346456
11
0.4291209842519685
21
0.3003521653543307
0
LINE
8
BLACK
6
CONTINUOUS
10
0.4291209842519685
20
0.3003521653543307
11
0.422811811023622
21
0.2909097637795275
0
LINE
8
BLACK
6
CONTINUOUS
10
0.422811811023622
20
0.2909097637795275
11
0.4181568897637795
21
0.2814705118110236
0
LINE
8
BLACK
6
CONTINUOUS
10
0.4181568897637795
20
0.2814705118110236
11
0.4177890157480315
21
0.2807244881889764
0
LINE
8
BLACK
6
CONTINUOUS
10
0.4177890157480315
20
0.2807244881889764
11
0.4177889763779528
21
0.2807243307086614
0
LINE
8
BLACK
6
CONTINUOUS
10
0.4177889763779528
20
0.2807243307086614
11
0.4141385826771654
21
0.2699707874015748
0
LINE
8
BLACK
6
CONTINUOUS
10
0.4141385826771654
20
0.2699707874015748
11
0.4141385433070866
21
0.2699706299212599
0
LINE
8
BLACK
6
CONTINUOUS
10
0.4141385433070866
20
0.2699706299212599
11
0.411923031496063
21
0.2588326377952756
0
LINE
8
BLACK
6
CONTINUOUS
10
0.411923031496063
20
0.2588326377952756
11
0.4119229527559055
21
0.2588320472440945
0
LINE
8
BLACK
6
CONTINUOUS
10
0.4119229527559055
20
0.2588320472440945
11
0.4111802362204725
21
0.2475001181102362
0
LINE
8
BLACK
6
CONTINUOUS
10
0.4111802362204725
20
0.2475001181102362
11
0.4111802362204725
21
0.247499842519685
0
LINE
8
BLACK
6
CONTINUOUS
10
0.4111802362204725
20
0.247499842519685
11
0.4119229527559055
21
0.2361679133858268
0
LINE
8
BLACK
6
CONTINUOUS
10
0.4119229527559055
20
0.2361679133858268
11
0.411923031496063
21
0.2361673228346457
0
LINE
8
BLACK
6
CONTINUOUS
10
0.411923031496063
20
0.2361673228346457
11
0.4141385433070866
21
0.2250293307086614
0
LINE
8
BLACK
6
CONTINUOUS
10
0.4141385433070866
20
0.2250293307086614
11
0.4141385826771654
21
0.2250291732283465
0
LINE
8
BLACK
6
CONTINUOUS
10
0.4141385826771654
20
0.2250291732283465
11
0.4177889763779528
21
0.2142756299212598
0
LINE
8
BLACK
6
CONTINUOUS
10
0.4177889763779528
20
0.2142756299212598
11
0.4177891338582677
21
0.2142752362204724
0
LINE
8
BLACK
6
CONTINUOUS
10
0.4177891338582677
20
0.2142752362204724
11
0.422811811023622
21
0.2040901968503937
0
LINE
8
BLACK
6
CONTINUOUS
10
0.422811811023622
20
0.2040901968503937
11
0.4291209842519685
21
0.1946477952755905
0
LINE
8
BLACK
6
CONTINUOUS
10
0.4291209842519685
20
0.1946477952755905
11
0.4291211023622047
21
0.1946476377952756
0
LINE
8
BLACK
6
CONTINUOUS
10
0.4291211023622047
20
0.1946476377952756
11
0.4366091338582677
21
0.1861091338582677
0
LINE
8
BLACK
6
CONTINUOUS
10
0.4366091338582677
20
0.1861091338582677
11
0.4451476377952756
21
0.1786211023622047
0
LINE
8
BLACK
6
CONTINUOUS
10
0.4451476377952756
20
0.1786211023622047
11
0.4451477952755906
21
0.1786209842519685
0
LINE
8
BLACK
6
CONTINUOUS
10
0.4451477952755906
20
0.1786209842519685
11
0.4545901968503937
21
0.172311811023622
0
LINE
8
BLACK
6
CONTINUOUS
10
0.4545901968503937
20
0.172311811023622
11
0.4647752362204725
21
0.1672891338582677
0
LINE
8
BLACK
6
CONTINUOUS
10
0.4647752362204725
20
0.1672891338582677
11
0.4647753937007874
21
0.1672890551181102
0
LINE
8
BLACK
6
CONTINUOUS
10
0.4647753937007874
20
0.1672890551181102
11
0.4647755118110236
21
0.1672890157480315
0
LINE
8
BLACK
6
CONTINUOUS
10
0.4647755118110236
20
0.1672890157480315
11
0.4647756299212598
21
0.1672889763779528
0
LINE
8
BLACK
6
CONTINUOUS
10
0.4647756299212598
20
0.1672889763779528
11
0.4755291732283464
21
0.1636385826771654
0
LINE
8
BLACK
6
CONTINUOUS
10
0.4755291732283464
20
0.1636385826771654
11
0.4755293307086614
21
0.1636385433070866
0
LINE
8
BLACK
6
CONTINUOUS
10
0.4755293307086614
20
0.1636385433070866
11
0.4866673228346456
21
0.161423031496063
0
LINE
8
BLACK
6
CONTINUOUS
10
0.4866673228346456
20
0.161423031496063
11
0.4866679133858268
21
0.1614229527559055
0
LINE
8
BLACK
6
CONTINUOUS
10
0.4866679133858268
20
0.1614229527559055
11
0.4979998818897638
21
0.1606802362204724
0
LINE
8
BLACK
6
CONTINUOUS
10
0.4979998818897638
20
0.1606802362204724
11
0.498
21
0.1606802362204724
0
LINE
8
BLACK
6
CONTINUOUS
10
0.498
20
0.1606802362204724
11
0.4980001181102362
21
0.1606802362204724
0
LINE
8
BLACK
6
CONTINUOUS
10
0.4980001181102362
20
0.1606802362204724
11
0.5093320472440944
21
0.1614229527559055
0
LINE
8
BLACK
6
CONTINUOUS
10
0.5093320472440944
20
0.1614229527559055
11
0.5093326377952756
21
0.161423031496063
0
LINE
8
BLACK
6
CONTINUOUS
10
0.5093326377952756
20
0.161423031496063
11
0.5204706299212598
21
0.1636385433070866
0
LINE
8
BLACK
6
CONTINUOUS
10
0.5204706299212598
20
0.1636385433070866
11
0.5204707874015748
21
0.1636385826771654
0
LINE
8
BLACK
6
CONTINUOUS
10
0.5204707874015748
20
0.1636385826771654
11
0.5275774015748032
21
0.1660509842519685
0
LINE
8
BLACK
6
CONTINUOUS
10
0.5275774015748032
20
0.1660509842519685
11
0.5312244881889764
21
0.1672890157480315
0
LINE
8
BLACK
6
CONTINUOUS
10
0.5312244881889764
20
0.1672890157480315
11
0.5319705118110236
21
0.1676568897637795
0
LINE
8
BLACK
6
CONTINUOUS
10
0.5319705118110236
20
0.1676568897637795
11
0.5414097637795275
21
0.172311811023622
0
LINE
8
BLACK
6
CONTINUOUS
10
0.5414097637795275
20
0.172311811023622
11
0.5508521653543307
21
0.1786209842519685
0
LINE
8
BLACK
6
CONTINUOUS
10
0.5508521653543307
20
0.1786209842519685
11
0.5508523228346457
21
0.1786211023622047
0
LINE
8
BLACK
6
CONTINUOUS
10
0.5508523228346457
20
0.1786211023622047
11
0.5593908267716535
21
0.1861091338582677
0
LINE
8
BLACK
6
CONTINUOUS
10
0.5593908267716535
20
0.1861091338582677
11
0.5641325590551181
21
0.1915161023622047
0
LINE
8
BLACK
6
CONTINUOUS
10
0.5641325590551181
20
0.1915161023622047
11
0.5668787401574803
21
0.1946474803149606
0
LINE
8
BLACK
6
CONTINUOUS
10
0.5668787401574803
20
0.1946474803149606
11
0.5668788582677166
21
0.1946476377952756
0
LINE
8
BLACK
6
CONTINUOUS
10
0.5668788582677166
20
0.1946476377952756
11
0.5668789763779527
21
0.1946477952755905
0
LINE
8
BLACK
6
CONTINUOUS
10
0.5668789763779527
20
0.1946477952755905
11
0.5731881496062992
21
0.2040901968503937
0
LINE
8
BLACK
6
CONTINUOUS
10
0.5731881496062992
20
0.2040901968503937
11
0.5733107086614173
21
0.2043387795275591
0
LINE
8
BLACK
6
CONTINUOUS
10
0.5733107086614173
20
0.2043387795275591
11
0.5782109842519685
21
0.2142755118110236
0
LINE
8
BLACK
6
CONTINUOUS
10
0.5782109842519685
20
0.2142755118110236
11
0.5818614566929133
21
0.2250294094488189
0
LINE
8
BLACK
6
CONTINUOUS
10
0.5818614566929133
20
0.2250294094488189
11
0.5840770078740157
21
0.2361677559055118
0
LINE
8
BLACK
6
CONTINUOUS
10
0.5840770078740157
20
0.2361677559055118
11
0.5848197637795275
21
0.2475
0
LINE
8
BLACK
6
CONTINUOUS
10
0.5848197637795275
20
0.2475
11
0.5840770078740157
21
0.2588322440944882
0
LINE
8
BLACK
6
CONTINUOUS
10
0.5840770078740157
20
0.2588322440944882
11
0.5818614566929133
21
0.2699705905511811
0
LINE
8
BLACK
6
CONTINUOUS
10
0.5818614566929133
20
0.2699705905511811
11
0.5782109842519685
21
0.2807244881889764
0
LINE
8
BLACK
6
CONTINUOUS
10
0.5782109842519685
20
0.2807244881889764
11
0.5731881102362204
21
0.2909098818897638
0
LINE
8
BLACK
6
CONTINUOUS
10
0.5731881102362204
20
0.2909098818897638
11
0.5668787401574803
21
0.3003525196850393
0
LINE
8
BLACK
6
CONTINUOUS
10
0.5668787401574803
20
0.3003525196850393
11
0.5593908267716535
21
0.3088908267716535
0
LINE
8
BLACK
6
CONTINUOUS
10
0.5593908267716535
20
0.3088908267716535
11
0.5508525196850393
21
0.3163787401574803
0
LINE
8
BLACK
6
CONTINUOUS
10
0.5508525196850393
20
0.3163787401574803
11
0.5414098818897638
21
0.3226881102362205
0
LINE
8
BLACK
6
CONTINUOUS
10
0.5414098818897638
20
0.3226881102362205
11
0.5312244881889764
21
0.3277109842519685
0
LINE
8
BLACK
6
CONTINUOUS
10
0.5312244881889764
20
0.3277109842519685
11
0.5204705905511811
21
0.3313614566929134
0
LINE
8
BLACK
6
CONTINUOUS
10
0.5204705905511811
20
0.3313614566929134
11
0.5093322440944882
21
0.3335770078740157
0
LINE
8
BLACK
6
CONTINUOUS
10
0.5093322440944882
20
0.3335770078740157
11
0.5022495669291338
21
0.3340412204724409
0
LINE
8
BLACK
6
CONTINUOUS
10
0.5022495669291338
20
0.3340412204724409
11
0.4980001181102362
21
0.3343197637795275
0
LINE
8
BLACK
6
CONTINUOUS
10
0.4980001181102362
20
0.3343197637795275
11
0.4979998818897638
21
0.3343197637795275
0
LINE
8
BLACK
6
CONTINUOUS
10
0.4979998818897638
20
0.3343197637795275
11
0.4931433070866141
21
0.3340014173228346
0
LINE
8
BLACK
6
CONTINUOUS
10
1.3169200393700786
20
1.0874357086614173
11
1.3143089763779527
21
1.0856910236220472
0
LINE
8
BLACK
6
CONTINUOUS
10
1.3143089763779527
20
1.0856910236220472
11
1.3125642913385827
21
1.0830799606299213
0
LINE
8
BLACK
6
CONTINUOUS
10
1.3125642913385827
20
1.0830799606299213
11
1.3125642519685039
21
1.083079842519685
0
LINE
8
BLACK
6
CONTINUOUS
10
1.3125642519685039
20
1.083079842519685
11
1.3121062992125985
21
1.0807775590551181
0
LINE
8
BLACK
6
CONTINUOUS
10
1.3121062992125985
20
1.0807775590551181
11
1.3121062992125985
21
1.019222401574803
0
LINE
8
BLACK
6
CONTINUOUS
10
1.3121062992125985
20
1.019222401574803
11
1.3125642519685039
21
1.0169201181102363
0
LINE
8
BLACK
6
CONTINUOUS
10
1.3125642519685039
20
1.0169201181102363
11
1.3125642913385827
21
1.01692
0
LINE
8
BLACK
6
CONTINUOUS
10
1.3125642913385827
20
1.01692
11
1.3143089763779527
21
1.0143089763779527
0
LINE
8
BLACK
6
CONTINUOUS
10
1.3143089763779527
20
1.0143089763779527
11
1.3169199999999999
21
1.0125642913385826
0
LINE
8
BLACK
6
CONTINUOUS
10
1.3169199999999999
20
1.0125642913385826
11
1.3169201181102361
21
1.0125642519685039
0
LINE
8
BLACK
6
CONTINUOUS
10
1.3169201181102361
20
1.0125642519685039
11
1.3192224015748031
21
1.0121062992125984
0
LINE
8
BLACK
6
CONTINUOUS
10
1.3192224015748031
20
1.0121062992125984
11
1.3192225196850393
21
1.0121062992125984
0
LINE
8
BLACK
6
CONTINUOUS
10
1.3192225196850393
20
1.0121062992125984
11
1.3253346456692914
21
1.0121062992125984
0
LINE
8
BLACK
6
CONTINUOUS
10
1.3253346456692914
20
1.0121062992125984
11
1.3280165748031496
21
1.0113188188976379
0
LINE
8
BLACK
6
CONTINUOUS
10
1.3280165748031496
20
1.0113188188976379
11
1.3298470078740157
21
1.0092063779527558
0
LINE
8
BLACK
6
CONTINUOUS
10
1.3298470078740157
20
1.0092063779527558
11
1.3302952755905511
21
1.0071456692913385
0
LINE
8
BLACK
6
CONTINUOUS
10
1.3302952755905511
20
1.0071456692913385
11
1.3302952755905511
21
0.9928543307086614
0
LINE
8
BLACK
6
CONTINUOUS
10
1.3302952755905511
20
0.9928543307086614
11
1.3295077952755905
21
0.9901724015748031
0
LINE
8
BLACK
6
CONTINUOUS
10
1.3295077952755905
20
0.9901724015748031
11
1.3273953543307087
21
0.988341968503937
0
LINE
8
BLACK
6
CONTINUOUS
10
1.3273953543307087
20
0.988341968503937
11
1.3253346456692914
21
0.9878937007874016
0
LINE
8
BLACK
6
CONTINUOUS
10
1.3253346456692914
20
0.9878937007874016
11
1.3192225196850393
21
0.9878937007874016
0
LINE
8
BLACK
6
CONTINUOUS
10
1.3192225196850393
20
0.9878937007874016
11
1.3169200393700786
21
0.9874357086614173
0
LINE
8
BLACK
6
CONTINUOUS
10
1.3169200393700786
20
0.9874357086614173
11
1.3143089763779527
21
0.9856910236220472
0
LINE
8
BLACK
6
CONTINUOUS
10
1.3143089763779527
20
0.9856910236220472
11
1.3125642913385827
21
0.9830799606299212
0
LINE
8
BLACK
6
CONTINUOUS
10
1.3125642913385827
20
0.9830799606299212
11
1.3125642519685039
21
0.9830798425196851
0
LINE
8
BLACK
6
CONTINUOUS
10
1.3125642519685039
20
0.9830798425196851
11
1.3121062992125985
21
0.9807775590551181
0
LINE
8
BLACK
6
CONTINUOUS
10
1.3121062992125985
20
0.9807775590551181
11
1.3121062992125985
21
0.9192224015748032
0
LINE
8
BLACK
6
CONTINUOUS
10
1.3121062992125985
20
0.9192224015748032
11
1.3125642519685039
21
0.9169201181102362
0
LINE
8
BLACK
6
CONTINUOUS
10
1.3125642519685039
20
0.9169201181102362
11
1.3125642913385827
21
0.91692
0
LINE
8
BLACK
6
CONTINUOUS
10
1.3125642913385827
20
0.91692
11
1.3143089763779527
21
0.9143089763779527
0
LINE
8
BLACK
6
CONTINUOUS
10
1.3143089763779527
20
0.9143089763779527
11
1.3169199999999999
21
0.9125642913385826
0
LINE
8
BLACK
6
CONTINUOUS
10
1.3169199999999999
20
0.9125642913385826
11
1.3169201181102361
21
0.9125642519685039
0
LINE
8
BLACK
6
CONTINUOUS
10
1.3169201181102361
20
0.9125642519685039
11
1.3192224015748031
21
0.9121062992125984
0
LINE
8
BLACK
6
CONTINUOUS
10
1.3192224015748031
20
0.9121062992125984
11
1.3192225196850393
21
0.9121062992125984
0
LINE
8
BLACK
6
CONTINUOUS
10
1.3192225196850393
20
0.9121062992125984
11
1.3253346456692914
21
0.9121062992125984
0
LINE
8
BLACK
6
CONTINUOUS
10
1.3253346456692914
20
0.9121062992125984
11
1.3280165748031496
21
0.9113188188976378
0
LINE
8
BLACK
6
CONTINUOUS
10
1.3280165748031496
20
0.9113188188976378
11
1.3298470078740157
21
0.9092063779527559
0
LINE
8
BLACK
6
CONTINUOUS
10
1.3298470078740157
20
0.9092063779527559
11
1.3302952755905511
21
0.9071456692913386
0
LINE
8
BLACK
6
CONTINUOUS
10
1.3302952755905511
20
0.9071456692913386
11
1.3302952755905511
21
0.7746653543307086
0
LINE
8
BLACK
6
CONTINUOUS
10
1.3302952755905511
20
0.7746653543307086
11
1.3295077952755905
21
0.7719834251968504
0
LINE
8
BLACK
6
CONTINUOUS
10
1.3295077952755905
20
0.7719834251968504
11
1.3273953543307087
21
0.7701529921259842
0
LINE
8
BLACK
6
CONTINUOUS
10
1.3273953543307087
20
0.7701529921259842
11
1.3253346456692914
21
0.7697047244094488
0
LINE
8
BLACK
6
CONTINUOUS
10
1.3253346456692914
20
0.7697047244094488
11
1.2326517716535432
21
0.7697047244094488
0
LINE
8
BLACK
6
CONTINUOUS
10
1.2326517716535432
20
0.7697047244094488
11
1.2315974409448818
21
0.7698180708661417
0
LINE
8
BLACK
6
CONTINUOUS
10
1.2315974409448818
20
0.7698180708661417
11
1.2315300393700788
21
0.7698327165354331
0
LINE
8
BLACK
6
CONTINUOUS
10
1.2315300393700788
20
0.7698327165354331
11
1.2314201968503937
21
0.7698566141732284
0
LINE
8
BLACK
6
CONTINUOUS
10
1.2314201968503937
20
0.7698566141732284
11
1.2294730708661417
21
0.7697173228346457
0
LINE
8
BLACK
6
CONTINUOUS
10
1.2294730708661417
20
0.7697173228346457
11
1.2291192519685039
21
0.7697047244094488
0
LINE
8
BLACK
6
CONTINUOUS
10
1.2291192519685039
20
0.7697047244094488
11
1.2285905118110236
21
0.7697047244094488
0
LINE
8
BLACK
6
CONTINUOUS
10
1.2285905118110236
20
0.7697047244094488
11
1.2283649999999999
21
0.769672283464567
0
LINE
8
BLACK
6
CONTINUOUS
10
1.2283649999999999
20
0.769672283464567
11
1.2280670866141732
21
0.7696294094488189
0
LINE
8
BLACK
6
CONTINUOUS
10
1.2280670866141732
20
0.7696294094488189
11
1.2277155511811024
21
0.7695916141732283
0
LINE
8
BLACK
6
CONTINUOUS
10
1.2277155511811024
20
0.7695916141732283
11
1.2257683858267716
21
0.7694524015748031
0
LINE
8
BLACK
6
CONTINUOUS
10
1.2257683858267716
20
0.7694524015748031
11
1.2255983858267716
21
0.7693889763779528
0
LINE
8
BLACK
6
CONTINUOUS
10
1.2255983858267716
20
0.7693889763779528
11
1.2245708661417323
21
0.7691267716535433
0
LINE
8
BLACK
6
CONTINUOUS
10
1.2245708661417323
20
0.7691267716535433
11
1.2243914566929133
21
0.7691009842519685
0
LINE
8
BLACK
6
CONTINUOUS
10
1.2243914566929133
20
0.7691009842519685
11
1.2226150787401575
21
0.7682897244094488
0
LINE
8
BLACK
6
CONTINUOUS
10
1.2226150787401575
20
0.7682897244094488
11
1.222288622047244
21
0.7681545275590551
0
LINE
8
BLACK
6
CONTINUOUS
10
1.222288622047244
20
0.7681545275590551
11
1.2204594881889763
21
0.7674722834645669
0
LINE
8
BLACK
6
CONTINUOUS
10
1.2204594881889763
20
0.7674722834645669
11
1.2204594488188976
21
0.7674722440944882
0
LINE
8
BLACK
6
CONTINUOUS
10
1.2204594488188976
20
0.7674722440944882
11
1.2204594094488188
21
0.7674722440944882
0
LINE
8
BLACK
6
CONTINUOUS
10
1.2204594094488188
20
0.7674722440944882
11
1.2203142125984252
21
0.7673635433070866
0
LINE
8
BLACK
6
CONTINUOUS
10
1.2203142125984252
20
0.7673635433070866
11
1.2194022047244095
21
0.7668224015748031
0
LINE
8
BLACK
6
CONTINUOUS
10
1.2194022047244095
20
0.7668224015748031
11
1.2192372834645668
21
0.766747125984252
0
LINE
8
BLACK
6
CONTINUOUS
10
1.2192372834645668
20
0.766747125984252
11
1.2192372047244093
21
0.7667470472440945
0
LINE
8
BLACK
6
CONTINUOUS
10
1.2192372047244093
20
0.7667470472440945
11
1.2177619685039369
21
0.7654687401574803
0
LINE
8
BLACK
6
CONTINUOUS
10
1.2177619685039369
20
0.7654687401574803
11
1.2174862204724408
21
0.7652465354330709
0
LINE
8
BLACK
6
CONTINUOUS
10
1.2174862204724408
20
0.7652465354330709
11
1.2170632283464566
21
0.7649299212598425
0
LINE
8
BLACK
6
CONTINUOUS
10
1.2170632283464566
20
0.7649299212598425
11
1.2166893307086615
21
0.7645560236220472
0
LINE
8
BLACK
6
CONTINUOUS
10
1.2166893307086615
20
0.7645560236220472
11
1.216430590551181
21
0.7643151181102362
0
LINE
8
BLACK
6
CONTINUOUS
10
1.216430590551181
20
0.7643151181102362
11
1.2149549606299213
21
0.7630364960629921
0
LINE
8
BLACK
6
CONTINUOUS
10
1.2149549606299213
20
0.7630364960629921
11
1.2148567716535432
21
0.7628837007874015
0
LINE
8
BLACK
6
CONTINUOUS
10
1.2148567716535432
20
0.7628837007874015
11
1.2141913779527558
21
0.7620580708661417
0
LINE
8
BLACK
6
CONTINUOUS
10
1.2141913779527558
20
0.7620580708661417
11
1.1607449999999999
21
0.7086116929133858
0
LINE
8
BLACK
6
CONTINUOUS
10
1.1607449999999999
20
0.7086116929133858
11
1.1599193307086615
21
0.7079462598425197
0
LINE
8
BLACK
6
CONTINUOUS
10
1.1599193307086615
20
0.7079462598425197
11
1.1597666141732283
21
0.7078481496062992
0
LINE
8
BLACK
6
CONTINUOUS
10
1.1597666141732283
20
0.7078481496062992
11
1.1597665354330708
21
0.7078480708661418
0
LINE
8
BLACK
6
CONTINUOUS
10
1.1597665354330708
20
0.7078480708661418
11
1.1594408661417324
21
0.7074722047244094
0
LINE
8
BLACK
6
CONTINUOUS
10
1.1594408661417324
20
0.7074722047244094
11
1.1588125984251969
21
0.7067471259842519
0
LINE
8
BLACK
6
CONTINUOUS
10
1.1588125984251969
20
0.7067471259842519
11
1.1584879527559055
21
0.7063724803149606
0
LINE
8
BLACK
6
CONTINUOUS
10
1.1584879527559055
20
0.7063724803149606
11
1.1582470078740157
21
0.7061137007874015
0
LINE
8
BLACK
6
CONTINUOUS
10
1.1582470078740157
20
0.7061137007874015
11
1.157873188976378
21
0.7057398818897638
0
LINE
8
BLACK
6
CONTINUOUS
10
1.157873188976378
20
0.7057398818897638
11
1.1575834645669292
21
0.705352874015748
0
LINE
8
BLACK
6
CONTINUOUS
10
1.1575834645669292
20
0.705352874015748
11
1.1575564566929133
21
0.7053167716535433
0
LINE
8
BLACK
6
CONTINUOUS
10
1.1575564566929133
20
0.7053167716535433
11
1.1573344881889764
21
0.7050413385826771
0
LINE
8
BLACK
6
CONTINUOUS
10
1.1573344881889764
20
0.7050413385826771
11
1.1560560236220472
21
0.7035658661417322
0
LINE
8
BLACK
6
CONTINUOUS
10
1.1560560236220472
20
0.7035658661417322
11
1.1560559842519684
21
0.7035657874015748
0
LINE
8
BLACK
6
CONTINUOUS
10
1.1560559842519684
20
0.7035657874015748
11
1.1560559448818897
21
0.7035657480314961
0
LINE
8
BLACK
6
CONTINUOUS
10
1.1560559448818897
20
0.7035657480314961
11
1.1560558661417322
21
0.7035656299212598
0
LINE
8
BLACK
6
CONTINUOUS
10
1.1560558661417322
20
0.7035656299212598
11
1.1559805511811023
21
0.7034007086614174
0
LINE
8
BLACK
6
CONTINUOUS
10
1.1559805511811023
20
0.7034007086614174
11
1.15543968503937
21
0.7024891338582677
0
LINE
8
BLACK
6
CONTINUOUS
10
1.15543968503937
20
0.7024891338582677
11
1.1553308661417323
21
0.7023437401574802
0
LINE
8
BLACK
6
CONTINUOUS
10
1.1553308661417323
20
0.7023437401574802
11
1.1552243307086614
21
0.7020580708661417
0
LINE
8
BLACK
6
CONTINUOUS
10
1.1552243307086614
20
0.7020580708661417
11
1.1546485039370078
21
0.7005143307086614
0
LINE
8
BLACK
6
CONTINUOUS
10
1.1546485039370078
20
0.7005143307086614
11
1.154513031496063
21
0.7001873228346457
0
LINE
8
BLACK
6
CONTINUOUS
10
1.154513031496063
20
0.7001873228346457
11
1.1537022047244094
21
0.6984118897637795
0
LINE
8
BLACK
6
CONTINUOUS
10
1.1537022047244094
20
0.6984118897637795
11
1.1537021259842519
21
0.6984116141732283
0
LINE
8
BLACK
6
CONTINUOUS
10
1.1537021259842519
20
0.6984116141732283
11
1.1536762598425196
21
0.6982316141732283
0
LINE
8
BLACK
6
CONTINUOUS
10
1.1536762598425196
20
0.6982316141732283
11
1.1534142125984252
21
0.6972050393700787
0
LINE
8
BLACK
6
CONTINUOUS
10
1.1534142125984252
20
0.6972050393700787
11
1.1533507874015747
21
0.6970349606299212
0
LINE
8
BLACK
6
CONTINUOUS
10
1.1533507874015747
20
0.6970349606299212
11
1.1533507086614172
21
0.69703468503937
0
LINE
8
BLACK
6
CONTINUOUS
10
1.1533507086614172
20
0.69703468503937
11
1.1532114173228347
21
0.6950873622047244
0
LINE
8
BLACK
6
CONTINUOUS
10
1.1532114173228347
20
0.6950873622047244
11
1.1531736220472442
21
0.6947357480314961
0
LINE
8
BLACK
6
CONTINUOUS
10
1.1531736220472442
20
0.6947357480314961
11
1.1530984251968504
21
0.6942124803149606
0
LINE
8
BLACK
6
CONTINUOUS
10
1.1530984251968504
20
0.6942124803149606
11
1.1530984251968504
21
0.6936842519685039
0
LINE
8
BLACK
6
CONTINUOUS
10
1.1530984251968504
20
0.6936842519685039
11
1.1530857874015747
21
0.6933303149606299
0
LINE
8
BLACK
6
CONTINUOUS
10
1.1530857874015747
20
0.6933303149606299
11
1.152946496062992
21
0.6913829921259842
0
LINE
8
BLACK
6
CONTINUOUS
10
1.152946496062992
20
0.6913829921259842
11
1.152946496062992
21
0.6913827952755905
0
LINE
8
BLACK
6
CONTINUOUS
10
1.152946496062992
20
0.6913827952755905
11
1.1529850787401574
21
0.6912055118110236
0
LINE
8
BLACK
6
CONTINUOUS
10
1.1529850787401574
20
0.6912055118110236
11
1.1530984251968504
21
0.6901511811023622
0
LINE
8
BLACK
6
CONTINUOUS
10
1.1530984251968504
20
0.6901511811023622
11
1.1530984251968504
21
0.6440462992125984
0
LINE
8
BLACK
6
CONTINUOUS
10
1.1530984251968504
20
0.6440462992125984
11
1.1523109448818898
21
0.6413643700787401
0
LINE
8
BLACK
6
CONTINUOUS
10
1.1523109448818898
20
0.6413643700787401
11
1.1507493307086614
21
0.6398287401574803
0
LINE
8
BLACK
6
CONTINUOUS
10
1.1507493307086614
20
0.6398287401574803
11
1.1441984251968504
21
0.6357726377952756
0
LINE
8
BLACK
6
CONTINUOUS
10
1.1441984251968504
20
0.6357726377952756
11
1.1441982283464567
21
0.6357725196850393
0
LINE
8
BLACK
6
CONTINUOUS
10
1.1441982283464567
20
0.6357725196850393
11
1.1377250787401574
21
0.6298714566929133
0
LINE
8
BLACK
6
CONTINUOUS
10
1.1377250787401574
20
0.6298714566929133
11
1.1324465354330708
21
0.6228814566929134
0
LINE
8
BLACK
6
CONTINUOUS
10
1.1324465354330708
20
0.6228814566929134
11
1.1324464960629921
21
0.6228813779527559
0
LINE
8
BLACK
6
CONTINUOUS
10
1.1324464960629921
20
0.6228813779527559
11
1.1311849212598426
21
0.620347874015748
0
LINE
8
BLACK
6
CONTINUOUS
10
1.1311849212598426
20
0.620347874015748
11
1.1292845669291338
21
0.6182981496062993
0
LINE
8
BLACK
6
CONTINUOUS
10
1.1292845669291338
20
0.6182981496062993
11
1.1267443700787401
21
0.6175984251968504
0
LINE
8
BLACK
6
CONTINUOUS
10
1.1267443700787401
20
0.6175984251968504
11
1.0763229921259843
21
0.6175984251968504
0
LINE
8
BLACK
6
CONTINUOUS
10
1.0763229921259843
20
0.6175984251968504
11
1.073641062992126
21
0.6183859055118111
0
LINE
8
BLACK
6
CONTINUOUS
10
1.073641062992126
20
0.6183859055118111
11
1.0728152755905511
21
0.6190513779527559
0
LINE
8
BLACK
6
CONTINUOUS
10
1.0728152755905511
20
0.6190513779527559
11
1.0641145669291339
21
0.6277520866141733
0
LINE
8
BLACK
6
CONTINUOUS
10
1.0641145669291339
20
0.6277520866141733
11
1.0546847244094488
21
0.637181968503937
0
LINE
8
BLACK
6
CONTINUOUS
10
1.0546847244094488
20
0.637181968503937
11
1.0504267322834646
21
0.6414398818897638
0
LINE
8
BLACK
6
CONTINUOUS
10
1.0504267322834646
20
0.6414398818897638
11
1.0490872440944881
21
0.643893031496063
0
LINE
8
BLACK
6
CONTINUOUS
10
1.0490872440944881
20
0.643893031496063
11
1.0490488188976377
21
0.6441134251968503
0
LINE
8
BLACK
6
CONTINUOUS
10
1.0490488188976377
20
0.6441134251968503
11
1.0490332677165355
21
0.6441713385826772
0
LINE
8
BLACK
6
CONTINUOUS
10
1.0490332677165355
20
0.6441713385826772
11
1.0490332283464567
21
0.6441717322834646
0
LINE
8
BLACK
6
CONTINUOUS
10
1.0490332283464567
20
0.6441717322834646
11
1.0466510236220472
21
0.649922874015748
0
LINE
8
BLACK
6
CONTINUOUS
10
1.0466510236220472
20
0.649922874015748
11
1.0428614960629921
21
0.6548614960629922
0
LINE
8
BLACK
6
CONTINUOUS
10
1.0428614960629921
20
0.6548614960629922
11
1.037922874015748
21
0.6586510236220472
0
LINE
8
BLACK
6
CONTINUOUS
10
1.037922874015748
20
0.6586510236220472
11
1.0321717322834645
21
0.6610332283464567
0
LINE
8
BLACK
6
CONTINUOUS
10
1.0321717322834645
20
0.6610332283464567
11
1.026
21
0.6618457480314961
0
LINE
8
BLACK
6
CONTINUOUS
10
1.026
20
0.6618457480314961
11
1.0198282677165353
21
0.6610332283464567
0
LINE
8
BLACK
6
CONTINUOUS
10
1.0198282677165353
20
0.6610332283464567
11
1.014077125984252
21
0.6586510236220472
0
LINE
8
BLACK
6
CONTINUOUS
10
1.014077125984252
20
0.6586510236220472
11
1.0091385039370078
21
0.6548614960629922
0
LINE
8
BLACK
6
CONTINUOUS
10
1.0091385039370078
20
0.6548614960629922
11
1.0068835826771654
21
0.6519227952755905
0
LINE
8
BLACK
6
CONTINUOUS
10
1.0068835826771654
20
0.6519227952755905
11
1.0053490157480314
21
0.6499229133858268
0
LINE
8
BLACK
6
CONTINUOUS
10
1.0053490157480314
20
0.6499229133858268
11
1.0053489370078741
21
0.6499227952755905
0
LINE
8
BLACK
6
CONTINUOUS
10
1.0053489370078741
20
0.6499227952755905
11
1.0029667322834646
21
0.6441716535433071
0
LINE
8
BLACK
6
CONTINUOUS
10
1.0029667322834646
20
0.6441716535433071
11
1.0021542519685038
21
0.638
0
LINE
8
BLACK
6
CONTINUOUS
10
1.0021542519685038
20
0.638
11
1.0021542519685038
21
0.6379999606299213
0
LINE
8
BLACK
6
CONTINUOUS
10
1.0021542519685038
20
0.6379999606299213
11
1.0029667322834646
21
0.6318283070866142
0
LINE
8
BLACK
6
CONTINUOUS
10
1.0029667322834646
20
0.6318283070866142
11
1.0053489370078741
21
0.6260771653543307
0
LINE
8
BLACK
6
CONTINUOUS
10
1.0053489370078741
20
0.6260771653543307
11
1.0053490157480314
21
0.6260770472440945
0
LINE
8
BLACK
6
CONTINUOUS
10
1.0053490157480314
20
0.6260770472440945
11
1.0091385039370078
21
0.6211385039370079
0
LINE
8
BLACK
6
CONTINUOUS
10
1.0091385039370078
20
0.6211385039370079
11
1.0140770472440945
21
0.6173490157480315
0
LINE
8
BLACK
6
CONTINUOUS
10
1.0140770472440945
20
0.6173490157480315
11
1.0140771653543308
21
0.617348937007874
0
LINE
8
BLACK
6
CONTINUOUS
10
1.0140771653543308
20
0.617348937007874
11
1.0198283858267716
21
0.6149666929133858
0
LINE
8
BLACK
6
CONTINUOUS
10
1.0198283858267716
20
0.6149666929133858
11
1.0201423228346456
21
0.6148825984251969
0
LINE
8
BLACK
6
CONTINUOUS
10
1.0201423228346456
20
0.6148825984251969
11
1.0201196456692914
21
0.6147979921259842
0
LINE
8
BLACK
6
CONTINUOUS
10
1.0201196456692914
20
0.6147979921259842
11
1.0222562598425196
21
0.6138527165354331
0
LINE
8
BLACK
6
CONTINUOUS
10
1.0222562598425196
20
0.6138527165354331
11
1.0225600787401574
21
0.6135731889763779
0
LINE
8
BLACK
6
CONTINUOUS
10
1.0225600787401574
20
0.6135731889763779
11
1.0268180314960629
21
0.6093152755905512
0
LINE
8
BLACK
6
CONTINUOUS
10
1.0268180314960629
20
0.6093152755905512
11
1.0268180314960629
21
0.6093152362204725
0
LINE
8
BLACK
6
CONTINUOUS
10
1.0268180314960629
20
0.6093152362204725
11
1.0502976771653543
21
0.5858355905511811
0
LINE
8
BLACK
6
CONTINUOUS
10
1.0502976771653543
20
0.5858355905511811
11
1.0509629133858267
21
0.5850101968503937
0
LINE
8
BLACK
6
CONTINUOUS
10
1.0509629133858267
20
0.5850101968503937
11
1.0510611811023622
21
0.5848572440944881
0
LINE
8
BLACK
6
CONTINUOUS
10
1.0510611811023622
20
0.5848572440944881
11
1.0510613385826773
21
0.5848570472440945
0
LINE
8
BLACK
6
CONTINUOUS
10
1.0510613385826773
20
0.5848570472440945
11
1.0525370866141732
21
0.5835783070866142
0
LINE
8
BLACK
6
CONTINUOUS
10
1.0525370866141732
20
0.5835783070866142
11
1.0527958661417323
21
0.5833373622047244
0
LINE
8
BLACK
6
CONTINUOUS
10
1.0527958661417323
20
0.5833373622047244
11
1.0531693700787401
21
0.5829638976377952
0
LINE
8
BLACK
6
CONTINUOUS
10
1.0531693700787401
20
0.5829638976377952
11
1.0531695275590551
21
0.5829637401574803
0
LINE
8
BLACK
6
CONTINUOUS
10
1.0531695275590551
20
0.5829637401574803
11
1.0535925196850393
21
0.5826470866141732
0
LINE
8
BLACK
6
CONTINUOUS
10
1.0535925196850393
20
0.5826470866141732
11
1.0538678740157481
21
0.5824251968503937
0
LINE
8
BLACK
6
CONTINUOUS
10
1.0538678740157481
20
0.5824251968503937
11
1.0553436220472441
21
0.5811464960629921
0
LINE
8
BLACK
6
CONTINUOUS
10
1.0553436220472441
20
0.5811464960629921
11
1.0553435826771653
21
0.5811464960629921
0
LINE
8
BLACK
6
CONTINUOUS
10
1.0553435826771653
20
0.5811464960629921
11
1.0555088188976378
21
0.581071062992126
0
LINE
8
BLACK
6
CONTINUOUS
10
1.0555088188976378
20
0.581071062992126
11
1.0564200393700787
21
0.5805303937007874
0
LINE
8
BLACK
6
CONTINUOUS
10
1.0564200393700787
20
0.5805303937007874
11
1.0565655511811023
21
0.5804214566929133
0
LINE
8
BLACK
6
CONTINUOUS
10
1.0565655511811023
20
0.5804214566929133
11
1.0565657480314961
21
0.5804213385826772
0
LINE
8
BLACK
6
CONTINUOUS
10
1.0565657480314961
20
0.5804213385826772
11
1.0583947637795275
21
0.5797391732283464
0
LINE
8
BLACK
6
CONTINUOUS
10
1.0583947637795275
20
0.5797391732283464
11
1.0587218110236221
21
0.5796037401574803
0
LINE
8
BLACK
6
CONTINUOUS
10
1.0587218110236221
20
0.5796037401574803
11
1.0604977952755905
21
0.5787926771653543
0
LINE
8
BLACK
6
CONTINUOUS
10
1.0604977952755905
20
0.5787926771653543
11
1.0604979527559055
21
0.5787926377952756
0
LINE
8
BLACK
6
CONTINUOUS
10
1.0604979527559055
20
0.5787926377952756
11
1.0606778346456693
21
0.5787667716535433
0
LINE
8
BLACK
6
CONTINUOUS
10
1.0606778346456693
20
0.5787667716535433
11
1.0617041732283465
21
0.578504842519685
0
LINE
8
BLACK
6
CONTINUOUS
10
1.0617041732283465
20
0.578504842519685
11
1.0618745669291338
21
0.5784412992125985
0
LINE
8
BLACK
6
CONTINUOUS
10
1.0618745669291338
20
0.5784412992125985
11
1.063822125984252
21
0.578301968503937
0
LINE
8
BLACK
6
CONTINUOUS
10
1.063822125984252
20
0.578301968503937
11
1.0641737401574802
21
0.5782641732283464
0
LINE
8
BLACK
6
CONTINUOUS
10
1.0641737401574802
20
0.5782641732283464
11
1.0646968897637794
21
0.5781889763779527
0
LINE
8
BLACK
6
CONTINUOUS
10
1.0646968897637794
20
0.5781889763779527
11
1.0652251968503936
21
0.5781889763779527
0
LINE
8
BLACK
6
CONTINUOUS
10
1.0652251968503936
20
0.5781889763779527
11
1.0655790157480314
21
0.5781763385826771
0
LINE
8
BLACK
6
CONTINUOUS
10
1.0655790157480314
20
0.5781763385826771
11
1.0666229921259842
21
0.5781016535433071
0
LINE
8
BLACK
6
CONTINUOUS
10
1.0666229921259842
20
0.5781016535433071
11
1.0675264566929135
21
0.5780370472440944
0
LINE
8
BLACK
6
CONTINUOUS
10
1.0675264566929135
20
0.5780370472440944
11
1.067526496062992
21
0.5780370472440944
0
LINE
8
BLACK
6
CONTINUOUS
10
1.067526496062992
20
0.5780370472440944
11
1.0677036614173228
21
0.5780755905511811
0
LINE
8
BLACK
6
CONTINUOUS
10
1.0677036614173228
20
0.5780755905511811
11
1.068758188976378
21
0.5781889763779527
0
LINE
8
BLACK
6
CONTINUOUS
10
1.068758188976378
20
0.5781889763779527
11
1.1267443700787401
21
0.5781889763779527
0
LINE
8
BLACK
6
CONTINUOUS
10
1.1267443700787401
20
0.5781889763779527
11
1.1294262992125983
21
0.5774014960629921
0
LINE
8
BLACK
6
CONTINUOUS
10
1.1294262992125983
20
0.5774014960629921
11
1.1311849212598426
21
0.5754395275590551
0
LINE
8
BLACK
6
CONTINUOUS
10
1.1311849212598426
20
0.5754395275590551
11
1.1324464960629921
21
0.5729059842519685
0
LINE
8
BLACK
6
CONTINUOUS
10
1.1324464960629921
20
0.5729059842519685
11
1.1324465354330708
21
0.572905905511811
0
LINE
8
BLACK
6
CONTINUOUS
10
1.1324465354330708
20
0.572905905511811
11
1.1377250787401574
21
0.565915905511811
0
LINE
8
BLACK
6
CONTINUOUS
10
1.1377250787401574
20
0.565915905511811
11
1.1441983464566929
21
0.5600147637795275
0
LINE
8
BLACK
6
CONTINUOUS
10
1.1441983464566929
20
0.5600147637795275
11
1.1441983858267717
21
0.5600147244094488
0
LINE
8
BLACK
6
CONTINUOUS
10
1.1441983858267717
20
0.5600147244094488
11
1.151645157480315
21
0.5554038976377953
0
LINE
8
BLACK
6
CONTINUOUS
10
1.151645157480315
20
0.5554038976377953
11
1.1516457874015749
21
0.5554035826771654
0
LINE
8
BLACK
6
CONTINUOUS
10
1.1516457874015749
20
0.5554035826771654
11
1.1598131102362204
21
0.5522394881889764
0
LINE
8
BLACK
6
CONTINUOUS
10
1.1598131102362204
20
0.5522394881889764
11
1.1628690551181102
21
0.5516682283464567
0
LINE
8
BLACK
6
CONTINUOUS
10
1.1628690551181102
20
0.5516682283464567
11
1.1684235039370079
21
0.5506299212598426
0
LINE
8
BLACK
6
CONTINUOUS
10
1.1684235039370079
20
0.5506299212598426
11
1.1684236220472441
21
0.5506299212598426
0
LINE
8
BLACK
6
CONTINUOUS
10
1.1684236220472441
20
0.5506299212598426
11
1.1771826771653544
21
0.5506299212598426
0
LINE
8
BLACK
6
CONTINUOUS
10
1.1771826771653544
20
0.5506299212598426
11
1.1771827952755904
21
0.5506299212598426
0
LINE
8
BLACK
6
CONTINUOUS
10
1.1771827952755904
20
0.5506299212598426
11
1.1842587401574802
21
0.5519526377952756
0
LINE
8
BLACK
6
CONTINUOUS
10
1.1842587401574802
20
0.5519526377952756
11
1.1857931496062992
21
0.5522394881889764
0
LINE
8
BLACK
6
CONTINUOUS
10
1.1857931496062992
20
0.5522394881889764
11
1.1939604724409449
21
0.5554035826771654
0
LINE
8
BLACK
6
CONTINUOUS
10
1.1939604724409449
20
0.5554035826771654
11
1.1939606692913385
21
0.5554036614173228
0
LINE
8
BLACK
6
CONTINUOUS
10
1.1939606692913385
20
0.5554036614173228
11
1.1939608267716535
21
0.5554037401574803
0
LINE
8
BLACK
6
CONTINUOUS
10
1.1939608267716535
20
0.5554037401574803
11
1.1939611023622048
21
0.5554038976377953
0
LINE
8
BLACK
6
CONTINUOUS
10
1.1939611023622048
20
0.5554038976377953
11
1.2014078740157481
21
0.5600147244094488
0
LINE
8
BLACK
6
CONTINUOUS
10
1.2014078740157481
20
0.5600147244094488
11
1.2014079133858266
21
0.5600147637795275
0
LINE
8
BLACK
6
CONTINUOUS
10
1.2014079133858266
20
0.5600147637795275
11
1.2078811811023622
21
0.565915905511811
0
LINE
8
BLACK
6
CONTINUOUS
10
1.2078811811023622
20
0.565915905511811
11
1.2131597244094487
21
0.572905905511811
0
LINE
8
BLACK
6
CONTINUOUS
10
1.2131597244094487
20
0.572905905511811
11
1.2131598818897638
21
0.5729061023622047
0
LINE
8
BLACK
6
CONTINUOUS
10
1.2131598818897638
20
0.5729061023622047
11
1.2170639763779527
21
0.5807465354330709
0
LINE
8
BLACK
6
CONTINUOUS
10
1.2170639763779527
20
0.5807465354330709
11
1.2170642125984252
21
0.5807472047244094
0
LINE
8
BLACK
6
CONTINUOUS
10
1.2170642125984252
20
0.5807472047244094
11
1.2180318897637794
21
0.584148188976378
0
LINE
8
BLACK
6
CONTINUOUS
10
1.2180318897637794
20
0.584148188976378
11
1.2195232283464568
21
0.5865122440944882
0
LINE
8
BLACK
6
CONTINUOUS
10
1.2195232283464568
20
0.5865122440944882
11
1.2220559448818897
21
0.5876946850393701
0
LINE
8
BLACK
6
CONTINUOUS
10
1.2220559448818897
20
0.5876946850393701
11
1.2248259055118109
21
0.587320157480315
0
LINE
8
BLACK
6
CONTINUOUS
10
1.2248259055118109
20
0.587320157480315
11
1.2269536220472441
21
0.5855075590551181
0
LINE
8
BLACK
6
CONTINUOUS
10
1.2269536220472441
20
0.5855075590551181
11
1.2275744094488188
21
0.584148188976378
0
LINE
8
BLACK
6
CONTINUOUS
10
1.2275744094488188
20
0.584148188976378
11
1.2285420472440944
21
0.5807472047244094
0
LINE
8
BLACK
6
CONTINUOUS
10
1.2285420472440944
20
0.5807472047244094
11
1.228542283464567
21
0.5807465354330709
0
LINE
8
BLACK
6
CONTINUOUS
10
1.228542283464567
20
0.5807465354330709
11
1.2324463779527559
21
0.5729061023622047
0
LINE
8
BLACK
6
CONTINUOUS
10
1.2324463779527559
20
0.5729061023622047
11
1.2324465354330709
21
0.572905905511811
0
LINE
8
BLACK
6
CONTINUOUS
10
1.2324465354330709
20
0.572905905511811
11
1.2377250787401575
21
0.565915905511811
0
LINE
8
BLACK
6
CONTINUOUS
10
1.2377250787401575
20
0.565915905511811
11
1.2441983464566928
21
0.5600147637795275
0
LINE
8
BLACK
6
CONTINUOUS
10
1.2441983464566928
20
0.5600147637795275
11
1.2441983858267716
21
0.5600147244094488
0
LINE
8
BLACK
6
CONTINUOUS
10
1.2441983858267716
20
0.5600147244094488
11
1.2516451574803149
21
0.5554038976377953
0
LINE
8
BLACK
6
CONTINUOUS
10
1.2516451574803149
20
0.5554038976377953
11
1.2516457874015747
21
0.5554035826771654
0
LINE
8
BLACK
6
CONTINUOUS
10
1.2516457874015747
20
0.5554035826771654
11
1.2598131102362204
21
0.5522394881889764
0
LINE
8
BLACK
6
CONTINUOUS
10
1.2598131102362204
20
0.5522394881889764
11
1.2628690551181103
21
0.5516682283464567
0
LINE
8
BLACK
6
CONTINUOUS
10
1.2628690551181103
20
0.5516682283464567
11
1.2684235039370078
21
0.5506299212598426
0
LINE
8
BLACK
6
CONTINUOUS
10
1.2684235039370078
20
0.5506299212598426
11
1.268423622047244
21
0.5506299212598426
0
LINE
8
BLACK
6
CONTINUOUS
10
1.268423622047244
20
0.5506299212598426
11
1.2771826771653543
21
0.5506299212598426
0
LINE
8
BLACK
6
CONTINUOUS
10
1.2771826771653543
20
0.5506299212598426
11
1.2771827952755905
21
0.5506299212598426
0
LINE
8
BLACK
6
CONTINUOUS
10
1.2771827952755905
20
0.5506299212598426
11
1.2842587401574803
21
0.5519526377952756
0
LINE
8
BLACK
6
CONTINUOUS
10
1.2842587401574803
20
0.5519526377952756
11
1.2857931496062991
21
0.5522394881889764
0
LINE
8
BLACK
6
CONTINUOUS
10
1.2857931496062991
20
0.5522394881889764
11
1.2939604724409448
21
0.5554035826771654
0
LINE
8
BLACK
6
CONTINUOUS
10
1.2939604724409448
20
0.5554035826771654
11
1.2939606692913386
21
0.5554036614173228
0
LINE
8
BLACK
6
CONTINUOUS
10
1.2939606692913386
20
0.5554036614173228
11
1.2939608267716536
21
0.5554037401574803
0
LINE
8
BLACK
6
CONTINUOUS
10
1.2939608267716536
20
0.5554037401574803
11
1.2939611023622046
21
0.5554038976377953
0
LINE
8
BLACK
6
CONTINUOUS
10
1.2939611023622046
20
0.5554038976377953
11
1.301407874015748
21
0.5600147244094488
0
LINE
8
BLACK
6
CONTINUOUS
10
1.301407874015748
20
0.5600147244094488
11
1.3014079133858267
21
0.5600147637795275
0
LINE
8
BLACK
6
CONTINUOUS
10
1.3014079133858267
20
0.5600147637795275
11
1.3078811811023621
21
0.565915905511811
0
LINE
8
BLACK
6
CONTINUOUS
10
1.3078811811023621
20
0.565915905511811
11
1.3131597244094488
21
0.572905905511811
0
LINE
8
BLACK
6
CONTINUOUS
10
1.3131597244094488
20
0.572905905511811
11
1.3131598818897638
21
0.5729061023622047
0
LINE
8
BLACK
6
CONTINUOUS
10
1.3131598818897638
20
0.5729061023622047
11
1.3170639763779528
21
0.5807465354330709
0
LINE
8
BLACK
6
CONTINUOUS
10
1.3170639763779528
20
0.5807465354330709
11
1.3170642125984251
21
0.5807472047244094
0
LINE
8
BLACK
6
CONTINUOUS
10
1.3170642125984251
20
0.5807472047244094
11
1.3180318897637795
21
0.584148188976378
0
LINE
8
BLACK
6
CONTINUOUS
10
1.3180318897637795
20
0.584148188976378
11
1.3195232283464566
21
0.5865122440944882
0
LINE
8
BLACK
6
CONTINUOUS
10
1.3195232283464566
20
0.5865122440944882
11
1.3220559448818898
21
0.5876946850393701
0
LINE
8
BLACK
6
CONTINUOUS
10
1.3220559448818898
20
0.5876946850393701
11
1.324825905511811
21
0.587320157480315
0
LINE
8
BLACK
6
CONTINUOUS
10
1.324825905511811
20
0.587320157480315
11
1.326953622047244
21
0.5855075590551181
0
LINE
8
BLACK
6
CONTINUOUS
10
1.326953622047244
20
0.5855075590551181
11
1.3275744094488189
21
0.584148188976378
0
LINE
8
BLACK
6
CONTINUOUS
10
1.3275744094488189
20
0.584148188976378
11
1.3285420472440945
21
0.5807472047244094
0
LINE
8
BLACK
6
CONTINUOUS
10
1.3285420472440945
20
0.5807472047244094
11
1.3285422834645668
21
0.5807465354330709
0
LINE
8
BLACK
6
CONTINUOUS
10
1.3285422834645668
20
0.5807465354330709
11
1.3324463779527558
21
0.5729061023622047
0
LINE
8
BLACK
6
CONTINUOUS
10
1.3324463779527558
20
0.5729061023622047
11
1.3324465354330708
21
0.572905905511811
0
LINE
8
BLACK
6
CONTINUOUS
10
1.3324465354330708
20
0.572905905511811
11
1.3377250787401576
21
0.565915905511811
0
LINE
8
BLACK
6
CONTINUOUS
10
1.3377250787401576
20
0.565915905511811
11
1.3441983464566929
21
0.5600147637795275
0
LINE
8
BLACK
6
CONTINUOUS
10
1.3441983464566929
20
0.5600147637795275
11
1.3441983858267716
21
0.5600147244094488
0
LINE
8
BLACK
6
CONTINUOUS
10
1.3441983858267716
20
0.5600147244094488
11
1.351645157480315
21
0.5554038976377953
0
LINE
8
BLACK
6
CONTINUOUS
10
1.351645157480315
20
0.5554038976377953
11
1.3516457874015748
21
0.5554035826771654
0
LINE
8
BLACK
6
CONTINUOUS
10
1.3516457874015748
20
0.5554035826771654
11
1.3598131102362205
21
0.5522394881889764
0
LINE
8
BLACK
6
CONTINUOUS
10
1.3598131102362205
20
0.5522394881889764
11
1.3628690551181102
21
0.5516682283464567
0
LINE
8
BLACK
6
CONTINUOUS
10
1.3628690551181102
20
0.5516682283464567
11
1.3684235039370078
21
0.5506299212598426
0
LINE
8
BLACK
6
CONTINUOUS
10
1.3684235039370078
20
0.5506299212598426
11
1.3684236220472441
21
0.5506299212598426
0
LINE
8
BLACK
6
CONTINUOUS
10
1.3684236220472441
20
0.5506299212598426
11
1.3771826771653544
21
0.5506299212598426
0
LINE
8
BLACK
6
CONTINUOUS
10
1.3771826771653544
20
0.5506299212598426
11
1.3771827952755906
21
0.5506299212598426
0
LINE
8
BLACK
6
CONTINUOUS
10
1.3771827952755906
20
0.5506299212598426
11
1.3842587401574802
21
0.5519526377952756
0
LINE
8
BLACK
6
CONTINUOUS
10
1.3842587401574802
20
0.5519526377952756
11
1.3857931496062992
21
0.5522394881889764
0
LINE
8
BLACK
6
CONTINUOUS
10
1.3857931496062992
20
0.5522394881889764
11
1.3939604724409449
21
0.5554035826771654
0
LINE
8
BLACK
6
CONTINUOUS
10
1.3939604724409449
20
0.5554035826771654
11
1.3939606692913387
21
0.5554036614173228
0
LINE
8
BLACK
6
CONTINUOUS
10
1.3939606692913387
20
0.5554036614173228
11
1.3939608267716534
21
0.5554037401574803
0
LINE
8
BLACK
6
CONTINUOUS
10
1.3939608267716534
20
0.5554037401574803
11
1.3939611023622047
21
0.5554038976377953
0
LINE
8
BLACK
6
CONTINUOUS
10
1.3939611023622047
20
0.5554038976377953
11
1.4014078740157481
21
0.5600147244094488
0
LINE
8
BLACK
6
CONTINUOUS
10
1.4014078740157481
20
0.5600147244094488
11
1.4014079133858268
21
0.5600147637795275
0
LINE
8
BLACK
6
CONTINUOUS
10
1.4014079133858268
20
0.5600147637795275
11
1.4078811811023622
21
0.565915905511811
0
LINE
8
BLACK
6
CONTINUOUS
10
1.4078811811023622
20
0.565915905511811
11
1.4131597244094487
21
0.572905905511811
0
LINE
8
BLACK
6
CONTINUOUS
10
1.4131597244094487
20
0.572905905511811
11
1.4131598818897637
21
0.5729061023622047
0
LINE
8
BLACK
6
CONTINUOUS
10
1.4131598818897637
20
0.5729061023622047
11
1.4170639763779527
21
0.5807465354330709
0
LINE
8
BLACK
6
CONTINUOUS
10
1.4170639763779527
20
0.5807465354330709
11
1.4170642125984252
21
0.5807472047244094
0
LINE
8
BLACK
6
CONTINUOUS
10
1.4170642125984252
20
0.5807472047244094
11
1.4194611811023621
21
0.589171653543307
0
LINE
8
BLACK
6
CONTINUOUS
10
1.4194611811023621
20
0.589171653543307
11
1.4194612204724408
21
0.589171811023622
0
LINE
8
BLACK
6
CONTINUOUS
10
1.4194612204724408
20
0.589171811023622
11
1.4202694094488189
21
0.5978937007874016
0
LINE
8
BLACK
6
CONTINUOUS
10
1.4202694094488189
20
0.5978937007874016
11
1.4194612204724408
21
0.6066155905511811
0
LINE
8
BLACK
6
CONTINUOUS
10
1.4194612204724408
20
0.6066155905511811
11
1.4170641338582677
21
0.6150404724409448
0
LINE
8
BLACK
6
CONTINUOUS
10
1.4170641338582677
20
0.6150404724409448
11
1.4170639763779527
21
0.6150408267716535
0
LINE
8
BLACK
6
CONTINUOUS
10
1.4170639763779527
20
0.6150408267716535
11
1.4131598818897637
21
0.6228812598425196
0
LINE
8
BLACK
6
CONTINUOUS
10
1.4131598818897637
20
0.6228812598425196
11
1.4131598031496062
21
0.6228813779527559
0
LINE
8
BLACK
6
CONTINUOUS
10
1.4131598031496062
20
0.6228813779527559
11
1.4131597637795275
21
0.6228814566929134
0
LINE
8
BLACK
6
CONTINUOUS
10
1.4131597637795275
20
0.6228814566929134
11
1.4078811417322834
21
0.6298714960629921
0
LINE
8
BLACK
6
CONTINUOUS
10
1.4078811417322834
20
0.6298714960629921
11
1.4014079527559056
21
0.6357725984251968
0
LINE
8
BLACK
6
CONTINUOUS
10
1.4014079527559056
20
0.6357725984251968
11
1.3939606692913387
21
0.6403837401574803
0
LINE
8
BLACK
6
CONTINUOUS
10
1.3939606692913387
20
0.6403837401574803
11
1.3875951574803149
21
0.6428497637795275
0
LINE
8
BLACK
6
CONTINUOUS
10
1.3875951574803149
20
0.6428497637795275
11
1.3857931496062992
21
0.643547874015748
0
LINE
8
BLACK
6
CONTINUOUS
10
1.3857931496062992
20
0.643547874015748
11
1.3857930708661417
21
0.643547874015748
0
LINE
8
BLACK
6
CONTINUOUS
10
1.3857930708661417
20
0.643547874015748
11
1.3857929133858267
21
0.6435479527559055
0
LINE
8
BLACK
6
CONTINUOUS
10
1.3857929133858267
20
0.6435479527559055
11
1.3771827952755906
21
0.6451574803149606
0
LINE
8
BLACK
6
CONTINUOUS
10
1.3771827952755906
20
0.6451574803149606
11
1.3684235039370078
21
0.6451574803149606
0
LINE
8
BLACK
6
CONTINUOUS
10
1.3684235039370078
20
0.6451574803149606
11
1.3598133858267716
21
0.6435479527559055
0
LINE
8
BLACK
6
CONTINUOUS
10
1.3598133858267716
20
0.6435479527559055
11
1.3598132283464566
21
0.643547874015748
0
LINE
8
BLACK
6
CONTINUOUS
10
1.3598132283464566
20
0.643547874015748
11
1.3598131102362205
21
0.643547874015748
0
LINE
8
BLACK
6
CONTINUOUS
10
1.3598131102362205
20
0.643547874015748
11
1.3553744881889764
21
0.6418283070866142
0
LINE
8
BLACK
6
CONTINUOUS
10
1.3553744881889764
20
0.6418283070866142
11
1.3516456299212598
21
0.6403837401574803
0
LINE
8
BLACK
6
CONTINUOUS
10
1.3516456299212598
20
0.6403837401574803
11
1.3516452755905513
21
0.6403835039370078
0
LINE
8
BLACK
6
CONTINUOUS
10
1.3516452755905513
20
0.6403835039370078
11
1.351645157480315
21
0.6403834645669291
0
LINE
8
BLACK
6
CONTINUOUS
10
1.351645157480315
20
0.6403834645669291
11
1.3441983858267716
21
0.6357726377952756
0
LINE
8
BLACK
6
CONTINUOUS
10
1.3441983858267716
20
0.6357726377952756
11
1.3441983464566929
21
0.6357725984251968
0
LINE
8
BLACK
6
CONTINUOUS
10
1.3441983464566929
20
0.6357725984251968
11
1.3377250787401576
21
0.6298714566929133
0
LINE
8
BLACK
6
CONTINUOUS
10
1.3377250787401576
20
0.6298714566929133
11
1.3324465354330708
21
0.6228814566929134
0
LINE
8
BLACK
6
CONTINUOUS
10
1.3324465354330708
20
0.6228814566929134
11
1.3324463779527558
21
0.6228812598425196
0
LINE
8
BLACK
6
CONTINUOUS
10
1.3324463779527558
20
0.6228812598425196
11
1.3285422834645668
21
0.6150408267716535
0
LINE
8
BLACK
6
CONTINUOUS
10
1.3285422834645668
20
0.6150408267716535
11
1.3285420472440945
21
0.6150401574803149
0
LINE
8
BLACK
6
CONTINUOUS
10
1.3285420472440945
20
0.6150401574803149
11
1.3275744094488189
21
0.6116391732283465
0
LINE
8
BLACK
6
CONTINUOUS
10
1.3275744094488189
20
0.6116391732283465
11
1.3260830708661417
21
0.6092751181102362
0
LINE
8
BLACK
6
CONTINUOUS
10
1.3260830708661417
20
0.6092751181102362
11
1.3235503543307086
21
0.6080926771653543
0
LINE
8
BLACK
6
CONTINUOUS
10
1.3235503543307086
20
0.6080926771653543
11
1.3207804330708661
21
0.6084672047244094
0
LINE
8
BLACK
6
CONTINUOUS
10
1.3207804330708661
20
0.6084672047244094
11
1.3186526771653544
21
0.6102798031496063
0
LINE
8
BLACK
6
CONTINUOUS
10
1.3186526771653544
20
0.6102798031496063
11
1.3180318897637795
21
0.6116391732283465
0
LINE
8
BLACK
6
CONTINUOUS
10
1.3180318897637795
20
0.6116391732283465
11
1.3174723622047244
21
0.6136056692913385
0
LINE
8
BLACK
6
CONTINUOUS
10
1.3174723622047244
20
0.6136056692913385
11
1.3170641338582676
21
0.6150404724409448
0
LINE
8
BLACK
6
CONTINUOUS
10
1.3170641338582676
20
0.6150404724409448
11
1.3170639763779528
21
0.6150408267716535
0
LINE
8
BLACK
6
CONTINUOUS
10
1.3170639763779528
20
0.6150408267716535
11
1.3131598818897638
21
0.6228812598425196
0
LINE
8
BLACK
6
CONTINUOUS
10
1.3131598818897638
20
0.6228812598425196
11
1.3131598031496063
21
0.6228813779527559
0
LINE
8
BLACK
6
CONTINUOUS
10
1.3131598031496063
20
0.6228813779527559
11
1.3131597637795276
21
0.6228814566929134
0
LINE
8
BLACK
6
CONTINUOUS
10
1.3131597637795276
20
0.6228814566929134
11
1.3078811417322835
21
0.6298714960629921
0
LINE
8
BLACK
6
CONTINUOUS
10
1.3078811417322835
20
0.6298714960629921
11
1.3014079527559055
21
0.6357725984251968
0
LINE
8
BLACK
6
CONTINUOUS
10
1.3014079527559055
20
0.6357725984251968
11
1.2948569685039371
21
0.6398287401574803
0
LINE
8
BLACK
6
CONTINUOUS
10
1.2948569685039371
20
0.6398287401574803
11
1.2929914173228345
21
0.6419100393700787
0
LINE
8
BLACK
6
CONTINUOUS
10
1.2929914173228345
20
0.6419100393700787
11
1.2925078740157481
21
0.6440462992125984
0
LINE
8
BLACK
6
CONTINUOUS
10
1.2925078740157481
20
0.6440462992125984
11
1.2925078740157481
21
0.6625864566929134
0
LINE
8
BLACK
6
CONTINUOUS
10
1.2925078740157481
20
0.6625864566929134
11
1.2932953543307086
21
0.6652683858267716
0
LINE
8
BLACK
6
CONTINUOUS
10
1.2932953543307086
20
0.6652683858267716
11
1.2939608267716536
21
0.6660941338582677
0
LINE
8
BLACK
6
CONTINUOUS
10
1.2939608267716536
20
0.6660941338582677
11
1.2967090157480314
21
0.6688423228346456
0
LINE
8
BLACK
6
CONTINUOUS
10
1.2967090157480314
20
0.6688423228346456
11
1.2991622440944881
21
0.6701819291338582
0
LINE
8
BLACK
6
CONTINUOUS
10
1.2991622440944881
20
0.6701819291338582
11
1.3002166929133858
21
0.6702952755905511
0
LINE
8
BLACK
6
CONTINUOUS
10
1.3002166929133858
20
0.6702952755905511
11
1.4364216929133857
21
0.6702952755905511
0
LINE
8
BLACK
6
CONTINUOUS
10
1.4364216929133857
20
0.6702952755905511
11
1.439103622047244
21
0.6695077952755906
0
LINE
8
BLACK
6
CONTINUOUS
10
1.439103622047244
20
0.6695077952755906
11
1.4409340551181102
21
0.6673953543307086
0
LINE
8
BLACK
6
CONTINUOUS
10
1.4409340551181102
20
0.6673953543307086
11
1.4413318503937007
21
0.6646286614173228
0
LINE
8
BLACK
6
CONTINUOUS
10
1.4413318503937007
20
0.6646286614173228
11
1.4401706692913385
21
0.6620861417322834
0
LINE
8
BLACK
6
CONTINUOUS
10
1.4401706692913385
20
0.6620861417322834
11
1.43832
21
0.6607516141732284
0
LINE
8
BLACK
6
CONTINUOUS
10
1.43832
20
0.6607516141732284
11
1.438077125984252
21
0.6606510236220472
0
LINE
8
BLACK
6
CONTINUOUS
10
1.438077125984252
20
0.6606510236220472
11
1.4331385039370079
21
0.6568614960629922
0
LINE
8
BLACK
6
CONTINUOUS
10
1.4331385039370079
20
0.6568614960629922
11
1.4310745275590551
21
0.6541716535433071
0
LINE
8
BLACK
6
CONTINUOUS
10
1.4310745275590551
20
0.6541716535433071
11
1.4293490157480315
21
0.6519229133858268
0
LINE
8
BLACK
6
CONTINUOUS
10
1.4293490157480315
20
0.6519229133858268
11
1.429348937007874
21
0.6519227952755905
0
LINE
8
BLACK
6
CONTINUOUS
10
1.429348937007874
20
0.6519227952755905
11
1.4269667322834645
21
0.6461716535433071
0
LINE
8
BLACK
6
CONTINUOUS
10
1.4269667322834645
20
0.6461716535433071
11
1.426154251968504
21
0.64
0
LINE
8
BLACK
6
CONTINUOUS
10
1.426154251968504
20
0.64
11
1.426154251968504
21
0.6399999606299213
0
LINE
8
BLACK
6
CONTINUOUS
10
1.426154251968504
20
0.6399999606299213
11
1.4269667322834645
21
0.6338283070866142
0
LINE
8
BLACK
6
CONTINUOUS
10
1.4269667322834645
20
0.6338283070866142
11
1.4293488976377953
21
0.6280771653543307
0
LINE
8
BLACK
6
CONTINUOUS
10
1.4293488976377953
20
0.6280771653543307
11
1.429511377952756
21
0.6277958661417322
0
LINE
8
BLACK
6
CONTINUOUS
10
1.429511377952756
20
0.6277958661417322
11
1.4294355905511811
21
0.6277520866141733
0
LINE
8
BLACK
6
CONTINUOUS
10
1.4294355905511811
20
0.6277520866141733
11
1.4302781102362205
21
0.6255724803149606
0
LINE
8
BLACK
6
CONTINUOUS
10
1.4302781102362205
20
0.6255724803149606
11
1.4302952755905511
21
0.6251599999999999
0
LINE
8
BLACK
6
CONTINUOUS
10
1.4302952755905511
20
0.6251599999999999
11
1.4302952755905511
21
0.5501181102362205
0
LINE
8
BLACK
6
CONTINUOUS
10
1.4302952755905511
20
0.5501181102362205
11
1.4295077952755906
21
0.5474361811023621
0
LINE
8
BLACK
6
CONTINUOUS
10
1.4295077952755906
20
0.5474361811023621
11
1.4273953543307085
21
0.5456057480314961
0
LINE
8
BLACK
6
CONTINUOUS
10
1.4273953543307085
20
0.5456057480314961
11
1.4253346456692912
21
0.5451574803149606
0
LINE
8
BLACK
6
CONTINUOUS
10
1.4253346456692912
20
0.5451574803149606
11
1.4184235039370079
21
0.5451574803149606
0
LINE
8
BLACK
6
CONTINUOUS
10
1.4184235039370079
20
0.5451574803149606
11
1.4098133858267716
21
0.5435479527559055
0
LINE
8
BLACK
6
CONTINUOUS
10
1.4098133858267716
20
0.5435479527559055
11
1.4098132283464566
21
0.543547874015748
0
LINE
8
BLACK
6
CONTINUOUS
10
1.4098132283464566
20
0.543547874015748
11
1.4098131102362204
21
0.543547874015748
0
LINE
8
BLACK
6
CONTINUOUS
10
1.4098131102362204
20
0.543547874015748
11
1.4052042913385827
21
0.5417623622047244
0
LINE
8
BLACK
6
CONTINUOUS
10
1.4052042913385827
20
0.5417623622047244
11
1.4016456299212599
21
0.5403837401574803
0
LINE
8
BLACK
6
CONTINUOUS
10
1.4016456299212599
20
0.5403837401574803
11
1.4016452755905511
21
0.5403835039370078
0
LINE
8
BLACK
6
CONTINUOUS
10
1.4016452755905511
20
0.5403835039370078
11
1.4016451574803148
21
0.5403834645669291
0
LINE
8
BLACK
6
CONTINUOUS
10
1.4016451574803148
20
0.5403834645669291
11
1.3941983858267717
21
0.5357726377952756
0
LINE
8
BLACK
6
CONTINUOUS
10
1.3941983858267717
20
0.5357726377952756
11
1.3941983464566929
21
0.5357725984251969
0
LINE
8
BLACK
6
CONTINUOUS
10
1.3941983464566929
20
0.5357725984251969
11
1.3877250787401574
21
0.5298714566929134
0
LINE
8
BLACK
6
CONTINUOUS
10
1.3877250787401574
20
0.5298714566929134
11
1.3824465354330708
21
0.5228814566929134
0
LINE
8
BLACK
6
CONTINUOUS
10
1.3824465354330708
20
0.5228814566929134
11
1.3824463779527558
21
0.5228812598425197
0
LINE
8
BLACK
6
CONTINUOUS
10
1.3824463779527558
20
0.5228812598425197
11
1.3785422834645669
21
0.5150408267716535
0
LINE
8
BLACK
6
CONTINUOUS
10
1.3785422834645669
20
0.5150408267716535
11
1.3785420472440943
21
0.515040157480315
0
LINE
8
BLACK
6
CONTINUOUS
10
1.3785420472440943
20
0.515040157480315
11
1.3775744094488189
21
0.5116391732283464
0
LINE
8
BLACK
6
CONTINUOUS
10
1.3775744094488189
20
0.5116391732283464
11
1.3760830708661418
21
0.5092751181102362
0
LINE
8
BLACK
6
CONTINUOUS
10
1.3760830708661418
20
0.5092751181102362
11
1.3735503543307086
21
0.5080926771653543
0
LINE
8
BLACK
6
CONTINUOUS
10
1.3735503543307086
20
0.5080926771653543
11
1.3707804330708662
21
0.5084672047244094
0
LINE
8
BLACK
6
CONTINUOUS
10
1.3707804330708662
20
0.5084672047244094
11
1.3686526771653542
21
0.5102798031496063
0
LINE
8
BLACK
6
CONTINUOUS
10
1.3686526771653542
20
0.5102798031496063
11
1.3680318897637795
21
0.5116391732283464
0
LINE
8
BLACK
6
CONTINUOUS
10
1.3680318897637795
20
0.5116391732283464
11
1.3677686614173228
21
0.5125642913385826
0
LINE
8
BLACK
6
CONTINUOUS
10
1.3677686614173228
20
0.5125642913385826
11
1.3670641338582676
21
0.5150404724409449
0
LINE
8
BLACK
6
CONTINUOUS
10
1.3670641338582676
20
0.5150404724409449
11
1.3670639763779526
21
0.5150408267716535
0
LINE
8
BLACK
6
CONTINUOUS
10
1.3670639763779526
20
0.5150408267716535
11
1.3631598818897637
21
0.5228812598425197
0
LINE
8
BLACK
6
CONTINUOUS
10
1.3631598818897637
20
0.5228812598425197
11
1.3631598031496062
21
0.5228812992125984
0
LINE
8
BLACK
6
CONTINUOUS
10
1.3631598031496062
20
0.5228812992125984
11
1.3631597637795276
21
0.5228814566929134
0
LINE
8
BLACK
6
CONTINUOUS
10
1.3631597637795276
20
0.5228814566929134
11
1.3578811417322834
21
0.5298714960629921
0
LINE
8
BLACK
6
CONTINUOUS
10
1.3578811417322834
20
0.5298714960629921
11
1.3514079527559055
21
0.5357725984251969
0
LINE
8
BLACK
6
CONTINUOUS
10
1.3514079527559055
20
0.5357725984251969
11
1.3439606692913386
21
0.5403837401574803
0
LINE
8
BLACK
6
CONTINUOUS
10
1.3439606692913386
20
0.5403837401574803
11
1.3378936220472442
21
0.542734094488189
0
LINE
8
BLACK
6
CONTINUOUS
10
1.3378936220472442
20
0.542734094488189
11
1.3357931496062991
21
0.543547874015748
0
LINE
8
BLACK
6
CONTINUOUS
10
1.3357931496062991
20
0.543547874015748
11
1.3357930708661416
21
0.543547874015748
0
LINE
8
BLACK
6
CONTINUOUS
10
1.3357930708661416
20
0.543547874015748
11
1.3357929133858268
21
0.5435479527559055
0
LINE
8
BLACK
6
CONTINUOUS
10
1.3357929133858268
20
0.5435479527559055
11
1.3271827952755906
21
0.5451574803149606
0
LINE
8
BLACK
6
CONTINUOUS
10
1.3271827952755906
20
0.5451574803149606
11
1.3184235039370078
21
0.5451574803149606
0
LINE
8
BLACK
6
CONTINUOUS
10
1.3184235039370078
20
0.5451574803149606
11
1.3098133858267715
21
0.5435479527559055
0
LINE
8
BLACK
6
CONTINUOUS
10
1.3098133858267715
20
0.5435479527559055
11
1.3098132283464567
21
0.543547874015748
0
LINE
8
BLACK
6
CONTINUOUS
10
1.3098132283464567
20
0.543547874015748
11
1.3098131102362205
21
0.543547874015748
0
LINE
8
BLACK
6
CONTINUOUS
10
1.3098131102362205
20
0.543547874015748
11
1.3052042913385826
21
0.5417623622047244
0
LINE
8
BLACK
6
CONTINUOUS
10
1.3052042913385826
20
0.5417623622047244
11
1.3016456299212598
21
0.5403837401574803
0
LINE
8
BLACK
6
CONTINUOUS
10
1.3016456299212598
20
0.5403837401574803
11
1.3016452755905512
21
0.5403835039370078
0
LINE
8
BLACK
6
CONTINUOUS
10
1.3016452755905512
20
0.5403835039370078
11
1.301645157480315
21
0.5403834645669291
0
LINE
8
BLACK
6
CONTINUOUS
10
1.301645157480315
20
0.5403834645669291
11
1.2941983858267716
21
0.5357726377952756
0
LINE
8
BLACK
6
CONTINUOUS
10
1.2941983858267716
20
0.5357726377952756
11
1.2941983464566928
21
0.5357725984251969
0
LINE
8
BLACK
6
CONTINUOUS
10
1.2941983464566928
20
0.5357725984251969
11
1.2877250787401575
21
0.5298714566929134
0
LINE
8
BLACK
6
CONTINUOUS
10
1.2877250787401575
20
0.5298714566929134
11
1.2824465354330707
21
0.5228814566929134
0
LINE
8
BLACK
6
CONTINUOUS
10
1.2824465354330707
20
0.5228814566929134
11
1.282446377952756
21
0.5228812598425197
0
LINE
8
BLACK
6
CONTINUOUS
10
1.282446377952756
20
0.5228812598425197
11
1.278542283464567
21
0.5150408267716535
0
LINE
8
BLACK
6
CONTINUOUS
10
1.278542283464567
20
0.5150408267716535
11
1.2785420472440945
21
0.515040157480315
0
LINE
8
BLACK
6
CONTINUOUS
10
1.2785420472440945
20
0.515040157480315
11
1.2775744094488188
21
0.5116391732283464
0
LINE
8
BLACK
6
CONTINUOUS
10
1.2775744094488188
20
0.5116391732283464
11
1.2760830708661417
21
0.5092751181102362
0
LINE
8
BLACK
6
CONTINUOUS
10
1.2760830708661417
20
0.5092751181102362
11
1.2735503543307087
21
0.5080926771653543
0
LINE
8
BLACK
6
CONTINUOUS
10
1.2735503543307087
20
0.5080926771653543
11
1.2707804330708661
21
0.5084672047244094
0
LINE
8
BLACK
6
CONTINUOUS
10
1.2707804330708661
20
0.5084672047244094
11
1.2686526771653543
21
0.5102798031496063
0
LINE
8
BLACK
6
CONTINUOUS
10
1.2686526771653543
20
0.5102798031496063
11
1.2680318897637795
21
0.5116391732283464
0
LINE
8
BLACK
6
CONTINUOUS
10
1.2680318897637795
20
0.5116391732283464
11
1.2677686614173227
21
0.5125642913385826
0
LINE
8
BLACK
6
CONTINUOUS
10
1.2677686614173227
20
0.5125642913385826
11
1.2670641338582678
21
0.5150404724409449
0
LINE
8
BLACK
6
CONTINUOUS
10
1.2670641338582678
20
0.5150404724409449
11
1.2670639763779528
21
0.5150408267716535
0
LINE
8
BLACK
6
CONTINUOUS
10
1.2670639763779528
20
0.5150408267716535
11
1.2631598818897638
21
0.5228812598425197
0
LINE
8
BLACK
6
CONTINUOUS
10
1.2631598818897638
20
0.5228812598425197
11
1.2631598031496063
21
0.5228812992125984
0
LINE
8
BLACK
6
CONTINUOUS
10
1.2631598031496063
20
0.5228812992125984
11
1.2631597637795275
21
0.5228814566929134
0
LINE
8
BLACK
6
CONTINUOUS
10
1.2631597637795275
20
0.5228814566929134
11
1.2578811417322835
21
0.5298714960629921
0
LINE
8
BLACK
6
CONTINUOUS
10
1.2578811417322835
20
0.5298714960629921
11
1.2514079527559054
21
0.5357725984251969
0
LINE
8
BLACK
6
CONTINUOUS
10
1.2514079527559054
20
0.5357725984251969
11
1.2439606692913385
21
0.5403837401574803
0
LINE
8
BLACK
6
CONTINUOUS
10
1.2439606692913385
20
0.5403837401574803
11
1.2378936220472441
21
0.542734094488189
0
LINE
8
BLACK
6
CONTINUOUS
10
1.2378936220472441
20
0.542734094488189
11
1.2357931496062993
21
0.543547874015748
0
LINE
8
BLACK
6
CONTINUOUS
10
1.2357931496062993
20
0.543547874015748
11
1.2357930708661418
21
0.543547874015748
0
LINE
8
BLACK
6
CONTINUOUS
10
1.2357930708661418
20
0.543547874015748
11
1.2357929133858268
21
0.5435479527559055
0
LINE
8
BLACK
6
CONTINUOUS
10
1.2357929133858268
20
0.5435479527559055
11
1.2271827952755905
21
0.5451574803149606
0
LINE
8
BLACK
6
CONTINUOUS
10
1.2271827952755905
20
0.5451574803149606
11
1.2184235039370079
21
0.5451574803149606
0
LINE
8
BLACK
6
CONTINUOUS
10
1.2184235039370079
20
0.5451574803149606
11
1.2098133858267717
21
0.5435479527559055
0
LINE
8
BLACK
6
CONTINUOUS
10
1.2098133858267717
20
0.5435479527559055
11
1.2098132283464567
21
0.543547874015748
0
LINE
8
BLACK
6
CONTINUOUS
10
1.2098132283464567
20
0.543547874015748
11
1.2098131102362204
21
0.543547874015748
0
LINE
8
BLACK
6
CONTINUOUS
10
1.2098131102362204
20
0.543547874015748
11
1.2052042913385828
21
0.5417623622047244
0
LINE
8
BLACK
6
CONTINUOUS
10
1.2052042913385828
20
0.5417623622047244
11
1.2016456299212599
21
0.5403837401574803
0
LINE
8
BLACK
6
CONTINUOUS
10
1.2016456299212599
20
0.5403837401574803
11
1.2016452755905511
21
0.5403835039370078
0
LINE
8
BLACK
6
CONTINUOUS
10
1.2016452755905511
20
0.5403835039370078
11
1.2016451574803149
21
0.5403834645669291
0
LINE
8
BLACK
6
CONTINUOUS
10
1.2016451574803149
20
0.5403834645669291
11
1.1941983858267717
21
0.5357726377952756
0
LINE
8
BLACK
6
CONTINUOUS
10
1.1941983858267717
20
0.5357726377952756
11
1.194198346456693
21
0.5357725984251969
0
LINE
8
BLACK
6
CONTINUOUS
10
1.194198346456693
20
0.5357725984251969
11
1.1877250787401574
21
0.5298714566929134
0
LINE
8
BLACK
6
CONTINUOUS
10
1.1877250787401574
20
0.5298714566929134
11
1.1824465354330709
21
0.5228814566929134
0
LINE
8
BLACK
6
CONTINUOUS
10
1.1824465354330709
20
0.5228814566929134
11
1.1824463779527559
21
0.5228812598425197
0
LINE
8
BLACK
6
CONTINUOUS
10
1.1824463779527559
20
0.5228812598425197
11
1.1785422834645669
21
0.5150408267716535
0
LINE
8
BLACK
6
CONTINUOUS
10
1.1785422834645669
20
0.5150408267716535
11
1.1785420472440944
21
0.515040157480315
0
LINE
8
BLACK
6
CONTINUOUS
10
1.1785420472440944
20
0.515040157480315
11
1.1761450787401575
21
0.5066157086614174
0
LINE
8
BLACK
6
CONTINUOUS
10
1.1761450787401575
20
0.5066157086614174
11
1.1753368897637795
21
0.4978937007874016
0
LINE
8
BLACK
6
CONTINUOUS
10
1.1753368897637795
20
0.4978937007874016
11
1.1761450787401575
21
0.4891716535433071
0
LINE
8
BLACK
6
CONTINUOUS
10
1.1761450787401575
20
0.4891716535433071
11
1.1785420472440944
21
0.4807472047244095
0
LINE
8
BLACK
6
CONTINUOUS
10
1.1785420472440944
20
0.4807472047244095
11
1.1785422834645669
21
0.4807465354330708
0
LINE
8
BLACK
6
CONTINUOUS
10
1.1785422834645669
20
0.4807465354330708
11
1.1824463779527559
21
0.4729061023622047
0
LINE
8
BLACK
6
CONTINUOUS
10
1.1824463779527559
20
0.4729061023622047
11
1.1824465354330709
21
0.472905905511811
0
LINE
8
BLACK
6
CONTINUOUS
10
1.1824465354330709
20
0.472905905511811
11
1.1877250787401574
21
0.465915905511811
0
LINE
8
BLACK
6
CONTINUOUS
10
1.1877250787401574
20
0.465915905511811
11
1.194198346456693
21
0.4600147637795275
0
LINE
8
BLACK
6
CONTINUOUS
10
1.194198346456693
20
0.4600147637795275
11
1.1941983858267717
21
0.4600147244094488
0
LINE
8
BLACK
6
CONTINUOUS
10
1.1941983858267717
20
0.4600147244094488
11
1.2007492125984252
21
0.4559586614173228
0
LINE
8
BLACK
6
CONTINUOUS
10
1.2007492125984252
20
0.4559586614173228
11
1.2026148818897637
21
0.4538772834645669
0
LINE
8
BLACK
6
CONTINUOUS
10
1.2026148818897637
20
0.4538772834645669
11
1.2030984251968504
21
0.451741062992126
0
LINE
8
BLACK
6
CONTINUOUS
10
1.2030984251968504
20
0.451741062992126
11
1.2030984251968504
21
0.4103045275590551
0
LINE
8
BLACK
6
CONTINUOUS
10
1.2030984251968504
20
0.4103045275590551
11
1.2027208267716536
21
0.4084061811023622
0
LINE
8
BLACK
6
CONTINUOUS
10
1.2027208267716536
20
0.4084061811023622
11
1.200966811023622
21
0.4041716535433071
0
LINE
8
BLACK
6
CONTINUOUS
10
1.200966811023622
20
0.4041716535433071
11
1.2001543307086613
21
0.398
0
LINE
8
BLACK
6
CONTINUOUS
10
1.2001543307086613
20
0.398
11
1.2001543307086613
21
0.3979999606299213
0
LINE
8
BLACK
6
CONTINUOUS
10
1.2001543307086613
20
0.3979999606299213
11
1.200966811023622
21
0.3918283070866141
0
LINE
8
BLACK
6
CONTINUOUS
10
1.200966811023622
20
0.3918283070866141
11
1.2033490157480315
21
0.3860771653543307
0
LINE
8
BLACK
6
CONTINUOUS
10
1.2033490157480315
20
0.3860771653543307
11
1.2033490944881891
21
0.3860770472440945
0
LINE
8
BLACK
6
CONTINUOUS
10
1.2033490944881891
20
0.3860770472440945
11
1.2067674409448819
21
0.3816222047244094
0
LINE
8
BLACK
6
CONTINUOUS
10
1.2067674409448819
20
0.3816222047244094
11
1.2077753149606298
21
0.3790150787401575
0
LINE
8
BLACK
6
CONTINUOUS
10
1.2077753149606298
20
0.3790150787401575
11
1.2072137007874015
21
0.376276968503937
0
LINE
8
BLACK
6
CONTINUOUS
10
1.2072137007874015
20
0.376276968503937
11
1.2052609055118111
21
0.3742771259842519
0
LINE
8
BLACK
6
CONTINUOUS
10
1.2052609055118111
20
0.3742771259842519
11
1.2028318897637795
21
0.3736417322834645
0
LINE
8
BLACK
6
CONTINUOUS
10
1.2028318897637795
20
0.3736417322834645
11
1.1620125196850393
21
0.3736417322834645
0
LINE
8
BLACK
6
CONTINUOUS
10
1.1620125196850393
20
0.3736417322834645
11
1.1613650393700787
21
0.3736841338582677
0
LINE
8
BLACK
6
CONTINUOUS
10
1.1613650393700787
20
0.3736841338582677
11
1.1601377559055117
21
0.3738457480314961
0
LINE
8
BLACK
6
CONTINUOUS
10
1.1601377559055117
20
0.3738457480314961
11
1.1585881102362205
21
0.3736417322834645
0
LINE
8
BLACK
6
CONTINUOUS
10
1.1585881102362205
20
0.3736417322834645
11
1.1578640944881891
21
0.3735464173228346
0
LINE
8
BLACK
6
CONTINUOUS
10
1.1578640944881891
20
0.3735464173228346
11
1.1572166141732283
21
0.3735039763779527
0
LINE
8
BLACK
6
CONTINUOUS
10
1.1572166141732283
20
0.3735039763779527
11
1.0446653543307087
21
0.3735039763779527
0
LINE
8
BLACK
6
CONTINUOUS
10
1.0446653543307087
20
0.3735039763779527
11
1.0419834251968503
21
0.3742914566929134
0
LINE
8
BLACK
6
CONTINUOUS
10
1.0419834251968503
20
0.3742914566929134
11
1.0401529921259842
21
0.3764038976377952
0
LINE
8
BLACK
6
CONTINUOUS
10
1.0401529921259842
20
0.3764038976377952
11
1.0397047244094488
21
0.3784646062992126
0
LINE
8
BLACK
6
CONTINUOUS
10
1.0397047244094488
20
0.3784646062992126
11
1.0397047244094488
21
0.4512899212598425
0
LINE
8
BLACK
6
CONTINUOUS
10
1.0397047244094488
20
0.4512899212598425
11
1.0404922047244094
21
0.4539718503937008
0
LINE
8
BLACK
6
CONTINUOUS
10
1.0404922047244094
20
0.4539718503937008
11
1.0406209842519685
21
0.454155
0
LINE
8
BLACK
6
CONTINUOUS
10
1.0406209842519685
20
0.454155
11
1.040651062992126
21
0.4542070866141732
0
LINE
8
BLACK
6
CONTINUOUS
10
1.040651062992126
20
0.4542070866141732
11
1.0430332283464567
21
0.4599582283464567
0
LINE
8
BLACK
6
CONTINUOUS
10
1.0430332283464567
20
0.4599582283464567
11
1.043845748031496
21
0.4661298818897638
0
LINE
8
BLACK
6
CONTINUOUS
10
1.043845748031496
20
0.4661298818897638
11
1.043845748031496
21
0.4661299212598425
0
LINE
8
BLACK
6
CONTINUOUS
10
1.043845748031496
20
0.4661299212598425
11
1.0430332283464567
21
0.4723015748031496
0
LINE
8
BLACK
6
CONTINUOUS
10
1.0430332283464567
20
0.4723015748031496
11
1.0430332283464567
21
0.4723016535433071
0
LINE
8
BLACK
6
CONTINUOUS
10
1.0430332283464567
20
0.4723016535433071
11
1.0406510236220472
21
0.4780527952755905
0
LINE
8
BLACK
6
CONTINUOUS
10
1.0406510236220472
20
0.4780527952755905
11
1.036861496062992
21
0.4829914173228346
0
LINE
8
BLACK
6
CONTINUOUS
10
1.036861496062992
20
0.4829914173228346
11
1.031922874015748
21
0.4867809448818898
0
LINE
8
BLACK
6
CONTINUOUS
10
1.031922874015748
20
0.4867809448818898
11
1.0261717322834645
21
0.4891631496062992
0
LINE
8
BLACK
6
CONTINUOUS
10
1.0261717322834645
20
0.4891631496062992
11
1.02
21
0.4899756692913386
0
LINE
8
BLACK
6
CONTINUOUS
10
1.02
20
0.4899756692913386
11
1.0138282677165353
21
0.4891631496062992
0
LINE
8
BLACK
6
CONTINUOUS
10
1.0138282677165353
20
0.4891631496062992
11
1.008077125984252
21
0.4867809448818898
0
LINE
8
BLACK
6
CONTINUOUS
10
1.008077125984252
20
0.4867809448818898
11
1.0031385039370078
21
0.4829914173228346
0
LINE
8
BLACK
6
CONTINUOUS
10
1.0031385039370078
20
0.4829914173228346
11
0.9993490157480315
21
0.4780528346456693
0
LINE
8
BLACK
6
CONTINUOUS
10
0.9993490157480315
20
0.4780528346456693
11
0.999348937007874
21
0.4780527165354331
0
LINE
8
BLACK
6
CONTINUOUS
10
0.999348937007874
20
0.4780527165354331
11
0.9969667322834646
21
0.4723015748031496
0
LINE
8
BLACK
6
CONTINUOUS
10
0.9969667322834646
20
0.4723015748031496
11
0.9961542519685039
21
0.4661299212598425
0
LINE
8
BLACK
6
CONTINUOUS
10
0.9961542519685039
20
0.4661299212598425
11
0.9961542519685039
21
0.4661298818897638
0
LINE
8
BLACK
6
CONTINUOUS
10
0.9961542519685039
20
0.4661298818897638
11
0.9969667322834646
21
0.4599582283464567
0
LINE
8
BLACK
6
CONTINUOUS
10
0.9969667322834646
20
0.4599582283464567
11
0.9993488976377952
21
0.4542070866141732
0
LINE
8
BLACK
6
CONTINUOUS
10
0.9993488976377952
20
0.4542070866141732
11
0.9995113779527559
21
0.4539257874015748
0
LINE
8
BLACK
6
CONTINUOUS
10
0.9995113779527559
20
0.4539257874015748
11
0.999435590551181
21
0.4538820078740157
0
LINE
8
BLACK
6
CONTINUOUS
10
0.999435590551181
20
0.4538820078740157
11
1.0002781102362204
21
0.4517024015748031
0
LINE
8
BLACK
6
CONTINUOUS
10
1.0002781102362204
20
0.4517024015748031
11
1.0002952755905512
21
0.4512899212598425
0
LINE
8
BLACK
6
CONTINUOUS
10
1.0002952755905512
20
0.4512899212598425
11
1.0002952755905512
21
0.3784646062992126
0
LINE
8
BLACK
6
CONTINUOUS
10
1.0002952755905512
20
0.3784646062992126
11
0.9995077952755905
21
0.3757826771653543
0
LINE
8
BLACK
6
CONTINUOUS
10
0.9995077952755905
20
0.3757826771653543
11
0.9973953543307086
21
0.3739522440944882
0
LINE
8
BLACK
6
CONTINUOUS
10
0.9973953543307086
20
0.3739522440944882
11
0.9953346456692913
21
0.3735039763779527
0
LINE
8
BLACK
6
CONTINUOUS
10
0.9953346456692913
20
0.3735039763779527
11
0.7514055118110236
21
0.3735039763779527
0
LINE
8
BLACK
6
CONTINUOUS
10
0.7514055118110236
20
0.3735039763779527
11
0.7487235826771653
21
0.3742914566929134
0
LINE
8
BLACK
6
CONTINUOUS
10
0.7487235826771653
20
0.3742914566929134
11
0.7468931496062992
21
0.3764038976377952
0
LINE
8
BLACK
6
CONTINUOUS
10
0.7468931496062992
20
0.3764038976377952
11
0.7464448818897638
21
0.3784646062992126
0
LINE
8
BLACK
6
CONTINUOUS
10
0.7464448818897638
20
0.3784646062992126
11
0.7464448818897638
21
0.4541787401574803
0
LINE
8
BLACK
6
CONTINUOUS
10
0.7464448818897638
20
0.4541787401574803
11
0.7472323622047244
21
0.4568606692913386
0
LINE
8
BLACK
6
CONTINUOUS
10
0.7472323622047244
20
0.4568606692913386
11
0.7487940551181103
21
0.4583963385826771
0
LINE
8
BLACK
6
CONTINUOUS
10
0.7487940551181103
20
0.4583963385826771
11
0.7514079921259842
21
0.4600148031496063
0
LINE
8
BLACK
6
CONTINUOUS
10
0.7514079921259842
20
0.4600148031496063
11
0.7578811811023621
21
0.465915905511811
0
LINE
8
BLACK
6
CONTINUOUS
10
0.7578811811023621
20
0.465915905511811
11
0.7631597244094488
21
0.472905905511811
0
LINE
8
BLACK
6
CONTINUOUS
10
0.7631597244094488
20
0.472905905511811
11
0.7631598818897638
21
0.4729061023622047
0
LINE
8
BLACK
6
CONTINUOUS
10
0.7631598818897638
20
0.4729061023622047
11
0.7670639763779528
21
0.4807465354330708
0
LINE
8
BLACK
6
CONTINUOUS
10
0.7670639763779528
20
0.4807465354330708
11
0.7670642125984252
21
0.4807472047244095
0
LINE
8
BLACK
6
CONTINUOUS
10
0.7670642125984252
20
0.4807472047244095
11
0.7680318897637796
21
0.484148188976378
0
LINE
8
BLACK
6
CONTINUOUS
10
0.7680318897637796
20
0.484148188976378
11
0.7695232283464567
21
0.4865122440944882
0
LINE
8
BLACK
6
CONTINUOUS
10
0.7695232283464567
20
0.4865122440944882
11
0.7720559448818898
21
0.4876946850393701
0
LINE
8
BLACK
6
CONTINUOUS
10
0.7720559448818898
20
0.4876946850393701
11
0.774825905511811
21
0.4873201574803149
0
LINE
8
BLACK
6
CONTINUOUS
10
0.774825905511811
20
0.4873201574803149
11
0.7769536220472441
21
0.4855075590551181
0
LINE
8
BLACK
6
CONTINUOUS
10
0.7769536220472441
20
0.4855075590551181
11
0.7775744094488188
21
0.484148188976378
0
LINE
8
BLACK
6
CONTINUOUS
10
0.7775744094488188
20
0.484148188976378
11
0.7785420472440945
21
0.4807472047244095
0
LINE
8
BLACK
6
CONTINUOUS
10
0.7785420472440945
20
0.4807472047244095
11
0.7785422834645669
21
0.4807465354330708
0
LINE
8
BLACK
6
CONTINUOUS
10
0.7785422834645669
20
0.4807465354330708
11
0.7824463779527558
21
0.4729061023622047
0
LINE
8
BLACK
6
CONTINUOUS
10
0.7824463779527558
20
0.4729061023622047
11
0.7824465354330709
21
0.472905905511811
0
LINE
8
BLACK
6
CONTINUOUS
10
0.7824465354330709
20
0.472905905511811
11
0.7877250787401575
21
0.465915905511811
0
LINE
8
BLACK
6
CONTINUOUS
10
0.7877250787401575
20
0.465915905511811
11
0.7941983464566928
21
0.4600147637795275
0
LINE
8
BLACK
6
CONTINUOUS
10
0.7941983464566928
20
0.4600147637795275
11
0.7941983858267716
21
0.4600147244094488
0
LINE
8
BLACK
6
CONTINUOUS
10
0.7941983858267716
20
0.4600147244094488
11
0.801645157480315
21
0.4554038976377953
0
LINE
8
BLACK
6
CONTINUOUS
10
0.801645157480315
20
0.4554038976377953
11
0.8016457874015748
21
0.4554035826771654
0
LINE
8
BLACK
6
CONTINUOUS
10
0.8016457874015748
20
0.4554035826771654
11
0.8098131102362205
21
0.4522394881889764
0
LINE
8
BLACK
6
CONTINUOUS
10
0.8098131102362205
20
0.4522394881889764
11
0.8124794881889763
21
0.451741062992126
0
LINE
8
BLACK
6
CONTINUOUS
10
0.8124794881889763
20
0.451741062992126
11
0.8184235039370078
21
0.4506299212598425
0
LINE
8
BLACK
6
CONTINUOUS
10
0.8184235039370078
20
0.4506299212598425
11
0.8184236220472441
21
0.4506299212598425
0
LINE
8
BLACK
6
CONTINUOUS
10
0.8184236220472441
20
0.4506299212598425
11
0.8271826771653543
21
0.4506299212598425
0
LINE
8
BLACK
6
CONTINUOUS
10
0.8271826771653543
20
0.4506299212598425
11
0.8271827952755906
21
0.4506299212598425
0
LINE
8
BLACK
6
CONTINUOUS
10
0.8271827952755906
20
0.4506299212598425
11
0.8342587401574802
21
0.4519526377952756
0
LINE
8
BLACK
6
CONTINUOUS
10
0.8342587401574802
20
0.4519526377952756
11
0.8357931496062992
21
0.4522394881889764
0
LINE
8
BLACK
6
CONTINUOUS
10
0.8357931496062992
20
0.4522394881889764
11
0.8439604724409449
21
0.4554035826771654
0
LINE
8
BLACK
6
CONTINUOUS
10
0.8439604724409449
20
0.4554035826771654
11
0.8439606692913386
21
0.4554036614173228
0
LINE
8
BLACK
6
CONTINUOUS
10
0.8439606692913386
20
0.4554036614173228
11
0.8439608267716535
21
0.4554037401574803
0
LINE
8
BLACK
6
CONTINUOUS
10
0.8439608267716535
20
0.4554037401574803
11
0.8439611023622047
21
0.4554038976377953
0
LINE
8
BLACK
6
CONTINUOUS
10
0.8439611023622047
20
0.4554038976377953
11
0.851407874015748
21
0.4600147244094488
0
LINE
8
BLACK
6
CONTINUOUS
10
0.851407874015748
20
0.4600147244094488
11
0.8514079133858268
21
0.4600147637795275
0
LINE
8
BLACK
6
CONTINUOUS
10
0.8514079133858268
20
0.4600147637795275
11
0.8578811811023622
21
0.465915905511811
0
LINE
8
BLACK
6
CONTINUOUS
10
0.8578811811023622
20
0.465915905511811
11
0.8631597244094488
21
0.472905905511811
0
LINE
8
BLACK
6
CONTINUOUS
10
0.8631597244094488
20
0.472905905511811
11
0.8631598818897638
21
0.4729061023622047
0
LINE
8
BLACK
6
CONTINUOUS
10
0.8631598818897638
20
0.4729061023622047
11
0.8670639763779527
21
0.4807465354330708
0
LINE
8
BLACK
6
CONTINUOUS
10
0.8670639763779527
20
0.4807465354330708
11
0.8670642125984251
21
0.4807472047244095
0
LINE
8
BLACK
6
CONTINUOUS
10
0.8670642125984251
20
0.4807472047244095
11
0.8694611811023621
21
0.4891716535433071
0
LINE
8
BLACK
6
CONTINUOUS
10
0.8694611811023621
20
0.4891716535433071
11
0.8694612204724409
21
0.4891718110236221
0
LINE
8
BLACK
6
CONTINUOUS
10
0.8694612204724409
20
0.4891718110236221
11
0.8702694094488189
21
0.4978937007874016
0
LINE
8
BLACK
6
CONTINUOUS
10
0.8702694094488189
20
0.4978937007874016
11
0.8694612204724409
21
0.5066155905511811
0
LINE
8
BLACK
6
CONTINUOUS
10
0.8694612204724409
20
0.5066155905511811
11
0.8670641338582677
21
0.5150404724409449
0
LINE
8
BLACK
6
CONTINUOUS
10
0.8670641338582677
20
0.5150404724409449
11
0.8670639763779527
21
0.5150408267716535
0
LINE
8
BLACK
6
CONTINUOUS
10
0.8670639763779527
20
0.5150408267716535
11
0.8631598818897638
21
0.5228812598425197
0
LINE
8
BLACK
6
CONTINUOUS
10
0.8631598818897638
20
0.5228812598425197
11
0.8631598031496063
21
0.5228812992125984
0
LINE
8
BLACK
6
CONTINUOUS
10
0.8631598031496063
20
0.5228812992125984
11
0.8631597637795275
21
0.5228814566929134
0
LINE
8
BLACK
6
CONTINUOUS
10
0.8631597637795275
20
0.5228814566929134
11
0.8578811417322835
21
0.5298714960629921
0
LINE
8
BLACK
6
CONTINUOUS
10
0.8578811417322835
20
0.5298714960629921
11
0.8514079527559055
21
0.5357725984251969
0
LINE
8
BLACK
6
CONTINUOUS
10
0.8514079527559055
20
0.5357725984251969
11
0.8439606692913386
21
0.5403837401574803
0
LINE
8
BLACK
6
CONTINUOUS
10
0.8439606692913386
20
0.5403837401574803
11
0.837893622047244
21
0.542734094488189
0
LINE
8
BLACK
6
CONTINUOUS
10
0.837893622047244
20
0.542734094488189
11
0.8357931496062992
21
0.543547874015748
0
LINE
8
BLACK
6
CONTINUOUS
10
0.8357931496062992
20
0.543547874015748
11
0.8357930708661417
21
0.543547874015748
0
LINE
8
BLACK
6
CONTINUOUS
10
0.8357930708661417
20
0.543547874015748
11
0.8357929133858267
21
0.5435479527559055
0
LINE
8
BLACK
6
CONTINUOUS
10
0.8357929133858267
20
0.5435479527559055
11
0.8271827952755906
21
0.5451574803149606
0
LINE
8
BLACK
6
CONTINUOUS
10
0.8271827952755906
20
0.5451574803149606
11
0.8184235039370078
21
0.5451574803149606
0
LINE
8
BLACK
6
CONTINUOUS
10
0.8184235039370078
20
0.5451574803149606
11
0.8098133858267716
21
0.5435479527559055
0
LINE
8
BLACK
6
CONTINUOUS
10
0.8098133858267716
20
0.5435479527559055
11
0.8098132283464566
21
0.543547874015748
0
LINE
8
BLACK
6
CONTINUOUS
10
0.8098132283464566
20
0.543547874015748
11
0.8098131102362205
21
0.543547874015748
0
LINE
8
BLACK
6
CONTINUOUS
10
0.8098131102362205
20
0.543547874015748
11
0.8052042913385826
21
0.5417623622047244
0
LINE
8
BLACK
6
CONTINUOUS
10
0.8052042913385826
20
0.5417623622047244
11
0.8016456299212599
21
0.5403837401574803
0
LINE
8
BLACK
6
CONTINUOUS
10
0.8016456299212599
20
0.5403837401574803
11
0.8016452755905512
21
0.5403835039370078
0
LINE
8
BLACK
6
CONTINUOUS
10
0.8016452755905512
20
0.5403835039370078
11
0.801645157480315
21
0.5403834645669291
0
LINE
8
BLACK
6
CONTINUOUS
10
0.801645157480315
20
0.5403834645669291
11
0.7941983858267716
21
0.5357726377952756
0
LINE
8
BLACK
6
CONTINUOUS
10
0.7941983858267716
20
0.5357726377952756
11
0.7941983464566928
21
0.5357725984251969
0
LINE
8
BLACK
6
CONTINUOUS
10
0.7941983464566928
20
0.5357725984251969
11
0.7877250787401575
21
0.5298714566929134
0
LINE
8
BLACK
6
CONTINUOUS
10
0.7877250787401575
20
0.5298714566929134
11
0.7824465354330709
21
0.5228814566929134
0
LINE
8
BLACK
6
CONTINUOUS
10
0.7824465354330709
20
0.5228814566929134
11
0.7824463779527558
21
0.5228812598425197
0
LINE
8
BLACK
6
CONTINUOUS
10
0.7824463779527558
20
0.5228812598425197
11
0.7785422834645669
21
0.5150408267716535
0
LINE
8
BLACK
6
CONTINUOUS
10
0.7785422834645669
20
0.5150408267716535
11
0.7785420472440945
21
0.515040157480315
0
LINE
8
BLACK
6
CONTINUOUS
10
0.7785420472440945
20
0.515040157480315
11
0.7775744094488188
21
0.5116391732283464
0
LINE
8
BLACK
6
CONTINUOUS
10
0.7775744094488188
20
0.5116391732283464
11
0.7760830708661417
21
0.5092751181102362
0
LINE
8
BLACK
6
CONTINUOUS
10
0.7760830708661417
20
0.5092751181102362
11
0.7735503543307086
21
0.5080926771653543
0
LINE
8
BLACK
6
CONTINUOUS
10
0.7735503543307086
20
0.5080926771653543
11
0.7707804330708661
21
0.5084672047244094
0
LINE
8
BLACK
6
CONTINUOUS
10
0.7707804330708661
20
0.5084672047244094
11
0.7686526771653543
21
0.5102798031496063
0
LINE
8
BLACK
6
CONTINUOUS
10
0.7686526771653543
20
0.5102798031496063
11
0.7680318897637796
21
0.5116391732283464
0
LINE
8
BLACK
6
CONTINUOUS
10
0.7680318897637796
20
0.5116391732283464
11
0.7677686614173228
21
0.5125642913385826
0
LINE
8
BLACK
6
CONTINUOUS
10
0.7677686614173228
20
0.5125642913385826
11
0.7670641338582677
21
0.5150404724409449
0
LINE
8
BLACK
6
CONTINUOUS
10
0.7670641338582677
20
0.5150404724409449
11
0.7670639763779528
21
0.5150408267716535
0
LINE
8
BLACK
6
CONTINUOUS
10
0.7670639763779528
20
0.5150408267716535
11
0.7631598818897638
21
0.5228812598425197
0
LINE
8
BLACK
6
CONTINUOUS
10
0.7631598818897638
20
0.5228812598425197
11
0.7631598031496063
21
0.5228812992125984
0
LINE
8
BLACK
6
CONTINUOUS
10
0.7631598031496063
20
0.5228812992125984
11
0.7631597637795275
21
0.5228814566929134
0
LINE
8
BLACK
6
CONTINUOUS
10
0.7631597637795275
20
0.5228814566929134
11
0.7578811417322835
21
0.5298714960629921
0
LINE
8
BLACK
6
CONTINUOUS
10
0.7578811417322835
20
0.5298714960629921
11
0.7514079527559054
21
0.5357725984251969
0
LINE
8
BLACK
6
CONTINUOUS
10
0.7514079527559054
20
0.5357725984251969
11
0.7439606692913385
21
0.5403837401574803
0
LINE
8
BLACK
6
CONTINUOUS
10
0.7439606692913385
20
0.5403837401574803
11
0.7378936220472441
21
0.542734094488189
0
LINE
8
BLACK
6
CONTINUOUS
10
0.7378936220472441
20
0.542734094488189
11
0.7357931496062992
21
0.543547874015748
0
LINE
8
BLACK
6
CONTINUOUS
10
0.7357931496062992
20
0.543547874015748
11
0.7357930708661418
21
0.543547874015748
0
LINE
8
BLACK
6
CONTINUOUS
10
0.7357930708661418
20
0.543547874015748
11
0.7357929133858268
21
0.5435479527559055
0
LINE
8
BLACK
6
CONTINUOUS
10
0.7357929133858268
20
0.5435479527559055
11
0.7271827952755905
21
0.5451574803149606
0
LINE
8
BLACK
6
CONTINUOUS
10
0.7271827952755905
20
0.5451574803149606
11
0.7184235039370078
21
0.5451574803149606
0
LINE
8
BLACK
6
CONTINUOUS
10
0.7184235039370078
20
0.5451574803149606
11
0.7098133858267717
21
0.5435479527559055
0
LINE
8
BLACK
6
CONTINUOUS
10
0.7098133858267717
20
0.5435479527559055
11
0.7098132283464567
21
0.543547874015748
0
LINE
8
BLACK
6
CONTINUOUS
10
0.7098132283464567
20
0.543547874015748
11
0.7098131102362204
21
0.543547874015748
0
LINE
8
BLACK
6
CONTINUOUS
10
0.7098131102362204
20
0.543547874015748
11
0.7052042913385826
21
0.5417623622047244
0
LINE
8
BLACK
6
CONTINUOUS
10
0.7052042913385826
20
0.5417623622047244
11
0.7016456299212598
21
0.5403837401574803
0
LINE
8
BLACK
6
CONTINUOUS
10
0.7016456299212598
20
0.5403837401574803
11
0.7016452755905511
21
0.5403835039370078
0
LINE
8
BLACK
6
CONTINUOUS
10
0.7016452755905511
20
0.5403835039370078
11
0.701645157480315
21
0.5403834645669291
0
LINE
8
BLACK
6
CONTINUOUS
10
0.701645157480315
20
0.5403834645669291
11
0.6941983858267716
21
0.5357726377952756
0
LINE
8
BLACK
6
CONTINUOUS
10
0.6941983858267716
20
0.5357726377952756
11
0.6941983464566929
21
0.5357725984251969
0
LINE
8
BLACK
6
CONTINUOUS
10
0.6941983464566929
20
0.5357725984251969
11
0.6877250787401574
21
0.5298714566929134
0
LINE
8
BLACK
6
CONTINUOUS
10
0.6877250787401574
20
0.5298714566929134
11
0.6824465354330709
21
0.5228814566929134
0
LINE
8
BLACK
6
CONTINUOUS
10
0.6824465354330709
20
0.5228814566929134
11
0.6824463779527559
21
0.5228812598425197
0
LINE
8
BLACK
6
CONTINUOUS
10
0.6824463779527559
20
0.5228812598425197
11
0.6785422834645669
21
0.5150408267716535
0
LINE
8
BLACK
6
CONTINUOUS
10
0.6785422834645669
20
0.5150408267716535
11
0.6785420472440945
21
0.515040157480315
0
LINE
8
BLACK
6
CONTINUOUS
10
0.6785420472440945
20
0.515040157480315
11
0.6775744094488189
21
0.5116391732283464
0
LINE
8
BLACK
6
CONTINUOUS
10
0.6775744094488189
20
0.5116391732283464
11
0.6760830708661417
21
0.5092751181102362
0
LINE
8
BLACK
6
CONTINUOUS
10
0.6760830708661417
20
0.5092751181102362
11
0.6735503543307086
21
0.5080926771653543
0
LINE
8
BLACK
6
CONTINUOUS
10
0.6735503543307086
20
0.5080926771653543
11
0.6707804330708661
21
0.5084672047244094
0
LINE
8
BLACK
6
CONTINUOUS
10
0.6707804330708661
20
0.5084672047244094
11
0.6686526771653544
21
0.5102798031496063
0
LINE
8
BLACK
6
CONTINUOUS
10
0.6686526771653544
20
0.5102798031496063
11
0.6680318897637795
21
0.5116391732283464
0
LINE
8
BLACK
6
CONTINUOUS
10
0.6680318897637795
20
0.5116391732283464
11
0.6677686614173228
21
0.5125642913385826
0
LINE
8
BLACK
6
CONTINUOUS
10
0.6677686614173228
20
0.5125642913385826
11
0.6670641338582677
21
0.5150404724409449
0
LINE
8
BLACK
6
CONTINUOUS
10
0.6670641338582677
20
0.5150404724409449
11
0.6670639763779528
21
0.5150408267716535
0
LINE
8
BLACK
6
CONTINUOUS
10
0.6670639763779528
20
0.5150408267716535
11
0.6631598818897637
21
0.5228812598425197
0
LINE
8
BLACK
6
CONTINUOUS
10
0.6631598818897637
20
0.5228812598425197
11
0.6631598031496063
21
0.5228812992125984
0
LINE
8
BLACK
6
CONTINUOUS
10
0.6631598031496063
20
0.5228812992125984
11
0.6631597637795276
21
0.5228814566929134
0
LINE
8
BLACK
6
CONTINUOUS
10
0.6631597637795276
20
0.5228814566929134
11
0.6578811417322834
21
0.5298714960629921
0
LINE
8
BLACK
6
CONTINUOUS
10
0.6578811417322834
20
0.5298714960629921
11
0.6514079527559055
21
0.5357725984251969
0
LINE
8
BLACK
6
CONTINUOUS
10
0.6514079527559055
20
0.5357725984251969
11
0.6439606692913385
21
0.5403837401574803
0
LINE
8
BLACK
6
CONTINUOUS
10
0.6439606692913385
20
0.5403837401574803
11
0.6378936220472441
21
0.542734094488189
0
LINE
8
BLACK
6
CONTINUOUS
10
0.6378936220472441
20
0.542734094488189
11
0.6357931496062992
21
0.543547874015748
0
LINE
8
BLACK
6
CONTINUOUS
10
0.6357931496062992
20
0.543547874015748
11
0.6357930708661417
21
0.543547874015748
0
LINE
8
BLACK
6
CONTINUOUS
10
0.6357930708661417
20
0.543547874015748
11
0.6357929133858268
21
0.5435479527559055
0
LINE
8
BLACK
6
CONTINUOUS
10
0.6357929133858268
20
0.5435479527559055
11
0.6271827952755905
21
0.5451574803149606
0
LINE
8
BLACK
6
CONTINUOUS
10
0.6271827952755905
20
0.5451574803149606
11
0.6184235039370078
21
0.5451574803149606
0
LINE
8
BLACK
6
CONTINUOUS
10
0.6184235039370078
20
0.5451574803149606
11
0.6098133858267717
21
0.5435479527559055
0
LINE
8
BLACK
6
CONTINUOUS
10
0.6098133858267717
20
0.5435479527559055
11
0.6098132283464567
21
0.543547874015748
0
LINE
8
BLACK
6
CONTINUOUS
10
0.6098132283464567
20
0.543547874015748
11
0.6098131102362204
21
0.543547874015748
0
LINE
8
BLACK
6
CONTINUOUS
10
0.6098131102362204
20
0.543547874015748
11
0.6052042913385827
21
0.5417623622047244
0
LINE
8
BLACK
6
CONTINUOUS
10
0.6052042913385827
20
0.5417623622047244
11
0.6016456299212598
21
0.5403837401574803
0
LINE
8
BLACK
6
CONTINUOUS
10
0.6016456299212598
20
0.5403837401574803
11
0.6016452755905511
21
0.5403835039370078
0
LINE
8
BLACK
6
CONTINUOUS
10
0.6016452755905511
20
0.5403835039370078
11
0.601645157480315
21
0.5403834645669291
0
LINE
8
BLACK
6
CONTINUOUS
10
0.601645157480315
20
0.5403834645669291
11
0.5941983858267716
21
0.5357726377952756
0
LINE
8
BLACK
6
CONTINUOUS
10
0.5941983858267716
20
0.5357726377952756
11
0.5941983464566929
21
0.5357725984251969
0
LINE
8
BLACK
6
CONTINUOUS
10
0.5941983464566929
20
0.5357725984251969
11
0.5877250787401574
21
0.5298714566929134
0
LINE
8
BLACK
6
CONTINUOUS
10
0.5877250787401574
20
0.5298714566929134
11
0.5824465354330709
21
0.5228814566929134
0
LINE
8
BLACK
6
CONTINUOUS
10
0.5824465354330709
20
0.5228814566929134
11
0.5824463779527559
21
0.5228812598425197
0
LINE
8
BLACK
6
CONTINUOUS
10
0.5824463779527559
20
0.5228812598425197
11
0.5785422834645669
21
0.5150408267716535
0
LINE
8
BLACK
6
CONTINUOUS
10
0.5785422834645669
20
0.5150408267716535
11
0.5785420472440945
21
0.515040157480315
0
LINE
8
BLACK
6
CONTINUOUS
10
0.5785420472440945
20
0.515040157480315
11
0.5761450787401574
21
0.5066157086614174
0
LINE
8
BLACK
6
CONTINUOUS
10
0.5761450787401574
20
0.5066157086614174
11
0.5753368897637795
21
0.4978937007874016
0
LINE
8
BLACK
6
CONTINUOUS
10
0.5753368897637795
20
0.4978937007874016
11
0.5761450787401574
21
0.4891716535433071
0
LINE
8
BLACK
6
CONTINUOUS
10
0.5761450787401574
20
0.4891716535433071
11
0.5785420472440945
21
0.4807472047244095
0
LINE
8
BLACK
6
CONTINUOUS
10
0.5785420472440945
20
0.4807472047244095
11
0.5785422834645669
21
0.4807465354330708
0
LINE
8
BLACK
6
CONTINUOUS
10
0.5785422834645669
20
0.4807465354330708
11
0.5824463779527559
21
0.4729061023622047
0
LINE
8
BLACK
6
CONTINUOUS
10
0.5824463779527559
20
0.4729061023622047
11
0.5824465354330709
21
0.472905905511811
0
LINE
8
BLACK
6
CONTINUOUS
10
0.5824465354330709
20
0.472905905511811
11
0.5877250787401574
21
0.465915905511811
0
LINE
8
BLACK
6
CONTINUOUS
10
0.5877250787401574
20
0.465915905511811
11
0.5941983464566929
21
0.4600147637795275
0
LINE
8
BLACK
6
CONTINUOUS
10
0.5941983464566929
20
0.4600147637795275
11
0.5941983858267716
21
0.4600147244094488
0
LINE
8
BLACK
6
CONTINUOUS
10
0.5941983858267716
20
0.4600147244094488
11
0.601645157480315
21
0.4554038976377953
0
LINE
8
BLACK
6
CONTINUOUS
10
0.601645157480315
20
0.4554038976377953
11
0.6016457874015748
21
0.4554035826771654
0
LINE
8
BLACK
6
CONTINUOUS
10
0.6016457874015748
20
0.4554035826771654
11
0.6098131102362204
21
0.4522394881889764
0
LINE
8
BLACK
6
CONTINUOUS
10
0.6098131102362204
20
0.4522394881889764
11
0.6124794881889764
21
0.451741062992126
0
LINE
8
BLACK
6
CONTINUOUS
10
0.6124794881889764
20
0.451741062992126
11
0.6184235039370078
21
0.4506299212598425
0
LINE
8
BLACK
6
CONTINUOUS
10
0.6184235039370078
20
0.4506299212598425
11
0.6184236220472441
21
0.4506299212598425
0
LINE
8
BLACK
6
CONTINUOUS
10
0.6184236220472441
20
0.4506299212598425
11
0.6271826771653544
21
0.4506299212598425
0
LINE
8
BLACK
6
CONTINUOUS
10
0.6271826771653544
20
0.4506299212598425
11
0.6271827952755905
21
0.4506299212598425
0
LINE
8
BLACK
6
CONTINUOUS
10
0.6271827952755905
20
0.4506299212598425
11
0.6342587401574803
21
0.4519526377952756
0
LINE
8
BLACK
6
CONTINUOUS
10
0.6342587401574803
20
0.4519526377952756
11
0.6357931496062992
21
0.4522394881889764
0
LINE
8
BLACK
6
CONTINUOUS
10
0.6357931496062992
20
0.4522394881889764
11
0.6439604724409449
21
0.4554035826771654
0
LINE
8
BLACK
6
CONTINUOUS
10
0.6439604724409449
20
0.4554035826771654
11
0.6439606692913385
21
0.4554036614173228
0
LINE
8
BLACK
6
CONTINUOUS
10
0.6439606692913385
20
0.4554036614173228
11
0.6439608267716536
21
0.4554037401574803
0
LINE
8
BLACK
6
CONTINUOUS
10
0.6439608267716536
20
0.4554037401574803
11
0.6439611023622047
21
0.4554038976377953
0
LINE
8
BLACK
6
CONTINUOUS
10
0.6439611023622047
20
0.4554038976377953
11
0.6514078740157481
21
0.4600147244094488
0
LINE
8
BLACK
6
CONTINUOUS
10
0.6514078740157481
20
0.4600147244094488
11
0.6514079133858267
21
0.4600147637795275
0
LINE
8
BLACK
6
CONTINUOUS
10
0.6514079133858267
20
0.4600147637795275
11
0.6578811811023622
21
0.465915905511811
0
LINE
8
BLACK
6
CONTINUOUS
10
0.6578811811023622
20
0.465915905511811
11
0.6631597244094488
21
0.472905905511811
0
LINE
8
BLACK
6
CONTINUOUS
10
0.6631597244094488
20
0.472905905511811
11
0.6631598818897637
21
0.4729061023622047
0
LINE
8
BLACK
6
CONTINUOUS
10
0.6631598818897637
20
0.4729061023622047
11
0.6670639763779528
21
0.4807465354330708
0
LINE
8
BLACK
6
CONTINUOUS
10
0.6670639763779528
20
0.4807465354330708
11
0.6670642125984252
21
0.4807472047244095
0
LINE
8
BLACK
6
CONTINUOUS
10
0.6670642125984252
20
0.4807472047244095
11
0.6680318897637795
21
0.484148188976378
0
LINE
8
BLACK
6
CONTINUOUS
10
0.6680318897637795
20
0.484148188976378
11
0.6695232283464567
21
0.4865122440944882
0
LINE
8
BLACK
6
CONTINUOUS
10
0.6695232283464567
20
0.4865122440944882
11
0.6720559448818898
21
0.4876946850393701
0
LINE
8
BLACK
6
CONTINUOUS
10
0.6720559448818898
20
0.4876946850393701
11
0.674825905511811
21
0.4873201574803149
0
LINE
8
BLACK
6
CONTINUOUS
10
0.674825905511811
20
0.4873201574803149
11
0.6769536220472441
21
0.4855075590551181
0
LINE
8
BLACK
6
CONTINUOUS
10
0.6769536220472441
20
0.4855075590551181
11
0.6775744094488189
21
0.484148188976378
0
LINE
8
BLACK
6
CONTINUOUS
10
0.6775744094488189
20
0.484148188976378
11
0.6785420472440945
21
0.4807472047244095
0
LINE
8
BLACK
6
CONTINUOUS
10
0.6785420472440945
20
0.4807472047244095
11
0.6785422834645669
21
0.4807465354330708
0
LINE
8
BLACK
6
CONTINUOUS
10
0.6785422834645669
20
0.4807465354330708
11
0.6824463779527559
21
0.4729061023622047
0
LINE
8
BLACK
6
CONTINUOUS
10
0.6824463779527559
20
0.4729061023622047
11
0.6824465354330709
21
0.472905905511811
0
LINE
8
BLACK
6
CONTINUOUS
10
0.6824465354330709
20
0.472905905511811
11
0.6877250787401574
21
0.465915905511811
0
LINE
8
BLACK
6
CONTINUOUS
10
0.6877250787401574
20
0.465915905511811
11
0.6941982677165354
21
0.4600148031496063
0
LINE
8
BLACK
6
CONTINUOUS
10
0.6941982677165354
20
0.4600148031496063
11
0.6968122440944882
21
0.4583963385826771
0
LINE
8
BLACK
6
CONTINUOUS
10
0.6968122440944882
20
0.4583963385826771
11
0.698677874015748
21
0.4563149606299213
0
LINE
8
BLACK
6
CONTINUOUS
10
0.698677874015748
20
0.4563149606299213
11
0.6991614173228347
21
0.4541787401574803
0
LINE
8
BLACK
6
CONTINUOUS
10
0.6991614173228347
20
0.4541787401574803
11
0.6991614173228347
21
0.3784646062992126
0
LINE
8
BLACK
6
CONTINUOUS
10
0.6991614173228347
20
0.3784646062992126
11
0.698373937007874
21
0.3757826771653543
0
LINE
8
BLACK
6
CONTINUOUS
10
0.698373937007874
20
0.3757826771653543
11
0.6962614960629921
21
0.3739522440944882
0
LINE
8
BLACK
6
CONTINUOUS
10
0.6962614960629921
20
0.3739522440944882
11
0.6942007874015748
21
0.3735039763779527
0
LINE
8
BLACK
6
CONTINUOUS
10
0.6942007874015748
20
0.3735039763779527
11
0.5819851968503937
21
0.3735039763779527
0
LINE
8
BLACK
6
CONTINUOUS
10
0.5819851968503937
20
0.3735039763779527
11
0.5793032677165354
21
0.3742914566929134
0
LINE
8
BLACK
6
CONTINUOUS
10
0.5793032677165354
20
0.3742914566929134
11
0.5784775196850394
21
0.3749569291338583
0
LINE
8
BLACK
6
CONTINUOUS
10
0.5784775196850394
20
0.3749569291338583
11
0.5050946850393701
21
0.4483397637795276
0
LINE
8
BLACK
6
CONTINUOUS
10
0.5050946850393701
20
0.4483397637795276
11
0.5037550787401575
21
0.4507929921259842
0
LINE
8
BLACK
6
CONTINUOUS
10
0.5037550787401575
20
0.4507929921259842
11
0.5036417322834645
21
0.4518474409448819
0
LINE
8
BLACK
6
CONTINUOUS
10
0.5036417322834645
20
0.4518474409448819
11
0.5036417322834645
21
0.6181525590551181
0
LINE
8
BLACK
6
CONTINUOUS
10
0.5036417322834645
20
0.6181525590551181
11
0.5044292125984252
21
0.6208344881889764
0
LINE
8
BLACK
6
CONTINUOUS
10
0.5044292125984252
20
0.6208344881889764
11
0.5050946850393701
21
0.6216602362204724
0
LINE
8
BLACK
6
CONTINUOUS
10
0.5050946850393701
20
0.6216602362204724
11
0.5453912204724409
21
0.6619567716535433
0
LINE
8
BLACK
6
CONTINUOUS
10
0.5453912204724409
20
0.6619567716535433
11
0.5458790157480314
21
0.6623846062992126
0
LINE
8
BLACK
6
CONTINUOUS
10
0.5458790157480314
20
0.6623846062992126
11
0.5468614566929134
21
0.6631384645669292
0
LINE
8
BLACK
6
CONTINUOUS
10
0.5468614566929134
20
0.6631384645669292
11
0.5474041732283464
21
0.6638457480314961
0
LINE
8
BLACK
6
CONTINUOUS
10
0.5474041732283464
20
0.6638457480314961
11
0.5506510236220472
21
0.668077125984252
0
LINE
8
BLACK
6
CONTINUOUS
10
0.5506510236220472
20
0.668077125984252
11
0.5530332283464566
21
0.6738282677165354
0
LINE
8
BLACK
6
CONTINUOUS
10
0.5530332283464566
20
0.6738282677165354
11
0.553845748031496
21
0.6799999999999999
0
LINE
8
BLACK
6
CONTINUOUS
10
0.553845748031496
20
0.6799999999999999
11
0.5530332283464566
21
0.6861717322834645
0
LINE
8
BLACK
6
CONTINUOUS
10
0.5530332283464566
20
0.6861717322834645
11
0.5506510236220472
21
0.691922874015748
0
LINE
8
BLACK
6
CONTINUOUS
10
0.5506510236220472
20
0.691922874015748
11
0.5468614960629921
21
0.6968614960629921
0
LINE
8
BLACK
6
CONTINUOUS
10
0.5468614960629921
20
0.6968614960629921
11
0.541922874015748
21
0.7006510236220472
0
LINE
8
BLACK
6
CONTINUOUS
10
0.541922874015748
20
0.7006510236220472
11
0.5361717322834646
21
0.7030332283464567
0
LINE
8
BLACK
6
CONTINUOUS
10
0.5361717322834646
20
0.7030332283464567
11
0.53
21
0.703845748031496
0
LINE
8
BLACK
6
CONTINUOUS
10
0.53
20
0.703845748031496
11
0.5238282677165355
21
0.7030332283464567
0
LINE
8
BLACK
6
CONTINUOUS
10
0.5238282677165355
20
0.7030332283464567
11
0.5180771259842519
21
0.7006510236220472
0
LINE
8
BLACK
6
CONTINUOUS
10
0.5180771259842519
20
0.7006510236220472
11
0.5151587795275591
21
0.6984116929133858
0
LINE
8
BLACK
6
CONTINUOUS
10
0.5151587795275591
20
0.6984116929133858
11
0.5131384645669291
21
0.6968614566929133
0
LINE
8
BLACK
6
CONTINUOUS
10
0.5131384645669291
20
0.6968614566929133
11
0.5123846062992126
21
0.6958790157480315
0
LINE
8
BLACK
6
CONTINUOUS
10
0.5123846062992126
20
0.6958790157480315
11
0.5119567716535433
21
0.695391220472441
0
LINE
8
BLACK
6
CONTINUOUS
10
0.5119567716535433
20
0.695391220472441
11
0.4646085826771654
21
0.648043031496063
0
LINE
8
BLACK
6
CONTINUOUS
10
0.4646085826771654
20
0.648043031496063
11
0.4641207086614173
21
0.647615157480315
0
LINE
8
BLACK
6
CONTINUOUS
10
0.4641207086614173
20
0.647615157480315
11
0.4631384645669291
21
0.6468614566929134
0
LINE
8
BLACK
6
CONTINUOUS
10
0.4631384645669291
20
0.6468614566929134
11
0.4608244094488189
21
0.6438457874015748
0
LINE
8
BLACK
6
CONTINUOUS
10
0.4608244094488189
20
0.6438457874015748
11
0.4608244488188976
21
0.6438457874015748
0
LINE
8
BLACK
6
CONTINUOUS
10
0.4608244488188976
20
0.6438457874015748
11
0.4593491338582677
21
0.6419231102362205
0
LINE
8
BLACK
6
CONTINUOUS
10
0.4593491338582677
20
0.6419231102362205
11
0.459348937007874
21
0.6419227952755905
0
LINE
8
BLACK
6
CONTINUOUS
10
0.459348937007874
20
0.6419227952755905
11
0.4569667322834646
21
0.6361716535433071
0
LINE
8
BLACK
6
CONTINUOUS
10
0.4569667322834646
20
0.6361716535433071
11
0.456154251968504
21
0.63
0
LINE
8
BLACK
6
CONTINUOUS
10
0.456154251968504
20
0.63
11
0.456154251968504
21
0.6299999606299213
0
LINE
8
BLACK
6
CONTINUOUS
10
0.456154251968504
20
0.6299999606299213
11
0.4563158267716536
21
0.6287726771653543
0
LINE
8
BLACK
6
CONTINUOUS
10
0.4563158267716536
20
0.6287726771653543
11
0.4563582677165354
21
0.6281251968503937
0
LINE
8
BLACK
6
CONTINUOUS
10
0.4563582677165354
20
0.6281251968503937
11
0.4563582677165354
21
0.4418747637795276
0
LINE
8
BLACK
6
CONTINUOUS
10
0.4563582677165354
20
0.4418747637795276
11
0.4563158267716536
21
0.4412272440944882
0
LINE
8
BLACK
6
CONTINUOUS
10
0.4563158267716536
20
0.4412272440944882
11
0.456154251968504
21
0.4399999606299212
0
LINE
8
BLACK
6
CONTINUOUS
10
0.456154251968504
20
0.4399999606299212
11
0.4563582677165354
21
0.4384503937007874
0
LINE
8
BLACK
6
CONTINUOUS
10
0.4563582677165354
20
0.4384503937007874
11
0.4563582677165354
21
0.4384503543307087
0
LINE
8
BLACK
6
CONTINUOUS
10
0.4563582677165354
20
0.4384503543307087
11
0.4569667322834646
21
0.4338283070866142
0
LINE
8
BLACK
6
CONTINUOUS
10
0.4569667322834646
20
0.4338283070866142
11
0.459348937007874
21
0.4280771653543307
0
LINE
8
BLACK
6
CONTINUOUS
10
0.459348937007874
20
0.4280771653543307
11
0.4593491338582677
21
0.4280768503937008
0
LINE
8
BLACK
6
CONTINUOUS
10
0.4593491338582677
20
0.4280768503937008
11
0.4631384645669291
21
0.4231385433070866
0
LINE
8
BLACK
6
CONTINUOUS
10
0.4631384645669291
20
0.4231385433070866
11
0.4631385433070866
21
0.4231384251968504
0
LINE
8
BLACK
6
CONTINUOUS
10
0.4631385433070866
20
0.4231384251968504
11
0.4641207086614173
21
0.4223848031496063
0
LINE
8
BLACK
6
CONTINUOUS
10
0.4641207086614173
20
0.4223848031496063
11
0.4646084645669291
21
0.4219570078740157
0
LINE
8
BLACK
6
CONTINUOUS
10
0.4646084645669291
20
0.4219570078740157
11
0.5520947637795276
21
0.3344707086614173
0
LINE
8
BLACK
6
CONTINUOUS
10
0.5520947637795276
20
0.3344707086614173
11
0.552522559055118
21
0.3339829527559055
0
LINE
8
BLACK
6
CONTINUOUS
10
0.552522559055118
20
0.3339829527559055
11
0.5532762598425197
21
0.3330006692913386
0
LINE
8
BLACK
6
CONTINUOUS
10
0.5532762598425197
20
0.3330006692913386
11
0.5549012598425197
21
0.3317538582677165
0
LINE
8
BLACK
6
CONTINUOUS
10
0.5549012598425197
20
0.3317538582677165
11
0.5549012992125985
21
0.3317538188976378
0
LINE
8
BLACK
6
CONTINUOUS
10
0.5549012992125985
20
0.3317538188976378
11
0.5582146062992126
21
0.3292113779527559
0
LINE
8
BLACK
6
CONTINUOUS
10
0.5582146062992126
20
0.3292113779527559
11
0.5582149212598425
21
0.3292111811023622
0
LINE
8
BLACK
6
CONTINUOUS
10
0.5582149212598425
20
0.3292111811023622
11
0.5639660629921259
21
0.3268289763779528
0
LINE
8
BLACK
6
CONTINUOUS
10
0.5639660629921259
20
0.3268289763779528
11
0.5701377165354331
21
0.3260164566929134
0
LINE
8
BLACK
6
CONTINUOUS
10
0.5701377165354331
20
0.3260164566929134
11
0.5701377559055117
21
0.3260164566929134
0
LINE
8
BLACK
6
CONTINUOUS
10
0.5701377559055117
20
0.3260164566929134
11
0.5713652755905512
21
0.3261780708661417
0
LINE
8
BLACK
6
CONTINUOUS
10
0.5713652755905512
20
0.3261780708661417
11
0.5720127952755906
21
0.3262205118110236
0
LINE
8
BLACK
6
CONTINUOUS
10
0.5720127952755906
20
0.3262205118110236
11
0.7181252362204724
21
0.3262205118110236
0
LINE
8
BLACK
6
CONTINUOUS
10
0.7181252362204724
20
0.3262205118110236
11
0.7187726771653543
21
0.3261780708661417
0
LINE
8
BLACK
6
CONTINUOUS
10
0.7187726771653543
20
0.3261780708661417
11
0.72
21
0.3260164960629921
0
LINE
8
BLACK
6
CONTINUOUS
10
0.72
20
0.3260164960629921
11
0.7212272834645669
21
0.3261780708661417
0
LINE
8
BLACK
6
CONTINUOUS
10
0.7212272834645669
20
0.3261780708661417
11
0.7218747637795275
21
0.3262205118110236
0
LINE
8
BLACK
6
CONTINUOUS
10
0.7218747637795275
20
0.3262205118110236
11
0.8435237007874016
21
0.3262205118110236
0
LINE
8
BLACK
6
CONTINUOUS
10
0.8435237007874016
20
0.3262205118110236
11
0.8462056299212598
21
0.325433031496063
0
LINE
8
BLACK
6
CONTINUOUS
10
0.8462056299212598
20
0.325433031496063
11
0.848036062992126
21
0.3233205905511811
0
LINE
8
BLACK
6
CONTINUOUS
10
0.848036062992126
20
0.3233205905511811
11
0.8484338582677166
21
0.3205538976377953
0
LINE
8
BLACK
6
CONTINUOUS
10
0.8484338582677166
20
0.3205538976377953
11
0.8472726771653543
21
0.3180113779527559
0
LINE
8
BLACK
6
CONTINUOUS
10
0.8472726771653543
20
0.3180113779527559
11
0.8462796456692914
21
0.3171352362204725
0
LINE
8
BLACK
6
CONTINUOUS
10
0.8462796456692914
20
0.3171352362204725
11
0.8451474803149606
21
0.3163787401574803
0
LINE
8
BLACK
6
CONTINUOUS
10
0.8451474803149606
20
0.3163787401574803
11
0.8420161023622047
21
0.3136325590551181
0
LINE
8
BLACK
6
CONTINUOUS
10
0.8420161023622047
20
0.3136325590551181
11
0.8366091338582677
21
0.3088908267716535
0
LINE
8
BLACK
6
CONTINUOUS
10
0.8366091338582677
20
0.3088908267716535
11
0.8291211023622047
21
0.3003523228346456
0
LINE
8
BLACK
6
CONTINUOUS
10
0.8291211023622047
20
0.3003523228346456
11
0.8291209842519685
21
0.3003521653543307
0
LINE
8
BLACK
6
CONTINUOUS
10
0.8291209842519685
20
0.3003521653543307
11
0.822811811023622
21
0.2909097637795275
0
LINE
8
BLACK
6
CONTINUOUS
10
0.822811811023622
20
0.2909097637795275
11
0.8181568897637795
21
0.2814705118110236
0
LINE
8
BLACK
6
CONTINUOUS
10
0.8181568897637795
20
0.2814705118110236
11
0.8177890157480314
21
0.2807244881889764
0
LINE
8
BLACK
6
CONTINUOUS
10
0.8177890157480314
20
0.2807244881889764
11
0.8177889763779528
21
0.2807243307086614
0
LINE
8
BLACK
6
CONTINUOUS
10
0.8177889763779528
20
0.2807243307086614
11
0.8141385826771653
21
0.2699707874015748
0
LINE
8
BLACK
6
CONTINUOUS
10
0.8141385826771653
20
0.2699707874015748
11
0.8141385433070866
21
0.2699706299212599
0
LINE
8
BLACK
6
CONTINUOUS
10
0.8141385433070866
20
0.2699706299212599
11
0.8119230314960629
21
0.2588326377952756
0
LINE
8
BLACK
6
CONTINUOUS
10
0.8119230314960629
20
0.2588326377952756
11
0.8119229527559055
21
0.2588320472440945
0
LINE
8
BLACK
6
CONTINUOUS
10
0.8119229527559055
20
0.2588320472440945
11
0.8111802362204724
21
0.2475001181102362
0
LINE
8
BLACK
6
CONTINUOUS
10
0.8111802362204724
20
0.2475001181102362
11
0.8111802362204724
21
0.247499842519685
0
LINE
8
BLACK
6
CONTINUOUS
10
0.8111802362204724
20
0.247499842519685
11
0.8119229527559055
21
0.2361679133858268
0
LINE
8
BLACK
6
CONTINUOUS
10
0.8119229527559055
20
0.2361679133858268
11
0.8119230314960629
21
0.2361673228346457
0
LINE
8
BLACK
6
CONTINUOUS
10
0.8119230314960629
20
0.2361673228346457
11
0.8141385433070866
21
0.2250293307086614
0
LINE
8
BLACK
6
CONTINUOUS
10
0.8141385433070866
20
0.2250293307086614
11
0.8141385826771653
21
0.2250291732283465
0
LINE
8
BLACK
6
CONTINUOUS
10
0.8141385826771653
20
0.2250291732283465
11
0.8177889763779528
21
0.2142756299212598
0
LINE
8
BLACK
6
CONTINUOUS
10
0.8177889763779528
20
0.2142756299212598
11
0.8177891338582677
21
0.2142752362204724
0
LINE
8
BLACK
6
CONTINUOUS
10
0.8177891338582677
20
0.2142752362204724
11
0.822811811023622
21
0.2040901968503937
0
LINE
8
BLACK
6
CONTINUOUS
10
0.822811811023622
20
0.2040901968503937
11
0.8291209842519685
21
0.1946477952755905
0
LINE
8
BLACK
6
CONTINUOUS
10
0.8291209842519685
20
0.1946477952755905
11
0.8291211023622047
21
0.1946476377952756
0
LINE
8
BLACK
6
CONTINUOUS
10
0.8291211023622047
20
0.1946476377952756
11
0.8366091338582677
21
0.1861091338582677
0
LINE
8
BLACK
6
CONTINUOUS
10
0.8366091338582677
20
0.1861091338582677
11
0.8451476377952756
21
0.1786211023622047
0
LINE
8
BLACK
6
CONTINUOUS
10
0.8451476377952756
20
0.1786211023622047
11
0.8451477952755906
21
0.1786209842519685
0
LINE
8
BLACK
6
CONTINUOUS
10
0.8451477952755906
20
0.1786209842519685
11
0.8545901968503937
21
0.172311811023622
0
LINE
8
BLACK
6
CONTINUOUS
10
0.8545901968503937
20
0.172311811023622
11
0.8647752362204725
21
0.1672891338582677
0
LINE
8
BLACK
6
CONTINUOUS
10
0.8647752362204725
20
0.1672891338582677
11
0.8647753937007874
21
0.1672890551181102
0
LINE
8
BLACK
6
CONTINUOUS
10
0.8647753937007874
20
0.1672890551181102
11
0.8647755118110236
21
0.1672890157480315
0
LINE
8
BLACK
6
CONTINUOUS
10
0.8647755118110236
20
0.1672890157480315
11
0.8647756299212598
21
0.1672889763779528
0
LINE
8
BLACK
6
CONTINUOUS
10
0.8647756299212598
20
0.1672889763779528
11
0.8755291732283464
21
0.1636385826771654
0
LINE
8
BLACK
6
CONTINUOUS
10
0.8755291732283464
20
0.1636385826771654
11
0.8755293307086613
21
0.1636385433070866
0
LINE
8
BLACK
6
CONTINUOUS
10
0.8755293307086613
20
0.1636385433070866
11
0.8866673228346457
21
0.161423031496063
0
LINE
8
BLACK
6
CONTINUOUS
10
0.8866673228346457
20
0.161423031496063
11
0.8866679133858267
21
0.1614229527559055
0
LINE
8
BLACK
6
CONTINUOUS
10
0.8866679133858267
20
0.1614229527559055
11
0.8979998818897638
21
0.1606802362204724
0
LINE
8
BLACK
6
CONTINUOUS
10
0.8979998818897638
20
0.1606802362204724
11
0.898
21
0.1606802362204724
0
LINE
8
BLACK
6
CONTINUOUS
10
0.898
20
0.1606802362204724
11
0.8980001181102362
21
0.1606802362204724
0
LINE
8
BLACK
6
CONTINUOUS
10
0.8980001181102362
20
0.1606802362204724
11
0.9093320472440944
21
0.1614229527559055
0
LINE
8
BLACK
6
CONTINUOUS
10
0.9093320472440944
20
0.1614229527559055
11
0.9093326377952756
21
0.161423031496063
0
LINE
8
BLACK
6
CONTINUOUS
10
0.9093326377952756
20
0.161423031496063
11
0.9204706299212598
21
0.1636385433070866
0
LINE
8
BLACK
6
CONTINUOUS
10
0.9204706299212598
20
0.1636385433070866
11
0.9204707874015747
21
0.1636385826771654
0
LINE
8
BLACK
6
CONTINUOUS
10
0.9204707874015747
20
0.1636385826771654
11
0.9275774015748032
21
0.1660509842519685
0
LINE
8
BLACK
6
CONTINUOUS
10
0.9275774015748032
20
0.1660509842519685
11
0.9312244881889764
21
0.1672890157480315
0
LINE
8
BLACK
6
CONTINUOUS
10
0.9312244881889764
20
0.1672890157480315
11
0.9319705118110236
21
0.1676568897637795
0
LINE
8
BLACK
6
CONTINUOUS
10
0.9319705118110236
20
0.1676568897637795
11
0.9414097637795276
21
0.172311811023622
0
LINE
8
BLACK
6
CONTINUOUS
10
0.9414097637795276
20
0.172311811023622
11
0.9508521653543307
21
0.1786209842519685
0
LINE
8
BLACK
6
CONTINUOUS
10
0.9508521653543307
20
0.1786209842519685
11
0.9508523228346456
21
0.1786211023622047
0
LINE
8
BLACK
6
CONTINUOUS
10
0.9508523228346456
20
0.1786211023622047
11
0.9593908267716535
21
0.1861091338582677
0
LINE
8
BLACK
6
CONTINUOUS
10
0.9593908267716535
20
0.1861091338582677
11
0.9641325590551181
21
0.1915161023622047
0
LINE
8
BLACK
6
CONTINUOUS
10
0.9641325590551181
20
0.1915161023622047
11
0.9668787401574803
21
0.1946474803149606
0
LINE
8
BLACK
6
CONTINUOUS
10
0.9668787401574803
20
0.1946474803149606
11
0.9668788582677165
21
0.1946476377952756
0
LINE
8
BLACK
6
CONTINUOUS
10
0.9668788582677165
20
0.1946476377952756
11
0.9668789763779527
21
0.1946477952755905
0
LINE
8
BLACK
6
CONTINUOUS
10
0.9668789763779527
20
0.1946477952755905
11
0.9731881496062992
21
0.2040901968503937
0
LINE
8
BLACK
6
CONTINUOUS
10
0.9731881496062992
20
0.2040901968503937
11
0.9733107086614173
21
0.2043387795275591
0
LINE
8
BLACK
6
CONTINUOUS
10
0.9733107086614173
20
0.2043387795275591
11
0.9782109842519685
21
0.2142755118110236
0
LINE
8
BLACK
6
CONTINUOUS
10
0.9782109842519685
20
0.2142755118110236
11
0.9818614566929134
21
0.2250294094488189
0
LINE
8
BLACK
6
CONTINUOUS
10
0.9818614566929134
20
0.2250294094488189
11
0.9840770078740158
21
0.2361677559055118
0
LINE
8
BLACK
6
CONTINUOUS
10
0.9840770078740158
20
0.2361677559055118
11
0.9848197637795275
21
0.2475
0
LINE
8
BLACK
6
CONTINUOUS
10
0.9848197637795275
20
0.2475
11
0.9840770078740158
21
0.2588322440944882
0
LINE
8
BLACK
6
CONTINUOUS
10
0.9840770078740158
20
0.2588322440944882
11
0.9818614566929134
21
0.2699705905511811
0
LINE
8
BLACK
6
CONTINUOUS
10
0.9818614566929134
20
0.2699705905511811
11
0.9782109842519685
21
0.2807244881889764
0
LINE
8
BLACK
6
CONTINUOUS
10
0.9782109842519685
20
0.2807244881889764
11
0.9731881102362204
21
0.2909098818897638
0
LINE
8
BLACK
6
CONTINUOUS
10
0.9731881102362204
20
0.2909098818897638
11
0.9668787401574803
21
0.3003525196850393
0
LINE
8
BLACK
6
CONTINUOUS
10
0.9668787401574803
20
0.3003525196850393
11
0.9593908267716535
21
0.3088908267716535
0
LINE
8
BLACK
6
CONTINUOUS
10
0.9593908267716535
20
0.3088908267716535
11
0.9508525196850394
21
0.3163787401574803
0
LINE
8
BLACK
6
CONTINUOUS
10
0.9508525196850394
20
0.3163787401574803
11
0.9497203543307087
21
0.3171352362204725
0
LINE
8
BLACK
6
CONTINUOUS
10
0.9497203543307087
20
0.3171352362204725
11
0.9479279133858267
21
0.31928
0
LINE
8
BLACK
6
CONTINUOUS
10
0.9479279133858267
20
0.31928
11
0.9475795275590551
21
0.3220533464566929
0
LINE
8
BLACK
6
CONTINUOUS
10
0.9475795275590551
20
0.3220533464566929
11
0.9487858661417322
21
0.3245747637795275
0
LINE
8
BLACK
6
CONTINUOUS
10
0.9487858661417322
20
0.3245747637795275
11
0.9511638582677165
21
0.3260437401574803
0
LINE
8
BLACK
6
CONTINUOUS
10
0.9511638582677165
20
0.3260437401574803
11
0.9524762992125984
21
0.3262205118110236
0
LINE
8
BLACK
6
CONTINUOUS
10
0.9524762992125984
20
0.3262205118110236
11
1.0184503543307086
21
0.3262205118110236
0
LINE
8
BLACK
6
CONTINUOUS
10
1.0184503543307086
20
0.3262205118110236
11
1.0435237007874016
21
0.3262205118110236
0
LINE
8
BLACK
6
CONTINUOUS
10
1.0435237007874016
20
0.3262205118110236
11
1.0462056299212599
21
0.325433031496063
0
LINE
8
BLACK
6
CONTINUOUS
10
1.0462056299212599
20
0.325433031496063
11
1.0480360629921259
21
0.3233205905511811
0
LINE
8
BLACK
6
CONTINUOUS
10
1.0480360629921259
20
0.3233205905511811
11
1.0484338582677164
21
0.3205538976377953
0
LINE
8
BLACK
6
CONTINUOUS
10
1.0484338582677164
20
0.3205538976377953
11
1.0472726771653542
21
0.3180113779527559
0
LINE
8
BLACK
6
CONTINUOUS
10
1.0472726771653542
20
0.3180113779527559
11
1.0462796456692913
21
0.3171352362204725
0
LINE
8
BLACK
6
CONTINUOUS
10
1.0462796456692913
20
0.3171352362204725
11
1.0451474803149605
21
0.3163787401574803
0
LINE
8
BLACK
6
CONTINUOUS
10
1.0451474803149605
20
0.3163787401574803
11
1.0420161023622048
21
0.3136325590551181
0
LINE
8
BLACK
6
CONTINUOUS
10
1.0420161023622048
20
0.3136325590551181
11
1.0366091338582677
21
0.3088908267716535
0
LINE
8
BLACK
6
CONTINUOUS
10
1.0366091338582677
20
0.3088908267716535
11
1.0291211023622047
21
0.3003523228346456
0
LINE
8
BLACK
6
CONTINUOUS
10
1.0291211023622047
20
0.3003523228346456
11
1.0291209842519684
21
0.3003521653543307
0
LINE
8
BLACK
6
CONTINUOUS
10
1.0291209842519684
20
0.3003521653543307
11
1.022811811023622
21
0.2909097637795275
0
LINE
8
BLACK
6
CONTINUOUS
10
1.022811811023622
20
0.2909097637795275
11
1.0181568897637796
21
0.2814705118110236
0
LINE
8
BLACK
6
CONTINUOUS
10
1.0181568897637796
20
0.2814705118110236
11
1.0177890157480314
21
0.2807244881889764
0
LINE
8
BLACK
6
CONTINUOUS
10
1.0177890157480314
20
0.2807244881889764
11
1.0177889763779526
21
0.2807243307086614
0
LINE
8
BLACK
6
CONTINUOUS
10
1.0177889763779526
20
0.2807243307086614
11
1.0141385826771654
21
0.2699707874015748
0
LINE
8
BLACK
6
CONTINUOUS
10
1.0141385826771654
20
0.2699707874015748
11
1.0141385433070866
21
0.2699706299212599
0
LINE
8
BLACK
6
CONTINUOUS
10
1.0141385433070866
20
0.2699706299212599
11
1.011923031496063
21
0.2588326377952756
0
LINE
8
BLACK
6
CONTINUOUS
10
1.011923031496063
20
0.2588326377952756
11
1.0119229527559055
21
0.2588320472440945
0
LINE
8
BLACK
6
CONTINUOUS
10
1.0119229527559055
20
0.2588320472440945
11
1.0111802362204725
21
0.2475001181102362
0
LINE
8
BLACK
6
CONTINUOUS
10
1.0111802362204725
20
0.2475001181102362
11
1.0111802362204725
21
0.247499842519685
0
LINE
8
BLACK
6
CONTINUOUS
10
1.0111802362204725
20
0.247499842519685
11
1.0119229527559055
21
0.2361679133858268
0
LINE
8
BLACK
6
CONTINUOUS
10
1.0119229527559055
20
0.2361679133858268
11
1.011923031496063
21
0.2361673228346457
0
LINE
8
BLACK
6
CONTINUOUS
10
1.011923031496063
20
0.2361673228346457
11
1.0141385433070866
21
0.2250293307086614
0
LINE
8
BLACK
6
CONTINUOUS
10
1.0141385433070866
20
0.2250293307086614
11
1.0141385826771654
21
0.2250291732283465
0
LINE
8
BLACK
6
CONTINUOUS
10
1.0141385826771654
20
0.2250291732283465
11
1.0177889763779526
21
0.2142756299212598
0
LINE
8
BLACK
6
CONTINUOUS
10
1.0177889763779526
20
0.2142756299212598
11
1.0177891338582676
21
0.2142752362204724
0
LINE
8
BLACK
6
CONTINUOUS
10
1.0177891338582676
20
0.2142752362204724
11
1.022811811023622
21
0.2040901968503937
0
LINE
8
BLACK
6
CONTINUOUS
10
1.022811811023622
20
0.2040901968503937
11
1.0291209842519684
21
0.1946477952755905
0
LINE
8
BLACK
6
CONTINUOUS
10
1.0291209842519684
20
0.1946477952755905
11
1.0291211023622047
21
0.1946476377952756
0
LINE
8
BLACK
6
CONTINUOUS
10
1.0291211023622047
20
0.1946476377952756
11
1.0366091338582677
21
0.1861091338582677
0
LINE
8
BLACK
6
CONTINUOUS
10
1.0366091338582677
20
0.1861091338582677
11
1.0451476377952755
21
0.1786211023622047
0
LINE
8
BLACK
6
CONTINUOUS
10
1.0451476377952755
20
0.1786211023622047
11
1.0451477952755905
21
0.1786209842519685
0
LINE
8
BLACK
6
CONTINUOUS
10
1.0451477952755905
20
0.1786209842519685
11
1.0545901968503937
21
0.172311811023622
0
LINE
8
BLACK
6
CONTINUOUS
10
1.0545901968503937
20
0.172311811023622
11
1.0647752362204723
21
0.1672891338582677
0
LINE
8
BLACK
6
CONTINUOUS
10
1.0647752362204723
20
0.1672891338582677
11
1.0647753937007873
21
0.1672890551181102
0
LINE
8
BLACK
6
CONTINUOUS
10
1.0647753937007873
20
0.1672890551181102
11
1.0647755118110236
21
0.1672890157480315
0
LINE
8
BLACK
6
CONTINUOUS
10
1.0647755118110236
20
0.1672890157480315
11
1.0647756299212598
21
0.1672889763779528
0
LINE
8
BLACK
6
CONTINUOUS
10
1.0647756299212598
20
0.1672889763779528
11
1.0755291732283465
21
0.1636385826771654
0
LINE
8
BLACK
6
CONTINUOUS
10
1.0755291732283465
20
0.1636385826771654
11
1.0755293307086613
21
0.1636385433070866
0
LINE
8
BLACK
6
CONTINUOUS
10
1.0755293307086613
20
0.1636385433070866
11
1.0866673228346457
21
0.161423031496063
0
LINE
8
BLACK
6
CONTINUOUS
10
1.0866673228346457
20
0.161423031496063
11
1.0866679133858268
21
0.1614229527559055
0
LINE
8
BLACK
6
CONTINUOUS
10
1.0866679133858268
20
0.1614229527559055
11
1.0979998818897638
21
0.1606802362204724
0
LINE
8
BLACK
6
CONTINUOUS
10
1.0979998818897638
20
0.1606802362204724
11
1.0979999999999999
21
0.1606802362204724
0
LINE
8
BLACK
6
CONTINUOUS
10
1.0979999999999999
20
0.1606802362204724
11
1.0980001181102361
21
0.1606802362204724
0
LINE
8
BLACK
6
CONTINUOUS
10
1.0980001181102361
20
0.1606802362204724
11
1.1093320472440944
21
0.1614229527559055
0
LINE
8
BLACK
6
CONTINUOUS
10
1.1093320472440944
20
0.1614229527559055
11
1.1093326377952755
21
0.161423031496063
0
LINE
8
BLACK
6
CONTINUOUS
10
1.1093326377952755
20
0.161423031496063
11
1.1204706299212599
21
0.1636385433070866
0
LINE
8
BLACK
6
CONTINUOUS
10
1.1204706299212599
20
0.1636385433070866
11
1.1204707874015747
21
0.1636385826771654
0
LINE
8
BLACK
6
CONTINUOUS
10
1.1204707874015747
20
0.1636385826771654
11
1.127577401574803
21
0.1660509842519685
0
LINE
8
BLACK
6
CONTINUOUS
10
1.127577401574803
20
0.1660509842519685
11
1.1312244881889764
21
0.1672890157480315
0
LINE
8
BLACK
6
CONTINUOUS
10
1.1312244881889764
20
0.1672890157480315
11
1.1319705118110237
21
0.1676568897637795
0
LINE
8
BLACK
6
CONTINUOUS
10
1.1319705118110237
20
0.1676568897637795
11
1.1414097637795275
21
0.172311811023622
0
LINE
8
BLACK
6
CONTINUOUS
10
1.1414097637795275
20
0.172311811023622
11
1.1508521653543307
21
0.1786209842519685
0
LINE
8
BLACK
6
CONTINUOUS
10
1.1508521653543307
20
0.1786209842519685
11
1.1508523228346457
21
0.1786211023622047
0
LINE
8
BLACK
6
CONTINUOUS
10
1.1508523228346457
20
0.1786211023622047
11
1.1593908267716535
21
0.1861091338582677
0
LINE
8
BLACK
6
CONTINUOUS
10
1.1593908267716535
20
0.1861091338582677
11
1.1641325590551181
21
0.1915161023622047
0
LINE
8
BLACK
6
CONTINUOUS
10
1.1641325590551181
20
0.1915161023622047
11
1.1668787401574803
21
0.1946474803149606
0
LINE
8
BLACK
6
CONTINUOUS
10
1.1668787401574803
20
0.1946474803149606
11
1.1668788582677165
21
0.1946476377952756
0
LINE
8
BLACK
6
CONTINUOUS
10
1.1668788582677165
20
0.1946476377952756
11
1.1668789763779528
21
0.1946477952755905
0
LINE
8
BLACK
6
CONTINUOUS
10
1.1668789763779528
20
0.1946477952755905
11
1.1731881496062992
21
0.2040901968503937
0
LINE
8
BLACK
6
CONTINUOUS
10
1.1731881496062992
20
0.2040901968503937
11
1.1733107086614174
21
0.2043387795275591
0
LINE
8
BLACK
6
CONTINUOUS
10
1.1733107086614174
20
0.2043387795275591
11
1.1782109842519686
21
0.2142755118110236
0
LINE
8
BLACK
6
CONTINUOUS
10
1.1782109842519686
20
0.2142755118110236
11
1.1818614566929133
21
0.2250294094488189
0
LINE
8
BLACK
6
CONTINUOUS
10
1.1818614566929133
20
0.2250294094488189
11
1.1840770078740157
21
0.2361677559055118
0
LINE
8
BLACK
6
CONTINUOUS
10
1.1840770078740157
20
0.2361677559055118
11
1.1848197637795275
21
0.2475
0
LINE
8
BLACK
6
CONTINUOUS
10
1.1848197637795275
20
0.2475
11
1.1840770078740157
21
0.2588322440944882
0
LINE
8
BLACK
6
CONTINUOUS
10
1.1840770078740157
20
0.2588322440944882
11
1.1818614566929133
21
0.2699705905511811
0
LINE
8
BLACK
6
CONTINUOUS
10
1.1818614566929133
20
0.2699705905511811
11
1.1782109842519686
21
0.2807244881889764
0
LINE
8
BLACK
6
CONTINUOUS
10
1.1782109842519686
20
0.2807244881889764
11
1.1731881102362205
21
0.2909098818897638
0
LINE
8
BLACK
6
CONTINUOUS
10
1.1731881102362205
20
0.2909098818897638
11
1.1668787401574803
21
0.3003525196850393
0
LINE
8
BLACK
6
CONTINUOUS
10
1.1668787401574803
20
0.3003525196850393
11
1.1593908267716535
21
0.3088908267716535
0
LINE
8
BLACK
6
CONTINUOUS
10
1.1593908267716535
20
0.3088908267716535
11
1.1508525196850394
21
0.3163787401574803
0
LINE
8
BLACK
6
CONTINUOUS
10
1.1508525196850394
20
0.3163787401574803
11
1.1497203543307086
21
0.3171352362204725
0
LINE
8
BLACK
6
CONTINUOUS
10
1.1497203543307086
20
0.3171352362204725
11
1.1479279133858267
21
0.31928
0
LINE
8
BLACK
6
CONTINUOUS
10
1.1479279133858267
20
0.31928
11
1.147579527559055
21
0.3220533464566929
0
LINE
8
BLACK
6
CONTINUOUS
10
1.147579527559055
20
0.3220533464566929
11
1.1487858661417323
21
0.3245747637795275
0
LINE
8
BLACK
6
CONTINUOUS
10
1.1487858661417323
20
0.3245747637795275
11
1.1511638582677166
21
0.3260437401574803
0
LINE
8
BLACK
6
CONTINUOUS
10
1.1511638582677166
20
0.3260437401574803
11
1.1524762992125983
21
0.3262205118110236
0
LINE
8
BLACK
6
CONTINUOUS
10
1.1524762992125983
20
0.3262205118110236
11
1.1581252362204724
21
0.3262205118110236
0
LINE
8
BLACK
6
CONTINUOUS
10
1.1581252362204724
20
0.3262205118110236
11
1.1587726771653544
21
0.3261780708661417
0
LINE
8
BLACK
6
CONTINUOUS
10
1.1587726771653544
20
0.3261780708661417
11
1.1599999999999999
21
0.3260164960629921
0
LINE
8
BLACK
6
CONTINUOUS
10
1.1599999999999999
20
0.3260164960629921
11
1.1612272834645669
21
0.3261780708661417
0
LINE
8
BLACK
6
CONTINUOUS
10
1.1612272834645669
20
0.3261780708661417
11
1.1618747637795275
21
0.3262205118110236
0
LINE
8
BLACK
6
CONTINUOUS
10
1.1618747637795275
20
0.3262205118110236
11
1.1716875590551181
21
0.3262205118110236
0
LINE
8
BLACK
6
CONTINUOUS
10
1.1716875590551181
20
0.3262205118110236
11
1.1724114173228346
21
0.3263158267716535
0
LINE
8
BLACK
6
CONTINUOUS
10
1.1724114173228346
20
0.3263158267716535
11
1.1730588582677166
21
0.3263582677165354
0
LINE
8
BLACK
6
CONTINUOUS
10
1.1730588582677166
20
0.3263582677165354
11
1.3170788582677164
21
0.3263582677165354
0
LINE
8
BLACK
6
CONTINUOUS
10
1.3170788582677164
20
0.3263582677165354
11
1.3177263385826772
21
0.3263158267716535
0
LINE
8
BLACK
6
CONTINUOUS
10
1.3177263385826772
20
0.3263158267716535
11
1.3200000000000001
21
0.3260164960629921
0
LINE
8
BLACK
6
CONTINUOUS
10
1.3200000000000001
20
0.3260164960629921
11
1.3212272834645669
21
0.3261780708661417
0
LINE
8
BLACK
6
CONTINUOUS
10
1.3212272834645669
20
0.3261780708661417
11
1.3218747637795276
21
0.3262205118110236
0
LINE
8
BLACK
6
CONTINUOUS
10
1.3218747637795276
20
0.3262205118110236
11
1.4435237007874016
21
0.3262205118110236
0
LINE
8
BLACK
6
CONTINUOUS
10
1.4435237007874016
20
0.3262205118110236
11
1.4462056299212598
21
0.325433031496063
0
LINE
8
BLACK
6
CONTINUOUS
10
1.4462056299212598
20
0.325433031496063
11
1.4480360629921261
21
0.3233205905511811
0
LINE
8
BLACK
6
CONTINUOUS
10
1.4480360629921261
20
0.3233205905511811
11
1.4484338582677165
21
0.3205538976377953
0
LINE
8
BLACK
6
CONTINUOUS
10
1.4484338582677165
20
0.3205538976377953
11
1.4472726771653543
21
0.3180113779527559
0
LINE
8
BLACK
6
CONTINUOUS
10
1.4472726771653543
20
0.3180113779527559
11
1.4462796456692912
21
0.3171352362204725
0
LINE
8
BLACK
6
CONTINUOUS
10
1.4462796456692912
20
0.3171352362204725
11
1.4451474803149607
21
0.3163787401574803
0
LINE
8
BLACK
6
CONTINUOUS
10
1.4451474803149607
20
0.3163787401574803
11
1.4420161023622047
21
0.3136325590551181
0
LINE
8
BLACK
6
CONTINUOUS
10
1.4420161023622047
20
0.3136325590551181
11
1.4366091338582676
21
0.3088908267716535
0
LINE
8
BLACK
6
CONTINUOUS
10
1.4366091338582676
20
0.3088908267716535
11
1.4291211023622048
21
0.3003523228346456
0
LINE
8
BLACK
6
CONTINUOUS
10
1.4291211023622048
20
0.3003523228346456
11
1.4291209842519685
21
0.3003521653543307
0
LINE
8
BLACK
6
CONTINUOUS
10
1.4291209842519685
20
0.3003521653543307
11
1.4228118110236221
21
0.2909097637795275
0
LINE
8
BLACK
6
CONTINUOUS
10
1.4228118110236221
20
0.2909097637795275
11
1.4181568897637795
21
0.2814705118110236
0
LINE
8
BLACK
6
CONTINUOUS
10
1.4181568897637795
20
0.2814705118110236
11
1.4177890157480315
21
0.2807244881889764
0
LINE
8
BLACK
6
CONTINUOUS
10
1.4177890157480315
20
0.2807244881889764
11
1.4177889763779528
21
0.2807243307086614
0
LINE
8
BLACK
6
CONTINUOUS
10
1.4177889763779528
20
0.2807243307086614
11
1.4141385826771653
21
0.2699707874015748
0
LINE
8
BLACK
6
CONTINUOUS
10
1.4141385826771653
20
0.2699707874015748
11
1.4141385433070865
21
0.2699706299212599
0
LINE
8
BLACK
6
CONTINUOUS
10
1.4141385433070865
20
0.2699706299212599
11
1.4119230314960629
21
0.2588326377952756
0
LINE
8
BLACK
6
CONTINUOUS
10
1.4119230314960629
20
0.2588326377952756
11
1.4119229527559054
21
0.2588320472440945
0
LINE
8
BLACK
6
CONTINUOUS
10
1.4119229527559054
20
0.2588320472440945
11
1.4111802362204724
21
0.2475001181102362
0
LINE
8
BLACK
6
CONTINUOUS
10
1.4111802362204724
20
0.2475001181102362
11
1.4111802362204724
21
0.247499842519685
0
LINE
8
BLACK
6
CONTINUOUS
10
1.4111802362204724
20
0.247499842519685
11
1.4119229527559054
21
0.2361679133858268
0
LINE
8
BLACK
6
CONTINUOUS
10
1.4119229527559054
20
0.2361679133858268
11
1.4119230314960629
21
0.2361673228346457
0
LINE
8
BLACK
6
CONTINUOUS
10
1.4119230314960629
20
0.2361673228346457
11
1.4141385433070865
21
0.2250293307086614
0
LINE
8
BLACK
6
CONTINUOUS
10
1.4141385433070865
20
0.2250293307086614
11
1.4141385826771653
21
0.2250291732283465
0
LINE
8
BLACK
6
CONTINUOUS
10
1.4141385826771653
20
0.2250291732283465
11
1.4177889763779528
21
0.2142756299212598
0
LINE
8
BLACK
6
CONTINUOUS
10
1.4177889763779528
20
0.2142756299212598
11
1.4177891338582678
21
0.2142752362204724
0
LINE
8
BLACK
6
CONTINUOUS
10
1.4177891338582678
20
0.2142752362204724
11
1.4228118110236221
21
0.2040901968503937
0
LINE
8
BLACK
6
CONTINUOUS
10
1.4228118110236221
20
0.2040901968503937
11
1.4291209842519685
21
0.1946477952755905
0
LINE
8
BLACK
6
CONTINUOUS
10
1.4291209842519685
20
0.1946477952755905
11
1.4291211023622048
21
0.1946476377952756
0
LINE
8
BLACK
6
CONTINUOUS
10
1.4291211023622048
20
0.1946476377952756
11
1.4366091338582676
21
0.1861091338582677
0
LINE
8
BLACK
6
CONTINUOUS
10
1.4366091338582676
20
0.1861091338582677
11
1.4451476377952757
21
0.1786211023622047
0
LINE
8
BLACK
6
CONTINUOUS
10
1.4451476377952757
20
0.1786211023622047
11
1.4451477952755905
21
0.1786209842519685
0
LINE
8
BLACK
6
CONTINUOUS
10
1.4451477952755905
20
0.1786209842519685
11
1.4545901968503936
21
0.172311811023622
0
LINE
8
BLACK
6
CONTINUOUS
10
1.4545901968503936
20
0.172311811023622
11
1.4647752362204725
21
0.1672891338582677
0
LINE
8
BLACK
6
CONTINUOUS
10
1.4647752362204725
20
0.1672891338582677
11
1.4647753937007875
21
0.1672890551181102
0
LINE
8
BLACK
6
CONTINUOUS
10
1.4647753937007875
20
0.1672890551181102
11
1.4647755118110235
21
0.1672890157480315
0
LINE
8
BLACK
6
CONTINUOUS
10
1.4647755118110235
20
0.1672890157480315
11
1.4647756299212598
21
0.1672889763779528
0
LINE
8
BLACK
6
CONTINUOUS
10
1.4647756299212598
20
0.1672889763779528
11
1.4755291732283464
21
0.1636385826771654
0
LINE
8
BLACK
6
CONTINUOUS
10
1.4755291732283464
20
0.1636385826771654
11
1.4755293307086614
21
0.1636385433070866
0
LINE
8
BLACK
6
CONTINUOUS
10
1.4755293307086614
20
0.1636385433070866
11
1.4866673228346456
21
0.161423031496063
0
LINE
8
BLACK
6
CONTINUOUS
10
1.4866673228346456
20
0.161423031496063
11
1.4866679133858267
21
0.1614229527559055
0
LINE
8
BLACK
6
CONTINUOUS
10
1.4866679133858267
20
0.1614229527559055
11
1.4979998818897637
21
0.1606802362204724
0
LINE
8
BLACK
6
CONTINUOUS
10
1.4979998818897637
20
0.1606802362204724
11
1.498
21
0.1606802362204724
0
LINE
8
BLACK
6
CONTINUOUS
10
1.498
20
0.1606802362204724
11
1.4980001181102363
21
0.1606802362204724
0
LINE
8
BLACK
6
CONTINUOUS
10
1.4980001181102363
20
0.1606802362204724
11
1.5093320472440945
21
0.1614229527559055
0
LINE
8
BLACK
6
CONTINUOUS
10
1.5093320472440945
20
0.1614229527559055
11
1.5093326377952756
21
0.161423031496063
0
LINE
8
BLACK
6
CONTINUOUS
10
1.5093326377952756
20
0.161423031496063
11
1.5204706299212598
21
0.1636385433070866
0
LINE
8
BLACK
6
CONTINUOUS
10
1.5204706299212598
20
0.1636385433070866
11
1.5204707874015748
21
0.1636385826771654
0
LINE
8
BLACK
6
CONTINUOUS
10
1.5204707874015748
20
0.1636385826771654
11
1.5275774015748032
21
0.1660509842519685
0
LINE
8
BLACK
6
CONTINUOUS
10
1.5275774015748032
20
0.1660509842519685
11
1.5312244881889763
21
0.1672890157480315
0
LINE
8
BLACK
6
CONTINUOUS
10
1.5312244881889763
20
0.1672890157480315
11
1.5319705118110236
21
0.1676568897637795
0
LINE
8
BLACK
6
CONTINUOUS
10
1.5319705118110236
20
0.1676568897637795
11
1.5414097637795274
21
0.172311811023622
0
LINE
8
BLACK
6
CONTINUOUS
10
1.5414097637795274
20
0.172311811023622
11
1.5508521653543306
21
0.1786209842519685
0
LINE
8
BLACK
6
CONTINUOUS
10
1.5508521653543306
20
0.1786209842519685
11
1.5508523228346456
21
0.1786211023622047
0
LINE
8
BLACK
6
CONTINUOUS
10
1.5508523228346456
20
0.1786211023622047
11
1.5593908267716534
21
0.1861091338582677
0
LINE
8
BLACK
6
CONTINUOUS
10
1.5593908267716534
20
0.1861091338582677
11
1.5641325590551181
21
0.1915161023622047
0
LINE
8
BLACK
6
CONTINUOUS
10
1.5641325590551181
20
0.1915161023622047
11
1.5668787401574802
21
0.1946474803149606
0
LINE
8
BLACK
6
CONTINUOUS
10
1.5668787401574802
20
0.1946474803149606
11
1.5668788582677164
21
0.1946476377952756
0
LINE
8
BLACK
6
CONTINUOUS
10
1.5668788582677164
20
0.1946476377952756
11
1.5668789763779527
21
0.1946477952755905
0
LINE
8
BLACK
6
CONTINUOUS
10
1.5668789763779527
20
0.1946477952755905
11
1.5731881496062992
21
0.2040901968503937
0
LINE
8
BLACK
6
CONTINUOUS
10
1.5731881496062992
20
0.2040901968503937
11
1.5733107086614173
21
0.2043387795275591
0
LINE
8
BLACK
6
CONTINUOUS
10
1.5733107086614173
20
0.2043387795275591
11
1.5782109842519685
21
0.2142755118110236
0
LINE
8
BLACK
6
CONTINUOUS
10
1.5782109842519685
20
0.2142755118110236
11
1.5818614566929134
21
0.2250294094488189
0
LINE
8
BLACK
6
CONTINUOUS
10
1.5818614566929134
20
0.2250294094488189
11
1.5840770078740156
21
0.2361677559055118
0
LINE
8
BLACK
6
CONTINUOUS
10
1.5840770078740156
20
0.2361677559055118
11
1.5848197637795276
21
0.2475
0
LINE
8
BLACK
6
CONTINUOUS
10
1.5848197637795276
20
0.2475
11
1.5840770078740156
21
0.2588322440944882
0
LINE
8
BLACK
6
CONTINUOUS
10
1.5840770078740156
20
0.2588322440944882
11
1.5818614566929134
21
0.2699705905511811
0
LINE
8
BLACK
6
CONTINUOUS
10
1.5818614566929134
20
0.2699705905511811
11
1.5782109842519685
21
0.2807244881889764
0
LINE
8
BLACK
6
CONTINUOUS
10
1.5782109842519685
20
0.2807244881889764
11
1.5731881102362204
21
0.2909098818897638
0
LINE
8
BLACK
6
CONTINUOUS
10
1.5731881102362204
20
0.2909098818897638
11
1.5668787401574802
21
0.3003525196850393
0
LINE
8
BLACK
6
CONTINUOUS
10
1.5668787401574802
20
0.3003525196850393
11
1.5593908267716534
21
0.3088908267716535
0
LINE
8
BLACK
6
CONTINUOUS
10
1.5593908267716534
20
0.3088908267716535
11
1.5508525196850393
21
0.3163787401574803
0
LINE
8
BLACK
6
CONTINUOUS
10
1.5508525196850393
20
0.3163787401574803
11
1.5497203543307085
21
0.3171352362204725
0
LINE
8
BLACK
6
CONTINUOUS
10
1.5497203543307085
20
0.3171352362204725
11
1.5479279133858268
21
0.31928
0
LINE
8
BLACK
6
CONTINUOUS
10
1.5479279133858268
20
0.31928
11
1.5475795275590551
21
0.3220533464566929
0
LINE
8
BLACK
6
CONTINUOUS
10
1.5475795275590551
20
0.3220533464566929
11
1.5487858661417322
21
0.3245747637795275
0
LINE
8
BLACK
6
CONTINUOUS
10
1.5487858661417322
20
0.3245747637795275
11
1.5511638582677165
21
0.3260437401574803
0
LINE
8
BLACK
6
CONTINUOUS
10
1.5511638582677165
20
0.3260437401574803
11
1.5524762992125984
21
0.3262205118110236
0
LINE
8
BLACK
6
CONTINUOUS
10
1.5524762992125984
20
0.3262205118110236
11
1.6479874803149606
21
0.3262205118110236
0
LINE
8
BLACK
6
CONTINUOUS
10
1.6479874803149606
20
0.3262205118110236
11
1.6486349212598426
21
0.3261780708661417
0
LINE
8
BLACK
6
CONTINUOUS
10
1.6486349212598426
20
0.3261780708661417
11
1.6498622440944881
21
0.3260164960629921
0
LINE
8
BLACK
6
CONTINUOUS
10
1.6498622440944881
20
0.3260164960629921
11
1.6560338976377953
21
0.3268289763779528
0
LINE
8
BLACK
6
CONTINUOUS
10
1.6560338976377953
20
0.3268289763779528
11
1.6617850393700786
21
0.3292111811023622
0
LINE
8
BLACK
6
CONTINUOUS
10
1.6617850393700786
20
0.3292111811023622
11
1.6617853543307086
21
0.3292113779527559
0
LINE
8
BLACK
6
CONTINUOUS
10
1.6617853543307086
20
0.3292113779527559
11
1.6650987007874016
21
0.3317538188976378
0
LINE
8
BLACK
6
CONTINUOUS
10
1.6650987007874016
20
0.3317538188976378
11
1.6650987401574804
21
0.3317538582677165
0
LINE
8
BLACK
6
CONTINUOUS
10
1.6650987401574804
20
0.3317538582677165
11
1.6667237401574804
21
0.3330007086614173
0
LINE
8
BLACK
6
CONTINUOUS
10
1.6667237401574804
20
0.3330007086614173
11
1.6674774015748031
21
0.3339829527559055
0
LINE
8
BLACK
6
CONTINUOUS
10
1.6674774015748031
20
0.3339829527559055
11
1.6679052755905512
21
0.3344708267716535
0
LINE
8
BLACK
6
CONTINUOUS
10
1.6679052755905512
20
0.3344708267716535
11
1.7440877952755904
21
0.4106533464566929
0
LINE
8
BLACK
6
CONTINUOUS
10
1.7440877952755904
20
0.4106533464566929
11
1.7465410236220471
21
0.4119929527559055
0
LINE
8
BLACK
6
CONTINUOUS
10
1.7465410236220471
20
0.4119929527559055
11
1.7475954724409448
21
0.4121062992125984
0
LINE
8
BLACK
6
CONTINUOUS
10
1.7475954724409448
20
0.4121062992125984
11
1.780777559055118
21
0.4121062992125984
0
LINE
8
BLACK
6
CONTINUOUS
10
1.780777559055118
20
0.4121062992125984
11
1.783079842519685
21
0.4125642519685039
0
LINE
8
BLACK
6
CONTINUOUS
10
1.783079842519685
20
0.4125642519685039
11
1.7830799606299212
21
0.4125642913385827
0
LINE
8
BLACK
6
CONTINUOUS
10
1.7830799606299212
20
0.4125642913385827
11
1.7852093307086614
21
0.413987125984252
0
LINE
8
BLACK
6
CONTINUOUS
10
1.7852093307086614
20
0.413987125984252
11
1.7856910236220471
21
0.4143089763779527
0
LINE
8
BLACK
6
CONTINUOUS
10
1.7856910236220471
20
0.4143089763779527
11
1.7874357086614172
21
0.4169200393700787
0
LINE
8
BLACK
6
CONTINUOUS
10
1.7874357086614172
20
0.4169200393700787
11
1.7878936614173229
21
0.4192224015748031
0
LINE
8
BLACK
6
CONTINUOUS
10
1.7878936614173229
20
0.4192224015748031
11
1.7878937007874016
21
0.4192225196850394
0
LINE
8
BLACK
6
CONTINUOUS
10
1.7878937007874016
20
0.4192225196850394
11
1.7878937007874016
21
0.4807774803149606
0
LINE
8
BLACK
6
CONTINUOUS
10
1.7878937007874016
20
0.4807774803149606
11
1.7874357086614172
21
0.4830799606299213
0
LINE
8
BLACK
6
CONTINUOUS
10
1.7874357086614172
20
0.4830799606299213
11
1.7856910236220471
21
0.4856910236220472
0
LINE
8
BLACK
6
CONTINUOUS
10
1.7856910236220471
20
0.4856910236220472
11
1.7830799606299212
21
0.4874357086614173
0
LINE
8
BLACK
6
CONTINUOUS
10
1.7830799606299212
20
0.4874357086614173
11
1.7807774803149605
21
0.4878937007874016
0
LINE
8
BLACK
6
CONTINUOUS
10
1.7807774803149605
20
0.4878937007874016
11
1.7192225196850393
21
0.4878937007874016
0
LINE
8
BLACK
6
CONTINUOUS
10
1.7192225196850393
20
0.4878937007874016
11
1.7169200393700788
21
0.4874357086614173
0
LINE
8
BLACK
6
CONTINUOUS
10
1.7169200393700788
20
0.4874357086614173
11
1.7143089763779527
21
0.4856910236220472
0
LINE
8
BLACK
6
CONTINUOUS
10
1.7143089763779527
20
0.4856910236220472
11
1.7132780708661417
21
0.484148188976378
0
LINE
8
BLACK
6
CONTINUOUS
10
1.7132780708661417
20
0.484148188976378
11
1.7125642913385826
21
0.4830799606299213
0
LINE
8
BLACK
6
CONTINUOUS
10
1.7125642913385826
20
0.4830799606299213
11
1.7125642519685038
21
0.4830798425196851
0
LINE
8
BLACK
6
CONTINUOUS
10
1.7125642519685038
20
0.4830798425196851
11
1.7121062992125984
21
0.4807775590551181
0
LINE
8
BLACK
6
CONTINUOUS
10
1.7121062992125984
20
0.4807775590551181
11
1.7121062992125984
21
0.4475954724409449
0
LINE
8
BLACK
6
CONTINUOUS
10
1.7121062992125984
20
0.4475954724409449
11
1.7113188188976378
21
0.4449135433070866
0
LINE
8
BLACK
6
CONTINUOUS
10
1.7113188188976378
20
0.4449135433070866
11
1.7106533464566929
21
0.4440877952755906
0
LINE
8
BLACK
6
CONTINUOUS
10
1.7106533464566929
20
0.4440877952755906
11
1.6415224803149606
21
0.3749569291338583
0
LINE
8
BLACK
6
CONTINUOUS
10
1.6415224803149606
20
0.3749569291338583
11
1.6390692519685039
21
0.3736173228346457
0
LINE
8
BLACK
6
CONTINUOUS
10
1.6390692519685039
20
0.3736173228346457
11
1.6380148031496062
21
0.3735039763779527
0
LINE
8
BLACK
6
CONTINUOUS
10
1.6380148031496062
20
0.3735039763779527
11
1.3514055118110235
21
0.3735039763779527
0
LINE
8
BLACK
6
CONTINUOUS
10
1.3514055118110235
20
0.3735039763779527
11
1.3487235826771653
21
0.3742914566929134
0
LINE
8
BLACK
6
CONTINUOUS
10
1.3487235826771653
20
0.3742914566929134
11
1.3468931496062992
21
0.3764038976377952
0
LINE
8
BLACK
6
CONTINUOUS
10
1.3468931496062992
20
0.3764038976377952
11
1.3464448818897639
21
0.3784646062992126
0
LINE
8
BLACK
6
CONTINUOUS
10
1.3464448818897639
20
0.3784646062992126
11
1.3464448818897639
21
0.4541787401574803
0
LINE
8
BLACK
6
CONTINUOUS
10
1.3464448818897639
20
0.4541787401574803
11
1.3472323622047244
21
0.4568606692913386
0
LINE
8
BLACK
6
CONTINUOUS
10
1.3472323622047244
20
0.4568606692913386
11
1.3487940551181101
21
0.4583963385826771
0
LINE
8
BLACK
6
CONTINUOUS
10
1.3487940551181101
20
0.4583963385826771
11
1.3514079921259843
21
0.4600148031496063
0
LINE
8
BLACK
6
CONTINUOUS
10
1.3514079921259843
20
0.4600148031496063
11
1.3578811811023621
21
0.465915905511811
0
LINE
8
BLACK
6
CONTINUOUS
10
1.3578811811023621
20
0.465915905511811
11
1.3631597244094489
21
0.472905905511811
0
LINE
8
BLACK
6
CONTINUOUS
10
1.3631597244094489
20
0.472905905511811
11
1.3631598818897637
21
0.4729061023622047
0
LINE
8
BLACK
6
CONTINUOUS
10
1.3631598818897637
20
0.4729061023622047
11
1.3670639763779526
21
0.4807465354330708
0
LINE
8
BLACK
6
CONTINUOUS
10
1.3670639763779526
20
0.4807465354330708
11
1.3670642125984251
21
0.4807472047244095
0
LINE
8
BLACK
6
CONTINUOUS
10
1.3670642125984251
20
0.4807472047244095
11
1.3680318897637795
21
0.484148188976378
0
LINE
8
BLACK
6
CONTINUOUS
10
1.3680318897637795
20
0.484148188976378
11
1.3695232283464567
21
0.4865122440944882
0
LINE
8
BLACK
6
CONTINUOUS
10
1.3695232283464567
20
0.4865122440944882
11
1.3720559448818896
21
0.4876946850393701
0
LINE
8
BLACK
6
CONTINUOUS
10
1.3720559448818896
20
0.4876946850393701
11
1.3748259055118111
21
0.4873201574803149
0
LINE
8
BLACK
6
CONTINUOUS
10
1.3748259055118111
20
0.4873201574803149
11
1.376953622047244
21
0.4855075590551181
0
LINE
8
BLACK
6
CONTINUOUS
10
1.376953622047244
20
0.4855075590551181
11
1.3775744094488189
21
0.484148188976378
0
LINE
8
BLACK
6
CONTINUOUS
10
1.3775744094488189
20
0.484148188976378
11
1.3785420472440943
21
0.4807472047244095
0
LINE
8
BLACK
6
CONTINUOUS
10
1.3785420472440943
20
0.4807472047244095
11
1.3785422834645669
21
0.4807465354330708
0
LINE
8
BLACK
6
CONTINUOUS
10
1.3785422834645669
20
0.4807465354330708
11
1.3824463779527558
21
0.4729061023622047
0
LINE
8
BLACK
6
CONTINUOUS
10
1.3824463779527558
20
0.4729061023622047
11
1.3824465354330708
21
0.472905905511811
0
LINE
8
BLACK
6
CONTINUOUS
10
1.3824465354330708
20
0.472905905511811
11
1.3877250787401574
21
0.465915905511811
0
LINE
8
BLACK
6
CONTINUOUS
10
1.3877250787401574
20
0.465915905511811
11
1.3941983464566929
21
0.4600147637795275
0
LINE
8
BLACK
6
CONTINUOUS
10
1.3941983464566929
20
0.4600147637795275
11
1.3941983858267717
21
0.4600147244094488
0
LINE
8
BLACK
6
CONTINUOUS
10
1.3941983858267717
20
0.4600147244094488
11
1.4016451574803148
21
0.4554038976377953
0
LINE
8
BLACK
6
CONTINUOUS
10
1.4016451574803148
20
0.4554038976377953
11
1.4016457874015749
21
0.4554035826771654
0
LINE
8
BLACK
6
CONTINUOUS
10
1.4016457874015749
20
0.4554035826771654
11
1.4098131102362204
21
0.4522394881889764
0
LINE
8
BLACK
6
CONTINUOUS
10
1.4098131102362204
20
0.4522394881889764
11
1.4124794881889764
21
0.451741062992126
0
LINE
8
BLACK
6
CONTINUOUS
10
1.4124794881889764
20
0.451741062992126
11
1.4184235039370079
21
0.4506299212598425
0
LINE
8
BLACK
6
CONTINUOUS
10
1.4184235039370079
20
0.4506299212598425
11
1.4184236220472441
21
0.4506299212598425
0
LINE
8
BLACK
6
CONTINUOUS
10
1.4184236220472441
20
0.4506299212598425
11
1.4271826771653544
21
0.4506299212598425
0
LINE
8
BLACK
6
CONTINUOUS
10
1.4271826771653544
20
0.4506299212598425
11
1.4271827952755904
21
0.4506299212598425
0
LINE
8
BLACK
6
CONTINUOUS
10
1.4271827952755904
20
0.4506299212598425
11
1.4342587401574802
21
0.4519526377952756
0
LINE
8
BLACK
6
CONTINUOUS
10
1.4342587401574802
20
0.4519526377952756
11
1.4357931496062992
21
0.4522394881889764
0
LINE
8
BLACK
6
CONTINUOUS
10
1.4357931496062992
20
0.4522394881889764
11
1.4439604724409449
21
0.4554035826771654
0
LINE
8
BLACK
6
CONTINUOUS
10
1.4439604724409449
20
0.4554035826771654
11
1.4439606692913385
21
0.4554036614173228
0
LINE
8
BLACK
6
CONTINUOUS
10
1.4439606692913385
20
0.4554036614173228
11
1.4439608267716535
21
0.4554037401574803
0
LINE
8
BLACK
6
CONTINUOUS
10
1.4439608267716535
20
0.4554037401574803
11
1.4439611023622048
21
0.4554038976377953
0
LINE
8
BLACK
6
CONTINUOUS
10
1.4439611023622048
20
0.4554038976377953
11
1.4514078740157479
21
0.4600147244094488
0
LINE
8
BLACK
6
CONTINUOUS
10
1.4514078740157479
20
0.4600147244094488
11
1.4514079133858266
21
0.4600147637795275
0
LINE
8
BLACK
6
CONTINUOUS
10
1.4514079133858266
20
0.4600147637795275
11
1.4578811811023622
21
0.465915905511811
0
LINE
8
BLACK
6
CONTINUOUS
10
1.4578811811023622
20
0.465915905511811
11
1.4631597244094487
21
0.472905905511811
0
LINE
8
BLACK
6
CONTINUOUS
10
1.4631597244094487
20
0.472905905511811
11
1.4631598818897638
21
0.4729061023622047
0
LINE
8
BLACK
6
CONTINUOUS
10
1.4631598818897638
20
0.4729061023622047
11
1.4670639763779527
21
0.4807465354330708
0
LINE
8
BLACK
6
CONTINUOUS
10
1.4670639763779527
20
0.4807465354330708
11
1.4670642125984252
21
0.4807472047244095
0
LINE
8
BLACK
6
CONTINUOUS
10
1.4670642125984252
20
0.4807472047244095
11
1.4694611811023621
21
0.4891716535433071
0
LINE
8
BLACK
6
CONTINUOUS
10
1.4694611811023621
20
0.4891716535433071
11
1.4694612204724409
21
0.4891718110236221
0
LINE
8
BLACK
6
CONTINUOUS
10
1.4694612204724409
20
0.4891718110236221
11
1.4702694094488189
21
0.4978937007874016
0
LINE
8
BLACK
6
CONTINUOUS
10
1.4702694094488189
20
0.4978937007874016
11
1.4694612204724409
21
0.5066155905511811
0
LINE
8
BLACK
6
CONTINUOUS
10
1.4694612204724409
20
0.5066155905511811
11
1.4676040157480315
21
0.5131429527559055
0
LINE
8
BLACK
6
CONTINUOUS
10
1.4676040157480315
20
0.5131429527559055
11
1.4676274803149605
21
0.5159379527559055
0
LINE
8
BLACK
6
CONTINUOUS
10
1.4676274803149605
20
0.5159379527559055
11
1.4677274015748032
21
0.5162339763779528
0
LINE
8
BLACK
6
CONTINUOUS
10
1.4677274015748032
20
0.5162339763779528
11
1.4681544881889763
21
0.517379094488189
0
LINE
8
BLACK
6
CONTINUOUS
10
1.4681544881889763
20
0.517379094488189
11
1.4682897637795276
21
0.5177057874015748
0
LINE
8
BLACK
6
CONTINUOUS
10
1.4682897637795276
20
0.5177057874015748
11
1.4691009842519684
21
0.5194820078740158
0
LINE
8
BLACK
6
CONTINUOUS
10
1.4691009842519684
20
0.5194820078740158
11
1.469126811023622
21
0.5196616929133858
0
LINE
8
BLACK
6
CONTINUOUS
10
1.469126811023622
20
0.5196616929133858
11
1.4693890157480314
21
0.5206890551181103
0
LINE
8
BLACK
6
CONTINUOUS
10
1.4693890157480314
20
0.5206890551181103
11
1.4694524015748032
21
0.520858937007874
0
LINE
8
BLACK
6
CONTINUOUS
10
1.4694524015748032
20
0.520858937007874
11
1.4695916929133859
21
0.5228067716535433
0
LINE
8
BLACK
6
CONTINUOUS
10
1.4695916929133859
20
0.5228067716535433
11
1.4696294094488189
21
0.5231574409448819
0
LINE
8
BLACK
6
CONTINUOUS
10
1.4696294094488189
20
0.5231574409448819
11
1.4697047244094488
21
0.5236811417322834
0
LINE
8
BLACK
6
CONTINUOUS
10
1.4697047244094488
20
0.5236811417322834
11
1.4697047244094488
21
0.5242093700787401
0
LINE
8
BLACK
6
CONTINUOUS
10
1.4697047244094488
20
0.5242093700787401
11
1.4697173622047244
21
0.5245632677165354
0
LINE
8
BLACK
6
CONTINUOUS
10
1.4697173622047244
20
0.5245632677165354
11
1.4697725196850393
21
0.5253346456692913
0
LINE
8
BLACK
6
CONTINUOUS
10
1.4697725196850393
20
0.5253346456692913
11
1.4698566535433071
21
0.526510748031496
0
LINE
8
BLACK
6
CONTINUOUS
10
1.4698566535433071
20
0.526510748031496
11
1.4698180708661417
21
0.526688031496063
0
LINE
8
BLACK
6
CONTINUOUS
10
1.4698180708661417
20
0.526688031496063
11
1.4697047244094488
21
0.5277424015748031
0
LINE
8
BLACK
6
CONTINUOUS
10
1.4697047244094488
20
0.5277424015748031
11
1.4697047244094488
21
0.6251599999999999
0
LINE
8
BLACK
6
CONTINUOUS
10
1.4697047244094488
20
0.6251599999999999
11
1.4704922047244093
21
0.6278419291338583
0
LINE
8
BLACK
6
CONTINUOUS
10
1.4704922047244093
20
0.6278419291338583
11
1.4706209842519684
21
0.6280250787401574
0
LINE
8
BLACK
6
CONTINUOUS
10
1.4706209842519684
20
0.6280250787401574
11
1.4706511023622046
21
0.6280772440944882
0
LINE
8
BLACK
6
CONTINUOUS
10
1.4706511023622046
20
0.6280772440944882
11
1.4722048031496062
21
0.6318283070866142
0
LINE
8
BLACK
6
CONTINUOUS
10
1.4722048031496062
20
0.6318283070866142
11
1.4724511417322834
21
0.6324230708661417
0
LINE
8
BLACK
6
CONTINUOUS
10
1.4724511417322834
20
0.6324230708661417
11
1.4742049606299212
21
0.6345994488188976
0
LINE
8
BLACK
6
CONTINUOUS
10
1.4742049606299212
20
0.6345994488188976
11
1.4768570866141733
21
0.6354822047244094
0
LINE
8
BLACK
6
CONTINUOUS
10
1.4768570866141733
20
0.6354822047244094
11
1.4795653937007873
21
0.6347909448818897
0
LINE
8
BLACK
6
CONTINUOUS
10
1.4795653937007873
20
0.6347909448818897
11
1.4805418503937007
21
0.6340324015748031
0
LINE
8
BLACK
6
CONTINUOUS
10
1.4805418503937007
20
0.6340324015748031
11
1.5766324803149605
21
0.5379417716535433
0
LINE
8
BLACK
6
CONTINUOUS
10
1.5766324803149605
20
0.5379417716535433
11
1.5772976771653542
21
0.5371164566929134
0
LINE
8
BLACK
6
CONTINUOUS
10
1.5772976771653542
20
0.5371164566929134
11
1.5773959842519685
21
0.5369635039370079
0
LINE
8
BLACK
6
CONTINUOUS
10
1.5773959842519685
20
0.5369635039370079
11
1.5773961023622047
21
0.5369633464566929
0
LINE
8
BLACK
6
CONTINUOUS
10
1.5773961023622047
20
0.5369633464566929
11
1.5788714960629922
21
0.5356848818897638
0
LINE
8
BLACK
6
CONTINUOUS
10
1.5788714960629922
20
0.5356848818897638
11
1.5791302755905512
21
0.535443937007874
0
LINE
8
BLACK
6
CONTINUOUS
10
1.5791302755905512
20
0.535443937007874
11
1.579503779527559
21
0.5350704330708661
0
LINE
8
BLACK
6
CONTINUOUS
10
1.579503779527559
20
0.5350704330708661
11
1.5795044488188976
21
0.5350698818897638
0
LINE
8
BLACK
6
CONTINUOUS
10
1.5795044488188976
20
0.5350698818897638
11
1.5799272834645668
21
0.5347533464566929
0
LINE
8
BLACK
6
CONTINUOUS
10
1.5799272834645668
20
0.5347533464566929
11
1.5802027559055118
21
0.5345313385826772
0
LINE
8
BLACK
6
CONTINUOUS
10
1.5802027559055118
20
0.5345313385826772
11
1.581678188976378
21
0.5332529133858268
0
LINE
8
BLACK
6
CONTINUOUS
10
1.581678188976378
20
0.5332529133858268
11
1.5816782677165353
21
0.5332528346456693
0
LINE
8
BLACK
6
CONTINUOUS
10
1.5816782677165353
20
0.5332528346456693
11
1.5818435826771653
21
0.5331773622047244
0
LINE
8
BLACK
6
CONTINUOUS
10
1.5818435826771653
20
0.5331773622047244
11
1.5827548818897637
21
0.5326366929133858
0
LINE
8
BLACK
6
CONTINUOUS
10
1.5827548818897637
20
0.5326366929133858
11
1.5829003543307085
21
0.5325277952755906
0
LINE
8
BLACK
6
CONTINUOUS
10
1.5829003543307085
20
0.5325277952755906
11
1.5829005511811023
21
0.5325276771653543
0
LINE
8
BLACK
6
CONTINUOUS
10
1.5829005511811023
20
0.5325276771653543
11
1.58472968503937
21
0.5318453937007874
0
LINE
8
BLACK
6
CONTINUOUS
10
1.58472968503937
20
0.5318453937007874
11
1.5850565354330708
21
0.53171
0
LINE
8
BLACK
6
CONTINUOUS
10
1.5850565354330708
20
0.53171
11
1.5868324803149605
21
0.5308989763779527
0
LINE
8
BLACK
6
CONTINUOUS
10
1.5868324803149605
20
0.5308989763779527
11
1.5870122047244095
21
0.5308731496062992
0
LINE
8
BLACK
6
CONTINUOUS
10
1.5870122047244095
20
0.5308731496062992
11
1.5880392913385826
21
0.5306109842519685
0
LINE
8
BLACK
6
CONTINUOUS
10
1.5880392913385826
20
0.5306109842519685
11
1.5882090157480315
21
0.5305476771653543
0
LINE
8
BLACK
6
CONTINUOUS
10
1.5882090157480315
20
0.5305476771653543
11
1.5882094094488188
21
0.5305475984251968
0
LINE
8
BLACK
6
CONTINUOUS
10
1.5882094094488188
20
0.5305475984251968
11
1.5901564173228346
21
0.5304083070866141
0
LINE
8
BLACK
6
CONTINUOUS
10
1.5901564173228346
20
0.5304083070866141
11
1.5905079921259841
21
0.5303705118110236
0
LINE
8
BLACK
6
CONTINUOUS
10
1.5905079921259841
20
0.5303705118110236
11
1.5910314566929133
21
0.5302952755905511
0
LINE
8
BLACK
6
CONTINUOUS
10
1.5910314566929133
20
0.5302952755905511
11
1.5910316141732284
21
0.5302952755905511
0
LINE
8
BLACK
6
CONTINUOUS
10
1.5910316141732284
20
0.5302952755905511
11
1.5915602755905511
21
0.5302952755905511
0
LINE
8
BLACK
6
CONTINUOUS
10
1.5915602755905511
20
0.5302952755905511
11
1.5919140944881889
21
0.5302826377952756
0
LINE
8
BLACK
6
CONTINUOUS
10
1.5919140944881889
20
0.5302826377952756
11
1.5923960629921259
21
0.5302481496062992
0
LINE
8
BLACK
6
CONTINUOUS
10
1.5923960629921259
20
0.5302481496062992
11
1.5938611417322834
21
0.5301433858267717
0
LINE
8
BLACK
6
CONTINUOUS
10
1.5938611417322834
20
0.5301433858267717
11
1.5938612204724409
21
0.5301433858267717
0
LINE
8
BLACK
6
CONTINUOUS
10
1.5938612204724409
20
0.5301433858267717
11
1.5938612992125984
21
0.5301433858267717
0
LINE
8
BLACK
6
CONTINUOUS
10
1.5938612992125984
20
0.5301433858267717
11
1.594038464566929
21
0.5301819291338583
0
LINE
8
BLACK
6
CONTINUOUS
10
1.594038464566929
20
0.5301819291338583
11
1.5950927952755904
21
0.5302952755905511
0
LINE
8
BLACK
6
CONTINUOUS
10
1.5950927952755904
20
0.5302952755905511
11
1.7071456692913385
21
0.5302952755905511
0
LINE
8
BLACK
6
CONTINUOUS
10
1.7071456692913385
20
0.5302952755905511
11
1.7098275984251967
21
0.5295077952755906
0
LINE
8
BLACK
6
CONTINUOUS
10
1.7098275984251967
20
0.5295077952755906
11
1.711658031496063
21
0.5273953543307086
0
LINE
8
BLACK
6
CONTINUOUS
10
1.711658031496063
20
0.5273953543307086
11
1.7121062992125984
21
0.5253346456692913
0
LINE
8
BLACK
6
CONTINUOUS
10
1.7121062992125984
20
0.5253346456692913
11
1.7121062992125984
21
0.5192224015748031
0
LINE
8
BLACK
6
CONTINUOUS
10
1.7121062992125984
20
0.5192224015748031
11
1.7125642519685038
21
0.5169201181102362
0
LINE
8
BLACK
6
CONTINUOUS
10
1.7125642519685038
20
0.5169201181102362
11
1.7125642913385826
21
0.5169199999999999
0
LINE
8
BLACK
6
CONTINUOUS
10
1.7125642913385826
20
0.5169199999999999
11
1.7143089763779527
21
0.5143089763779527
0
LINE
8
BLACK
6
CONTINUOUS
10
1.7143089763779527
20
0.5143089763779527
11
1.71692
21
0.5125642913385826
0
LINE
8
BLACK
6
CONTINUOUS
10
1.71692
20
0.5125642913385826
11
1.7169201181102363
21
0.512564251968504
0
LINE
8
BLACK
6
CONTINUOUS
10
1.7169201181102363
20
0.512564251968504
11
1.7192224015748032
21
0.5121062992125984
0
LINE
8
BLACK
6
CONTINUOUS
10
1.7192224015748032
20
0.5121062992125984
11
1.7192225196850393
21
0.5121062992125984
0
LINE
8
BLACK
6
CONTINUOUS
10
1.7192225196850393
20
0.5121062992125984
11
1.780777559055118
21
0.5121062992125984
0
LINE
8
BLACK
6
CONTINUOUS
10
1.780777559055118
20
0.5121062992125984
11
1.783079842519685
21
0.512564251968504
0
LINE
8
BLACK
6
CONTINUOUS
10
1.783079842519685
20
0.512564251968504
11
1.7830799606299212
21
0.5125642913385826
0
LINE
8
BLACK
6
CONTINUOUS
10
1.7830799606299212
20
0.5125642913385826
11
1.783945905511811
21
0.5131429133858267
0
LINE
8
BLACK
6
CONTINUOUS
10
1.783945905511811
20
0.5131429133858267
11
1.7856910236220471
21
0.5143089763779527
0
LINE
8
BLACK
6
CONTINUOUS
10
1.7856910236220471
20
0.5143089763779527
11
1.7874357086614172
21
0.5169200393700787
0
LINE
8
BLACK
6
CONTINUOUS
10
1.7874357086614172
20
0.5169200393700787
11
1.7878936614173229
21
0.5192224015748031
0
LINE
8
BLACK
6
CONTINUOUS
10
1.7878936614173229
20
0.5192224015748031
11
1.7878937007874016
21
0.5192225196850394
0
LINE
8
BLACK
6
CONTINUOUS
10
1.7878937007874016
20
0.5192225196850394
11
1.7878937007874016
21
0.5807774803149606
0
LINE
8
BLACK
6
CONTINUOUS
10
1.7878937007874016
20
0.5807774803149606
11
1.7874357086614172
21
0.5830799606299213
0
LINE
8
BLACK
6
CONTINUOUS
10
1.7874357086614172
20
0.5830799606299213
11
1.7856910236220471
21
0.5856910236220473
0
LINE
8
BLACK
6
CONTINUOUS
10
1.7856910236220471
20
0.5856910236220473
11
1.7830799606299212
21
0.5874357086614173
0
LINE
8
BLACK
6
CONTINUOUS
10
1.7830799606299212
20
0.5874357086614173
11
1.7807774803149605
21
0.5878937007874016
0
LINE
8
BLACK
6
CONTINUOUS
10
1.7807774803149605
20
0.5878937007874016
11
1.7192225196850393
21
0.5878937007874016
0
LINE
8
BLACK
6
CONTINUOUS
10
1.7192225196850393
20
0.5878937007874016
11
1.7169200393700788
21
0.5874357086614173
0
LINE
8
BLACK
6
CONTINUOUS
10
1.7169200393700788
20
0.5874357086614173
11
1.7143089763779527
21
0.5856910236220473
0
LINE
8
BLACK
6
CONTINUOUS
10
1.7143089763779527
20
0.5856910236220473
11
1.7127362992125983
21
0.5833373622047244
0
LINE
8
BLACK
6
CONTINUOUS
10
1.7127362992125983
20
0.5833373622047244
11
1.7125642913385826
21
0.5830799606299213
0
LINE
8
BLACK
6
CONTINUOUS
10
1.7125642913385826
20
0.5830799606299213
11
1.7125642519685038
21
0.583079842519685
0
LINE
8
BLACK
6
CONTINUOUS
10
1.7125642519685038
20
0.583079842519685
11
1.7121062992125984
21
0.5807775590551181
0
LINE
8
BLACK
6
CONTINUOUS
10
1.7121062992125984
20
0.5807775590551181
11
1.7121062992125984
21
0.5746653543307086
0
LINE
8
BLACK
6
CONTINUOUS
10
1.7121062992125984
20
0.5746653543307086
11
1.7113188188976378
21
0.5719834251968504
0
LINE
8
BLACK
6
CONTINUOUS
10
1.7113188188976378
20
0.5719834251968504
11
1.7092063779527558
21
0.5701529921259842
0
LINE
8
BLACK
6
CONTINUOUS
10
1.7092063779527558
20
0.5701529921259842
11
1.7071456692913385
21
0.5697047244094489
0
LINE
8
BLACK
6
CONTINUOUS
10
1.7071456692913385
20
0.5697047244094489
11
1.602657716535433
21
0.5697047244094489
0
LINE
8
BLACK
6
CONTINUOUS
10
1.602657716535433
20
0.5697047244094489
11
1.5999757874015748
21
0.5704922047244094
0
LINE
8
BLACK
6
CONTINUOUS
10
1.5999757874015748
20
0.5704922047244094
11
1.5991500393700786
21
0.5711576771653544
0
LINE
8
BLACK
6
CONTINUOUS
10
1.5991500393700786
20
0.5711576771653544
11
1.5671692125984251
21
0.6031385039370079
0
LINE
8
BLACK
6
CONTINUOUS
10
1.5671692125984251
20
0.6031385039370079
11
1.4682494488188975
21
0.702058188976378
0
LINE
8
BLACK
6
CONTINUOUS
10
1.4682494488188975
20
0.702058188976378
11
1.4675839763779528
21
0.702884094488189
0
LINE
8
BLACK
6
CONTINUOUS
10
1.4675839763779528
20
0.702884094488189
11
1.4674860236220473
21
0.7030365354330709
0
LINE
8
BLACK
6
CONTINUOUS
10
1.4674860236220473
20
0.7030365354330709
11
1.466009842519685
21
0.7043155511811023
0
LINE
8
BLACK
6
CONTINUOUS
10
1.466009842519685
20
0.7043155511811023
11
1.4657511417322835
21
0.7045565354330708
0
LINE
8
BLACK
6
CONTINUOUS
10
1.4657511417322835
20
0.7045565354330708
11
1.4653779133858267
21
0.7049298031496063
0
LINE
8
BLACK
6
CONTINUOUS
10
1.4653779133858267
20
0.7049298031496063
11
1.4653778740157479
21
0.7049298031496063
0
LINE
8
BLACK
6
CONTINUOUS
10
1.4653778740157479
20
0.7049298031496063
11
1.4653777559055117
21
0.7049299606299212
0
LINE
8
BLACK
6
CONTINUOUS
10
1.4653777559055117
20
0.7049299606299212
11
1.4649545669291337
21
0.7052466929133858
0
LINE
8
BLACK
6
CONTINUOUS
10
1.4649545669291337
20
0.7052466929133858
11
1.4646790551181101
21
0.7054687401574803
0
LINE
8
BLACK
6
CONTINUOUS
10
1.4646790551181101
20
0.7054687401574803
11
1.4639353543307085
21
0.7061131496062992
0
LINE
8
BLACK
6
CONTINUOUS
10
1.4639353543307085
20
0.7061131496062992
11
1.4632037401574802
21
0.7067471259842519
0
LINE
8
BLACK
6
CONTINUOUS
10
1.4632037401574802
20
0.7067471259842519
11
1.463038779527559
21
0.7068224015748031
0
LINE
8
BLACK
6
CONTINUOUS
10
1.463038779527559
20
0.7068224015748031
11
1.4621267322834646
21
0.7073636220472441
0
LINE
8
BLACK
6
CONTINUOUS
10
1.4621267322834646
20
0.7073636220472441
11
1.4619816141732282
21
0.7074722834645669
0
LINE
8
BLACK
6
CONTINUOUS
10
1.4619816141732282
20
0.7074722834645669
11
1.460152125984252
21
0.7081546062992126
0
LINE
8
BLACK
6
CONTINUOUS
10
1.460152125984252
20
0.7081546062992126
11
1.4598255118110235
21
0.7082898818897637
0
LINE
8
BLACK
6
CONTINUOUS
10
1.4598255118110235
20
0.7082898818897637
11
1.4580495669291338
21
0.7091009842519684
0
LINE
8
BLACK
6
CONTINUOUS
10
1.4580495669291338
20
0.7091009842519684
11
1.4578701968503938
21
0.7091267322834646
0
LINE
8
BLACK
6
CONTINUOUS
10
1.4578701968503938
20
0.7091267322834646
11
1.4568422440944881
21
0.709389094488189
0
LINE
8
BLACK
6
CONTINUOUS
10
1.4568422440944881
20
0.709389094488189
11
1.4566726377952754
21
0.7094524015748032
0
LINE
8
BLACK
6
CONTINUOUS
10
1.4566726377952754
20
0.7094524015748032
11
1.454724842519685
21
0.7095916929133859
0
LINE
8
BLACK
6
CONTINUOUS
10
1.454724842519685
20
0.7095916929133859
11
1.4543740944881889
21
0.7096294094488189
0
LINE
8
BLACK
6
CONTINUOUS
10
1.4543740944881889
20
0.7096294094488189
11
1.4538504330708661
21
0.7097047244094488
0
LINE
8
BLACK
6
CONTINUOUS
10
1.4538504330708661
20
0.7097047244094488
11
1.4538503937007874
21
0.7097047244094488
0
LINE
8
BLACK
6
CONTINUOUS
10
1.4538503937007874
20
0.7097047244094488
11
1.4533221259842519
21
0.7097047244094488
0
LINE
8
BLACK
6
CONTINUOUS
10
1.4533221259842519
20
0.7097047244094488
11
1.4529682677165354
21
0.7097173228346456
0
LINE
8
BLACK
6
CONTINUOUS
10
1.4529682677165354
20
0.7097173228346456
11
1.4510208267716536
21
0.7098566535433071
0
LINE
8
BLACK
6
CONTINUOUS
10
1.4510208267716536
20
0.7098566535433071
11
1.4508436614173228
21
0.7098181102362204
0
LINE
8
BLACK
6
CONTINUOUS
10
1.4508436614173228
20
0.7098181102362204
11
1.4497891338582676
21
0.7097047244094488
0
LINE
8
BLACK
6
CONTINUOUS
10
1.4497891338582676
20
0.7097047244094488
11
1.2926517716535433
21
0.7097047244094488
0
LINE
8
BLACK
6
CONTINUOUS
10
1.2926517716535433
20
0.7097047244094488
11
1.2915974409448818
21
0.7098180708661417
0
LINE
8
BLACK
6
CONTINUOUS
10
1.2915974409448818
20
0.7098180708661417
11
1.2915300393700788
21
0.709832716535433
0
LINE
8
BLACK
6
CONTINUOUS
10
1.2915300393700788
20
0.709832716535433
11
1.2914201968503938
21
0.7098566141732283
0
LINE
8
BLACK
6
CONTINUOUS
10
1.2914201968503938
20
0.7098566141732283
11
1.2894730708661417
21
0.7097173228346456
0
LINE
8
BLACK
6
CONTINUOUS
10
1.2894730708661417
20
0.7097173228346456
11
1.289119251968504
21
0.7097047244094488
0
LINE
8
BLACK
6
CONTINUOUS
10
1.289119251968504
20
0.7097047244094488
11
1.2885905118110237
21
0.7097047244094488
0
LINE
8
BLACK
6
CONTINUOUS
10
1.2885905118110237
20
0.7097047244094488
11
1.288365
21
0.7096722834645669
0
LINE
8
BLACK
6
CONTINUOUS
10
1.288365
20
0.7096722834645669
11
1.2880670866141732
21
0.7096294094488189
0
LINE
8
BLACK
6
CONTINUOUS
10
1.2880670866141732
20
0.7096294094488189
11
1.2877155511811023
21
0.7095916141732284
0
LINE
8
BLACK
6
CONTINUOUS
10
1.2877155511811023
20
0.7095916141732284
11
1.2857683858267717
21
0.7094524015748032
0
LINE
8
BLACK
6
CONTINUOUS
10
1.2857683858267717
20
0.7094524015748032
11
1.2855983858267717
21
0.7093889763779527
0
LINE
8
BLACK
6
CONTINUOUS
10
1.2855983858267717
20
0.7093889763779527
11
1.2845708661417323
21
0.7091267716535433
0
LINE
8
BLACK
6
CONTINUOUS
10
1.2845708661417323
20
0.7091267716535433
11
1.2843914566929133
21
0.7091009842519684
0
LINE
8
BLACK
6
CONTINUOUS
10
1.2843914566929133
20
0.7091009842519684
11
1.2826150787401573
21
0.7082897244094488
0
LINE
8
BLACK
6
CONTINUOUS
10
1.2826150787401573
20
0.7082897244094488
11
1.282288622047244
21
0.7081545275590551
0
LINE
8
BLACK
6
CONTINUOUS
10
1.282288622047244
20
0.7081545275590551
11
1.2804594881889764
21
0.7074722834645669
0
LINE
8
BLACK
6
CONTINUOUS
10
1.2804594881889764
20
0.7074722834645669
11
1.2804594488188976
21
0.7074722440944882
0
LINE
8
BLACK
6
CONTINUOUS
10
1.2804594488188976
20
0.7074722440944882
11
1.2804594094488189
21
0.7074722440944882
0
LINE
8
BLACK
6
CONTINUOUS
10
1.2804594094488189
20
0.7074722440944882
11
1.2803142125984253
21
0.7073635433070866
0
LINE
8
BLACK
6
CONTINUOUS
10
1.2803142125984253
20
0.7073635433070866
11
1.2794022047244094
21
0.7068224015748031
0
LINE
8
BLACK
6
CONTINUOUS
10
1.2794022047244094
20
0.7068224015748031
11
1.2792372834645669
21
0.7067471259842519
0
LINE
8
BLACK
6
CONTINUOUS
10
1.2792372834645669
20
0.7067471259842519
11
1.277761968503937
21
0.7054687401574803
0
LINE
8
BLACK
6
CONTINUOUS
10
1.277761968503937
20
0.7054687401574803
11
1.2774862204724409
21
0.7052465354330708
0
LINE
8
BLACK
6
CONTINUOUS
10
1.2774862204724409
20
0.7052465354330708
11
1.2770632283464567
21
0.7049299212598426
0
LINE
8
BLACK
6
CONTINUOUS
10
1.2770632283464567
20
0.7049299212598426
11
1.2766893307086613
21
0.7045560236220473
0
LINE
8
BLACK
6
CONTINUOUS
10
1.2766893307086613
20
0.7045560236220473
11
1.2764307086614173
21
0.7043152362204724
0
LINE
8
BLACK
6
CONTINUOUS
10
1.2764307086614173
20
0.7043152362204724
11
1.2758888976377953
21
0.703845748031496
0
LINE
8
BLACK
6
CONTINUOUS
10
1.2758888976377953
20
0.703845748031496
11
1.2749549606299213
21
0.7030364960629921
0
LINE
8
BLACK
6
CONTINUOUS
10
1.2749549606299213
20
0.7030364960629921
11
1.2748567716535433
21
0.7028837007874016
0
LINE
8
BLACK
6
CONTINUOUS
10
1.2748567716535433
20
0.7028837007874016
11
1.2741913779527558
21
0.7020580708661417
0
LINE
8
BLACK
6
CONTINUOUS
10
1.2741913779527558
20
0.7020580708661417
11
1.260745
21
0.6886116929133859
0
LINE
8
BLACK
6
CONTINUOUS
10
1.260745
20
0.6886116929133859
11
1.2599193307086614
21
0.6879462598425197
0
LINE
8
BLACK
6
CONTINUOUS
10
1.2599193307086614
20
0.6879462598425197
11
1.2597666141732282
21
0.6878481496062991
0
LINE
8
BLACK
6
CONTINUOUS
10
1.2597666141732282
20
0.6878481496062991
11
1.2597665354330709
21
0.6878480708661417
0
LINE
8
BLACK
6
CONTINUOUS
10
1.2597665354330709
20
0.6878480708661417
11
1.2594092125984251
21
0.6874356692913386
0
LINE
8
BLACK
6
CONTINUOUS
10
1.2594092125984251
20
0.6874356692913386
11
1.2588125984251968
21
0.6867471259842519
0
LINE
8
BLACK
6
CONTINUOUS
10
1.2588125984251968
20
0.6867471259842519
11
1.2584879527559054
21
0.6863724803149606
0
LINE
8
BLACK
6
CONTINUOUS
10
1.2584879527559054
20
0.6863724803149606
11
1.2582470078740158
21
0.6861137007874015
0
LINE
8
BLACK
6
CONTINUOUS
10
1.2582470078740158
20
0.6861137007874015
11
1.2578731889763779
21
0.6857398818897638
0
LINE
8
BLACK
6
CONTINUOUS
10
1.2578731889763779
20
0.6857398818897638
11
1.257583464566929
21
0.6853528740157481
0
LINE
8
BLACK
6
CONTINUOUS
10
1.257583464566929
20
0.6853528740157481
11
1.2575564566929134
21
0.6853167716535433
0
LINE
8
BLACK
6
CONTINUOUS
10
1.2575564566929134
20
0.6853167716535433
11
1.2573344881889763
21
0.6850413385826771
0
LINE
8
BLACK
6
CONTINUOUS
10
1.2573344881889763
20
0.6850413385826771
11
1.2560560236220473
21
0.6835658661417323
0
LINE
8
BLACK
6
CONTINUOUS
10
1.2560560236220473
20
0.6835658661417323
11
1.2560559842519685
21
0.6835657874015748
0
LINE
8
BLACK
6
CONTINUOUS
10
1.2560559842519685
20
0.6835657874015748
11
1.2560559448818898
21
0.6835657480314961
0
LINE
8
BLACK
6
CONTINUOUS
10
1.2560559448818898
20
0.6835657480314961
11
1.2560558661417323
21
0.6835656299212598
0
LINE
8
BLACK
6
CONTINUOUS
10
1.2560558661417323
20
0.6835656299212598
11
1.2559805511811024
21
0.6834007086614173
0
LINE
8
BLACK
6
CONTINUOUS
10
1.2559805511811024
20
0.6834007086614173
11
1.2554396850393701
21
0.6824891338582677
0
LINE
8
BLACK
6
CONTINUOUS
10
1.2554396850393701
20
0.6824891338582677
11
1.2553308661417322
21
0.6823437401574803
0
LINE
8
BLACK
6
CONTINUOUS
10
1.2553308661417322
20
0.6823437401574803
11
1.2552243307086615
21
0.6820580708661417
0
LINE
8
BLACK
6
CONTINUOUS
10
1.2552243307086615
20
0.6820580708661417
11
1.2546485039370079
21
0.6805143307086614
0
LINE
8
BLACK
6
CONTINUOUS
10
1.2546485039370079
20
0.6805143307086614
11
1.2545130314960629
21
0.6801873228346457
0
LINE
8
BLACK
6
CONTINUOUS
10
1.2545130314960629
20
0.6801873228346457
11
1.2537022047244095
21
0.6784118897637795
0
LINE
8
BLACK
6
CONTINUOUS
10
1.2537022047244095
20
0.6784118897637795
11
1.253702125984252
21
0.6784116141732284
0
LINE
8
BLACK
6
CONTINUOUS
10
1.253702125984252
20
0.6784116141732284
11
1.2536762598425197
21
0.6782316141732283
0
LINE
8
BLACK
6
CONTINUOUS
10
1.2536762598425197
20
0.6782316141732283
11
1.2534142125984251
21
0.6772050393700787
0
LINE
8
BLACK
6
CONTINUOUS
10
1.2534142125984251
20
0.6772050393700787
11
1.2533507874015748
21
0.6770349606299212
0
LINE
8
BLACK
6
CONTINUOUS
10
1.2533507874015748
20
0.6770349606299212
11
1.2533507086614173
21
0.67703468503937
0
LINE
8
BLACK
6
CONTINUOUS
10
1.2533507086614173
20
0.67703468503937
11
1.2532114173228346
21
0.6750873622047244
0
LINE
8
BLACK
6
CONTINUOUS
10
1.2532114173228346
20
0.6750873622047244
11
1.253173622047244
21
0.6747357480314961
0
LINE
8
BLACK
6
CONTINUOUS
10
1.253173622047244
20
0.6747357480314961
11
1.2530984251968504
21
0.6742124803149606
0
LINE
8
BLACK
6
CONTINUOUS
10
1.2530984251968504
20
0.6742124803149606
11
1.2530984251968504
21
0.6736842519685039
0
LINE
8
BLACK
6
CONTINUOUS
10
1.2530984251968504
20
0.6736842519685039
11
1.2530857874015748
21
0.6733303149606299
0
LINE
8
BLACK
6
CONTINUOUS
10
1.2530857874015748
20
0.6733303149606299
11
1.2529464960629921
21
0.6713829921259843
0
LINE
8
BLACK
6
CONTINUOUS
10
1.2529464960629921
20
0.6713829921259843
11
1.2529464960629921
21
0.6713827952755905
0
LINE
8
BLACK
6
CONTINUOUS
10
1.2529464960629921
20
0.6713827952755905
11
1.2529850787401575
21
0.6712055118110236
0
LINE
8
BLACK
6
CONTINUOUS
10
1.2529850787401575
20
0.6712055118110236
11
1.2530984251968504
21
0.6701511811023622
0
LINE
8
BLACK
6
CONTINUOUS
10
1.2530984251968504
20
0.6701511811023622
11
1.2530984251968504
21
0.6440462992125984
0
LINE
8
BLACK
6
CONTINUOUS
10
1.2530984251968504
20
0.6440462992125984
11
1.2523109448818897
21
0.6413643700787401
0
LINE
8
BLACK
6
CONTINUOUS
10
1.2523109448818897
20
0.6413643700787401
11
1.2507493307086615
21
0.6398287401574803
0
LINE
8
BLACK
6
CONTINUOUS
10
1.2507493307086615
20
0.6398287401574803
11
1.2441984251968503
21
0.6357726377952756
0
LINE
8
BLACK
6
CONTINUOUS
10
1.2441984251968503
20
0.6357726377952756
11
1.2441982283464568
21
0.6357725196850393
0
LINE
8
BLACK
6
CONTINUOUS
10
1.2441982283464568
20
0.6357725196850393
11
1.2377250787401575
21
0.6298714566929133
0
LINE
8
BLACK
6
CONTINUOUS
10
1.2377250787401575
20
0.6298714566929133
11
1.2324465354330709
21
0.6228814566929134
0
LINE
8
BLACK
6
CONTINUOUS
10
1.2324465354330709
20
0.6228814566929134
11
1.2324463779527559
21
0.6228812598425196
0
LINE
8
BLACK
6
CONTINUOUS
10
1.2324463779527559
20
0.6228812598425196
11
1.228542283464567
21
0.6150408267716535
0
LINE
8
BLACK
6
CONTINUOUS
10
1.228542283464567
20
0.6150408267716535
11
1.2285420472440944
21
0.6150401574803149
0
LINE
8
BLACK
6
CONTINUOUS
10
1.2285420472440944
20
0.6150401574803149
11
1.2275744094488188
21
0.6116391732283465
0
LINE
8
BLACK
6
CONTINUOUS
10
1.2275744094488188
20
0.6116391732283465
11
1.2260830708661417
21
0.6092751181102362
0
LINE
8
BLACK
6
CONTINUOUS
10
1.2260830708661417
20
0.6092751181102362
11
1.2235503543307087
21
0.6080926771653543
0
LINE
8
BLACK
6
CONTINUOUS
10
1.2235503543307087
20
0.6080926771653543
11
1.220780433070866
21
0.6084672047244094
0
LINE
8
BLACK
6
CONTINUOUS
10
1.220780433070866
20
0.6084672047244094
11
1.2186526771653543
21
0.6102798031496063
0
LINE
8
BLACK
6
CONTINUOUS
10
1.2186526771653543
20
0.6102798031496063
11
1.2180318897637794
21
0.6116391732283465
0
LINE
8
BLACK
6
CONTINUOUS
10
1.2180318897637794
20
0.6116391732283465
11
1.2174723622047243
21
0.6136056692913385
0
LINE
8
BLACK
6
CONTINUOUS
10
1.2174723622047243
20
0.6136056692913385
11
1.2170641338582677
21
0.6150404724409448
0
LINE
8
BLACK
6
CONTINUOUS
10
1.2170641338582677
20
0.6150404724409448
11
1.2170639763779527
21
0.6150408267716535
0
LINE
8
BLACK
6
CONTINUOUS
10
1.2170639763779527
20
0.6150408267716535
11
1.2131598818897638
21
0.6228812598425196
0
LINE
8
BLACK
6
CONTINUOUS
10
1.2131598818897638
20
0.6228812598425196
11
1.2131598031496063
21
0.6228813779527559
0
LINE
8
BLACK
6
CONTINUOUS
10
1.2131598031496063
20
0.6228813779527559
11
1.2131597637795275
21
0.6228814566929134
0
LINE
8
BLACK
6
CONTINUOUS
10
1.2131597637795275
20
0.6228814566929134
11
1.2078811417322834
21
0.6298714960629921
0
LINE
8
BLACK
6
CONTINUOUS
10
1.2078811417322834
20
0.6298714960629921
11
1.2014079527559054
21
0.6357725984251968
0
LINE
8
BLACK
6
CONTINUOUS
10
1.2014079527559054
20
0.6357725984251968
11
1.194856968503937
21
0.6398287401574803
0
LINE
8
BLACK
6
CONTINUOUS
10
1.194856968503937
20
0.6398287401574803
11
1.1929914173228346
21
0.6419100393700787
0
LINE
8
BLACK
6
CONTINUOUS
10
1.1929914173228346
20
0.6419100393700787
11
1.192507874015748
21
0.6440462992125984
0
LINE
8
BLACK
6
CONTINUOUS
10
1.192507874015748
20
0.6440462992125984
11
1.192507874015748
21
0.6825864566929134
0
LINE
8
BLACK
6
CONTINUOUS
10
1.192507874015748
20
0.6825864566929134
11
1.1932953543307085
21
0.6852683858267716
0
LINE
8
BLACK
6
CONTINUOUS
10
1.1932953543307085
20
0.6852683858267716
11
1.1939608267716535
21
0.6860941338582677
0
LINE
8
BLACK
6
CONTINUOUS
10
1.1939608267716535
20
0.6860941338582677
11
1.2367090157480314
21
0.7288423228346457
0
LINE
8
BLACK
6
CONTINUOUS
10
1.2367090157480314
20
0.7288423228346457
11
1.2391622440944881
21
0.7301819291338583
0
LINE
8
BLACK
6
CONTINUOUS
10
1.2391622440944881
20
0.7301819291338583
11
1.2402166929133858
21
0.7302952755905512
0
LINE
8
BLACK
6
CONTINUOUS
10
1.2402166929133858
20
0.7302952755905512
11
1.3471668897637794
21
0.7302952755905512
0
LINE
8
BLACK
6
CONTINUOUS
10
1.3471668897637794
20
0.7302952755905512
11
1.348590590551181
21
0.7302952755905512
0
LINE
8
BLACK
6
CONTINUOUS
10
1.348590590551181
20
0.7302952755905512
11
1.7071456692913385
21
0.7302952755905512
0
LINE
8
BLACK
6
CONTINUOUS
10
1.7071456692913385
20
0.7302952755905512
11
1.7098275984251967
21
0.7295077952755905
0
LINE
8
BLACK
6
CONTINUOUS
10
1.7098275984251967
20
0.7295077952755905
11
1.711658031496063
21
0.7273953543307087
0
LINE
8
BLACK
6
CONTINUOUS
10
1.711658031496063
20
0.7273953543307087
11
1.7121062992125984
21
0.7253346456692913
0
LINE
8
BLACK
6
CONTINUOUS
10
1.7121062992125984
20
0.7253346456692913
11
1.7121062992125984
21
0.7243504330708661
0
LINE
8
BLACK
6
CONTINUOUS
10
1.7121062992125984
20
0.7243504330708661
11
1.7113188188976378
21
0.7216685039370079
0
LINE
8
BLACK
6
CONTINUOUS
10
1.7113188188976378
20
0.7216685039370079
11
1.7092063779527558
21
0.7198380708661417
0
LINE
8
BLACK
6
CONTINUOUS
10
1.7092063779527558
20
0.7198380708661417
11
1.7071456692913385
21
0.7193898031496063
0
LINE
8
BLACK
6
CONTINUOUS
10
1.7071456692913385
20
0.7193898031496063
11
1.6943369685039369
21
0.7193898031496063
0
LINE
8
BLACK
6
CONTINUOUS
10
1.6943369685039369
20
0.7193898031496063
11
1.6932824409448819
21
0.7195031889763779
0
LINE
8
BLACK
6
CONTINUOUS
10
1.6932824409448819
20
0.7195031889763779
11
1.6931052755905511
21
0.7195417322834645
0
LINE
8
BLACK
6
CONTINUOUS
10
1.6931052755905511
20
0.7195417322834645
11
1.6911577952755905
21
0.7194024015748032
0
LINE
8
BLACK
6
CONTINUOUS
10
1.6911577952755905
20
0.7194024015748032
11
1.6908039763779528
21
0.7193898031496063
0
LINE
8
BLACK
6
CONTINUOUS
10
1.6908039763779528
20
0.7193898031496063
11
1.6902756692913385
21
0.7193898031496063
0
LINE
8
BLACK
6
CONTINUOUS
10
1.6902756692913385
20
0.7193898031496063
11
1.6897519685039371
21
0.7193144881889764
0
LINE
8
BLACK
6
CONTINUOUS
10
1.6897519685039371
20
0.7193144881889764
11
1.6894012992125984
21
0.7192767716535433
0
LINE
8
BLACK
6
CONTINUOUS
10
1.6894012992125984
20
0.7192767716535433
11
1.687453464566929
21
0.7191374803149606
0
LINE
8
BLACK
6
CONTINUOUS
10
1.687453464566929
20
0.7191374803149606
11
1.6872835826771653
21
0.7190740944881889
0
LINE
8
BLACK
6
CONTINUOUS
10
1.6872835826771653
20
0.7190740944881889
11
1.6862562204724409
21
0.7188118897637795
0
LINE
8
BLACK
6
CONTINUOUS
10
1.6862562204724409
20
0.7188118897637795
11
1.6860765354330709
21
0.718786062992126
0
LINE
8
BLACK
6
CONTINUOUS
10
1.6860765354330709
20
0.718786062992126
11
1.6843003149606299
21
0.717974842519685
0
LINE
8
BLACK
6
CONTINUOUS
10
1.6843003149606299
20
0.717974842519685
11
1.6839735826771653
21
0.7178395669291339
0
LINE
8
BLACK
6
CONTINUOUS
10
1.6839735826771653
20
0.7178395669291339
11
1.6821446456692912
21
0.7171574409448819
0
LINE
8
BLACK
6
CONTINUOUS
10
1.6821446456692912
20
0.7171574409448819
11
1.6821445669291337
21
0.7171573622047244
0
LINE
8
BLACK
6
CONTINUOUS
10
1.6821445669291337
20
0.7171573622047244
11
1.6821444881889764
21
0.7171573622047244
0
LINE
8
BLACK
6
CONTINUOUS
10
1.6821444881889764
20
0.7171573622047244
11
1.6819990551181101
21
0.7170485039370078
0
LINE
8
BLACK
6
CONTINUOUS
10
1.6819990551181101
20
0.7170485039370078
11
1.6810872440944882
21
0.7165074803149606
0
LINE
8
BLACK
6
CONTINUOUS
10
1.6810872440944882
20
0.7165074803149606
11
1.6809223622047245
21
0.7164322047244094
0
LINE
8
BLACK
6
CONTINUOUS
10
1.6809223622047245
20
0.7164322047244094
11
1.6809223228346457
21
0.7164321653543307
0
LINE
8
BLACK
6
CONTINUOUS
10
1.6809223228346457
20
0.7164321653543307
11
1.6794472047244093
21
0.7151539763779527
0
LINE
8
BLACK
6
CONTINUOUS
10
1.6794472047244093
20
0.7151539763779527
11
1.6791716141732282
21
0.7149318897637795
0
LINE
8
BLACK
6
CONTINUOUS
10
1.6791716141732282
20
0.7149318897637795
11
1.6787483464566928
21
0.7146150393700788
0
LINE
8
BLACK
6
CONTINUOUS
10
1.6787483464566928
20
0.7146150393700788
11
1.6783744094488189
21
0.7142411023622047
0
LINE
8
BLACK
6
CONTINUOUS
10
1.6783744094488189
20
0.7142411023622047
11
1.6781156692913386
21
0.7140001968503937
0
LINE
8
BLACK
6
CONTINUOUS
10
1.6781156692913386
20
0.7140001968503937
11
1.6766400393700787
21
0.7127215748031496
0
LINE
8
BLACK
6
CONTINUOUS
10
1.6766400393700787
20
0.7127215748031496
11
1.6765418503937008
21
0.712568779527559
0
LINE
8
BLACK
6
CONTINUOUS
10
1.6765418503937008
20
0.712568779527559
11
1.6758764566929134
21
0.7117431496062991
0
LINE
8
BLACK
6
CONTINUOUS
10
1.6758764566929134
20
0.7117431496062991
11
1.6365601181102363
21
0.672426811023622
0
LINE
8
BLACK
6
CONTINUOUS
10
1.6365601181102363
20
0.672426811023622
11
1.6341068897637794
21
0.6710872047244094
0
LINE
8
BLACK
6
CONTINUOUS
10
1.6341068897637794
20
0.6710872047244094
11
1.6338865354330707
21
0.6710488188976378
0
LINE
8
BLACK
6
CONTINUOUS
10
1.6338865354330707
20
0.6710488188976378
11
1.6338285433070865
21
0.6710332283464566
0
LINE
8
BLACK
6
CONTINUOUS
10
1.6338285433070865
20
0.6710332283464566
11
1.6338282677165354
21
0.6710332283464566
0
LINE
8
BLACK
6
CONTINUOUS
10
1.6338282677165354
20
0.6710332283464566
11
1.6280771259842519
21
0.6686510236220472
0
LINE
8
BLACK
6
CONTINUOUS
10
1.6280771259842519
20
0.6686510236220472
11
1.6231385039370079
21
0.6648614960629922
0
LINE
8
BLACK
6
CONTINUOUS
10
1.6231385039370079
20
0.6648614960629922
11
1.619907716535433
21
0.6606510236220472
0
LINE
8
BLACK
6
CONTINUOUS
10
1.619907716535433
20
0.6606510236220472
11
1.6193490157480315
21
0.6599229133858268
0
LINE
8
BLACK
6
CONTINUOUS
10
1.6193490157480315
20
0.6599229133858268
11
1.619348937007874
21
0.6599227952755905
0
LINE
8
BLACK
6
CONTINUOUS
10
1.619348937007874
20
0.6599227952755905
11
1.6169667322834644
21
0.6541716535433071
0
LINE
8
BLACK
6
CONTINUOUS
10
1.6169667322834644
20
0.6541716535433071
11
1.6161542519685039
21
0.648
0
LINE
8
BLACK
6
CONTINUOUS
10
1.6161542519685039
20
0.648
11
1.6161542519685039
21
0.6479999606299213
0
LINE
8
BLACK
6
CONTINUOUS
10
1.6161542519685039
20
0.6479999606299213
11
1.6169667322834644
21
0.6418283070866142
0
LINE
8
BLACK
6
CONTINUOUS
10
1.6169667322834644
20
0.6418283070866142
11
1.619348937007874
21
0.6360771653543307
0
LINE
8
BLACK
6
CONTINUOUS
10
1.619348937007874
20
0.6360771653543307
11
1.6193490157480315
21
0.6360770472440945
0
LINE
8
BLACK
6
CONTINUOUS
10
1.6193490157480315
20
0.6360770472440945
11
1.6231385039370079
21
0.6311385039370079
0
LINE
8
BLACK
6
CONTINUOUS
10
1.6231385039370079
20
0.6311385039370079
11
1.6280770472440944
21
0.6273490157480315
0
LINE
8
BLACK
6
CONTINUOUS
10
1.6280770472440944
20
0.6273490157480315
11
1.6280771653543307
21
0.627348937007874
0
LINE
8
BLACK
6
CONTINUOUS
10
1.6280771653543307
20
0.627348937007874
11
1.6338283070866142
21
0.6249667322834646
0
LINE
8
BLACK
6
CONTINUOUS
10
1.6338283070866142
20
0.6249667322834646
11
1.6399999999999999
21
0.6241542519685039
0
LINE
8
BLACK
6
CONTINUOUS
10
1.6399999999999999
20
0.6241542519685039
11
1.6461716535433071
21
0.6249667322834646
0
LINE
8
BLACK
6
CONTINUOUS
10
1.6461716535433071
20
0.6249667322834646
11
1.6519227952755906
21
0.627348937007874
0
LINE
8
BLACK
6
CONTINUOUS
10
1.6519227952755906
20
0.627348937007874
11
1.6519229133858266
21
0.6273490157480315
0
LINE
8
BLACK
6
CONTINUOUS
10
1.6519229133858266
20
0.6273490157480315
11
1.6568614960629922
21
0.6311385039370079
0
LINE
8
BLACK
6
CONTINUOUS
10
1.6568614960629922
20
0.6311385039370079
11
1.6606510236220473
21
0.6360771259842519
0
LINE
8
BLACK
6
CONTINUOUS
10
1.6606510236220473
20
0.6360771259842519
11
1.6630332283464566
21
0.6418282677165354
0
LINE
8
BLACK
6
CONTINUOUS
10
1.6630332283464566
20
0.6418282677165354
11
1.6630332283464566
21
0.6418285433070866
0
LINE
8
BLACK
6
CONTINUOUS
10
1.6630332283464566
20
0.6418285433070866
11
1.6631173622047244
21
0.6421423228346457
0
LINE
8
BLACK
6
CONTINUOUS
10
1.6631173622047244
20
0.6421423228346457
11
1.6632020866141732
21
0.6421196062992126
0
LINE
8
BLACK
6
CONTINUOUS
10
1.6632020866141732
20
0.6421196062992126
11
1.6641466929133857
21
0.6442556299212598
0
LINE
8
BLACK
6
CONTINUOUS
10
1.6641466929133857
20
0.6442556299212598
11
1.664426811023622
21
0.6445601181102362
0
LINE
8
BLACK
6
CONTINUOUS
10
1.664426811023622
20
0.6445601181102362
11
1.698394094488189
21
0.6785274015748032
0
LINE
8
BLACK
6
CONTINUOUS
10
1.698394094488189
20
0.6785274015748032
11
1.7008473228346457
21
0.6798670078740158
0
LINE
8
BLACK
6
CONTINUOUS
10
1.7008473228346457
20
0.6798670078740158
11
1.7019017716535432
21
0.6799803543307087
0
LINE
8
BLACK
6
CONTINUOUS
10
1.7019017716535432
20
0.6799803543307087
11
1.7071456692913385
21
0.6799803543307087
0
LINE
8
BLACK
6
CONTINUOUS
10
1.7071456692913385
20
0.6799803543307087
11
1.7098275984251967
21
0.679192874015748
0
LINE
8
BLACK
6
CONTINUOUS
10
1.7098275984251967
20
0.679192874015748
11
1.711658031496063
21
0.6770804330708661
0
LINE
8
BLACK
6
CONTINUOUS
10
1.711658031496063
20
0.6770804330708661
11
1.7121062992125984
21
0.6750197244094488
0
LINE
8
BLACK
6
CONTINUOUS
10
1.7121062992125984
20
0.6750197244094488
11
1.7121062992125984
21
0.6192224015748031
0
LINE
8
BLACK
6
CONTINUOUS
10
1.7121062992125984
20
0.6192224015748031
11
1.7125642519685038
21
0.6169201181102362
0
LINE
8
BLACK
6
CONTINUOUS
10
1.7125642519685038
20
0.6169201181102362
11
1.7125642913385826
21
0.61692
0
LINE
8
BLACK
6
CONTINUOUS
10
1.7125642913385826
20
0.61692
11
1.7143089763779527
21
0.6143089763779528
0
LINE
8
BLACK
6
CONTINUOUS
10
1.7143089763779527
20
0.6143089763779528
11
1.71692
21
0.6125642913385827
0
LINE
8
BLACK
6
CONTINUOUS
10
1.71692
20
0.6125642913385827
11
1.7169201181102363
21
0.6125642519685039
0
LINE
8
BLACK
6
CONTINUOUS
10
1.7169201181102363
20
0.6125642519685039
11
1.7192224015748032
21
0.6121062992125984
0
LINE
8
BLACK
6
CONTINUOUS
10
1.7192224015748032
20
0.6121062992125984
11
1.7192225196850393
21
0.6121062992125984
0
LINE
8
BLACK
6
CONTINUOUS
10
1.7192225196850393
20
0.6121062992125984
11
1.780777559055118
21
0.6121062992125984
0
LINE
8
BLACK
6
CONTINUOUS
10
1.780777559055118
20
0.6121062992125984
11
1.783079842519685
21
0.6125642519685039
0
LINE
8
BLACK
6
CONTINUOUS
10
1.783079842519685
20
0.6125642519685039
11
1.7830799606299212
21
0.6125642913385827
0
LINE
8
BLACK
6
CONTINUOUS
10
1.7830799606299212
20
0.6125642913385827
11
1.7845898425196849
21
0.6135731889763779
0
LINE
8
BLACK
6
CONTINUOUS
10
1.7845898425196849
20
0.6135731889763779
11
1.7856910236220471
21
0.6143089763779528
0
LINE
8
BLACK
6
CONTINUOUS
10
1.7856910236220471
20
0.6143089763779528
11
1.7874357086614172
21
0.6169200393700788
0
LINE
8
BLACK
6
CONTINUOUS
10
1.7874357086614172
20
0.6169200393700788
11
1.7878937007874016
21
0.6192225196850394
0
LINE
8
BLACK
6
CONTINUOUS
10
1.7878937007874016
20
0.6192225196850394
11
1.7878937007874016
21
0.6722636220472441
0
LINE
8
BLACK
6
CONTINUOUS
10
1.7878937007874016
20
0.6722636220472441
11
1.7886811811023622
21
0.6749455511811023
0
LINE
8
BLACK
6
CONTINUOUS
10
1.7886811811023622
20
0.6749455511811023
11
1.790793622047244
21
0.6767759842519685
0
LINE
8
BLACK
6
CONTINUOUS
10
1.790793622047244
20
0.6767759842519685
11
1.7935603149606298
21
0.6771737795275591
0
LINE
8
BLACK
6
CONTINUOUS
10
1.7935603149606298
20
0.6771737795275591
11
1.7961028346456693
21
0.6760125984251968
0
LINE
8
BLACK
6
CONTINUOUS
10
1.7961028346456693
20
0.6760125984251968
11
1.7963620078740157
21
0.6757712992125984
0
LINE
8
BLACK
6
CONTINUOUS
10
1.7963620078740157
20
0.6757712992125984
11
1.810653346456693
21
0.6614799606299212
0
LINE
8
BLACK
6
CONTINUOUS
10
1.810653346456693
20
0.6614799606299212
11
1.8119929527559056
21
0.6590267322834645
0
LINE
8
BLACK
6
CONTINUOUS
10
1.8119929527559056
20
0.6590267322834645
11
1.8121062992125985
21
0.6579722834645669
0
LINE
8
BLACK
6
CONTINUOUS
10
1.8121062992125985
20
0.6579722834645669
11
1.8121062992125985
21
0.6192224015748031
0
LINE
8
BLACK
6
CONTINUOUS
10
1.8121062992125985
20
0.6192224015748031
11
1.8125642519685039
21
0.6169201181102362
0
LINE
8
BLACK
6
CONTINUOUS
10
1.8125642519685039
20
0.6169201181102362
11
1.8125642913385827
21
0.61692
0
LINE
8
BLACK
6
CONTINUOUS
10
1.8125642913385827
20
0.61692
11
1.8143089763779527
21
0.6143089763779528
0
LINE
8
BLACK
6
CONTINUOUS
10
1.8143089763779527
20
0.6143089763779528
11
1.8169199999999999
21
0.6125642913385827
0
LINE
8
BLACK
6
CONTINUOUS
10
1.8169199999999999
20
0.6125642913385827
11
1.8169201181102361
21
0.6125642519685039
0
LINE
8
BLACK
6
CONTINUOUS
10
1.8169201181102361
20
0.6125642519685039
11
1.8192224015748031
21
0.6121062992125984
0
LINE
8
BLACK
6
CONTINUOUS
10
1.8192224015748031
20
0.6121062992125984
11
1.8192225196850393
21
0.6121062992125984
0
LINE
8
BLACK
6
CONTINUOUS
10
1.8192225196850393
20
0.6121062992125984
11
1.8807775590551181
21
0.6121062992125984
0
LINE
8
BLACK
6
CONTINUOUS
10
1.8807775590551181
20
0.6121062992125984
11
1.8830798425196851
21
0.6125642519685039
0
LINE
8
BLACK
6
CONTINUOUS
10
1.8830798425196851
20
0.6125642519685039
11
1.8830799606299211
21
0.6125642913385827
0
LINE
8
BLACK
6
CONTINUOUS
10
1.8830799606299211
20
0.6125642913385827
11
1.884589842519685
21
0.6135731889763779
0
LINE
8
BLACK
6
CONTINUOUS
10
1.884589842519685
20
0.6135731889763779
11
1.8856910236220472
21
0.6143089763779528
0
LINE
8
BLACK
6
CONTINUOUS
10
1.8856910236220472
20
0.6143089763779528
11
1.8874357086614173
21
0.6169200393700788
0
LINE
8
BLACK
6
CONTINUOUS
10
1.8874357086614173
20
0.6169200393700788
11
1.8878937007874015
21
0.6192225196850394
0
LINE
8
BLACK
6
CONTINUOUS
10
1.8878937007874015
20
0.6192225196850394
11
1.8878937007874015
21
0.6807774803149607
0
LINE
8
BLACK
6
CONTINUOUS
10
1.8878937007874015
20
0.6807774803149607
11
1.8874357086614173
21
0.6830799606299213
0
LINE
8
BLACK
6
CONTINUOUS
10
1.8874357086614173
20
0.6830799606299213
11
1.8856910236220472
21
0.6856910236220473
0
LINE
8
BLACK
6
CONTINUOUS
10
1.8856910236220472
20
0.6856910236220473
11
1.8830799606299211
21
0.6874357086614173
0
LINE
8
BLACK
6
CONTINUOUS
10
1.8830799606299211
20
0.6874357086614173
11
1.8807774803149606
21
0.6878937007874015
0
LINE
8
BLACK
6
CONTINUOUS
10
1.8807774803149606
20
0.6878937007874015
11
1.8807774409448819
21
0.6878937007874015
0
LINE
8
BLACK
6
CONTINUOUS
10
1.8807774409448819
20
0.6878937007874015
11
1.8420277559055118
21
0.6878937007874015
0
LINE
8
BLACK
6
CONTINUOUS
10
1.8420277559055118
20
0.6878937007874015
11
1.8393458267716536
21
0.6886811811023622
0
LINE
8
BLACK
6
CONTINUOUS
10
1.8393458267716536
20
0.6886811811023622
11
1.8385200787401574
21
0.6893466141732283
0
LINE
8
BLACK
6
CONTINUOUS
10
1.8385200787401574
20
0.6893466141732283
11
1.8319876771653543
21
0.6958790157480315
0
LINE
8
BLACK
6
CONTINUOUS
10
1.8319876771653543
20
0.6958790157480315
11
1.8242286614173229
21
0.7036379527559055
0
LINE
8
BLACK
6
CONTINUOUS
10
1.8242286614173229
20
0.7036379527559055
11
1.8228891338582678
21
0.7060912204724409
0
LINE
8
BLACK
6
CONTINUOUS
10
1.8228891338582678
20
0.7060912204724409
11
1.8230885039370079
21
0.7088792125984252
0
LINE
8
BLACK
6
CONTINUOUS
10
1.8230885039370079
20
0.7088792125984252
11
1.8247635826771653
21
0.7111168503937008
0
LINE
8
BLACK
6
CONTINUOUS
10
1.8247635826771653
20
0.7111168503937008
11
1.8273824803149605
21
0.7120936614173228
0
LINE
8
BLACK
6
CONTINUOUS
10
1.8273824803149605
20
0.7120936614173228
11
1.8277363779527558
21
0.7121062992125984
0
LINE
8
BLACK
6
CONTINUOUS
10
1.8277363779527558
20
0.7121062992125984
11
1.8807775590551181
21
0.7121062992125984
0
LINE
8
BLACK
6
CONTINUOUS
10
1.8807775590551181
20
0.7121062992125984
11
1.8830798425196851
21
0.7125642519685039
0
LINE
8
BLACK
6
CONTINUOUS
10
1.8830798425196851
20
0.7125642519685039
11
1.8830799606299211
21
0.7125642913385827
0
LINE
8
BLACK
6
CONTINUOUS
10
1.8830799606299211
20
0.7125642913385827
11
1.8833153937007874
21
0.7127216141732283
0
LINE
8
BLACK
6
CONTINUOUS
10
1.8833153937007874
20
0.7127216141732283
11
1.8856910236220472
21
0.7143089763779528
0
LINE
8
BLACK
6
CONTINUOUS
10
1.8856910236220472
20
0.7143089763779528
11
1.8874357086614173
21
0.7169200393700788
0
LINE
8
BLACK
6
CONTINUOUS
10
1.8874357086614173
20
0.7169200393700788
11
1.8878937007874015
21
0.7192225196850394
0
LINE
8
BLACK
6
CONTINUOUS
10
1.8878937007874015
20
0.7192225196850394
11
1.8878937007874015
21
0.7807774803149606
0
LINE
8
BLACK
6
CONTINUOUS
10
1.8878937007874015
20
0.7807774803149606
11
1.8874357086614173
21
0.7830799606299212
0
LINE
8
BLACK
6
CONTINUOUS
10
1.8874357086614173
20
0.7830799606299212
11
1.8856910236220472
21
0.7856910236220472
0
LINE
8
BLACK
6
CONTINUOUS
10
1.8856910236220472
20
0.7856910236220472
11
1.8830799606299211
21
0.7874357086614173
0
LINE
8
BLACK
6
CONTINUOUS
10
1.8830799606299211
20
0.7874357086614173
11
1.8807774803149606
21
0.7878937007874015
0
LINE
8
BLACK
6
CONTINUOUS
10
1.8807774803149606
20
0.7878937007874015
11
1.8192225196850393
21
0.7878937007874015
0
LINE
8
BLACK
6
CONTINUOUS
10
1.8192225196850393
20
0.7878937007874015
11
1.8169200393700786
21
0.7874357086614173
0
LINE
8
BLACK
6
CONTINUOUS
10
1.8169200393700786
20
0.7874357086614173
11
1.8143089763779527
21
0.7856910236220472
0
LINE
8
BLACK
6
CONTINUOUS
10
1.8143089763779527
20
0.7856910236220472
11
1.8125642913385827
21
0.7830799606299212
0
LINE
8
BLACK
6
CONTINUOUS
10
1.8125642913385827
20
0.7830799606299212
11
1.8125642519685039
21
0.783079842519685
0
LINE
8
BLACK
6
CONTINUOUS
10
1.8125642519685039
20
0.783079842519685
11
1.8121062992125985
21
0.7807775590551181
0
LINE
8
BLACK
6
CONTINUOUS
10
1.8121062992125985
20
0.7807775590551181
11
1.8121062992125985
21
0.7235972440944882
0
LINE
8
BLACK
6
CONTINUOUS
10
1.8121062992125985
20
0.7235972440944882
11
1.8113188188976377
21
0.7209153149606299
0
LINE
8
BLACK
6
CONTINUOUS
10
1.8113188188976377
20
0.7209153149606299
11
1.8092063779527559
21
0.7190848818897637
0
LINE
8
BLACK
6
CONTINUOUS
10
1.8092063779527559
20
0.7190848818897637
11
1.80643968503937
21
0.7186870866141732
0
LINE
8
BLACK
6
CONTINUOUS
10
1.80643968503937
20
0.7186870866141732
11
1.8061042125984252
21
0.7187600787401575
0
LINE
8
BLACK
6
CONTINUOUS
10
1.8061042125984252
20
0.7187600787401575
11
1.8059234645669291
21
0.7187860236220472
0
LINE
8
BLACK
6
CONTINUOUS
10
1.8059234645669291
20
0.7187860236220472
11
1.8059234645669291
21
0.718786062992126
0
LINE
8
BLACK
6
CONTINUOUS
10
1.8059234645669291
20
0.718786062992126
11
1.8057440944881888
21
0.718811811023622
0
LINE
8
BLACK
6
CONTINUOUS
10
1.8057440944881888
20
0.718811811023622
11
1.8047161417322835
21
0.7190741732283464
0
LINE
8
BLACK
6
CONTINUOUS
10
1.8047161417322835
20
0.7190741732283464
11
1.8045465354330708
21
0.7191374803149606
0
LINE
8
BLACK
6
CONTINUOUS
10
1.8045465354330708
20
0.7191374803149606
11
1.8025987401574803
21
0.7192767716535433
0
LINE
8
BLACK
6
CONTINUOUS
10
1.8025987401574803
20
0.7192767716535433
11
1.8022479921259842
21
0.7193144881889764
0
LINE
8
BLACK
6
CONTINUOUS
10
1.8022479921259842
20
0.7193144881889764
11
1.8017243307086614
21
0.7193898031496063
0
LINE
8
BLACK
6
CONTINUOUS
10
1.8017243307086614
20
0.7193898031496063
11
1.8017242913385827
21
0.7193898031496063
0
LINE
8
BLACK
6
CONTINUOUS
10
1.8017242913385827
20
0.7193898031496063
11
1.8011960236220472
21
0.7193898031496063
0
LINE
8
BLACK
6
CONTINUOUS
10
1.8011960236220472
20
0.7193898031496063
11
1.8008421653543307
21
0.7194024015748032
0
LINE
8
BLACK
6
CONTINUOUS
10
1.8008421653543307
20
0.7194024015748032
11
1.7988947244094489
21
0.7195417322834645
0
LINE
8
BLACK
6
CONTINUOUS
10
1.7988947244094489
20
0.7195417322834645
11
1.7987175590551181
21
0.7195031889763779
0
LINE
8
BLACK
6
CONTINUOUS
10
1.7987175590551181
20
0.7195031889763779
11
1.7976630314960629
21
0.7193898031496063
0
LINE
8
BLACK
6
CONTINUOUS
10
1.7976630314960629
20
0.7193898031496063
11
1.7928543307086613
21
0.7193898031496063
0
LINE
8
BLACK
6
CONTINUOUS
10
1.7928543307086613
20
0.7193898031496063
11
1.7901724015748031
21
0.7201772834645669
0
LINE
8
BLACK
6
CONTINUOUS
10
1.7901724015748031
20
0.7201772834645669
11
1.788341968503937
21
0.7222897244094488
0
LINE
8
BLACK
6
CONTINUOUS
10
1.788341968503937
20
0.7222897244094488
11
1.7878937007874016
21
0.7243504330708661
0
LINE
8
BLACK
6
CONTINUOUS
10
1.7878937007874016
20
0.7243504330708661
11
1.7878937007874016
21
0.7807774015748031
0
LINE
8
BLACK
6
CONTINUOUS
10
1.7878937007874016
20
0.7807774015748031
11
1.7878937007874016
21
0.7807774803149606
0
LINE
8
BLACK
6
CONTINUOUS
10
1.7878937007874016
20
0.7807774803149606
11
1.7874357086614172
21
0.7830799606299212
0
LINE
8
BLACK
6
CONTINUOUS
10
1.7874357086614172
20
0.7830799606299212
11
1.7856910236220471
21
0.7856910236220472
0
LINE
8
BLACK
6
CONTINUOUS
10
1.7856910236220471
20
0.7856910236220472
11
1.7830799606299212
21
0.7874357086614173
0
LINE
8
BLACK
6
CONTINUOUS
10
1.7830799606299212
20
0.7874357086614173
11
1.7807774803149605
21
0.7878937007874015
0
LINE
8
BLACK
6
CONTINUOUS
10
1.7807774803149605
20
0.7878937007874015
11
1.7192225196850393
21
0.7878937007874015
0
LINE
8
BLACK
6
CONTINUOUS
10
1.7192225196850393
20
0.7878937007874015
11
1.7169200393700788
21
0.7874357086614173
0
LINE
8
BLACK
6
CONTINUOUS
10
1.7169200393700788
20
0.7874357086614173
11
1.7143089763779527
21
0.7856910236220472
0
LINE
8
BLACK
6
CONTINUOUS
10
1.7143089763779527
20
0.7856910236220472
11
1.7125642913385826
21
0.7830799606299212
0
LINE
8
BLACK
6
CONTINUOUS
10
1.7125642913385826
20
0.7830799606299212
11
1.7125642519685038
21
0.783079842519685
0
LINE
8
BLACK
6
CONTINUOUS
10
1.7125642519685038
20
0.783079842519685
11
1.7121062992125984
21
0.7807775590551181
0
LINE
8
BLACK
6
CONTINUOUS
10
1.7121062992125984
20
0.7807775590551181
11
1.7121062992125984
21
0.7746653543307086
0
LINE
8
BLACK
6
CONTINUOUS
10
1.7121062992125984
20
0.7746653543307086
11
1.7113188188976378
21
0.7719834251968504
0
LINE
8
BLACK
6
CONTINUOUS
10
1.7113188188976378
20
0.7719834251968504
11
1.7092063779527558
21
0.7701529921259842
0
LINE
8
BLACK
6
CONTINUOUS
10
1.7092063779527558
20
0.7701529921259842
11
1.7071456692913385
21
0.7697047244094488
0
LINE
8
BLACK
6
CONTINUOUS
10
1.7071456692913385
20
0.7697047244094488
11
1.3746653543307086
21
0.7697047244094488
0
LINE
8
BLACK
6
CONTINUOUS
10
1.3746653543307086
20
0.7697047244094488
11
1.3719834251968503
21
0.7704922047244094
0
LINE
8
BLACK
6
CONTINUOUS
10
1.3719834251968503
20
0.7704922047244094
11
1.3701529921259843
21
0.7726046456692913
0
LINE
8
BLACK
6
CONTINUOUS
10
1.3701529921259843
20
0.7726046456692913
11
1.3697047244094487
21
0.7746653543307086
0
LINE
8
BLACK
6
CONTINUOUS
10
1.3697047244094487
20
0.7746653543307086
11
1.3697047244094487
21
0.9071456692913386
0
LINE
8
BLACK
6
CONTINUOUS
10
1.3697047244094487
20
0.9071456692913386
11
1.3704922047244095
21
0.9098275984251968
0
LINE
8
BLACK
6
CONTINUOUS
10
1.3704922047244095
20
0.9098275984251968
11
1.3726046456692913
21
0.9116580314960629
0
LINE
8
BLACK
6
CONTINUOUS
10
1.3726046456692913
20
0.9116580314960629
11
1.3746653543307086
21
0.9121062992125984
0
LINE
8
BLACK
6
CONTINUOUS
10
1.3746653543307086
20
0.9121062992125984
11
1.3807775590551181
21
0.9121062992125984
0
LINE
8
BLACK
6
CONTINUOUS
10
1.3807775590551181
20
0.9121062992125984
11
1.3830798425196851
21
0.9125642519685039
0
LINE
8
BLACK
6
CONTINUOUS
10
1.3830798425196851
20
0.9125642519685039
11
1.3830799606299213
21
0.9125642913385826
0
LINE
8
BLACK
6
CONTINUOUS
10
1.3830799606299213
20
0.9125642913385826
11
1.3856910236220472
21
0.9143089763779527
0
LINE
8
BLACK
6
CONTINUOUS
10
1.3856910236220472
20
0.9143089763779527
11
1.3874357086614173
21
0.9169200393700787
0
LINE
8
BLACK
6
CONTINUOUS
10
1.3874357086614173
20
0.9169200393700787
11
1.3878936614173227
21
0.9192224015748032
0
LINE
8
BLACK
6
CONTINUOUS
10
1.3878936614173227
20
0.9192224015748032
11
1.3878937007874015
21
0.9192225196850393
0
LINE
8
BLACK
6
CONTINUOUS
10
1.3878937007874015
20
0.9192225196850393
11
1.3878937007874015
21
0.9807774803149606
0
LINE
8
BLACK
6
CONTINUOUS
10
1.3878937007874015
20
0.9807774803149606
11
1.3874357086614173
21
0.9830799606299212
0
LINE
8
BLACK
6
CONTINUOUS
10
1.3874357086614173
20
0.9830799606299212
11
1.3856910236220472
21
0.9856910236220472
0
LINE
8
BLACK
6
CONTINUOUS
10
1.3856910236220472
20
0.9856910236220472
11
1.3830799606299213
21
0.9874357086614173
0
LINE
8
BLACK
6
CONTINUOUS
10
1.3830799606299213
20
0.9874357086614173
11
1.3807774803149606
21
0.9878937007874016
0
LINE
8
BLACK
6
CONTINUOUS
10
1.3807774803149606
20
0.9878937007874016
11
1.3807774409448819
21
0.9878937007874016
0
LINE
8
BLACK
6
CONTINUOUS
10
1.3807774409448819
20
0.9878937007874016
11
1.3746653543307086
21
0.9878937007874016
0
LINE
8
BLACK
6
CONTINUOUS
10
1.3746653543307086
20
0.9878937007874016
11
1.3719834251968503
21
0.9886811811023621
0
LINE
8
BLACK
6
CONTINUOUS
10
1.3719834251968503
20
0.9886811811023621
11
1.3701529921259843
21
0.9907936220472441
0
LINE
8
BLACK
6
CONTINUOUS
10
1.3701529921259843
20
0.9907936220472441
11
1.3697047244094487
21
0.9928543307086614
0
LINE
8
BLACK
6
CONTINUOUS
10
1.3697047244094487
20
0.9928543307086614
11
1.3697047244094487
21
1.0071456692913385
0
LINE
8
BLACK
6
CONTINUOUS
10
1.3697047244094487
20
1.0071456692913385
11
1.3704922047244095
21
1.0098275984251968
0
LINE
8
BLACK
6
CONTINUOUS
10
1.3704922047244095
20
1.0098275984251968
11
1.3726046456692913
21
1.011658031496063
0
LINE
8
BLACK
6
CONTINUOUS
10
1.3726046456692913
20
1.011658031496063
11
1.3746653543307086
21
1.0121062992125984
0
LINE
8
BLACK
6
CONTINUOUS
10
1.3746653543307086
20
1.0121062992125984
11
1.3807775590551181
21
1.0121062992125984
0
LINE
8
BLACK
6
CONTINUOUS
10
1.3807775590551181
20
1.0121062992125984
11
1.3830798425196851
21
1.0125642519685039
0
LINE
8
BLACK
6
CONTINUOUS
10
1.3830798425196851
20
1.0125642519685039
11
1.3830799606299213
21
1.0125642913385826
0
LINE
8
BLACK
6
CONTINUOUS
10
1.3830799606299213
20
1.0125642913385826
11
1.3856910236220472
21
1.0143089763779527
0
LINE
8
BLACK
6
CONTINUOUS
10
1.3856910236220472
20
1.0143089763779527
11
1.3874357086614173
21
1.0169200393700788
0
LINE
8
BLACK
6
CONTINUOUS
10
1.3874357086614173
20
1.0169200393700788
11
1.3878936614173227
21
1.019222401574803
0
LINE
8
BLACK
6
CONTINUOUS
10
1.3878936614173227
20
1.019222401574803
11
1.3878937007874015
21
1.0192225196850393
0
LINE
8
BLACK
6
CONTINUOUS
10
1.3878937007874015
20
1.0192225196850393
11
1.3878937007874015
21
1.0807774803149606
0
LINE
8
BLACK
6
CONTINUOUS
10
1.3878937007874015
20
1.0807774803149606
11
1.3874357086614173
21
1.0830799606299213
0
LINE
8
BLACK
6
CONTINUOUS
10
1.3874357086614173
20
1.0830799606299213
11
1.3856910236220472
21
1.0856910236220472
0
LINE
8
BLACK
6
CONTINUOUS
10
1.3856910236220472
20
1.0856910236220472
11
1.3830799606299213
21
1.0874357086614173
0
LINE
8
BLACK
6
CONTINUOUS
10
1.3830799606299213
20
1.0874357086614173
11
1.3807774803149606
21
1.0878937007874014
0
LINE
8
BLACK
6
CONTINUOUS
10
1.3807774803149606
20
1.0878937007874014
11
1.3192225196850393
21
1.0878937007874014
0
LINE
8
BLACK
6
CONTINUOUS
10
1.3192225196850393
20
1.0878937007874014
11
1.3169200393700786
21
1.0874357086614173
0
LINE
8
BLACK
6
CONTINUOUS
10
1.8125642519685039
20
0.4169201181102362
11
1.8125642913385827
21
0.41692
0
LINE
8
BLACK
6
CONTINUOUS
10
1.8125642913385827
20
0.41692
11
1.8143089763779527
21
0.4143089763779527
0
LINE
8
BLACK
6
CONTINUOUS
10
1.8143089763779527
20
0.4143089763779527
11
1.8169199999999999
21
0.4125642913385827
0
LINE
8
BLACK
6
CONTINUOUS
10
1.8169199999999999
20
0.4125642913385827
11
1.8169201181102361
21
0.4125642519685039
0
LINE
8
BLACK
6
CONTINUOUS
10
1.8169201181102361
20
0.4125642519685039
11
1.8192224015748031
21
0.4121062992125984
0
LINE
8
BLACK
6
CONTINUOUS
10
1.8192224015748031
20
0.4121062992125984
11
1.8192225196850393
21
0.4121062992125984
0
LINE
8
BLACK
6
CONTINUOUS
10
1.8192225196850393
20
0.4121062992125984
11
1.8807775590551181
21
0.4121062992125984
0
LINE
8
BLACK
6
CONTINUOUS
10
1.8807775590551181
20
0.4121062992125984
11
1.8830798425196851
21
0.4125642519685039
0
LINE
8
BLACK
6
CONTINUOUS
10
1.8830798425196851
20
0.4125642519685039
11
1.8830799606299211
21
0.4125642913385827
0
LINE
8
BLACK
6
CONTINUOUS
10
1.8830799606299211
20
0.4125642913385827
11
1.8852093307086615
21
0.413987125984252
0
LINE
8
BLACK
6
CONTINUOUS
10
1.8852093307086615
20
0.413987125984252
11
1.8856910236220472
21
0.4143089763779527
0
LINE
8
BLACK
6
CONTINUOUS
10
1.8856910236220472
20
0.4143089763779527
11
1.8874357086614173
21
0.4169200393700787
0
LINE
8
BLACK
6
CONTINUOUS
10
1.8874357086614173
20
0.4169200393700787
11
1.8878937007874015
21
0.4192225196850394
0
LINE
8
BLACK
6
CONTINUOUS
10
1.8878937007874015
20
0.4192225196850394
11
1.8878937007874015
21
0.4807774803149606
0
LINE
8
BLACK
6
CONTINUOUS
10
1.8878937007874015
20
0.4807774803149606
11
1.8874357086614173
21
0.4830799606299213
0
LINE
8
BLACK
6
CONTINUOUS
10
1.8874357086614173
20
0.4830799606299213
11
1.8856910236220472
21
0.4856910236220472
0
LINE
8
BLACK
6
CONTINUOUS
10
1.8856910236220472
20
0.4856910236220472
11
1.8830799606299211
21
0.4874357086614173
0
LINE
8
BLACK
6
CONTINUOUS
10
1.8830799606299211
20
0.4874357086614173
11
1.8807774803149606
21
0.4878937007874016
0
LINE
8
BLACK
6
CONTINUOUS
10
1.8807774803149606
20
0.4878937007874016
11
1.8192225196850393
21
0.4878937007874016
0
LINE
8
BLACK
6
CONTINUOUS
10
1.8192225196850393
20
0.4878937007874016
11
1.8169200393700786
21
0.4874357086614173
0
LINE
8
BLACK
6
CONTINUOUS
10
1.8169200393700786
20
0.4874357086614173
11
1.8143089763779527
21
0.4856910236220472
0
LINE
8
BLACK
6
CONTINUOUS
10
1.8143089763779527
20
0.4856910236220472
11
1.8132780708661418
21
0.484148188976378
0
LINE
8
BLACK
6
CONTINUOUS
10
1.8132780708661418
20
0.484148188976378
11
1.8125642913385827
21
0.4830799606299213
0
LINE
8
BLACK
6
CONTINUOUS
10
1.8125642913385827
20
0.4830799606299213
11
1.8125642519685039
21
0.4830798425196851
0
LINE
8
BLACK
6
CONTINUOUS
10
1.8125642519685039
20
0.4830798425196851
11
1.8121062992125985
21
0.4807775590551181
0
LINE
8
BLACK
6
CONTINUOUS
10
1.8121062992125985
20
0.4807775590551181
11
1.8121062992125985
21
0.4192224015748031
0
LINE
8
BLACK
6
CONTINUOUS
10
1.8121062992125985
20
0.4192224015748031
11
1.8125642519685039
21
0.4169201181102362
0
LINE
8
BLACK
6
CONTINUOUS
10
1.8125642519685039
20
0.5169201181102362
11
1.8125642913385827
21
0.5169199999999999
0
LINE
8
BLACK
6
CONTINUOUS
10
1.8125642913385827
20
0.5169199999999999
11
1.8143089763779527
21
0.5143089763779527
0
LINE
8
BLACK
6
CONTINUOUS
10
1.8143089763779527
20
0.5143089763779527
11
1.8169199999999999
21
0.5125642913385826
0
LINE
8
BLACK
6
CONTINUOUS
10
1.8169199999999999
20
0.5125642913385826
11
1.8169201181102361
21
0.512564251968504
0
LINE
8
BLACK
6
CONTINUOUS
10
1.8169201181102361
20
0.512564251968504
11
1.8192224015748031
21
0.5121062992125984
0
LINE
8
BLACK
6
CONTINUOUS
10
1.8192224015748031
20
0.5121062992125984
11
1.8192225196850393
21
0.5121062992125984
0
LINE
8
BLACK
6
CONTINUOUS
10
1.8192225196850393
20
0.5121062992125984
11
1.8807775590551181
21
0.5121062992125984
0
LINE
8
BLACK
6
CONTINUOUS
10
1.8807775590551181
20
0.5121062992125984
11
1.8830798425196851
21
0.512564251968504
0
LINE
8
BLACK
6
CONTINUOUS
10
1.8830798425196851
20
0.512564251968504
11
1.8830799606299211
21
0.5125642913385826
0
LINE
8
BLACK
6
CONTINUOUS
10
1.8830799606299211
20
0.5125642913385826
11
1.8839459055118111
21
0.5131429133858267
0
LINE
8
BLACK
6
CONTINUOUS
10
1.8839459055118111
20
0.5131429133858267
11
1.8856910236220472
21
0.5143089763779527
0
LINE
8
BLACK
6
CONTINUOUS
10
1.8856910236220472
20
0.5143089763779527
11
1.8874357086614173
21
0.5169200393700787
0
LINE
8
BLACK
6
CONTINUOUS
10
1.8874357086614173
20
0.5169200393700787
11
1.8878937007874015
21
0.5192225196850394
0
LINE
8
BLACK
6
CONTINUOUS
10
1.8878937007874015
20
0.5192225196850394
11
1.8878937007874015
21
0.5807774803149606
0
LINE
8
BLACK
6
CONTINUOUS
10
1.8878937007874015
20
0.5807774803149606
11
1.8874357086614173
21
0.5830799606299213
0
LINE
8
BLACK
6
CONTINUOUS
10
1.8874357086614173
20
0.5830799606299213
11
1.8856910236220472
21
0.5856910236220473
0
LINE
8
BLACK
6
CONTINUOUS
10
1.8856910236220472
20
0.5856910236220473
11
1.8830799606299211
21
0.5874357086614173
0
LINE
8
BLACK
6
CONTINUOUS
10
1.8830799606299211
20
0.5874357086614173
11
1.8807774803149606
21
0.5878937007874016
0
LINE
8
BLACK
6
CONTINUOUS
10
1.8807774803149606
20
0.5878937007874016
11
1.8192225196850393
21
0.5878937007874016
0
LINE
8
BLACK
6
CONTINUOUS
10
1.8192225196850393
20
0.5878937007874016
11
1.8169200393700786
21
0.5874357086614173
0
LINE
8
BLACK
6
CONTINUOUS
10
1.8169200393700786
20
0.5874357086614173
11
1.8143089763779527
21
0.5856910236220473
0
LINE
8
BLACK
6
CONTINUOUS
10
1.8143089763779527
20
0.5856910236220473
11
1.8127362992125984
21
0.5833373622047244
0
LINE
8
BLACK
6
CONTINUOUS
10
1.8127362992125984
20
0.5833373622047244
11
1.8125642913385827
21
0.5830799606299213
0
LINE
8
BLACK
6
CONTINUOUS
10
1.8125642913385827
20
0.5830799606299213
11
1.8125642519685039
21
0.583079842519685
0
LINE
8
BLACK
6
CONTINUOUS
10
1.8125642519685039
20
0.583079842519685
11
1.8121062992125985
21
0.5807775590551181
0
LINE
8
BLACK
6
CONTINUOUS
10
1.8121062992125985
20
0.5807775590551181
11
1.8121062992125985
21
0.5192224015748031
0
LINE
8
BLACK
6
CONTINUOUS
10
1.8121062992125985
20
0.5192224015748031
11
1.8125642519685039
21
0.5169201181102362
0
LINE
8
BLACK
6
CONTINUOUS
10
0.512564251968504
20
0.8169201181102362
11
0.5125642913385826
21
0.81692
0
LINE
8
BLACK
6
CONTINUOUS
10
0.5125642913385826
20
0.81692
11
0.5143089763779527
21
0.8143089763779527
0
LINE
8
BLACK
6
CONTINUOUS
10
0.5143089763779527
20
0.8143089763779527
11
0.5169199999999999
21
0.8125642913385827
0
LINE
8
BLACK
6
CONTINUOUS
10
0.5169199999999999
20
0.8125642913385827
11
0.5169201181102362
21
0.8125642519685039
0
LINE
8
BLACK
6
CONTINUOUS
10
0.5169201181102362
20
0.8125642519685039
11
0.5192224015748031
21
0.8121062992125984
0
LINE
8
BLACK
6
CONTINUOUS
10
0.5192224015748031
20
0.8121062992125984
11
0.5192225196850394
21
0.8121062992125984
0
LINE
8
BLACK
6
CONTINUOUS
10
0.5192225196850394
20
0.8121062992125984
11
0.5807775590551181
21
0.8121062992125984
0
LINE
8
BLACK
6
CONTINUOUS
10
0.5807775590551181
20
0.8121062992125984
11
0.583079842519685
21
0.8125642519685039
0
LINE
8
BLACK
6
CONTINUOUS
10
0.583079842519685
20
0.8125642519685039
11
0.5830799606299213
21
0.8125642913385827
0
LINE
8
BLACK
6
CONTINUOUS
10
0.5830799606299213
20
0.8125642913385827
11
0.5856910236220473
21
0.8143089763779527
0
LINE
8
BLACK
6
CONTINUOUS
10
0.5856910236220473
20
0.8143089763779527
11
0.5874357086614173
21
0.8169200393700787
0
LINE
8
BLACK
6
CONTINUOUS
10
0.5874357086614173
20
0.8169200393700787
11
0.5878937007874016
21
0.8192225196850393
0
LINE
8
BLACK
6
CONTINUOUS
10
0.5878937007874016
20
0.8192225196850393
11
0.5878937007874016
21
0.8807774803149606
0
LINE
8
BLACK
6
CONTINUOUS
10
0.5878937007874016
20
0.8807774803149606
11
0.5874357086614173
21
0.8830799606299212
0
LINE
8
BLACK
6
CONTINUOUS
10
0.5874357086614173
20
0.8830799606299212
11
0.5856910236220473
21
0.8856910236220472
0
LINE
8
BLACK
6
CONTINUOUS
10
0.5856910236220473
20
0.8856910236220472
11
0.5830799606299213
21
0.8874357086614173
0
LINE
8
BLACK
6
CONTINUOUS
10
0.5830799606299213
20
0.8874357086614173
11
0.5807774803149606
21
0.8878937007874016
0
LINE
8
BLACK
6
CONTINUOUS
10
0.5807774803149606
20
0.8878937007874016
11
0.5807774409448819
21
0.8878937007874016
0
LINE
8
BLACK
6
CONTINUOUS
10
0.5807774409448819
20
0.8878937007874016
11
0.5786023622047244
21
0.8878937007874016
0
LINE
8
BLACK
6
CONTINUOUS
10
0.5786023622047244
20
0.8878937007874016
11
0.5759204330708662
21
0.8886811811023622
0
LINE
8
BLACK
6
CONTINUOUS
10
0.5759204330708662
20
0.8886811811023622
11
0.57409
21
0.8907936220472441
0
LINE
8
BLACK
6
CONTINUOUS
10
0.57409
20
0.8907936220472441
11
0.5736417322834646
21
0.8928543307086614
0
LINE
8
BLACK
6
CONTINUOUS
10
0.5736417322834646
20
0.8928543307086614
11
0.5736417322834646
21
0.9071456692913386
0
LINE
8
BLACK
6
CONTINUOUS
10
0.5736417322834646
20
0.9071456692913386
11
0.5744292125984252
21
0.9098275984251968
0
LINE
8
BLACK
6
CONTINUOUS
10
0.5744292125984252
20
0.9098275984251968
11
0.5765416535433071
21
0.9116580314960629
0
LINE
8
BLACK
6
CONTINUOUS
10
0.5765416535433071
20
0.9116580314960629
11
0.5786023622047244
21
0.9121062992125984
0
LINE
8
BLACK
6
CONTINUOUS
10
0.5786023622047244
20
0.9121062992125984
11
0.5807775590551181
21
0.9121062992125984
0
LINE
8
BLACK
6
CONTINUOUS
10
0.5807775590551181
20
0.9121062992125984
11
0.583079842519685
21
0.9125642519685039
0
LINE
8
BLACK
6
CONTINUOUS
10
0.583079842519685
20
0.9125642519685039
11
0.5830799606299213
21
0.9125642913385826
0
LINE
8
BLACK
6
CONTINUOUS
10
0.5830799606299213
20
0.9125642913385826
11
0.5856910236220473
21
0.9143089763779527
0
LINE
8
BLACK
6
CONTINUOUS
10
0.5856910236220473
20
0.9143089763779527
11
0.5874357086614173
21
0.9169200393700787
0
LINE
8
BLACK
6
CONTINUOUS
10
0.5874357086614173
20
0.9169200393700787
11
0.5878936614173228
21
0.9192224015748032
0
LINE
8
BLACK
6
CONTINUOUS
10
0.5878936614173228
20
0.9192224015748032
11
0.5878937007874016
21
0.9192225196850393
0
LINE
8
BLACK
6
CONTINUOUS
10
0.5878937007874016
20
0.9192225196850393
11
0.5878937007874016
21
0.9807774803149606
0
LINE
8
BLACK
6
CONTINUOUS
10
0.5878937007874016
20
0.9807774803149606
11
0.5874357086614173
21
0.9830799606299212
0
LINE
8
BLACK
6
CONTINUOUS
10
0.5874357086614173
20
0.9830799606299212
11
0.5856910236220473
21
0.9856910236220472
0
LINE
8
BLACK
6
CONTINUOUS
10
0.5856910236220473
20
0.9856910236220472
11
0.5830799606299213
21
0.9874357086614173
0
LINE
8
BLACK
6
CONTINUOUS
10
0.5830799606299213
20
0.9874357086614173
11
0.5807774803149606
21
0.9878937007874016
0
LINE
8
BLACK
6
CONTINUOUS
10
0.5807774803149606
20
0.9878937007874016
11
0.5807774409448819
21
0.9878937007874016
0
LINE
8
BLACK
6
CONTINUOUS
10
0.5807774409448819
20
0.9878937007874016
11
0.5786023622047244
21
0.9878937007874016
0
LINE
8
BLACK
6
CONTINUOUS
10
0.5786023622047244
20
0.9878937007874016
11
0.5759204330708662
21
0.9886811811023621
0
LINE
8
BLACK
6
CONTINUOUS
10
0.5759204330708662
20
0.9886811811023621
11
0.57409
21
0.9907936220472441
0
LINE
8
BLACK
6
CONTINUOUS
10
0.57409
20
0.9907936220472441
11
0.5736417322834646
21
0.9928543307086614
0
LINE
8
BLACK
6
CONTINUOUS
10
0.5736417322834646
20
0.9928543307086614
11
0.5736417322834646
21
1.0071456692913385
0
LINE
8
BLACK
6
CONTINUOUS
10
0.5736417322834646
20
1.0071456692913385
11
0.5744292125984252
21
1.0098275984251968
0
LINE
8
BLACK
6
CONTINUOUS
10
0.5744292125984252
20
1.0098275984251968
11
0.5765416535433071
21
1.011658031496063
0
LINE
8
BLACK
6
CONTINUOUS
10
0.5765416535433071
20
1.011658031496063
11
0.5786023622047244
21
1.0121062992125984
0
LINE
8
BLACK
6
CONTINUOUS
10
0.5786023622047244
20
1.0121062992125984
11
0.5807775590551181
21
1.0121062992125984
0
LINE
8
BLACK
6
CONTINUOUS
10
0.5807775590551181
20
1.0121062992125984
11
0.583079842519685
21
1.0125642519685039
0
LINE
8
BLACK
6
CONTINUOUS
10
0.583079842519685
20
1.0125642519685039
11
0.5830799606299213
21
1.0125642913385826
0
LINE
8
BLACK
6
CONTINUOUS
10
0.5830799606299213
20
1.0125642913385826
11
0.5856910236220473
21
1.0143089763779527
0
LINE
8
BLACK
6
CONTINUOUS
10
0.5856910236220473
20
1.0143089763779527
11
0.5874357086614173
21
1.0169200393700788
0
LINE
8
BLACK
6
CONTINUOUS
10
0.5874357086614173
20
1.0169200393700788
11
0.5878936614173228
21
1.019222401574803
0
LINE
8
BLACK
6
CONTINUOUS
10
0.5878936614173228
20
1.019222401574803
11
0.5878937007874016
21
1.0192225196850393
0
LINE
8
BLACK
6
CONTINUOUS
10
0.5878937007874016
20
1.0192225196850393
11
0.5878937007874016
21
1.0807774803149606
0
LINE
8
BLACK
6
CONTINUOUS
10
0.5878937007874016
20
1.0807774803149606
11
0.5874357086614173
21
1.0830799606299213
0
LINE
8
BLACK
6
CONTINUOUS
10
0.5874357086614173
20
1.0830799606299213
11
0.5856910236220473
21
1.0856910236220472
0
LINE
8
BLACK
6
CONTINUOUS
10
0.5856910236220473
20
1.0856910236220472
11
0.5830799606299213
21
1.0874357086614173
0
LINE
8
BLACK
6
CONTINUOUS
10
0.5830799606299213
20
1.0874357086614173
11
0.5830795275590551
21
1.0874357874015748
0
LINE
8
BLACK
6
CONTINUOUS
10
0.5830795275590551
20
1.0874357874015748
11
0.5827194488188976
21
1.087585
0
LINE
8
BLACK
6
CONTINUOUS
10
0.5827194488188976
20
1.087585
11
0.5805430708661418
21
1.0893388976377953
0
LINE
8
BLACK
6
CONTINUOUS
10
0.5805430708661418
20
1.0893388976377953
11
0.5796603543307086
21
1.0919909842519684
0
LINE
8
BLACK
6
CONTINUOUS
10
0.5796603543307086
20
1.0919909842519684
11
0.5803516141732283
21
1.0946992913385827
0
LINE
8
BLACK
6
CONTINUOUS
10
0.5803516141732283
20
1.0946992913385827
11
0.5811101574803149
21
1.0956757086614173
0
LINE
8
BLACK
6
CONTINUOUS
10
0.5811101574803149
20
1.0956757086614173
11
0.5883397637795276
21
1.1029053149606298
0
LINE
8
BLACK
6
CONTINUOUS
10
0.5883397637795276
20
1.1029053149606298
11
0.5907929921259842
21
1.1042449212598424
0
LINE
8
BLACK
6
CONTINUOUS
10
0.5907929921259842
20
1.1042449212598424
11
0.5918474409448818
21
1.1043582677165353
0
LINE
8
BLACK
6
CONTINUOUS
10
0.5918474409448818
20
1.1043582677165353
11
0.9121525590551181
21
1.1043582677165353
0
LINE
8
BLACK
6
CONTINUOUS
10
0.9121525590551181
20
1.1043582677165353
11
0.9148344881889764
21
1.1035707874015748
0
LINE
8
BLACK
6
CONTINUOUS
10
0.9148344881889764
20
1.1035707874015748
11
0.9156600393700787
21
1.1029054724409448
0
LINE
8
BLACK
6
CONTINUOUS
10
0.9156600393700787
20
1.1029054724409448
11
0.9205655511811024
21
1.0979999999999999
0
LINE
8
BLACK
6
CONTINUOUS
10
0.9205655511811024
20
1.0979999999999999
11
0.922228937007874
21
1.0963366141732283
0
LINE
8
BLACK
6
CONTINUOUS
10
0.922228937007874
20
1.0963366141732283
11
0.9235685039370078
21
1.0938833858267716
0
LINE
8
BLACK
6
CONTINUOUS
10
0.9235685039370078
20
1.0938833858267716
11
0.9233690944881889
21
1.0910953543307087
0
LINE
8
BLACK
6
CONTINUOUS
10
0.9233690944881889
20
1.0910953543307087
11
0.9216940157480314
21
1.0888577559055117
0
LINE
8
BLACK
6
CONTINUOUS
10
0.9216940157480314
20
1.0888577559055117
11
0.9194523622047244
21
1.0879875196850393
0
LINE
8
BLACK
6
CONTINUOUS
10
0.9194523622047244
20
1.0879875196850393
11
0.9194615748031496
21
1.0879412598425198
0
LINE
8
BLACK
6
CONTINUOUS
10
0.9194615748031496
20
1.0879412598425198
11
0.9186021259842519
21
1.0877702755905512
0
LINE
8
BLACK
6
CONTINUOUS
10
0.9186021259842519
20
1.0877702755905512
11
0.9169200393700787
21
1.0874357086614173
0
LINE
8
BLACK
6
CONTINUOUS
10
0.9169200393700787
20
1.0874357086614173
11
0.9143089763779527
21
1.0856910236220472
0
LINE
8
BLACK
6
CONTINUOUS
10
0.9143089763779527
20
1.0856910236220472
11
0.9125642913385826
21
1.0830799606299213
0
LINE
8
BLACK
6
CONTINUOUS
10
0.9125642913385826
20
1.0830799606299213
11
0.9125642519685039
21
1.083079842519685
0
LINE
8
BLACK
6
CONTINUOUS
10
0.9125642519685039
20
1.083079842519685
11
0.9121062992125984
21
1.0807775590551181
0
LINE
8
BLACK
6
CONTINUOUS
10
0.9121062992125984
20
1.0807775590551181
11
0.9121062992125984
21
1.019222401574803
0
LINE
8
BLACK
6
CONTINUOUS
10
0.9121062992125984
20
1.019222401574803
11
0.9125642519685039
21
1.0169201181102363
0
LINE
8
BLACK
6
CONTINUOUS
10
0.9125642519685039
20
1.0169201181102363
11
0.9125642913385826
21
1.01692
0
LINE
8
BLACK
6
CONTINUOUS
10
0.9125642913385826
20
1.01692
11
0.9143089763779527
21
1.0143089763779527
0
LINE
8
BLACK
6
CONTINUOUS
10
0.9143089763779527
20
1.0143089763779527
11
0.91692
21
1.0125642913385826
0
LINE
8
BLACK
6
CONTINUOUS
10
0.91692
20
1.0125642913385826
11
0.9169201181102362
21
1.0125642519685039
0
LINE
8
BLACK
6
CONTINUOUS
10
0.9169201181102362
20
1.0125642519685039
11
0.9192224015748032
21
1.0121062992125984
0
LINE
8
BLACK
6
CONTINUOUS
10
0.9192224015748032
20
1.0121062992125984
11
0.9192225196850393
21
1.0121062992125984
0
LINE
8
BLACK
6
CONTINUOUS
10
0.9192225196850393
20
1.0121062992125984
11
0.9213976377952756
21
1.0121062992125984
0
LINE
8
BLACK
6
CONTINUOUS
10
0.9213976377952756
20
1.0121062992125984
11
0.9240795669291338
21
1.0113188188976379
0
LINE
8
BLACK
6
CONTINUOUS
10
0.9240795669291338
20
1.0113188188976379
11
0.92591
21
1.0092063779527558
0
LINE
8
BLACK
6
CONTINUOUS
10
0.92591
20
1.0092063779527558
11
0.9263582677165354
21
1.0071456692913385
0
LINE
8
BLACK
6
CONTINUOUS
10
0.9263582677165354
20
1.0071456692913385
11
0.9263582677165354
21
0.9928543307086614
0
LINE
8
BLACK
6
CONTINUOUS
10
0.9263582677165354
20
0.9928543307086614
11
0.9255707874015748
21
0.9901724015748031
0
LINE
8
BLACK
6
CONTINUOUS
10
0.9255707874015748
20
0.9901724015748031
11
0.9234583464566929
21
0.988341968503937
0
LINE
8
BLACK
6
CONTINUOUS
10
0.9234583464566929
20
0.988341968503937
11
0.9213976377952756
21
0.9878937007874016
0
LINE
8
BLACK
6
CONTINUOUS
10
0.9213976377952756
20
0.9878937007874016
11
0.9192225196850393
21
0.9878937007874016
0
LINE
8
BLACK
6
CONTINUOUS
10
0.9192225196850393
20
0.9878937007874016
11
0.9169200393700787
21
0.9874357086614173
0
LINE
8
BLACK
6
CONTINUOUS
10
0.9169200393700787
20
0.9874357086614173
11
0.9143089763779527
21
0.9856910236220472
0
LINE
8
BLACK
6
CONTINUOUS
10
0.9143089763779527
20
0.9856910236220472
11
0.9125642913385826
21
0.9830799606299212
0
LINE
8
BLACK
6
CONTINUOUS
10
0.9125642913385826
20
0.9830799606299212
11
0.9125642519685039
21
0.9830798425196851
0
LINE
8
BLACK
6
CONTINUOUS
10
0.9125642519685039
20
0.9830798425196851
11
0.9121062992125984
21
0.9807775590551181
0
LINE
8
BLACK
6
CONTINUOUS
10
0.9121062992125984
20
0.9807775590551181
11
0.9121062992125984
21
0.9192224015748032
0
LINE
8
BLACK
6
CONTINUOUS
10
0.9121062992125984
20
0.9192224015748032
11
0.9125642519685039
21
0.9169201181102362
0
LINE
8
BLACK
6
CONTINUOUS
10
0.9125642519685039
20
0.9169201181102362
11
0.9125642913385826
21
0.91692
0
LINE
8
BLACK
6
CONTINUOUS
10
0.9125642913385826
20
0.91692
11
0.9143089763779527
21
0.9143089763779527
0
LINE
8
BLACK
6
CONTINUOUS
10
0.9143089763779527
20
0.9143089763779527
11
0.91692
21
0.9125642913385826
0
LINE
8
BLACK
6
CONTINUOUS
10
0.91692
20
0.9125642913385826
11
0.9169201181102362
21
0.9125642519685039
0
LINE
8
BLACK
6
CONTINUOUS
10
0.9169201181102362
20
0.9125642519685039
11
0.9192224015748032
21
0.9121062992125984
0
LINE
8
BLACK
6
CONTINUOUS
10
0.9192224015748032
20
0.9121062992125984
11
0.9192225196850393
21
0.9121062992125984
0
LINE
8
BLACK
6
CONTINUOUS
10
0.9192225196850393
20
0.9121062992125984
11
0.9213976377952756
21
0.9121062992125984
0
LINE
8
BLACK
6
CONTINUOUS
10
0.9213976377952756
20
0.9121062992125984
11
0.9240795669291338
21
0.9113188188976378
0
LINE
8
BLACK
6
CONTINUOUS
10
0.9240795669291338
20
0.9113188188976378
11
0.92591
21
0.9092063779527559
0
LINE
8
BLACK
6
CONTINUOUS
10
0.92591
20
0.9092063779527559
11
0.9263582677165354
21
0.9071456692913386
0
LINE
8
BLACK
6
CONTINUOUS
10
0.9263582677165354
20
0.9071456692913386
11
0.9263582677165354
21
0.7212876377952756
0
LINE
8
BLACK
6
CONTINUOUS
10
0.9263582677165354
20
0.7212876377952756
11
0.9263158267716535
21
0.7206401181102362
0
LINE
8
BLACK
6
CONTINUOUS
10
0.9263158267716535
20
0.7206401181102362
11
0.9261542519685039
21
0.7194128346456693
0
LINE
8
BLACK
6
CONTINUOUS
10
0.9261542519685039
20
0.7194128346456693
11
0.9261542519685039
21
0.7194127952755905
0
LINE
8
BLACK
6
CONTINUOUS
10
0.9261542519685039
20
0.7194127952755905
11
0.9263158267716535
21
0.7181855511811024
0
LINE
8
BLACK
6
CONTINUOUS
10
0.9263158267716535
20
0.7181855511811024
11
0.9263582677165354
21
0.7175380708661417
0
LINE
8
BLACK
6
CONTINUOUS
10
0.9263582677165354
20
0.7175380708661417
11
0.9263582677165354
21
0.6318474409448819
0
LINE
8
BLACK
6
CONTINUOUS
10
0.9263582677165354
20
0.6318474409448819
11
0.9255707874015748
21
0.6291655118110236
0
LINE
8
BLACK
6
CONTINUOUS
10
0.9255707874015748
20
0.6291655118110236
11
0.9249053149606299
21
0.6283397637795275
0
LINE
8
BLACK
6
CONTINUOUS
10
0.9249053149606299
20
0.6283397637795275
11
0.919553937007874
21
0.6229883858267716
0
LINE
8
BLACK
6
CONTINUOUS
10
0.919553937007874
20
0.6229883858267716
11
0.9171007086614174
21
0.621648779527559
0
LINE
8
BLACK
6
CONTINUOUS
10
0.9171007086614174
20
0.621648779527559
11
0.9160462598425196
21
0.6215354330708661
0
LINE
8
BLACK
6
CONTINUOUS
10
0.9160462598425196
20
0.6215354330708661
11
0.9053654724409449
21
0.6215354330708661
0
LINE
8
BLACK
6
CONTINUOUS
10
0.9053654724409449
20
0.6215354330708661
11
0.9026835433070866
21
0.6223229133858268
0
LINE
8
BLACK
6
CONTINUOUS
10
0.9026835433070866
20
0.6223229133858268
11
0.9008531102362205
21
0.6244353543307086
0
LINE
8
BLACK
6
CONTINUOUS
10
0.9008531102362205
20
0.6244353543307086
11
0.9004553149606299
21
0.6272020472440945
0
LINE
8
BLACK
6
CONTINUOUS
10
0.9004553149606299
20
0.6272020472440945
11
0.9007824409448819
21
0.6283944094488189
0
LINE
8
BLACK
6
CONTINUOUS
10
0.9007824409448819
20
0.6283944094488189
11
0.9013942519685039
21
0.6298714566929133
0
LINE
8
BLACK
6
CONTINUOUS
10
0.9013942519685039
20
0.6298714566929133
11
0.9030332283464567
21
0.6338282677165354
0
LINE
8
BLACK
6
CONTINUOUS
10
0.9030332283464567
20
0.6338282677165354
11
0.9038457480314961
21
0.64
0
LINE
8
BLACK
6
CONTINUOUS
10
0.9038457480314961
20
0.64
11
0.9030332283464567
21
0.6461717322834646
0
LINE
8
BLACK
6
CONTINUOUS
10
0.9030332283464567
20
0.6461717322834646
11
0.9006510236220472
21
0.651922874015748
0
LINE
8
BLACK
6
CONTINUOUS
10
0.9006510236220472
20
0.651922874015748
11
0.8968614960629921
21
0.6568614960629922
0
LINE
8
BLACK
6
CONTINUOUS
10
0.8968614960629921
20
0.6568614960629922
11
0.891922874015748
21
0.6606510236220472
0
LINE
8
BLACK
6
CONTINUOUS
10
0.891922874015748
20
0.6606510236220472
11
0.8861717322834646
21
0.6630332283464567
0
LINE
8
BLACK
6
CONTINUOUS
10
0.8861717322834646
20
0.6630332283464567
11
0.8861713385826772
21
0.6630332677165354
0
LINE
8
BLACK
6
CONTINUOUS
10
0.8861713385826772
20
0.6630332677165354
11
0.8858576771653544
21
0.6631173622047244
0
LINE
8
BLACK
6
CONTINUOUS
10
0.8858576771653544
20
0.6631173622047244
11
0.8858803543307087
21
0.6632020866141732
0
LINE
8
BLACK
6
CONTINUOUS
10
0.8858803543307087
20
0.6632020866141732
11
0.8837444881889763
21
0.6641465354330709
0
LINE
8
BLACK
6
CONTINUOUS
10
0.8837444881889763
20
0.6641465354330709
11
0.8834402755905512
21
0.6644263385826772
0
LINE
8
BLACK
6
CONTINUOUS
10
0.8834402755905512
20
0.6644263385826772
11
0.8658084251968504
21
0.6820581889763779
0
LINE
8
BLACK
6
CONTINUOUS
10
0.8658084251968504
20
0.6820581889763779
11
0.8651429527559055
21
0.682884094488189
0
LINE
8
BLACK
6
CONTINUOUS
10
0.8651429527559055
20
0.682884094488189
11
0.865045
21
0.6830365354330709
0
LINE
8
BLACK
6
CONTINUOUS
10
0.865045
20
0.6830365354330709
11
0.8635688188976378
21
0.6843155511811023
0
LINE
8
BLACK
6
CONTINUOUS
10
0.8635688188976378
20
0.6843155511811023
11
0.8633101181102362
21
0.6845565354330708
0
LINE
8
BLACK
6
CONTINUOUS
10
0.8633101181102362
20
0.6845565354330708
11
0.8629368897637795
21
0.6849298031496063
0
LINE
8
BLACK
6
CONTINUOUS
10
0.8629368897637795
20
0.6849298031496063
11
0.8629368503937007
21
0.6849298031496063
0
LINE
8
BLACK
6
CONTINUOUS
10
0.8629368503937007
20
0.6849298031496063
11
0.8629367322834646
21
0.6849299606299213
0
LINE
8
BLACK
6
CONTINUOUS
10
0.8629367322834646
20
0.6849299606299213
11
0.8625135433070866
21
0.6852466929133858
0
LINE
8
BLACK
6
CONTINUOUS
10
0.8625135433070866
20
0.6852466929133858
11
0.8622380314960629
21
0.6854687401574803
0
LINE
8
BLACK
6
CONTINUOUS
10
0.8622380314960629
20
0.6854687401574803
11
0.8614943307086614
21
0.6861131496062992
0
LINE
8
BLACK
6
CONTINUOUS
10
0.8614943307086614
20
0.6861131496062992
11
0.860762716535433
21
0.6867471259842519
0
LINE
8
BLACK
6
CONTINUOUS
10
0.860762716535433
20
0.6867471259842519
11
0.8605977559055118
21
0.6868224015748031
0
LINE
8
BLACK
6
CONTINUOUS
10
0.8605977559055118
20
0.6868224015748031
11
0.8596857086614174
21
0.6873636220472441
0
LINE
8
BLACK
6
CONTINUOUS
10
0.8596857086614174
20
0.6873636220472441
11
0.859540590551181
21
0.6874722834645669
0
LINE
8
BLACK
6
CONTINUOUS
10
0.859540590551181
20
0.6874722834645669
11
0.8577111023622047
21
0.6881546062992125
0
LINE
8
BLACK
6
CONTINUOUS
10
0.8577111023622047
20
0.6881546062992125
11
0.8573844881889764
21
0.6882898818897638
0
LINE
8
BLACK
6
CONTINUOUS
10
0.8573844881889764
20
0.6882898818897638
11
0.8556085433070866
21
0.6891009842519685
0
LINE
8
BLACK
6
CONTINUOUS
10
0.8556085433070866
20
0.6891009842519685
11
0.8554291732283464
21
0.6891267322834645
0
LINE
8
BLACK
6
CONTINUOUS
10
0.8554291732283464
20
0.6891267322834645
11
0.8544012204724409
21
0.689389094488189
0
LINE
8
BLACK
6
CONTINUOUS
10
0.8544012204724409
20
0.689389094488189
11
0.8542316141732283
21
0.6894524015748031
0
LINE
8
BLACK
6
CONTINUOUS
10
0.8542316141732283
20
0.6894524015748031
11
0.8522838188976378
21
0.6895916929133858
0
LINE
8
BLACK
6
CONTINUOUS
10
0.8522838188976378
20
0.6895916929133858
11
0.8519330708661417
21
0.6896294094488189
0
LINE
8
BLACK
6
CONTINUOUS
10
0.8519330708661417
20
0.6896294094488189
11
0.8514094094488189
21
0.6897047244094489
0
LINE
8
BLACK
6
CONTINUOUS
10
0.8514094094488189
20
0.6897047244094489
11
0.8514093700787402
21
0.6897047244094489
0
LINE
8
BLACK
6
CONTINUOUS
10
0.8514093700787402
20
0.6897047244094489
11
0.8508811023622047
21
0.6897047244094489
0
LINE
8
BLACK
6
CONTINUOUS
10
0.8508811023622047
20
0.6897047244094489
11
0.8505272440944882
21
0.6897173228346457
0
LINE
8
BLACK
6
CONTINUOUS
10
0.8505272440944882
20
0.6897173228346457
11
0.8485798031496062
21
0.6898566535433071
0
LINE
8
BLACK
6
CONTINUOUS
10
0.8485798031496062
20
0.6898566535433071
11
0.8484026377952756
21
0.6898181102362204
0
LINE
8
BLACK
6
CONTINUOUS
10
0.8484026377952756
20
0.6898181102362204
11
0.8473481102362205
21
0.6897047244094489
0
LINE
8
BLACK
6
CONTINUOUS
10
0.8473481102362205
20
0.6897047244094489
11
0.6486518897637795
21
0.6897047244094489
0
LINE
8
BLACK
6
CONTINUOUS
10
0.6486518897637795
20
0.6897047244094489
11
0.6475973622047244
21
0.6898181102362204
0
LINE
8
BLACK
6
CONTINUOUS
10
0.6475973622047244
20
0.6898181102362204
11
0.6474201968503936
21
0.6898566535433071
0
LINE
8
BLACK
6
CONTINUOUS
10
0.6474201968503936
20
0.6898566535433071
11
0.645472716535433
21
0.6897173228346457
0
LINE
8
BLACK
6
CONTINUOUS
10
0.645472716535433
20
0.6897173228346457
11
0.6451188976377953
21
0.6897047244094489
0
LINE
8
BLACK
6
CONTINUOUS
10
0.6451188976377953
20
0.6897047244094489
11
0.6445905905511811
21
0.6897047244094489
0
LINE
8
BLACK
6
CONTINUOUS
10
0.6445905905511811
20
0.6897047244094489
11
0.6440668897637795
21
0.6896294094488189
0
LINE
8
BLACK
6
CONTINUOUS
10
0.6440668897637795
20
0.6896294094488189
11
0.6437162204724409
21
0.6895916929133858
0
LINE
8
BLACK
6
CONTINUOUS
10
0.6437162204724409
20
0.6895916929133858
11
0.6417683858267716
21
0.6894524015748031
0
LINE
8
BLACK
6
CONTINUOUS
10
0.6417683858267716
20
0.6894524015748031
11
0.6415985039370079
21
0.6893890157480315
0
LINE
8
BLACK
6
CONTINUOUS
10
0.6415985039370079
20
0.6893890157480315
11
0.6405711417322835
21
0.6891268110236221
0
LINE
8
BLACK
6
CONTINUOUS
10
0.6405711417322835
20
0.6891268110236221
11
0.6403914566929134
21
0.6891009842519685
0
LINE
8
BLACK
6
CONTINUOUS
10
0.6403914566929134
20
0.6891009842519685
11
0.6386152362204724
21
0.6882897637795276
0
LINE
8
BLACK
6
CONTINUOUS
10
0.6386152362204724
20
0.6882897637795276
11
0.6382885039370079
21
0.6881544881889764
0
LINE
8
BLACK
6
CONTINUOUS
10
0.6382885039370079
20
0.6881544881889764
11
0.6364595669291339
21
0.6874723622047244
0
LINE
8
BLACK
6
CONTINUOUS
10
0.6364595669291339
20
0.6874723622047244
11
0.6364595275590551
21
0.6874723228346457
0
LINE
8
BLACK
6
CONTINUOUS
10
0.6364595275590551
20
0.6874723228346457
11
0.6364594094488188
21
0.6874722834645669
0
LINE
8
BLACK
6
CONTINUOUS
10
0.6364594094488188
20
0.6874722834645669
11
0.6363139763779527
21
0.6873634251968503
0
LINE
8
BLACK
6
CONTINUOUS
10
0.6363139763779527
20
0.6873634251968503
11
0.6354021653543307
21
0.6868224015748031
0
LINE
8
BLACK
6
CONTINUOUS
10
0.6354021653543307
20
0.6868224015748031
11
0.6352372834645669
21
0.6867471259842519
0
LINE
8
BLACK
6
CONTINUOUS
10
0.6352372834645669
20
0.6867471259842519
11
0.6352372440944882
21
0.6867470866141732
0
LINE
8
BLACK
6
CONTINUOUS
10
0.6352372440944882
20
0.6867470866141732
11
0.633762125984252
21
0.6854688976377953
0
LINE
8
BLACK
6
CONTINUOUS
10
0.633762125984252
20
0.6854688976377953
11
0.6334865354330709
21
0.6852468110236221
0
LINE
8
BLACK
6
CONTINUOUS
10
0.6334865354330709
20
0.6852468110236221
11
0.6330632677165354
21
0.6849299606299213
0
LINE
8
BLACK
6
CONTINUOUS
10
0.6330632677165354
20
0.6849299606299213
11
0.6326893307086614
21
0.6845560236220473
0
LINE
8
BLACK
6
CONTINUOUS
10
0.6326893307086614
20
0.6845560236220473
11
0.6324307086614173
21
0.6843152362204724
0
LINE
8
BLACK
6
CONTINUOUS
10
0.6324307086614173
20
0.6843152362204724
11
0.6309549999999999
21
0.6830365354330709
0
LINE
8
BLACK
6
CONTINUOUS
10
0.6309549999999999
20
0.6830365354330709
11
0.6309549606299213
21
0.6830364960629921
0
LINE
8
BLACK
6
CONTINUOUS
10
0.6309549606299213
20
0.6830364960629921
11
0.6308567716535433
21
0.6828837007874016
0
LINE
8
BLACK
6
CONTINUOUS
10
0.6308567716535433
20
0.6828837007874016
11
0.6301913779527559
21
0.6820580708661417
0
LINE
8
BLACK
6
CONTINUOUS
10
0.6301913779527559
20
0.6820580708661417
11
0.5923226771653544
21
0.6441893700787401
0
LINE
8
BLACK
6
CONTINUOUS
10
0.5923226771653544
20
0.6441893700787401
11
0.5898694488188976
21
0.6428497637795275
0
LINE
8
BLACK
6
CONTINUOUS
10
0.5898694488188976
20
0.6428497637795275
11
0.5870814566929133
21
0.6430491732283464
0
LINE
8
BLACK
6
CONTINUOUS
10
0.5870814566929133
20
0.6430491732283464
11
0.5870240551181102
21
0.6430709842519685
0
LINE
8
BLACK
6
CONTINUOUS
10
0.5870240551181102
20
0.6430709842519685
11
0.5857929133858267
21
0.6435479527559055
0
LINE
8
BLACK
6
CONTINUOUS
10
0.5857929133858267
20
0.6435479527559055
11
0.5771827952755906
21
0.6451574803149606
0
LINE
8
BLACK
6
CONTINUOUS
10
0.5771827952755906
20
0.6451574803149606
11
0.5684235039370079
21
0.6451574803149606
0
LINE
8
BLACK
6
CONTINUOUS
10
0.5684235039370079
20
0.6451574803149606
11
0.5598133858267716
21
0.6435479527559055
0
LINE
8
BLACK
6
CONTINUOUS
10
0.5598133858267716
20
0.6435479527559055
11
0.5598132283464566
21
0.643547874015748
0
LINE
8
BLACK
6
CONTINUOUS
10
0.5598132283464566
20
0.643547874015748
11
0.5598131102362205
21
0.643547874015748
0
LINE
8
BLACK
6
CONTINUOUS
10
0.5598131102362205
20
0.643547874015748
11
0.5553744881889764
21
0.6418283070866142
0
LINE
8
BLACK
6
CONTINUOUS
10
0.5553744881889764
20
0.6418283070866142
11
0.5516456299212599
21
0.6403837401574803
0
LINE
8
BLACK
6
CONTINUOUS
10
0.5516456299212599
20
0.6403837401574803
11
0.5516452755905512
21
0.6403835039370078
0
LINE
8
BLACK
6
CONTINUOUS
10
0.5516452755905512
20
0.6403835039370078
11
0.551645157480315
21
0.6403834645669291
0
LINE
8
BLACK
6
CONTINUOUS
10
0.551645157480315
20
0.6403834645669291
11
0.5441983858267716
21
0.6357726377952756
0
LINE
8
BLACK
6
CONTINUOUS
10
0.5441983858267716
20
0.6357726377952756
11
0.5441983464566928
21
0.6357725984251968
0
LINE
8
BLACK
6
CONTINUOUS
10
0.5441983464566928
20
0.6357725984251968
11
0.5377250787401575
21
0.6298714566929133
0
LINE
8
BLACK
6
CONTINUOUS
10
0.5377250787401575
20
0.6298714566929133
11
0.5324465354330709
21
0.6228814566929134
0
LINE
8
BLACK
6
CONTINUOUS
10
0.5324465354330709
20
0.6228814566929134
11
0.5324463779527558
21
0.6228812598425196
0
LINE
8
BLACK
6
CONTINUOUS
10
0.5324463779527558
20
0.6228812598425196
11
0.5285422834645669
21
0.6150408267716535
0
LINE
8
BLACK
6
CONTINUOUS
10
0.5285422834645669
20
0.6150408267716535
11
0.5285420472440945
21
0.6150401574803149
0
LINE
8
BLACK
6
CONTINUOUS
10
0.5285420472440945
20
0.6150401574803149
11
0.5261450787401575
21
0.6066157086614173
0
LINE
8
BLACK
6
CONTINUOUS
10
0.5261450787401575
20
0.6066157086614173
11
0.5253368897637796
21
0.5978937007874016
0
LINE
8
BLACK
6
CONTINUOUS
10
0.5253368897637796
20
0.5978937007874016
11
0.5261450787401575
21
0.589171653543307
0
LINE
8
BLACK
6
CONTINUOUS
10
0.5261450787401575
20
0.589171653543307
11
0.5285420472440945
21
0.5807472047244094
0
LINE
8
BLACK
6
CONTINUOUS
10
0.5285420472440945
20
0.5807472047244094
11
0.5285422834645669
21
0.5807465354330709
0
LINE
8
BLACK
6
CONTINUOUS
10
0.5285422834645669
20
0.5807465354330709
11
0.5324463779527558
21
0.5729061023622047
0
LINE
8
BLACK
6
CONTINUOUS
10
0.5324463779527558
20
0.5729061023622047
11
0.5324465354330709
21
0.572905905511811
0
LINE
8
BLACK
6
CONTINUOUS
10
0.5324465354330709
20
0.572905905511811
11
0.5377250787401575
21
0.565915905511811
0
LINE
8
BLACK
6
CONTINUOUS
10
0.5377250787401575
20
0.565915905511811
11
0.5441983464566928
21
0.5600147637795275
0
LINE
8
BLACK
6
CONTINUOUS
10
0.5441983464566928
20
0.5600147637795275
11
0.5441983858267716
21
0.5600147244094488
0
LINE
8
BLACK
6
CONTINUOUS
10
0.5441983858267716
20
0.5600147244094488
11
0.551645157480315
21
0.5554038976377953
0
LINE
8
BLACK
6
CONTINUOUS
10
0.551645157480315
20
0.5554038976377953
11
0.5516457874015748
21
0.5554035826771654
0
LINE
8
BLACK
6
CONTINUOUS
10
0.5516457874015748
20
0.5554035826771654
11
0.5598131102362205
21
0.5522394881889764
0
LINE
8
BLACK
6
CONTINUOUS
10
0.5598131102362205
20
0.5522394881889764
11
0.5628690551181103
21
0.5516682283464567
0
LINE
8
BLACK
6
CONTINUOUS
10
0.5628690551181103
20
0.5516682283464567
11
0.5684235039370079
21
0.5506299212598426
0
LINE
8
BLACK
6
CONTINUOUS
10
0.5684235039370079
20
0.5506299212598426
11
0.5684236220472441
21
0.5506299212598426
0
LINE
8
BLACK
6
CONTINUOUS
10
0.5684236220472441
20
0.5506299212598426
11
0.5771826771653543
21
0.5506299212598426
0
LINE
8
BLACK
6
CONTINUOUS
10
0.5771826771653543
20
0.5506299212598426
11
0.5771827952755906
21
0.5506299212598426
0
LINE
8
BLACK
6
CONTINUOUS
10
0.5771827952755906
20
0.5506299212598426
11
0.5842587401574802
21
0.5519526377952756
0
LINE
8
BLACK
6
CONTINUOUS
10
0.5842587401574802
20
0.5519526377952756
11
0.5857931496062992
21
0.5522394881889764
0
LINE
8
BLACK
6
CONTINUOUS
10
0.5857931496062992
20
0.5522394881889764
11
0.5939604724409449
21
0.5554035826771654
0
LINE
8
BLACK
6
CONTINUOUS
10
0.5939604724409449
20
0.5554035826771654
11
0.5939606692913386
21
0.5554036614173228
0
LINE
8
BLACK
6
CONTINUOUS
10
0.5939606692913386
20
0.5554036614173228
11
0.5939608267716535
21
0.5554037401574803
0
LINE
8
BLACK
6
CONTINUOUS
10
0.5939608267716535
20
0.5554037401574803
11
0.5939611023622047
21
0.5554038976377953
0
LINE
8
BLACK
6
CONTINUOUS
10
0.5939611023622047
20
0.5554038976377953
11
0.601407874015748
21
0.5600147244094488
0
LINE
8
BLACK
6
CONTINUOUS
10
0.601407874015748
20
0.5600147244094488
11
0.6014079133858268
21
0.5600147637795275
0
LINE
8
BLACK
6
CONTINUOUS
10
0.6014079133858268
20
0.5600147637795275
11
0.6078811811023622
21
0.565915905511811
0
LINE
8
BLACK
6
CONTINUOUS
10
0.6078811811023622
20
0.565915905511811
11
0.6131597244094488
21
0.572905905511811
0
LINE
8
BLACK
6
CONTINUOUS
10
0.6131597244094488
20
0.572905905511811
11
0.6131598818897638
21
0.5729061023622047
0
LINE
8
BLACK
6
CONTINUOUS
10
0.6131598818897638
20
0.5729061023622047
11
0.6170639763779527
21
0.5807465354330709
0
LINE
8
BLACK
6
CONTINUOUS
10
0.6170639763779527
20
0.5807465354330709
11
0.6170642125984251
21
0.5807472047244094
0
LINE
8
BLACK
6
CONTINUOUS
10
0.6170642125984251
20
0.5807472047244094
11
0.6180318897637795
21
0.584148188976378
0
LINE
8
BLACK
6
CONTINUOUS
10
0.6180318897637795
20
0.584148188976378
11
0.6195232283464567
21
0.5865122440944882
0
LINE
8
BLACK
6
CONTINUOUS
10
0.6195232283464567
20
0.5865122440944882
11
0.6220559448818898
21
0.5876946850393701
0
LINE
8
BLACK
6
CONTINUOUS
10
0.6220559448818898
20
0.5876946850393701
11
0.6248259055118111
21
0.587320157480315
0
LINE
8
BLACK
6
CONTINUOUS
10
0.6248259055118111
20
0.587320157480315
11
0.626953622047244
21
0.5855075590551181
0
LINE
8
BLACK
6
CONTINUOUS
10
0.626953622047244
20
0.5855075590551181
11
0.6275744094488189
21
0.584148188976378
0
LINE
8
BLACK
6
CONTINUOUS
10
0.6275744094488189
20
0.584148188976378
11
0.6285420472440945
21
0.5807472047244094
0
LINE
8
BLACK
6
CONTINUOUS
10
0.6285420472440945
20
0.5807472047244094
11
0.6285422834645669
21
0.5807465354330709
0
LINE
8
BLACK
6
CONTINUOUS
10
0.6285422834645669
20
0.5807465354330709
11
0.6324463779527559
21
0.5729061023622047
0
LINE
8
BLACK
6
CONTINUOUS
10
0.6324463779527559
20
0.5729061023622047
11
0.6324465354330708
21
0.572905905511811
0
LINE
8
BLACK
6
CONTINUOUS
10
0.6324465354330708
20
0.572905905511811
11
0.6377250787401575
21
0.565915905511811
0
LINE
8
BLACK
6
CONTINUOUS
10
0.6377250787401575
20
0.565915905511811
11
0.6441983464566929
21
0.5600147637795275
0
LINE
8
BLACK
6
CONTINUOUS
10
0.6441983464566929
20
0.5600147637795275
11
0.6441983858267717
21
0.5600147244094488
0
LINE
8
BLACK
6
CONTINUOUS
10
0.6441983858267717
20
0.5600147244094488
11
0.6516451574803149
21
0.5554038976377953
0
LINE
8
BLACK
6
CONTINUOUS
10
0.6516451574803149
20
0.5554038976377953
11
0.6516457874015747
21
0.5554035826771654
0
LINE
8
BLACK
6
CONTINUOUS
10
0.6516457874015747
20
0.5554035826771654
11
0.6598131102362205
21
0.5522394881889764
0
LINE
8
BLACK
6
CONTINUOUS
10
0.6598131102362205
20
0.5522394881889764
11
0.6628690551181102
21
0.5516682283464567
0
LINE
8
BLACK
6
CONTINUOUS
10
0.6628690551181102
20
0.5516682283464567
11
0.6684235039370079
21
0.5506299212598426
0
LINE
8
BLACK
6
CONTINUOUS
10
0.6684235039370079
20
0.5506299212598426
11
0.668423622047244
21
0.5506299212598426
0
LINE
8
BLACK
6
CONTINUOUS
10
0.668423622047244
20
0.5506299212598426
11
0.6771826771653543
21
0.5506299212598426
0
LINE
8
BLACK
6
CONTINUOUS
10
0.6771826771653543
20
0.5506299212598426
11
0.6771827952755906
21
0.5506299212598426
0
LINE
8
BLACK
6
CONTINUOUS
10
0.6771827952755906
20
0.5506299212598426
11
0.6842587401574803
21
0.5519526377952756
0
LINE
8
BLACK
6
CONTINUOUS
10
0.6842587401574803
20
0.5519526377952756
11
0.6857931496062992
21
0.5522394881889764
0
LINE
8
BLACK
6
CONTINUOUS
10
0.6857931496062992
20
0.5522394881889764
11
0.6939604724409448
21
0.5554035826771654
0
LINE
8
BLACK
6
CONTINUOUS
10
0.6939604724409448
20
0.5554035826771654
11
0.6939606692913386
21
0.5554036614173228
0
LINE
8
BLACK
6
CONTINUOUS
10
0.6939606692913386
20
0.5554036614173228
11
0.6939608267716535
21
0.5554037401574803
0
LINE
8
BLACK
6
CONTINUOUS
10
0.6939608267716535
20
0.5554037401574803
11
0.6939611023622048
21
0.5554038976377953
0
LINE
8
BLACK
6
CONTINUOUS
10
0.6939611023622048
20
0.5554038976377953
11
0.701407874015748
21
0.5600147244094488
0
LINE
8
BLACK
6
CONTINUOUS
10
0.701407874015748
20
0.5600147244094488
11
0.7014079133858268
21
0.5600147637795275
0
LINE
8
BLACK
6
CONTINUOUS
10
0.7014079133858268
20
0.5600147637795275
11
0.7078811811023622
21
0.565915905511811
0
LINE
8
BLACK
6
CONTINUOUS
10
0.7078811811023622
20
0.565915905511811
11
0.7131597244094487
21
0.572905905511811
0
LINE
8
BLACK
6
CONTINUOUS
10
0.7131597244094487
20
0.572905905511811
11
0.7131598818897638
21
0.5729061023622047
0
LINE
8
BLACK
6
CONTINUOUS
10
0.7131598818897638
20
0.5729061023622047
11
0.7170639763779527
21
0.5807465354330709
0
LINE
8
BLACK
6
CONTINUOUS
10
0.7170639763779527
20
0.5807465354330709
11
0.7170642125984252
21
0.5807472047244094
0
LINE
8
BLACK
6
CONTINUOUS
10
0.7170642125984252
20
0.5807472047244094
11
0.7180318897637795
21
0.584148188976378
0
LINE
8
BLACK
6
CONTINUOUS
10
0.7180318897637795
20
0.584148188976378
11
0.7195232283464567
21
0.5865122440944882
0
LINE
8
BLACK
6
CONTINUOUS
10
0.7195232283464567
20
0.5865122440944882
11
0.7220559448818897
21
0.5876946850393701
0
LINE
8
BLACK
6
CONTINUOUS
10
0.7220559448818897
20
0.5876946850393701
11
0.724825905511811
21
0.587320157480315
0
LINE
8
BLACK
6
CONTINUOUS
10
0.724825905511811
20
0.587320157480315
11
0.7269536220472441
21
0.5855075590551181
0
LINE
8
BLACK
6
CONTINUOUS
10
0.7269536220472441
20
0.5855075590551181
11
0.7275744094488189
21
0.584148188976378
0
LINE
8
BLACK
6
CONTINUOUS
10
0.7275744094488189
20
0.584148188976378
11
0.7285420472440944
21
0.5807472047244094
0
LINE
8
BLACK
6
CONTINUOUS
10
0.7285420472440944
20
0.5807472047244094
11
0.728542283464567
21
0.5807465354330709
0
LINE
8
BLACK
6
CONTINUOUS
10
0.728542283464567
20
0.5807465354330709
11
0.7324463779527559
21
0.5729061023622047
0
LINE
8
BLACK
6
CONTINUOUS
10
0.7324463779527559
20
0.5729061023622047
11
0.7324465354330708
21
0.572905905511811
0
LINE
8
BLACK
6
CONTINUOUS
10
0.7324465354330708
20
0.572905905511811
11
0.7377250787401575
21
0.565915905511811
0
LINE
8
BLACK
6
CONTINUOUS
10
0.7377250787401575
20
0.565915905511811
11
0.7441983464566929
21
0.5600147637795275
0
LINE
8
BLACK
6
CONTINUOUS
10
0.7441983464566929
20
0.5600147637795275
11
0.7441983858267717
21
0.5600147244094488
0
LINE
8
BLACK
6
CONTINUOUS
10
0.7441983858267717
20
0.5600147244094488
11
0.7516451574803149
21
0.5554038976377953
0
LINE
8
BLACK
6
CONTINUOUS
10
0.7516451574803149
20
0.5554038976377953
11
0.7516457874015748
21
0.5554035826771654
0
LINE
8
BLACK
6
CONTINUOUS
10
0.7516457874015748
20
0.5554035826771654
11
0.7598131102362204
21
0.5522394881889764
0
LINE
8
BLACK
6
CONTINUOUS
10
0.7598131102362204
20
0.5522394881889764
11
0.7628690551181102
21
0.5516682283464567
0
LINE
8
BLACK
6
CONTINUOUS
10
0.7628690551181102
20
0.5516682283464567
11
0.7684235039370079
21
0.5506299212598426
0
LINE
8
BLACK
6
CONTINUOUS
10
0.7684235039370079
20
0.5506299212598426
11
0.7684236220472441
21
0.5506299212598426
0
LINE
8
BLACK
6
CONTINUOUS
10
0.7684236220472441
20
0.5506299212598426
11
0.7771826771653543
21
0.5506299212598426
0
LINE
8
BLACK
6
CONTINUOUS
10
0.7771826771653543
20
0.5506299212598426
11
0.7771827952755905
21
0.5506299212598426
0
LINE
8
BLACK
6
CONTINUOUS
10
0.7771827952755905
20
0.5506299212598426
11
0.7842587401574803
21
0.5519526377952756
0
LINE
8
BLACK
6
CONTINUOUS
10
0.7842587401574803
20
0.5519526377952756
11
0.7857931496062992
21
0.5522394881889764
0
LINE
8
BLACK
6
CONTINUOUS
10
0.7857931496062992
20
0.5522394881889764
11
0.7939604724409448
21
0.5554035826771654
0
LINE
8
BLACK
6
CONTINUOUS
10
0.7939604724409448
20
0.5554035826771654
11
0.7939606692913386
21
0.5554036614173228
0
LINE
8
BLACK
6
CONTINUOUS
10
0.7939606692913386
20
0.5554036614173228
11
0.7939608267716535
21
0.5554037401574803
0
LINE
8
BLACK
6
CONTINUOUS
10
0.7939608267716535
20
0.5554037401574803
11
0.7939611023622047
21
0.5554038976377953
0
LINE
8
BLACK
6
CONTINUOUS
10
0.7939611023622047
20
0.5554038976377953
11
0.801407874015748
21
0.5600147244094488
0
LINE
8
BLACK
6
CONTINUOUS
10
0.801407874015748
20
0.5600147244094488
11
0.8014079133858267
21
0.5600147637795275
0
LINE
8
BLACK
6
CONTINUOUS
10
0.8014079133858267
20
0.5600147637795275
11
0.8078811811023622
21
0.565915905511811
0
LINE
8
BLACK
6
CONTINUOUS
10
0.8078811811023622
20
0.565915905511811
11
0.8126876771653543
21
0.5722807874015748
0
LINE
8
BLACK
6
CONTINUOUS
10
0.8126876771653543
20
0.5722807874015748
11
0.8149322834645669
21
0.5739464173228346
0
LINE
8
BLACK
6
CONTINUOUS
10
0.8149322834645669
20
0.5739464173228346
11
0.8166463385826771
21
0.574251968503937
0
LINE
8
BLACK
6
CONTINUOUS
10
0.8166463385826771
20
0.574251968503937
11
0.926018937007874
21
0.574251968503937
0
LINE
8
BLACK
6
CONTINUOUS
10
0.926018937007874
20
0.574251968503937
11
0.9266663779527559
21
0.5742095275590551
0
LINE
8
BLACK
6
CONTINUOUS
10
0.9266663779527559
20
0.5742095275590551
11
0.9278937007874015
21
0.5740479527559055
0
LINE
8
BLACK
6
CONTINUOUS
10
0.9278937007874015
20
0.5740479527559055
11
0.9340653543307086
21
0.5748604330708661
0
LINE
8
BLACK
6
CONTINUOUS
10
0.9340653543307086
20
0.5748604330708661
11
0.9398164960629921
21
0.5772426377952756
0
LINE
8
BLACK
6
CONTINUOUS
10
0.9398164960629921
20
0.5772426377952756
11
0.939816811023622
21
0.5772428346456693
0
LINE
8
BLACK
6
CONTINUOUS
10
0.939816811023622
20
0.5772428346456693
11
0.9431301574803149
21
0.5797852755905512
0
LINE
8
BLACK
6
CONTINUOUS
10
0.9431301574803149
20
0.5797852755905512
11
0.9431301968503937
21
0.5797853149606299
0
LINE
8
BLACK
6
CONTINUOUS
10
0.9431301968503937
20
0.5797853149606299
11
0.9447551968503937
21
0.5810321653543307
0
LINE
8
BLACK
6
CONTINUOUS
10
0.9447551968503937
20
0.5810321653543307
11
0.9455088582677165
21
0.5820144094488189
0
LINE
8
BLACK
6
CONTINUOUS
10
0.9455088582677165
20
0.5820144094488189
11
0.9459367322834645
21
0.5825022834645669
0
LINE
8
BLACK
6
CONTINUOUS
10
0.9459367322834645
20
0.5825022834645669
11
0.965391220472441
21
0.6019567716535433
0
LINE
8
BLACK
6
CONTINUOUS
10
0.965391220472441
20
0.6019567716535433
11
0.9658790157480315
21
0.6023846062992125
0
LINE
8
BLACK
6
CONTINUOUS
10
0.9658790157480315
20
0.6023846062992125
11
0.9668614566929133
21
0.6031384645669291
0
LINE
8
BLACK
6
CONTINUOUS
10
0.9668614566929133
20
0.6031384645669291
11
0.9668614960629921
21
0.6031385039370079
0
LINE
8
BLACK
6
CONTINUOUS
10
0.9668614960629921
20
0.6031385039370079
11
0.9706510236220472
21
0.608077125984252
0
LINE
8
BLACK
6
CONTINUOUS
10
0.9706510236220472
20
0.608077125984252
11
0.9730332283464567
21
0.6138282677165354
0
LINE
8
BLACK
6
CONTINUOUS
10
0.9730332283464567
20
0.6138282677165354
11
0.9736417322834645
21
0.6184503543307086
0
LINE
8
BLACK
6
CONTINUOUS
10
0.9736417322834645
20
0.6184503543307086
11
0.973845748031496
21
0.62
0
LINE
8
BLACK
6
CONTINUOUS
10
0.973845748031496
20
0.62
11
0.9736841338582677
21
0.6212272834645669
0
LINE
8
BLACK
6
CONTINUOUS
10
0.9736841338582677
20
0.6212272834645669
11
0.9736417322834645
21
0.6218747637795276
0
LINE
8
BLACK
6
CONTINUOUS
10
0.9736417322834645
20
0.6218747637795276
11
0.9736417322834645
21
0.7175380708661417
0
LINE
8
BLACK
6
CONTINUOUS
10
0.9736417322834645
20
0.7175380708661417
11
0.9736841732283464
21
0.7181855511811024
0
LINE
8
BLACK
6
CONTINUOUS
10
0.9736841732283464
20
0.7181855511811024
11
0.973845748031496
21
0.7194127952755905
0
LINE
8
BLACK
6
CONTINUOUS
10
0.973845748031496
20
0.7194127952755905
11
0.973845748031496
21
0.7194128346456693
0
LINE
8
BLACK
6
CONTINUOUS
10
0.973845748031496
20
0.7194128346456693
11
0.9736841732283464
21
0.7206401181102362
0
LINE
8
BLACK
6
CONTINUOUS
10
0.9736841732283464
20
0.7206401181102362
11
0.9736417322834645
21
0.7212876377952756
0
LINE
8
BLACK
6
CONTINUOUS
10
0.9736417322834645
20
0.7212876377952756
11
0.9736417322834645
21
0.9071456692913386
0
LINE
8
BLACK
6
CONTINUOUS
10
0.9736417322834645
20
0.9071456692913386
11
0.9744292125984252
21
0.9098275984251968
0
LINE
8
BLACK
6
CONTINUOUS
10
0.9744292125984252
20
0.9098275984251968
11
0.976541653543307
21
0.9116580314960629
0
LINE
8
BLACK
6
CONTINUOUS
10
0.976541653543307
20
0.9116580314960629
11
0.9786023622047244
21
0.9121062992125984
0
LINE
8
BLACK
6
CONTINUOUS
10
0.9786023622047244
20
0.9121062992125984
11
0.9807775590551181
21
0.9121062992125984
0
LINE
8
BLACK
6
CONTINUOUS
10
0.9807775590551181
20
0.9121062992125984
11
0.9830798425196851
21
0.9125642519685039
0
LINE
8
BLACK
6
CONTINUOUS
10
0.9830798425196851
20
0.9125642519685039
11
0.9830799606299212
21
0.9125642913385826
0
LINE
8
BLACK
6
CONTINUOUS
10
0.9830799606299212
20
0.9125642913385826
11
0.9856910236220472
21
0.9143089763779527
0
LINE
8
BLACK
6
CONTINUOUS
10
0.9856910236220472
20
0.9143089763779527
11
0.9874357086614173
21
0.9169200393700787
0
LINE
8
BLACK
6
CONTINUOUS
10
0.9874357086614173
20
0.9169200393700787
11
0.9878937007874016
21
0.9192225196850393
0
LINE
8
BLACK
6
CONTINUOUS
10
0.9878937007874016
20
0.9192225196850393
11
0.9878937007874016
21
0.9807774803149606
0
LINE
8
BLACK
6
CONTINUOUS
10
0.9878937007874016
20
0.9807774803149606
11
0.9874357086614173
21
0.9830799606299212
0
LINE
8
BLACK
6
CONTINUOUS
10
0.9874357086614173
20
0.9830799606299212
11
0.9856910236220472
21
0.9856910236220472
0
LINE
8
BLACK
6
CONTINUOUS
10
0.9856910236220472
20
0.9856910236220472
11
0.9830799606299212
21
0.9874357086614173
0
LINE
8
BLACK
6
CONTINUOUS
10
0.9830799606299212
20
0.9874357086614173
11
0.9807774803149606
21
0.9878937007874016
0
LINE
8
BLACK
6
CONTINUOUS
10
0.9807774803149606
20
0.9878937007874016
11
0.9807774409448818
21
0.9878937007874016
0
LINE
8
BLACK
6
CONTINUOUS
10
0.9807774409448818
20
0.9878937007874016
11
0.9786023622047244
21
0.9878937007874016
0
LINE
8
BLACK
6
CONTINUOUS
10
0.9786023622047244
20
0.9878937007874016
11
0.9759204330708661
21
0.9886811811023621
0
LINE
8
BLACK
6
CONTINUOUS
10
0.9759204330708661
20
0.9886811811023621
11
0.97409
21
0.9907936220472441
0
LINE
8
BLACK
6
CONTINUOUS
10
0.97409
20
0.9907936220472441
11
0.9736417322834645
21
0.9928543307086614
0
LINE
8
BLACK
6
CONTINUOUS
10
0.9736417322834645
20
0.9928543307086614
11
0.9736417322834645
21
1.0071456692913385
0
LINE
8
BLACK
6
CONTINUOUS
10
0.9736417322834645
20
1.0071456692913385
11
0.9744292125984252
21
1.0098275984251968
0
LINE
8
BLACK
6
CONTINUOUS
10
0.9744292125984252
20
1.0098275984251968
11
0.976541653543307
21
1.011658031496063
0
LINE
8
BLACK
6
CONTINUOUS
10
0.976541653543307
20
1.011658031496063
11
0.9786023622047244
21
1.0121062992125984
0
LINE
8
BLACK
6
CONTINUOUS
10
0.9786023622047244
20
1.0121062992125984
11
0.9807775590551181
21
1.0121062992125984
0
LINE
8
BLACK
6
CONTINUOUS
10
0.9807775590551181
20
1.0121062992125984
11
0.9830798425196851
21
1.0125642519685039
0
LINE
8
BLACK
6
CONTINUOUS
10
0.9830798425196851
20
1.0125642519685039
11
0.9830799606299212
21
1.0125642913385826
0
LINE
8
BLACK
6
CONTINUOUS
10
0.9830799606299212
20
1.0125642913385826
11
0.9856910236220472
21
1.0143089763779527
0
LINE
8
BLACK
6
CONTINUOUS
10
0.9856910236220472
20
1.0143089763779527
11
0.9874357086614173
21
1.0169200393700788
0
LINE
8
BLACK
6
CONTINUOUS
10
0.9874357086614173
20
1.0169200393700788
11
0.9878937007874016
21
1.0192225196850393
0
LINE
8
BLACK
6
CONTINUOUS
10
0.9878937007874016
20
1.0192225196850393
11
0.9878937007874016
21
1.0807774803149606
0
LINE
8
BLACK
6
CONTINUOUS
10
0.9878937007874016
20
1.0807774803149606
11
0.9874357086614173
21
1.0830799606299213
0
LINE
8
BLACK
6
CONTINUOUS
10
0.9874357086614173
20
1.0830799606299213
11
0.9856910236220472
21
1.0856910236220472
0
LINE
8
BLACK
6
CONTINUOUS
10
0.9856910236220472
20
1.0856910236220472
11
0.9830799606299212
21
1.0874357086614173
0
LINE
8
BLACK
6
CONTINUOUS
10
0.9830799606299212
20
1.0874357086614173
11
0.9807774803149606
21
1.0878937007874014
0
LINE
8
BLACK
6
CONTINUOUS
10
0.9807774803149606
20
1.0878937007874014
11
0.9807774409448818
21
1.0878937007874014
0
LINE
8
BLACK
6
CONTINUOUS
10
0.9807774409448818
20
1.0878937007874014
11
0.9786023622047244
21
1.0878937007874014
0
LINE
8
BLACK
6
CONTINUOUS
10
0.9786023622047244
20
1.0878937007874014
11
0.9759204330708661
21
1.0886811811023622
0
LINE
8
BLACK
6
CONTINUOUS
10
0.9759204330708661
20
1.0886811811023622
11
0.97409
21
1.0907936220472441
0
LINE
8
BLACK
6
CONTINUOUS
10
0.97409
20
1.0907936220472441
11
0.9736417322834645
21
1.0928543307086613
0
LINE
8
BLACK
6
CONTINUOUS
10
0.9736417322834645
20
1.0928543307086613
11
0.9736417322834645
21
1.1001251968503938
0
LINE
8
BLACK
6
CONTINUOUS
10
0.9736417322834645
20
1.1001251968503938
11
0.9736841732283464
21
1.1007726771653543
0
LINE
8
BLACK
6
CONTINUOUS
10
0.9736841732283464
20
1.1007726771653543
11
0.973845748031496
21
1.1019999606299213
0
LINE
8
BLACK
6
CONTINUOUS
10
0.973845748031496
20
1.1019999606299213
11
0.973845748031496
21
1.1019999999999999
0
LINE
8
BLACK
6
CONTINUOUS
10
0.973845748031496
20
1.1019999999999999
11
0.9730332283464567
21
1.108171653543307
0
LINE
8
BLACK
6
CONTINUOUS
10
0.9730332283464567
20
1.108171653543307
11
0.9730332283464567
21
1.1081717322834646
0
LINE
8
BLACK
6
CONTINUOUS
10
0.9730332283464567
20
1.1081717322834646
11
0.9706510236220472
21
1.1139228740157481
0
LINE
8
BLACK
6
CONTINUOUS
10
0.9706510236220472
20
1.1139228740157481
11
0.9699307874015748
21
1.1148614960629921
0
LINE
8
BLACK
6
CONTINUOUS
10
0.9699307874015748
20
1.1148614960629921
11
0.9668614960629921
21
1.1188614960629921
0
LINE
8
BLACK
6
CONTINUOUS
10
0.9668614960629921
20
1.1188614960629921
11
0.9658787795275591
21
1.1196154724409448
0
LINE
8
BLACK
6
CONTINUOUS
10
0.9658787795275591
20
1.1196154724409448
11
0.9653916141732283
21
1.1200427559055117
0
LINE
8
BLACK
6
CONTINUOUS
10
0.9653916141732283
20
1.1200427559055117
11
0.9420427559055118
21
1.1433916141732283
0
LINE
8
BLACK
6
CONTINUOUS
10
0.9420427559055118
20
1.1433916141732283
11
0.9416154724409449
21
1.1438787795275591
0
LINE
8
BLACK
6
CONTINUOUS
10
0.9416154724409449
20
1.1438787795275591
11
0.9408614960629921
21
1.1448614960629921
0
LINE
8
BLACK
6
CONTINUOUS
10
0.9408614960629921
20
1.1448614960629921
11
0.935922874015748
21
1.1486510236220473
0
LINE
8
BLACK
6
CONTINUOUS
10
0.935922874015748
20
1.1486510236220473
11
0.9301717322834645
21
1.1510332283464566
0
LINE
8
BLACK
6
CONTINUOUS
10
0.9301717322834645
20
1.1510332283464566
11
0.9255496456692913
21
1.1516417322834644
0
LINE
8
BLACK
6
CONTINUOUS
10
0.9255496456692913
20
1.1516417322834644
11
0.9239999999999999
21
1.1518457480314961
0
LINE
8
BLACK
6
CONTINUOUS
10
0.9239999999999999
20
1.1518457480314961
11
0.9227726771653543
21
1.1516841338582677
0
LINE
8
BLACK
6
CONTINUOUS
10
0.9227726771653543
20
1.1516841338582677
11
0.9221252362204724
21
1.1516417322834644
0
LINE
8
BLACK
6
CONTINUOUS
10
0.9221252362204724
20
1.1516417322834644
11
0.5818747637795275
21
1.1516417322834644
0
LINE
8
BLACK
6
CONTINUOUS
10
0.5818747637795275
20
1.1516417322834644
11
0.5812272834645669
21
1.1516841338582677
0
LINE
8
BLACK
6
CONTINUOUS
10
0.5812272834645669
20
1.1516841338582677
11
0.58
21
1.1518457480314961
0
LINE
8
BLACK
6
CONTINUOUS
10
0.58
20
1.1518457480314961
11
0.5784503543307087
21
1.1516417322834644
0
LINE
8
BLACK
6
CONTINUOUS
10
0.5784503543307087
20
1.1516417322834644
11
0.5738282677165354
21
1.1510332283464566
0
LINE
8
BLACK
6
CONTINUOUS
10
0.5738282677165354
20
1.1510332283464566
11
0.568077125984252
21
1.1486510236220473
0
LINE
8
BLACK
6
CONTINUOUS
10
0.568077125984252
20
1.1486510236220473
11
0.5631385039370078
21
1.1448614960629921
0
LINE
8
BLACK
6
CONTINUOUS
10
0.5631385039370078
20
1.1448614960629921
11
0.5631384645669292
21
1.1448614566929134
0
LINE
8
BLACK
6
CONTINUOUS
10
0.5631384645669292
20
1.1448614566929134
11
0.5623846062992126
21
1.1438790157480314
0
LINE
8
BLACK
6
CONTINUOUS
10
0.5623846062992126
20
1.1438790157480314
11
0.5619567716535433
21
1.143391220472441
0
LINE
8
BLACK
6
CONTINUOUS
10
0.5619567716535433
20
1.143391220472441
11
0.5346085826771654
21
1.116043031496063
0
LINE
8
BLACK
6
CONTINUOUS
10
0.5346085826771654
20
1.116043031496063
11
0.5341207086614174
21
1.115615157480315
0
LINE
8
BLACK
6
CONTINUOUS
10
0.5341207086614174
20
1.115615157480315
11
0.5331385039370079
21
1.1148614960629921
0
LINE
8
BLACK
6
CONTINUOUS
10
0.5331385039370079
20
1.1148614960629921
11
0.5321870866141732
21
1.1136215354330707
0
LINE
8
BLACK
6
CONTINUOUS
10
0.5321870866141732
20
1.1136215354330707
11
0.5321870078740157
21
1.1136214566929135
0
LINE
8
BLACK
6
CONTINUOUS
10
0.5321870078740157
20
1.1136214566929135
11
0.5293491338582677
21
1.1099231102362204
0
LINE
8
BLACK
6
CONTINUOUS
10
0.5293491338582677
20
1.1099231102362204
11
0.529348937007874
21
1.1099227952755906
0
LINE
8
BLACK
6
CONTINUOUS
10
0.529348937007874
20
1.1099227952755906
11
0.5269667322834646
21
1.104171653543307
0
LINE
8
BLACK
6
CONTINUOUS
10
0.5269667322834646
20
1.104171653543307
11
0.526154251968504
21
1.0979999999999999
0
LINE
8
BLACK
6
CONTINUOUS
10
0.526154251968504
20
1.0979999999999999
11
0.526154251968504
21
1.0979999606299213
0
LINE
8
BLACK
6
CONTINUOUS
10
0.526154251968504
20
1.0979999606299213
11
0.5263158267716536
21
1.0967726771653543
0
LINE
8
BLACK
6
CONTINUOUS
10
0.5263158267716536
20
1.0967726771653543
11
0.5263582677165354
21
1.0961251968503938
0
LINE
8
BLACK
6
CONTINUOUS
10
0.5263582677165354
20
1.0961251968503938
11
0.5263582677165354
21
1.0928543307086613
0
LINE
8
BLACK
6
CONTINUOUS
10
0.5263582677165354
20
1.0928543307086613
11
0.5255707874015748
21
1.0901724015748031
0
LINE
8
BLACK
6
CONTINUOUS
10
0.5255707874015748
20
1.0901724015748031
11
0.5234583464566929
21
1.0883419685039371
0
LINE
8
BLACK
6
CONTINUOUS
10
0.5234583464566929
20
1.0883419685039371
11
0.5213976377952756
21
1.0878937007874014
0
LINE
8
BLACK
6
CONTINUOUS
10
0.5213976377952756
20
1.0878937007874014
11
0.5192225196850394
21
1.0878937007874014
0
LINE
8
BLACK
6
CONTINUOUS
10
0.5192225196850394
20
1.0878937007874014
11
0.5169200393700787
21
1.0874357086614173
0
LINE
8
BLACK
6
CONTINUOUS
10
0.5169200393700787
20
1.0874357086614173
11
0.5143089763779527
21
1.0856910236220472
0
LINE
8
BLACK
6
CONTINUOUS
10
0.5143089763779527
20
1.0856910236220472
11
0.5125642913385826
21
1.0830799606299213
0
LINE
8
BLACK
6
CONTINUOUS
10
0.5125642913385826
20
1.0830799606299213
11
0.512564251968504
21
1.083079842519685
0
LINE
8
BLACK
6
CONTINUOUS
10
0.512564251968504
20
1.083079842519685
11
0.5121062992125984
21
1.0807775590551181
0
LINE
8
BLACK
6
CONTINUOUS
10
0.5121062992125984
20
1.0807775590551181
11
0.5121062992125984
21
1.019222401574803
0
LINE
8
BLACK
6
CONTINUOUS
10
0.5121062992125984
20
1.019222401574803
11
0.512564251968504
21
1.0169201181102363
0
LINE
8
BLACK
6
CONTINUOUS
10
0.512564251968504
20
1.0169201181102363
11
0.5125642913385826
21
1.01692
0
LINE
8
BLACK
6
CONTINUOUS
10
0.5125642913385826
20
1.01692
11
0.5143089763779527
21
1.0143089763779527
0
LINE
8
BLACK
6
CONTINUOUS
10
0.5143089763779527
20
1.0143089763779527
11
0.5169199999999999
21
1.0125642913385826
0
LINE
8
BLACK
6
CONTINUOUS
10
0.5169199999999999
20
1.0125642913385826
11
0.5169201181102362
21
1.0125642519685039
0
LINE
8
BLACK
6
CONTINUOUS
10
0.5169201181102362
20
1.0125642519685039
11
0.5192224015748031
21
1.0121062992125984
0
LINE
8
BLACK
6
CONTINUOUS
10
0.5192224015748031
20
1.0121062992125984
11
0.5192225196850394
21
1.0121062992125984
0
LINE
8
BLACK
6
CONTINUOUS
10
0.5192225196850394
20
1.0121062992125984
11
0.5213976377952756
21
1.0121062992125984
0
LINE
8
BLACK
6
CONTINUOUS
10
0.5213976377952756
20
1.0121062992125984
11
0.5240795669291338
21
1.0113188188976379
0
LINE
8
BLACK
6
CONTINUOUS
10
0.5240795669291338
20
1.0113188188976379
11
0.52591
21
1.0092063779527558
0
LINE
8
BLACK
6
CONTINUOUS
10
0.52591
20
1.0092063779527558
11
0.5263582677165354
21
1.0071456692913385
0
LINE
8
BLACK
6
CONTINUOUS
10
0.5263582677165354
20
1.0071456692913385
11
0.5263582677165354
21
0.9928543307086614
0
LINE
8
BLACK
6
CONTINUOUS
10
0.5263582677165354
20
0.9928543307086614
11
0.5255707874015748
21
0.9901724015748031
0
LINE
8
BLACK
6
CONTINUOUS
10
0.5255707874015748
20
0.9901724015748031
11
0.5234583464566929
21
0.988341968503937
0
LINE
8
BLACK
6
CONTINUOUS
10
0.5234583464566929
20
0.988341968503937
11
0.5213976377952756
21
0.9878937007874016
0
LINE
8
BLACK
6
CONTINUOUS
10
0.5213976377952756
20
0.9878937007874016
11
0.5192225196850394
21
0.9878937007874016
0
LINE
8
BLACK
6
CONTINUOUS
10
0.5192225196850394
20
0.9878937007874016
11
0.5169200393700787
21
0.9874357086614173
0
LINE
8
BLACK
6
CONTINUOUS
10
0.5169200393700787
20
0.9874357086614173
11
0.5143089763779527
21
0.9856910236220472
0
LINE
8
BLACK
6
CONTINUOUS
10
0.5143089763779527
20
0.9856910236220472
11
0.5125642913385826
21
0.9830799606299212
0
LINE
8
BLACK
6
CONTINUOUS
10
0.5125642913385826
20
0.9830799606299212
11
0.512564251968504
21
0.9830798425196851
0
LINE
8
BLACK
6
CONTINUOUS
10
0.512564251968504
20
0.9830798425196851
11
0.5121062992125984
21
0.9807775590551181
0
LINE
8
BLACK
6
CONTINUOUS
10
0.5121062992125984
20
0.9807775590551181
11
0.5121062992125984
21
0.9192224015748032
0
LINE
8
BLACK
6
CONTINUOUS
10
0.5121062992125984
20
0.9192224015748032
11
0.512564251968504
21
0.9169201181102362
0
LINE
8
BLACK
6
CONTINUOUS
10
0.512564251968504
20
0.9169201181102362
11
0.5125642913385826
21
0.91692
0
LINE
8
BLACK
6
CONTINUOUS
10
0.5125642913385826
20
0.91692
11
0.5143089763779527
21
0.9143089763779527
0
LINE
8
BLACK
6
CONTINUOUS
10
0.5143089763779527
20
0.9143089763779527
11
0.5169199999999999
21
0.9125642913385826
0
LINE
8
BLACK
6
CONTINUOUS
10
0.5169199999999999
20
0.9125642913385826
11
0.5169201181102362
21
0.9125642519685039
0
LINE
8
BLACK
6
CONTINUOUS
10
0.5169201181102362
20
0.9125642519685039
11
0.5192224015748031
21
0.9121062992125984
0
LINE
8
BLACK
6
CONTINUOUS
10
0.5192224015748031
20
0.9121062992125984
11
0.5192225196850394
21
0.9121062992125984
0
LINE
8
BLACK
6
CONTINUOUS
10
0.5192225196850394
20
0.9121062992125984
11
0.5213976377952756
21
0.9121062992125984
0
LINE
8
BLACK
6
CONTINUOUS
10
0.5213976377952756
20
0.9121062992125984
11
0.5240795669291338
21
0.9113188188976378
0
LINE
8
BLACK
6
CONTINUOUS
10
0.5240795669291338
20
0.9113188188976378
11
0.52591
21
0.9092063779527559
0
LINE
8
BLACK
6
CONTINUOUS
10
0.52591
20
0.9092063779527559
11
0.5263582677165354
21
0.9071456692913386
0
LINE
8
BLACK
6
CONTINUOUS
10
0.5263582677165354
20
0.9071456692913386
11
0.5263582677165354
21
0.8928543307086614
0
LINE
8
BLACK
6
CONTINUOUS
10
0.5263582677165354
20
0.8928543307086614
11
0.5255707874015748
21
0.8901724015748032
0
LINE
8
BLACK
6
CONTINUOUS
10
0.5255707874015748
20
0.8901724015748032
11
0.5234583464566929
21
0.888341968503937
0
LINE
8
BLACK
6
CONTINUOUS
10
0.5234583464566929
20
0.888341968503937
11
0.5213976377952756
21
0.8878937007874016
0
LINE
8
BLACK
6
CONTINUOUS
10
0.5213976377952756
20
0.8878937007874016
11
0.5192225196850394
21
0.8878937007874016
0
LINE
8
BLACK
6
CONTINUOUS
10
0.5192225196850394
20
0.8878937007874016
11
0.5169200393700787
21
0.8874357086614173
0
LINE
8
BLACK
6
CONTINUOUS
10
0.5169200393700787
20
0.8874357086614173
11
0.5143089763779527
21
0.8856910236220472
0
LINE
8
BLACK
6
CONTINUOUS
10
0.5143089763779527
20
0.8856910236220472
11
0.5125642913385826
21
0.8830799606299212
0
LINE
8
BLACK
6
CONTINUOUS
10
0.5125642913385826
20
0.8830799606299212
11
0.512564251968504
21
0.883079842519685
0
LINE
8
BLACK
6
CONTINUOUS
10
0.512564251968504
20
0.883079842519685
11
0.5121062992125984
21
0.8807775590551181
0
LINE
8
BLACK
6
CONTINUOUS
10
0.5121062992125984
20
0.8807775590551181
11
0.5121062992125984
21
0.8192224015748031
0
LINE
8
BLACK
6
CONTINUOUS
10
0.5121062992125984
20
0.8192224015748031
11
0.512564251968504
21
0.8169201181102362
0
LINE
8
BLACK
6
CONTINUOUS
10
0.6125642519685039
20
0.9169201181102362
11
0.6125642913385827
21
0.91692
0
LINE
8
BLACK
6
CONTINUOUS
10
0.6125642913385827
20
0.91692
11
0.6143089763779528
21
0.9143089763779527
0
LINE
8
BLACK
6
CONTINUOUS
10
0.6143089763779528
20
0.9143089763779527
11
0.61692
21
0.9125642913385826
0
LINE
8
BLACK
6
CONTINUOUS
10
0.61692
20
0.9125642913385826
11
0.6169201181102362
21
0.9125642519685039
0
LINE
8
BLACK
6
CONTINUOUS
10
0.6169201181102362
20
0.9125642519685039
11
0.6192224015748031
21
0.9121062992125984
0
LINE
8
BLACK
6
CONTINUOUS
10
0.6192224015748031
20
0.9121062992125984
11
0.6192225196850394
21
0.9121062992125984
0
LINE
8
BLACK
6
CONTINUOUS
10
0.6192225196850394
20
0.9121062992125984
11
0.6807775590551181
21
0.9121062992125984
0
LINE
8
BLACK
6
CONTINUOUS
10
0.6807775590551181
20
0.9121062992125984
11
0.683079842519685
21
0.9125642519685039
0
LINE
8
BLACK
6
CONTINUOUS
10
0.683079842519685
20
0.9125642519685039
11
0.6830799606299213
21
0.9125642913385826
0
LINE
8
BLACK
6
CONTINUOUS
10
0.6830799606299213
20
0.9125642913385826
11
0.6856910236220473
21
0.9143089763779527
0
LINE
8
BLACK
6
CONTINUOUS
10
0.6856910236220473
20
0.9143089763779527
11
0.6874357086614173
21
0.9169200393700787
0
LINE
8
BLACK
6
CONTINUOUS
10
0.6874357086614173
20
0.9169200393700787
11
0.6878936614173228
21
0.9192224015748032
0
LINE
8
BLACK
6
CONTINUOUS
10
0.6878936614173228
20
0.9192224015748032
11
0.6878937007874015
21
0.9192225196850393
0
LINE
8
BLACK
6
CONTINUOUS
10
0.6878937007874015
20
0.9192225196850393
11
0.6878937007874015
21
0.9807774803149606
0
LINE
8
BLACK
6
CONTINUOUS
10
0.6878937007874015
20
0.9807774803149606
11
0.6874357086614173
21
0.9830799606299212
0
LINE
8
BLACK
6
CONTINUOUS
10
0.6874357086614173
20
0.9830799606299212
11
0.6856910236220473
21
0.9856910236220472
0
LINE
8
BLACK
6
CONTINUOUS
10
0.6856910236220473
20
0.9856910236220472
11
0.6830799606299213
21
0.9874357086614173
0
LINE
8
BLACK
6
CONTINUOUS
10
0.6830799606299213
20
0.9874357086614173
11
0.6807774803149607
21
0.9878937007874016
0
LINE
8
BLACK
6
CONTINUOUS
10
0.6807774803149607
20
0.9878937007874016
11
0.6192225196850394
21
0.9878937007874016
0
LINE
8
BLACK
6
CONTINUOUS
10
0.6192225196850394
20
0.9878937007874016
11
0.6169200393700788
21
0.9874357086614173
0
LINE
8
BLACK
6
CONTINUOUS
10
0.6169200393700788
20
0.9874357086614173
11
0.6143089763779528
21
0.9856910236220472
0
LINE
8
BLACK
6
CONTINUOUS
10
0.6143089763779528
20
0.9856910236220472
11
0.6125642913385827
21
0.9830799606299212
0
LINE
8
BLACK
6
CONTINUOUS
10
0.6125642913385827
20
0.9830799606299212
11
0.6125642519685039
21
0.9830798425196851
0
LINE
8
BLACK
6
CONTINUOUS
10
0.6125642519685039
20
0.9830798425196851
11
0.6121062992125984
21
0.9807775590551181
0
LINE
8
BLACK
6
CONTINUOUS
10
0.6121062992125984
20
0.9807775590551181
11
0.6121062992125984
21
0.9192224015748032
0
LINE
8
BLACK
6
CONTINUOUS
10
0.6121062992125984
20
0.9192224015748032
11
0.6125642519685039
21
0.9169201181102362
0
LINE
8
BLACK
6
CONTINUOUS
10
0.7125642519685039
20
0.9169201181102362
11
0.7125642913385827
21
0.91692
0
LINE
8
BLACK
6
CONTINUOUS
10
0.7125642913385827
20
0.91692
11
0.7143089763779528
21
0.9143089763779527
0
LINE
8
BLACK
6
CONTINUOUS
10
0.7143089763779528
20
0.9143089763779527
11
0.71692
21
0.9125642913385826
0
LINE
8
BLACK
6
CONTINUOUS
10
0.71692
20
0.9125642913385826
11
0.7169201181102363
21
0.9125642519685039
0
LINE
8
BLACK
6
CONTINUOUS
10
0.7169201181102363
20
0.9125642519685039
11
0.7192224015748031
21
0.9121062992125984
0
LINE
8
BLACK
6
CONTINUOUS
10
0.7192224015748031
20
0.9121062992125984
11
0.7192225196850394
21
0.9121062992125984
0
LINE
8
BLACK
6
CONTINUOUS
10
0.7192225196850394
20
0.9121062992125984
11
0.7807775590551181
21
0.9121062992125984
0
LINE
8
BLACK
6
CONTINUOUS
10
0.7807775590551181
20
0.9121062992125984
11
0.783079842519685
21
0.9125642519685039
0
LINE
8
BLACK
6
CONTINUOUS
10
0.783079842519685
20
0.9125642519685039
11
0.7830799606299212
21
0.9125642913385826
0
LINE
8
BLACK
6
CONTINUOUS
10
0.7830799606299212
20
0.9125642913385826
11
0.7856910236220472
21
0.9143089763779527
0
LINE
8
BLACK
6
CONTINUOUS
10
0.7856910236220472
20
0.9143089763779527
11
0.7874357086614173
21
0.9169200393700787
0
LINE
8
BLACK
6
CONTINUOUS
10
0.7874357086614173
20
0.9169200393700787
11
0.7878936614173229
21
0.9192224015748032
0
LINE
8
BLACK
6
CONTINUOUS
10
0.7878936614173229
20
0.9192224015748032
11
0.7878937007874015
21
0.9192225196850393
0
LINE
8
BLACK
6
CONTINUOUS
10
0.7878937007874015
20
0.9192225196850393
11
0.7878937007874015
21
0.9807774803149606
0
LINE
8
BLACK
6
CONTINUOUS
10
0.7878937007874015
20
0.9807774803149606
11
0.7874357086614173
21
0.9830799606299212
0
LINE
8
BLACK
6
CONTINUOUS
10
0.7874357086614173
20
0.9830799606299212
11
0.7856910236220472
21
0.9856910236220472
0
LINE
8
BLACK
6
CONTINUOUS
10
0.7856910236220472
20
0.9856910236220472
11
0.7830799606299212
21
0.9874357086614173
0
LINE
8
BLACK
6
CONTINUOUS
10
0.7830799606299212
20
0.9874357086614173
11
0.7807774803149606
21
0.9878937007874016
0
LINE
8
BLACK
6
CONTINUOUS
10
0.7807774803149606
20
0.9878937007874016
11
0.7192225196850394
21
0.9878937007874016
0
LINE
8
BLACK
6
CONTINUOUS
10
0.7192225196850394
20
0.9878937007874016
11
0.7169200393700788
21
0.9874357086614173
0
LINE
8
BLACK
6
CONTINUOUS
10
0.7169200393700788
20
0.9874357086614173
11
0.7143089763779528
21
0.9856910236220472
0
LINE
8
BLACK
6
CONTINUOUS
10
0.7143089763779528
20
0.9856910236220472
11
0.7125642913385827
21
0.9830799606299212
0
LINE
8
BLACK
6
CONTINUOUS
10
0.7125642913385827
20
0.9830799606299212
11
0.7125642519685039
21
0.9830798425196851
0
LINE
8
BLACK
6
CONTINUOUS
10
0.7125642519685039
20
0.9830798425196851
11
0.7121062992125984
21
0.9807775590551181
0
LINE
8
BLACK
6
CONTINUOUS
10
0.7121062992125984
20
0.9807775590551181
11
0.7121062992125984
21
0.9192224015748032
0
LINE
8
BLACK
6
CONTINUOUS
10
0.7121062992125984
20
0.9192224015748032
11
0.7125642519685039
21
0.9169201181102362
0
LINE
8
BLACK
6
CONTINUOUS
10
0.8125642519685039
20
0.9169201181102362
11
0.8125642913385827
21
0.91692
0
LINE
8
BLACK
6
CONTINUOUS
10
0.8125642913385827
20
0.91692
11
0.8143089763779527
21
0.9143089763779527
0
LINE
8
BLACK
6
CONTINUOUS
10
0.8143089763779527
20
0.9143089763779527
11
0.81692
21
0.9125642913385826
0
LINE
8
BLACK
6
CONTINUOUS
10
0.81692
20
0.9125642913385826
11
0.8169201181102362
21
0.9125642519685039
0
LINE
8
BLACK
6
CONTINUOUS
10
0.8169201181102362
20
0.9125642519685039
11
0.8192224015748031
21
0.9121062992125984
0
LINE
8
BLACK
6
CONTINUOUS
10
0.8192224015748031
20
0.9121062992125984
11
0.8192225196850393
21
0.9121062992125984
0
LINE
8
BLACK
6
CONTINUOUS
10
0.8192225196850393
20
0.9121062992125984
11
0.8807775590551181
21
0.9121062992125984
0
LINE
8
BLACK
6
CONTINUOUS
10
0.8807775590551181
20
0.9121062992125984
11
0.883079842519685
21
0.9125642519685039
0
LINE
8
BLACK
6
CONTINUOUS
10
0.883079842519685
20
0.9125642519685039
11
0.8830799606299212
21
0.9125642913385826
0
LINE
8
BLACK
6
CONTINUOUS
10
0.8830799606299212
20
0.9125642913385826
11
0.8856910236220472
21
0.9143089763779527
0
LINE
8
BLACK
6
CONTINUOUS
10
0.8856910236220472
20
0.9143089763779527
11
0.8874357086614173
21
0.9169200393700787
0
LINE
8
BLACK
6
CONTINUOUS
10
0.8874357086614173
20
0.9169200393700787
11
0.8878937007874016
21
0.9192225196850393
0
LINE
8
BLACK
6
CONTINUOUS
10
0.8878937007874016
20
0.9192225196850393
11
0.8878937007874016
21
0.9807774803149606
0
LINE
8
BLACK
6
CONTINUOUS
10
0.8878937007874016
20
0.9807774803149606
11
0.8874357086614173
21
0.9830799606299212
0
LINE
8
BLACK
6
CONTINUOUS
10
0.8874357086614173
20
0.9830799606299212
11
0.8856910236220472
21
0.9856910236220472
0
LINE
8
BLACK
6
CONTINUOUS
10
0.8856910236220472
20
0.9856910236220472
11
0.8830799606299212
21
0.9874357086614173
0
LINE
8
BLACK
6
CONTINUOUS
10
0.8830799606299212
20
0.9874357086614173
11
0.8807774803149606
21
0.9878937007874016
0
LINE
8
BLACK
6
CONTINUOUS
10
0.8807774803149606
20
0.9878937007874016
11
0.8192225196850393
21
0.9878937007874016
0
LINE
8
BLACK
6
CONTINUOUS
10
0.8192225196850393
20
0.9878937007874016
11
0.8169200393700787
21
0.9874357086614173
0
LINE
8
BLACK
6
CONTINUOUS
10
0.8169200393700787
20
0.9874357086614173
11
0.8143089763779527
21
0.9856910236220472
0
LINE
8
BLACK
6
CONTINUOUS
10
0.8143089763779527
20
0.9856910236220472
11
0.8125642913385827
21
0.9830799606299212
0
LINE
8
BLACK
6
CONTINUOUS
10
0.8125642913385827
20
0.9830799606299212
11
0.8125642519685039
21
0.9830798425196851
0
LINE
8
BLACK
6
CONTINUOUS
10
0.8125642519685039
20
0.9830798425196851
11
0.8121062992125984
21
0.9807775590551181
0
LINE
8
BLACK
6
CONTINUOUS
10
0.8121062992125984
20
0.9807775590551181
11
0.8121062992125984
21
0.9192224015748032
0
LINE
8
BLACK
6
CONTINUOUS
10
0.8121062992125984
20
0.9192224015748032
11
0.8125642519685039
21
0.9169201181102362
0
LINE
8
BLACK
6
CONTINUOUS
10
1.412564251968504
20
0.9169201181102362
11
1.4125642913385827
21
0.91692
0
LINE
8
BLACK
6
CONTINUOUS
10
1.4125642913385827
20
0.91692
11
1.4143089763779528
21
0.9143089763779527
0
LINE
8
BLACK
6
CONTINUOUS
10
1.4143089763779528
20
0.9143089763779527
11
1.41692
21
0.9125642913385826
0
LINE
8
BLACK
6
CONTINUOUS
10
1.41692
20
0.9125642913385826
11
1.4169201181102362
21
0.9125642519685039
0
LINE
8
BLACK
6
CONTINUOUS
10
1.4169201181102362
20
0.9125642519685039
11
1.4192224015748032
21
0.9121062992125984
0
LINE
8
BLACK
6
CONTINUOUS
10
1.4192224015748032
20
0.9121062992125984
11
1.4192225196850394
21
0.9121062992125984
0
LINE
8
BLACK
6
CONTINUOUS
10
1.4192225196850394
20
0.9121062992125984
11
1.480777559055118
21
0.9121062992125984
0
LINE
8
BLACK
6
CONTINUOUS
10
1.480777559055118
20
0.9121062992125984
11
1.4830798425196849
21
0.9125642519685039
0
LINE
8
BLACK
6
CONTINUOUS
10
1.4830798425196849
20
0.9125642519685039
11
1.4830799606299212
21
0.9125642913385826
0
LINE
8
BLACK
6
CONTINUOUS
10
1.4830799606299212
20
0.9125642913385826
11
1.4856910236220473
21
0.9143089763779527
0
LINE
8
BLACK
6
CONTINUOUS
10
1.4856910236220473
20
0.9143089763779527
11
1.4874357086614174
21
0.9169200393700787
0
LINE
8
BLACK
6
CONTINUOUS
10
1.4874357086614174
20
0.9169200393700787
11
1.4878937007874016
21
0.9192225196850393
0
LINE
8
BLACK
6
CONTINUOUS
10
1.4878937007874016
20
0.9192225196850393
11
1.4878937007874016
21
0.9807774803149606
0
LINE
8
BLACK
6
CONTINUOUS
10
1.4878937007874016
20
0.9807774803149606
11
1.4874357086614174
21
0.9830799606299212
0
LINE
8
BLACK
6
CONTINUOUS
10
1.4874357086614174
20
0.9830799606299212
11
1.4856910236220473
21
0.9856910236220472
0
LINE
8
BLACK
6
CONTINUOUS
10
1.4856910236220473
20
0.9856910236220472
11
1.4830799606299212
21
0.9874357086614173
0
LINE
8
BLACK
6
CONTINUOUS
10
1.4830799606299212
20
0.9874357086614173
11
1.4807774803149607
21
0.9878937007874016
0
LINE
8
BLACK
6
CONTINUOUS
10
1.4807774803149607
20
0.9878937007874016
11
1.4192225196850394
21
0.9878937007874016
0
LINE
8
BLACK
6
CONTINUOUS
10
1.4192225196850394
20
0.9878937007874016
11
1.4169200393700787
21
0.9874357086614173
0
LINE
8
BLACK
6
CONTINUOUS
10
1.4169200393700787
20
0.9874357086614173
11
1.4143089763779528
21
0.9856910236220472
0
LINE
8
BLACK
6
CONTINUOUS
10
1.4143089763779528
20
0.9856910236220472
11
1.4125642913385827
21
0.9830799606299212
0
LINE
8
BLACK
6
CONTINUOUS
10
1.4125642913385827
20
0.9830799606299212
11
1.412564251968504
21
0.9830798425196851
0
LINE
8
BLACK
6
CONTINUOUS
10
1.412564251968504
20
0.9830798425196851
11
1.4121062992125983
21
0.9807775590551181
0
LINE
8
BLACK
6
CONTINUOUS
10
1.4121062992125983
20
0.9807775590551181
11
1.4121062992125983
21
0.9192224015748032
0
LINE
8
BLACK
6
CONTINUOUS
10
1.4121062992125983
20
0.9192224015748032
11
1.412564251968504
21
0.9169201181102362
0
LINE
8
BLACK
6
CONTINUOUS
10
0.6125642519685039
20
1.0169201181102363
11
0.6125642913385827
21
1.01692
0
LINE
8
BLACK
6
CONTINUOUS
10
0.6125642913385827
20
1.01692
11
0.6143089763779528
21
1.0143089763779527
0
LINE
8
BLACK
6
CONTINUOUS
10
0.6143089763779528
20
1.0143089763779527
11
0.61692
21
1.0125642913385826
0
LINE
8
BLACK
6
CONTINUOUS
10
0.61692
20
1.0125642913385826
11
0.6169201181102362
21
1.0125642519685039
0
LINE
8
BLACK
6
CONTINUOUS
10
0.6169201181102362
20
1.0125642519685039
11
0.6192224015748031
21
1.0121062992125984
0
LINE
8
BLACK
6
CONTINUOUS
10
0.6192224015748031
20
1.0121062992125984
11
0.6192225196850394
21
1.0121062992125984
0
LINE
8
BLACK
6
CONTINUOUS
10
0.6192225196850394
20
1.0121062992125984
11
0.6807775590551181
21
1.0121062992125984
0
LINE
8
BLACK
6
CONTINUOUS
10
0.6807775590551181
20
1.0121062992125984
11
0.683079842519685
21
1.0125642519685039
0
LINE
8
BLACK
6
CONTINUOUS
10
0.683079842519685
20
1.0125642519685039
11
0.6830799606299213
21
1.0125642913385826
0
LINE
8
BLACK
6
CONTINUOUS
10
0.6830799606299213
20
1.0125642913385826
11
0.6856910236220473
21
1.0143089763779527
0
LINE
8
BLACK
6
CONTINUOUS
10
0.6856910236220473
20
1.0143089763779527
11
0.6874357086614173
21
1.0169200393700788
0
LINE
8
BLACK
6
CONTINUOUS
10
0.6874357086614173
20
1.0169200393700788
11
0.6878936614173228
21
1.019222401574803
0
LINE
8
BLACK
6
CONTINUOUS
10
0.6878936614173228
20
1.019222401574803
11
0.6878937007874015
21
1.0192225196850393
0
LINE
8
BLACK
6
CONTINUOUS
10
0.6878937007874015
20
1.0192225196850393
11
0.6878937007874015
21
1.0807774803149606
0
LINE
8
BLACK
6
CONTINUOUS
10
0.6878937007874015
20
1.0807774803149606
11
0.6874357086614173
21
1.0830799606299213
0
LINE
8
BLACK
6
CONTINUOUS
10
0.6874357086614173
20
1.0830799606299213
11
0.6856910236220473
21
1.0856910236220472
0
LINE
8
BLACK
6
CONTINUOUS
10
0.6856910236220473
20
1.0856910236220472
11
0.6830799606299213
21
1.0874357086614173
0
LINE
8
BLACK
6
CONTINUOUS
10
0.6830799606299213
20
1.0874357086614173
11
0.6807774803149607
21
1.0878937007874014
0
LINE
8
BLACK
6
CONTINUOUS
10
0.6807774803149607
20
1.0878937007874014
11
0.6192225196850394
21
1.0878937007874014
0
LINE
8
BLACK
6
CONTINUOUS
10
0.6192225196850394
20
1.0878937007874014
11
0.6169200393700788
21
1.0874357086614173
0
LINE
8
BLACK
6
CONTINUOUS
10
0.6169200393700788
20
1.0874357086614173
11
0.6143089763779528
21
1.0856910236220472
0
LINE
8
BLACK
6
CONTINUOUS
10
0.6143089763779528
20
1.0856910236220472
11
0.6125642913385827
21
1.0830799606299213
0
LINE
8
BLACK
6
CONTINUOUS
10
0.6125642913385827
20
1.0830799606299213
11
0.6125642519685039
21
1.083079842519685
0
LINE
8
BLACK
6
CONTINUOUS
10
0.6125642519685039
20
1.083079842519685
11
0.6121062992125984
21
1.0807775590551181
0
LINE
8
BLACK
6
CONTINUOUS
10
0.6121062992125984
20
1.0807775590551181
11
0.6121062992125984
21
1.019222401574803
0
LINE
8
BLACK
6
CONTINUOUS
10
0.6121062992125984
20
1.019222401574803
11
0.6125642519685039
21
1.0169201181102363
0
LINE
8
BLACK
6
CONTINUOUS
10
0.7125642519685039
20
1.0169201181102363
11
0.7125642913385827
21
1.01692
0
LINE
8
BLACK
6
CONTINUOUS
10
0.7125642913385827
20
1.01692
11
0.7143089763779528
21
1.0143089763779527
0
LINE
8
BLACK
6
CONTINUOUS
10
0.7143089763779528
20
1.0143089763779527
11
0.71692
21
1.0125642913385826
0
LINE
8
BLACK
6
CONTINUOUS
10
0.71692
20
1.0125642913385826
11
0.7169201181102363
21
1.0125642519685039
0
LINE
8
BLACK
6
CONTINUOUS
10
0.7169201181102363
20
1.0125642519685039
11
0.7192224015748031
21
1.0121062992125984
0
LINE
8
BLACK
6
CONTINUOUS
10
0.7192224015748031
20
1.0121062992125984
11
0.7192225196850394
21
1.0121062992125984
0
LINE
8
BLACK
6
CONTINUOUS
10
0.7192225196850394
20
1.0121062992125984
11
0.7807775590551181
21
1.0121062992125984
0
LINE
8
BLACK
6
CONTINUOUS
10
0.7807775590551181
20
1.0121062992125984
11
0.783079842519685
21
1.0125642519685039
0
LINE
8
BLACK
6
CONTINUOUS
10
0.783079842519685
20
1.0125642519685039
11
0.7830799606299212
21
1.0125642913385826
0
LINE
8
BLACK
6
CONTINUOUS
10
0.7830799606299212
20
1.0125642913385826
11
0.7856910236220472
21
1.0143089763779527
0
LINE
8
BLACK
6
CONTINUOUS
10
0.7856910236220472
20
1.0143089763779527
11
0.7874357086614173
21
1.0169200393700788
0
LINE
8
BLACK
6
CONTINUOUS
10
0.7874357086614173
20
1.0169200393700788
11
0.7878936614173229
21
1.019222401574803
0
LINE
8
BLACK
6
CONTINUOUS
10
0.7878936614173229
20
1.019222401574803
11
0.7878937007874015
21
1.0192225196850393
0
LINE
8
BLACK
6
CONTINUOUS
10
0.7878937007874015
20
1.0192225196850393
11
0.7878937007874015
21
1.0807774803149606
0
LINE
8
BLACK
6
CONTINUOUS
10
0.7878937007874015
20
1.0807774803149606
11
0.7874357086614173
21
1.0830799606299213
0
LINE
8
BLACK
6
CONTINUOUS
10
0.7874357086614173
20
1.0830799606299213
11
0.7856910236220472
21
1.0856910236220472
0
LINE
8
BLACK
6
CONTINUOUS
10
0.7856910236220472
20
1.0856910236220472
11
0.7830799606299212
21
1.0874357086614173
0
LINE
8
BLACK
6
CONTINUOUS
10
0.7830799606299212
20
1.0874357086614173
11
0.7807774803149606
21
1.0878937007874014
0
LINE
8
BLACK
6
CONTINUOUS
10
0.7807774803149606
20
1.0878937007874014
11
0.7192225196850394
21
1.0878937007874014
0
LINE
8
BLACK
6
CONTINUOUS
10
0.7192225196850394
20
1.0878937007874014
11
0.7169200393700788
21
1.0874357086614173
0
LINE
8
BLACK
6
CONTINUOUS
10
0.7169200393700788
20
1.0874357086614173
11
0.7143089763779528
21
1.0856910236220472
0
LINE
8
BLACK
6
CONTINUOUS
10
0.7143089763779528
20
1.0856910236220472
11
0.7125642913385827
21
1.0830799606299213
0
LINE
8
BLACK
6
CONTINUOUS
10
0.7125642913385827
20
1.0830799606299213
11
0.7125642519685039
21
1.083079842519685
0
LINE
8
BLACK
6
CONTINUOUS
10
0.7125642519685039
20
1.083079842519685
11
0.7121062992125984
21
1.0807775590551181
0
LINE
8
BLACK
6
CONTINUOUS
10
0.7121062992125984
20
1.0807775590551181
11
0.7121062992125984
21
1.019222401574803
0
LINE
8
BLACK
6
CONTINUOUS
10
0.7121062992125984
20
1.019222401574803
11
0.7125642519685039
21
1.0169201181102363
0
LINE
8
BLACK
6
CONTINUOUS
10
0.8125642519685039
20
1.0169201181102363
11
0.8125642913385827
21
1.01692
0
LINE
8
BLACK
6
CONTINUOUS
10
0.8125642913385827
20
1.01692
11
0.8143089763779527
21
1.0143089763779527
0
LINE
8
BLACK
6
CONTINUOUS
10
0.8143089763779527
20
1.0143089763779527
11
0.81692
21
1.0125642913385826
0
LINE
8
BLACK
6
CONTINUOUS
10
0.81692
20
1.0125642913385826
11
0.8169201181102362
21
1.0125642519685039
0
LINE
8
BLACK
6
CONTINUOUS
10
0.8169201181102362
20
1.0125642519685039
11
0.8192224015748031
21
1.0121062992125984
0
LINE
8
BLACK
6
CONTINUOUS
10
0.8192224015748031
20
1.0121062992125984
11
0.8192225196850393
21
1.0121062992125984
0
LINE
8
BLACK
6
CONTINUOUS
10
0.8192225196850393
20
1.0121062992125984
11
0.8807775590551181
21
1.0121062992125984
0
LINE
8
BLACK
6
CONTINUOUS
10
0.8807775590551181
20
1.0121062992125984
11
0.883079842519685
21
1.0125642519685039
0
LINE
8
BLACK
6
CONTINUOUS
10
0.883079842519685
20
1.0125642519685039
11
0.8830799606299212
21
1.0125642913385826
0
LINE
8
BLACK
6
CONTINUOUS
10
0.8830799606299212
20
1.0125642913385826
11
0.8856910236220472
21
1.0143089763779527
0
LINE
8
BLACK
6
CONTINUOUS
10
0.8856910236220472
20
1.0143089763779527
11
0.8874357086614173
21
1.0169200393700788
0
LINE
8
BLACK
6
CONTINUOUS
10
0.8874357086614173
20
1.0169200393700788
11
0.8878937007874016
21
1.0192225196850393
0
LINE
8
BLACK
6
CONTINUOUS
10
0.8878937007874016
20
1.0192225196850393
11
0.8878937007874016
21
1.0807774803149606
0
LINE
8
BLACK
6
CONTINUOUS
10
0.8878937007874016
20
1.0807774803149606
11
0.8874357086614173
21
1.0830799606299213
0
LINE
8
BLACK
6
CONTINUOUS
10
0.8874357086614173
20
1.0830799606299213
11
0.8856910236220472
21
1.0856910236220472
0
LINE
8
BLACK
6
CONTINUOUS
10
0.8856910236220472
20
1.0856910236220472
11
0.8830799606299212
21
1.0874357086614173
0
LINE
8
BLACK
6
CONTINUOUS
10
0.8830799606299212
20
1.0874357086614173
11
0.8807774803149606
21
1.0878937007874014
0
LINE
8
BLACK
6
CONTINUOUS
10
0.8807774803149606
20
1.0878937007874014
11
0.8192225196850393
21
1.0878937007874014
0
LINE
8
BLACK
6
CONTINUOUS
10
0.8192225196850393
20
1.0878937007874014
11
0.8169200393700787
21
1.0874357086614173
0
LINE
8
BLACK
6
CONTINUOUS
10
0.8169200393700787
20
1.0874357086614173
11
0.8143089763779527
21
1.0856910236220472
0
LINE
8
BLACK
6
CONTINUOUS
10
0.8143089763779527
20
1.0856910236220472
11
0.8125642913385827
21
1.0830799606299213
0
LINE
8
BLACK
6
CONTINUOUS
10
0.8125642913385827
20
1.0830799606299213
11
0.8125642519685039
21
1.083079842519685
0
LINE
8
BLACK
6
CONTINUOUS
10
0.8125642519685039
20
1.083079842519685
11
0.8121062992125984
21
1.0807775590551181
0
LINE
8
BLACK
6
CONTINUOUS
10
0.8121062992125984
20
1.0807775590551181
11
0.8121062992125984
21
1.019222401574803
0
LINE
8
BLACK
6
CONTINUOUS
10
0.8121062992125984
20
1.019222401574803
11
0.8125642519685039
21
1.0169201181102363
0
LINE
8
BLACK
6
CONTINUOUS
10
1.412564251968504
20
1.0169201181102363
11
1.4125642913385827
21
1.01692
0
LINE
8
BLACK
6
CONTINUOUS
10
1.4125642913385827
20
1.01692
11
1.4143089763779528
21
1.0143089763779527
0
LINE
8
BLACK
6
CONTINUOUS
10
1.4143089763779528
20
1.0143089763779527
11
1.41692
21
1.0125642913385826
0
LINE
8
BLACK
6
CONTINUOUS
10
1.41692
20
1.0125642913385826
11
1.4169201181102362
21
1.0125642519685039
0
LINE
8
BLACK
6
CONTINUOUS
10
1.4169201181102362
20
1.0125642519685039
11
1.4192224015748032
21
1.0121062992125984
0
LINE
8
BLACK
6
CONTINUOUS
10
1.4192224015748032
20
1.0121062992125984
11
1.4192225196850394
21
1.0121062992125984
0
LINE
8
BLACK
6
CONTINUOUS
10
1.4192225196850394
20
1.0121062992125984
11
1.480777559055118
21
1.0121062992125984
0
LINE
8
BLACK
6
CONTINUOUS
10
1.480777559055118
20
1.0121062992125984
11
1.4830798425196849
21
1.0125642519685039
0
LINE
8
BLACK
6
CONTINUOUS
10
1.4830798425196849
20
1.0125642519685039
11
1.4830799606299212
21
1.0125642913385826
0
LINE
8
BLACK
6
CONTINUOUS
10
1.4830799606299212
20
1.0125642913385826
11
1.4856910236220473
21
1.0143089763779527
0
LINE
8
BLACK
6
CONTINUOUS
10
1.4856910236220473
20
1.0143089763779527
11
1.4874357086614174
21
1.0169200393700788
0
LINE
8
BLACK
6
CONTINUOUS
10
1.4874357086614174
20
1.0169200393700788
11
1.4878937007874016
21
1.0192225196850393
0
LINE
8
BLACK
6
CONTINUOUS
10
1.4878937007874016
20
1.0192225196850393
11
1.4878937007874016
21
1.0807774803149606
0
LINE
8
BLACK
6
CONTINUOUS
10
1.4878937007874016
20
1.0807774803149606
11
1.4874357086614174
21
1.0830799606299213
0
LINE
8
BLACK
6
CONTINUOUS
10
1.4874357086614174
20
1.0830799606299213
11
1.4856910236220473
21
1.0856910236220472
0
LINE
8
BLACK
6
CONTINUOUS
10
1.4856910236220473
20
1.0856910236220472
11
1.4830799606299212
21
1.0874357086614173
0
LINE
8
BLACK
6
CONTINUOUS
10
1.4830799606299212
20
1.0874357086614173
11
1.4807774803149607
21
1.0878937007874014
0
LINE
8
BLACK
6
CONTINUOUS
10
1.4807774803149607
20
1.0878937007874014
11
1.4192225196850394
21
1.0878937007874014
0
LINE
8
BLACK
6
CONTINUOUS
10
1.4192225196850394
20
1.0878937007874014
11
1.4169200393700787
21
1.0874357086614173
0
LINE
8
BLACK
6
CONTINUOUS
10
1.4169200393700787
20
1.0874357086614173
11
1.4143089763779528
21
1.0856910236220472
0
LINE
8
BLACK
6
CONTINUOUS
10
1.4143089763779528
20
1.0856910236220472
11
1.4125642913385827
21
1.0830799606299213
0
LINE
8
BLACK
6
CONTINUOUS
10
1.4125642913385827
20
1.0830799606299213
11
1.412564251968504
21
1.083079842519685
0
LINE
8
BLACK
6
CONTINUOUS
10
1.412564251968504
20
1.083079842519685
11
1.4121062992125983
21
1.0807775590551181
0
LINE
8
BLACK
6
CONTINUOUS
10
1.4121062992125983
20
1.0807775590551181
11
1.4121062992125983
21
1.019222401574803
0
LINE
8
BLACK
6
CONTINUOUS
10
1.4121062992125983
20
1.019222401574803
11
1.412564251968504
21
1.0169201181102363
0
CIRCLE
8
BLACK
10
0.2
20
1.
40
0.0068897637795276
0
CIRCLE
8
BLACK
10
1.8
20
1.
40
0.0068897637795276
0
CIRCLE
8
BLACK
10
1.8
20
0.2
40
0.0068897637795276
0
CIRCLE
8
BLACK
10
0.2
20
0.2
40
0.0068897637795276
0
CIRCLE
8
BLACK
10
0.5499999999999999
20
0.95
40
0.0068897637795276
0
CIRCLE
8
BLACK
10
0.5499999999999999
20
1.05
40
0.0068897637795276
0
CIRCLE
8
BLACK
10
0.65
20
0.95
40
0.0068897637795276
0
CIRCLE
8
BLACK
10
0.65
20
1.05
40
0.0068897637795276
0
CIRCLE
8
BLACK
10
0.75
20
0.95
40
0.0068897637795276
0
CIRCLE
8
BLACK
10
0.75
20
1.05
40
0.0068897637795276
0
CIRCLE
8
BLACK
10
0.85
20
0.95
40
0.0068897637795276
0
CIRCLE
8
BLACK
10
0.85
20
1.05
40
0.0068897637795276
0
CIRCLE
8
BLACK
10
0.95
20
0.95
40
0.0068897637795276
0
CIRCLE
8
BLACK
10
0.95
20
1.05
40
0.0068897637795276
0
CIRCLE
8
BLACK
10
1.45
20
1.05
40
0.0068897637795276
0
CIRCLE
8
BLACK
10
1.45
20
0.95
40
0.0068897637795276
0
CIRCLE
8
BLACK
10
1.3499999999999999
20
1.05
40
0.0068897637795276
0
CIRCLE
8
BLACK
10
1.3499999999999999
20
0.95
40
0.0068897637795276
0
CIRCLE
8
BLACK
10
0.45
20
0.85
40
0.0068897637795276
0
CIRCLE
8
BLACK
10
0.5499999999999999
20
0.85
40
0.0068897637795276
0
CIRCLE
8
BLACK
10
1.8499999999999999
20
0.75
40
0.0068897637795276
0
CIRCLE
8
BLACK
10
1.75
20
0.75
40
0.0068897637795276
0
CIRCLE
8
BLACK
10
1.8499999999999999
20
0.65
40
0.0068897637795276
0
CIRCLE
8
BLACK
10
1.75
20
0.65
40
0.0068897637795276
0
CIRCLE
8
BLACK
10
1.1728031496062992
20
0.5978937007874016
40
0.0068897637795276
0
CIRCLE
8
BLACK
10
1.2228031496062992
20
0.4978937007874016
40
0.0068897637795276
0
CIRCLE
8
BLACK
10
1.2728031496062993
20
0.5978937007874016
40
0.0068897637795276
0
CIRCLE
8
BLACK
10
1.3228031496062991
20
0.4978937007874016
40
0.0068897637795276
0
CIRCLE
8
BLACK
10
1.3728031496062991
20
0.5978937007874016
40
0.0068897637795276
0
CIRCLE
8
BLACK
10
1.4228031496062992
20
0.4978937007874016
40
0.0068897637795276
0
CIRCLE
8
BLACK
10
1.0979999999999999
20
0.2475
40
0.0068897637795276
0
CIRCLE
8
BLACK
10
1.498
20
0.2475
40
0.0068897637795276
0
CIRCLE
8
BLACK
10
0.5728031496062992
20
0.5978937007874016
40
0.0068897637795276
0
CIRCLE
8
BLACK
10
0.6228031496062992
20
0.4978937007874016
40
0.0068897637795276
0
CIRCLE
8
BLACK
10
0.6728031496062992
20
0.5978937007874016
40
0.0068897637795276
0
CIRCLE
8
BLACK
10
0.7228031496062992
20
0.4978937007874016
40
0.0068897637795276
0
CIRCLE
8
BLACK
10
0.7728031496062991
20
0.5978937007874016
40
0.0068897637795276
0
CIRCLE
8
BLACK
10
0.8228031496062992
20
0.4978937007874016
40
0.0068897637795276
0
CIRCLE
8
BLACK
10
0.498
20
0.2475
40
0.0068897637795276
0
CIRCLE
8
BLACK
10
0.898
20
0.2475
40
0.0068897637795276
0
CIRCLE
8
BLACK
10
1.8499999999999999
20
0.5499999999999999
40
0.0068897637795276
0
CIRCLE
8
BLACK
10
1.75
20
0.5499999999999999
40
0.0068897637795276
0
CIRCLE
8
BLACK
10
1.8499999999999999
20
0.45
40
0.0068897637795276
0
CIRCLE
8
BLACK
10
1.75
20
0.45
40
0.0068897637795276
0
CIRCLE
8
BLACK
10
0.15
20
0.75
40
0.0068897637795276
0
CIRCLE
8
BLACK
10
0.25
20
0.75
40
0.0068897637795276
0
CIRCLE
8
BLACK
10
0.15
20
0.65
40
0.0068897637795276
0
CIRCLE
8
BLACK
10
0.25
20
0.65
40
0.0068897637795276
0
CIRCLE
8
BLACK
10
0.15
20
0.5499999999999999
40
0.0068897637795276
0
CIRCLE
8
BLACK
10
0.25
20
0.5499999999999999
40
0.0068897637795276
0
CIRCLE
8
BLACK
10
0.15
20
0.45
40
0.0068897637795276
0
CIRCLE
8
BLACK
10
0.25
20
0.45
40
0.0068897637795276
0
CIRCLE
8
BLACK
10
0.64
20
0.43
40
0.0078740157480315
0
CIRCLE
8
BLACK
10
1.1099999999999999
20
0.4700002362204724
40
0.0078740157480315
0
CIRCLE
8
BLACK
10
0.59
20
0.44
40
0.0078740157480315
0
CIRCLE
8
BLACK
10
0.91
20
0.4699995275590551
40
0.0078740157480315
0
CIRCLE
8
BLACK
10
0.61
20
0.4
40
0.0078740157480315
0
CIRCLE
8
BLACK
10
1.1499999999999999
20
0.4700004724409449
40
0.0078740157480315
0
CIRCLE
8
BLACK
10
1.0700000000000001
20
0.4700003149606299
40
0.0078740157480315
0
CIRCLE
8
BLACK
10
0.66
20
0.4
40
0.0078740157480315
0
CIRCLE
8
BLACK
10
0.95
20
0.4699999212598425
40
0.0078740157480315
0
CIRCLE
8
BLACK
10
0.48
20
0.37
40
0.0078740157480315
0
CIRCLE
8
BLACK
10
0.54
20
0.44
40
0.0078740157480315
0
CIRCLE
8
BLACK
10
0.57
20
0.41
40
0.0078740157480315
0
CIRCLE
8
BLACK
10
1.02
20
0.4661299212598425
40
0.0078740157480315
0
CIRCLE
8
BLACK
10
0.53
20
0.6799999999999999
40
0.0078740157480315
0
CIRCLE
8
BLACK
10
1.026
20
0.638
40
0.0078740157480315
0
CIRCLE
8
BLACK
10
0.88
20
0.64
40
0.0078740157480315
0
CIRCLE
8
BLACK
10
0.95
20
0.719412874015748
40
0.0078740157480315
0
CIRCLE
8
BLACK
10
1.6399999999999999
20
0.648
40
0.0078740157480315
0
CIRCLE
8
BLACK
10
1.45
20
0.64
40
0.0078740157480315
0
CIRCLE
8
BLACK
10
1.2240000787401575
20
0.398
40
0.0078740157480315
  0
ENDSEC
  0
EOF
